pc_elapsed_s,ch0,ch1,ch2,ch3,ch4,ch5,ch6,ch7,ch8,ch9,ch10,ch11,ch12,ch13,ch14,ch15,ch16,ch17,ch18,ch19,ch20,ch21,ch22,ch23,ch24
4.040270273000005545e+02,4.102110000000000000e+05,1.872000000000000108e+00,2.994000000000000217e+00,-7.549999999999999822e+00,-1.246000000000000000e+03,-1.993999999999999995e+00,8.550000000000000000e+02,0.000000000000000000e+00,0.000000000000000000e+00,0.000000000000000000e+00,1.080000000000000071e+00,-3.060000000000000000e+02,-3.060000000000000000e+02,-1.670000000000000000e+02,0.000000000000000000e+00,0.000000000000000000e+00,0.000000000000000000e+00,0.000000000000000000e+00,0.000000000000000000e+00,0.000000000000000000e+00,2.949999999999999845e-01,1.000000000000000000e+00,0.000000000000000000e+00,6.000000000000000000e+00,1.800000000000000000e+01
4.040454028999993170e+02,4.102310000000000000e+05,1.788000000000000034e+00,2.951999999999999957e+00,-4.259999999999999787e+00,-1.220000000000000000e+03,-1.951999999999999957e+00,8.180000000000000000e+02,0.000000000000000000e+00,0.000000000000000000e+00,0.000000000000000000e+00,-8.800000000000000044e-01,-2.120000000000000000e+02,-2.120000000000000000e+02,-1.660000000000000000e+02,0.000000000000000000e+00,0.000000000000000000e+00,0.000000000000000000e+00,0.000000000000000000e+00,0.000000000000000000e+00,0.000000000000000000e+00,1.700000000000000122e-02,1.000000000000000000e+00,0.000000000000000000e+00,6.000000000000000000e+00,1.800000000000000000e+01
4.040629824999996345e+02,4.102510000000000000e+05,1.719000000000000083e+00,2.906000000000000139e+00,-7.690000000000000391e+00,-1.191000000000000000e+03,-1.905999999999999917e+00,9.160000000000000000e+02,0.000000000000000000e+00,0.000000000000000000e+00,0.000000000000000000e+00,-2.069999999999999840e+00,-1.510000000000000000e+02,-1.510000000000000000e+02,-1.660000000000000000e+02,0.000000000000000000e+00,2.590000000000000080e-01,-2.737999999999999901e+01,6.310000000000000053e-01,0.000000000000000000e+00,0.000000000000000000e+00,7.699999999999999900e-02,1.000000000000000000e+00,6.500000000000000222e-02,2.000000000000000000e+00,2.200000000000000000e+01
4.040836395999995148e+02,4.102710000000000000e+05,1.659000000000000030e+00,2.871999999999999886e+00,-3.839999999999999858e+00,-1.170000000000000000e+03,-1.872000000000000108e+00,8.500000000000000000e+02,0.000000000000000000e+00,0.000000000000000000e+00,0.000000000000000000e+00,-1.929999999999999938e+00,-1.310000000000000000e+02,-1.310000000000000000e+02,-1.640000000000000000e+02,0.000000000000000000e+00,3.019999999999999907e-01,-2.812999999999999901e+01,-9.542000000000000481e-01,0.000000000000000000e+00,0.000000000000000000e+00,1.199999999999999956e-01,1.000000000000000000e+00,7.399999999999999634e-02,0.000000000000000000e+00,2.200000000000000000e+01
4.041440256999994745e+02,4.103110000000000000e+05,1.491000000000000103e+00,2.821000000000000174e+00,-3.140000000000000124e+00,-1.138000000000000000e+03,-1.820999999999999952e+00,9.160000000000000000e+02,0.000000000000000000e+00,0.000000000000000000e+00,0.000000000000000000e+00,-1.860000000000000098e+00,-1.090000000000000000e+02,-1.090000000000000000e+02,-1.530000000000000000e+02,0.000000000000000000e+00,3.599999999999999867e-01,1.333000000000000007e+01,1.000000000000000000e+00,0.000000000000000000e+00,0.000000000000000000e+00,-1.299999999999999940e-02,1.000000000000000000e+00,1.120000000000000023e-01,1.900000000000000000e+01,2.200000000000000000e+01
4.041442671000004339e+02,4.103310000000000000e+05,1.435999999999999943e+00,2.813000000000000167e+00,-3.350000000000000089e+00,-1.133000000000000000e+03,-1.812999999999999945e+00,9.560000000000000000e+02,0.000000000000000000e+00,0.000000000000000000e+00,0.000000000000000000e+00,-1.510000000000000009e+00,-1.210000000000000000e+02,-1.210000000000000000e+02,-1.480000000000000000e+02,0.000000000000000000e+00,3.529999999999999805e-01,-8.830000000000000071e+00,-3.125999999999999890e-01,0.000000000000000000e+00,0.000000000000000000e+00,-4.000000000000000083e-03,1.000000000000000000e+00,1.039999999999999952e-01,1.900000000000000000e+01,2.200000000000000000e+01
4.041611124999999447e+02,4.103510000000000000e+05,1.395000000000000018e+00,2.798000000000000043e+00,-1.949999999999999956e+00,-1.124000000000000000e+03,-1.798000000000000043e+00,9.440000000000000000e+02,0.000000000000000000e+00,0.000000000000000000e+00,0.000000000000000000e+00,2.999999999999999889e-02,-1.910000000000000000e+02,-1.910000000000000000e+02,-1.410000000000000000e+02,0.000000000000000000e+00,3.689999999999999947e-01,-5.290000000000000036e+00,-2.692999999999999838e-01,0.000000000000000000e+00,0.000000000000000000e+00,0.000000000000000000e+00,1.000000000000000000e+00,9.900000000000000466e-02,0.000000000000000000e+00,2.200000000000000000e+01
4.041800461000002542e+02,4.103710000000000000e+05,1.360000000000000098e+00,2.797000000000000153e+00,-1.250000000000000000e+00,-1.123000000000000000e+03,-1.796999999999999931e+00,9.530000000000000000e+02,0.000000000000000000e+00,0.000000000000000000e+00,0.000000000000000000e+00,1.149999999999999911e+00,-2.460000000000000000e+02,-2.460000000000000000e+02,-1.350000000000000000e+02,0.000000000000000000e+00,3.689999999999999947e-01,-5.290000000000000036e+00,-2.692999999999999838e-01,0.000000000000000000e+00,0.000000000000000000e+00,0.000000000000000000e+00,1.000000000000000000e+00,9.900000000000000466e-02,2.000000000000000000e+01,2.200000000000000000e+01
4.042303848999999900e+02,4.104110000000000000e+05,1.314999999999999947e+00,2.818000000000000060e+00,-3.400000000000000244e-01,-1.136000000000000000e+03,-1.818000000000000060e+00,9.800000000000000000e+02,0.000000000000000000e+00,0.000000000000000000e+00,0.000000000000000000e+00,9.399999999999999467e-01,-2.670000000000000000e+02,-2.670000000000000000e+02,-1.330000000000000000e+02,0.000000000000000000e+00,3.430000000000000271e-01,-2.601000000000000156e+01,-1.000000000000000000e+00,0.000000000000000000e+00,0.000000000000000000e+00,0.000000000000000000e+00,1.000000000000000000e+00,1.089999999999999997e-01,1.900000000000000000e+01,2.200000000000000000e+01
4.042446378000004188e+02,4.104310000000000000e+05,1.312000000000000055e+00,2.821000000000000174e+00,3.499999999999999778e-01,-1.138000000000000000e+03,-1.820999999999999952e+00,9.710000000000000000e+02,0.000000000000000000e+00,0.000000000000000000e+00,0.000000000000000000e+00,-4.000000000000000083e-02,-2.160000000000000000e+02,-2.160000000000000000e+02,-1.360000000000000000e+02,0.000000000000000000e+00,3.750000000000000000e-01,-7.410000000000000142e+00,-8.024000000000000021e-01,0.000000000000000000e+00,0.000000000000000000e+00,0.000000000000000000e+00,1.000000000000000000e+00,1.130000000000000032e-01,1.800000000000000000e+01,2.200000000000000000e+01
4.042639003000003868e+02,4.104510000000000000e+05,1.330999999999999961e+00,2.837000000000000188e+00,1.610000000000000098e+00,-1.148000000000000000e+03,-1.836999999999999966e+00,9.480000000000000000e+02,0.000000000000000000e+00,0.000000000000000000e+00,0.000000000000000000e+00,-1.799999999999999933e-01,-2.090000000000000000e+02,-2.090000000000000000e+02,-1.400000000000000000e+02,0.000000000000000000e+00,3.800000000000000044e-01,1.000000000000000056e-01,9.690000000000000002e-02,0.000000000000000000e+00,0.000000000000000000e+00,0.000000000000000000e+00,1.000000000000000000e+00,1.250000000000000000e-01,1.700000000000000000e+01,2.200000000000000000e+01
4.042830245000004652e+02,4.104710000000000000e+05,1.364999999999999991e+00,2.845000000000000195e+00,1.820000000000000062e+00,-1.153000000000000000e+03,-1.844999999999999973e+00,9.340000000000000000e+02,0.000000000000000000e+00,0.000000000000000000e+00,0.000000000000000000e+00,1.010000000000000009e+00,-2.700000000000000000e+02,-2.700000000000000000e+02,-1.430000000000000000e+02,0.000000000000000000e+00,3.719999999999999973e-01,-4.849999999999999645e+00,-4.174999999999999822e-01,0.000000000000000000e+00,0.000000000000000000e+00,0.000000000000000000e+00,1.000000000000000000e+00,1.209999999999999964e-01,1.800000000000000000e+01,2.200000000000000000e+01
4.043454215999990993e+02,4.105110000000000000e+05,1.477000000000000091e+00,2.842000000000000082e+00,2.589999999999999858e+00,-1.151000000000000000e+03,-1.842000000000000082e+00,8.350000000000000000e+02,0.000000000000000000e+00,0.000000000000000000e+00,0.000000000000000000e+00,-1.649999999999999911e+00,-1.450000000000000000e+02,-1.450000000000000000e+02,-1.440000000000000000e+02,0.000000000000000000e+00,3.830000000000000071e-01,-2.379999999999999893e+00,-3.821999999999999842e-01,0.000000000000000000e+00,0.000000000000000000e+00,-4.000000000000000083e-03,1.000000000000000000e+00,1.250000000000000000e-01,1.700000000000000000e+01,2.200000000000000000e+01
4.043457794000005379e+02,4.105310000000000000e+05,1.520000000000000018e+00,2.834999999999999964e+00,2.029999999999999805e+00,-1.147000000000000000e+03,-1.834999999999999964e+00,8.180000000000000000e+02,0.000000000000000000e+00,0.000000000000000000e+00,0.000000000000000000e+00,-1.719999999999999973e+00,-1.460000000000000000e+02,-1.460000000000000000e+02,-1.450000000000000000e+02,0.000000000000000000e+00,3.699999999999999956e-01,-7.709999999999999964e+00,-6.017000000000000126e-01,0.000000000000000000e+00,0.000000000000000000e+00,-8.999999999999999320e-03,1.000000000000000000e+00,1.330000000000000071e-01,1.700000000000000000e+01,2.200000000000000000e+01
4.043650741999990714e+02,4.105510000000000000e+05,1.562000000000000055e+00,2.829000000000000181e+00,2.310000000000000053e+00,-1.143000000000000000e+03,-1.828999999999999959e+00,7.770000000000000000e+02,0.000000000000000000e+00,0.000000000000000000e+00,0.000000000000000000e+00,-1.929999999999999938e+00,-1.410000000000000000e+02,-1.410000000000000000e+02,-1.440000000000000000e+02,0.000000000000000000e+00,3.910000000000000142e-01,6.400000000000000355e+00,5.143999999999999684e-01,0.000000000000000000e+00,0.000000000000000000e+00,-4.000000000000000083e-03,1.000000000000000000e+00,1.250000000000000000e-01,1.700000000000000000e+01,2.200000000000000000e+01
4.043834112000004097e+02,4.105710000000000000e+05,1.614999999999999991e+00,2.821000000000000174e+00,2.660000000000000142e+00,-1.138000000000000000e+03,-1.820999999999999952e+00,7.330000000000000000e+02,0.000000000000000000e+00,0.000000000000000000e+00,0.000000000000000000e+00,-2.000000000000000000e+00,-1.180000000000000000e+02,-1.180000000000000000e+02,-1.400000000000000000e+02,0.000000000000000000e+00,3.910000000000000142e-01,6.290000000000000036e+00,6.911000000000000476e-01,0.000000000000000000e+00,0.000000000000000000e+00,-8.999999999999999320e-03,1.000000000000000000e+00,1.209999999999999964e-01,1.800000000000000000e+01,2.200000000000000000e+01
4.044236922000000050e+02,4.106110000000000000e+05,1.727999999999999980e+00,2.762999999999999901e+00,2.100000000000000089e+00,-1.102000000000000000e+03,-1.762999999999999901e+00,6.310000000000000000e+02,0.000000000000000000e+00,0.000000000000000000e+00,0.000000000000000000e+00,-1.510000000000000009e+00,-9.700000000000000000e+01,-9.700000000000000000e+01,-1.340000000000000000e+02,0.000000000000000000e+00,3.750000000000000000e-01,-1.406000000000000050e+01,-1.000000000000000000e+00,0.000000000000000000e+00,0.000000000000000000e+00,-6.400000000000000133e-02,1.000000000000000000e+00,9.900000000000000466e-02,0.000000000000000000e+00,2.200000000000000000e+01
4.044423440999999002e+02,4.106310000000000000e+05,1.780000000000000027e+00,2.736000000000000210e+00,6.999999999999999556e-01,-1.085000000000000000e+03,-1.735999999999999988e+00,6.020000000000000000e+02,0.000000000000000000e+00,0.000000000000000000e+00,0.000000000000000000e+00,1.780000000000000027e+00,-2.550000000000000000e+02,-2.550000000000000000e+02,-1.280000000000000000e+02,0.000000000000000000e+00,3.750000000000000000e-01,-1.406000000000000050e+01,-1.000000000000000000e+00,0.000000000000000000e+00,0.000000000000000000e+00,-1.330000000000000071e-01,1.000000000000000000e+00,9.900000000000000466e-02,2.000000000000000000e+01,2.200000000000000000e+01
4.044597131999998965e+02,4.106510000000000000e+05,1.802000000000000046e+00,2.701000000000000068e+00,1.000000000000000021e-02,-1.063000000000000000e+03,-1.701000000000000068e+00,5.830000000000000000e+02,0.000000000000000000e+00,0.000000000000000000e+00,0.000000000000000000e+00,1.010000000000000009e+00,-2.120000000000000000e+02,-2.120000000000000000e+02,-1.210000000000000000e+02,0.000000000000000000e+00,3.840000000000000080e-01,2.790000000000000036e+00,7.157000000000000028e-01,0.000000000000000000e+00,0.000000000000000000e+00,-5.999999999999999778e-02,1.000000000000000000e+00,6.600000000000000311e-02,1.000000000000000000e+00,2.200000000000000000e+01
4.044836964000005537e+02,4.106710000000000000e+05,1.804000000000000048e+00,2.648000000000000131e+00,-1.179999999999999938e+00,-1.030000000000000000e+03,-1.647999999999999909e+00,5.690000000000000000e+02,0.000000000000000000e+00,0.000000000000000000e+00,0.000000000000000000e+00,1.010000000000000009e+00,-2.060000000000000000e+02,-2.060000000000000000e+02,-1.130000000000000000e+02,0.000000000000000000e+00,3.780000000000000027e-01,-1.199999999999999956e+00,-2.450000000000000094e-02,0.000000000000000000e+00,0.000000000000000000e+00,-1.029999999999999943e-01,1.000000000000000000e+00,8.999999999999999667e-02,1.000000000000000000e+00,2.200000000000000000e+01
4.045445080999998027e+02,4.107110000000000000e+05,1.778999999999999915e+00,2.549999999999999822e+00,-1.459999999999999964e+00,-9.690000000000000000e+02,-1.550000000000000044e+00,5.270000000000000000e+02,0.000000000000000000e+00,0.000000000000000000e+00,0.000000000000000000e+00,8.699999999999999956e-01,-1.880000000000000000e+02,-1.880000000000000000e+02,-1.140000000000000000e+02,0.000000000000000000e+00,3.479999999999999760e-01,-2.142000000000000171e+01,-1.000000000000000000e+00,0.000000000000000000e+00,0.000000000000000000e+00,-1.409999999999999865e-01,1.000000000000000000e+00,1.079999999999999988e-01,2.000000000000000000e+01,2.200000000000000000e+01
4.045456950999996479e+02,4.107310000000000000e+05,1.762999999999999901e+00,2.495999999999999996e+00,-2.299999999999999822e+00,-9.350000000000000000e+02,-1.495999999999999996e+00,5.280000000000000000e+02,0.000000000000000000e+00,0.000000000000000000e+00,0.000000000000000000e+00,1.639999999999999902e+00,-2.280000000000000000e+02,-2.280000000000000000e+02,-1.130000000000000000e+02,0.000000000000000000e+00,3.539999999999999813e-01,-2.201000000000000156e+01,-1.000000000000000000e+00,0.000000000000000000e+00,0.000000000000000000e+00,-1.330000000000000071e-01,1.000000000000000000e+00,1.160000000000000059e-01,0.000000000000000000e+00,2.200000000000000000e+01
4.045677445000001171e+02,4.107510000000000000e+05,1.735999999999999988e+00,2.454000000000000181e+00,-2.089999999999999858e+00,-9.090000000000000000e+02,-1.453999999999999959e+00,5.040000000000000000e+02,0.000000000000000000e+00,0.000000000000000000e+00,0.000000000000000000e+00,1.570000000000000062e+00,-2.280000000000000000e+02,-2.280000000000000000e+02,-1.150000000000000000e+02,0.000000000000000000e+00,3.539999999999999813e-01,-2.201000000000000156e+01,-1.000000000000000000e+00,0.000000000000000000e+00,0.000000000000000000e+00,-1.670000000000000095e-01,1.000000000000000000e+00,1.160000000000000059e-01,2.000000000000000000e+01,2.200000000000000000e+01
4.045851308999990579e+02,4.107710000000000000e+05,1.681999999999999940e+00,2.403000000000000025e+00,-1.040000000000000036e+00,-8.770000000000000000e+02,-1.403000000000000025e+00,4.790000000000000000e+02,0.000000000000000000e+00,0.000000000000000000e+00,0.000000000000000000e+00,1.639999999999999902e+00,-2.400000000000000000e+02,-2.400000000000000000e+02,-1.150000000000000000e+02,0.000000000000000000e+00,3.719999999999999973e-01,-1.530000000000000071e+01,-1.000000000000000000e+00,0.000000000000000000e+00,0.000000000000000000e+00,-1.370000000000000107e-01,1.000000000000000000e+00,9.500000000000000111e-02,1.900000000000000000e+01,2.200000000000000000e+01
4.046291423999991821e+02,4.108110000000000000e+05,1.625999999999999890e+00,2.314999999999999947e+00,-1.179999999999999938e+00,-8.220000000000000000e+02,-1.314999999999999947e+00,4.600000000000000000e+02,0.000000000000000000e+00,0.000000000000000000e+00,0.000000000000000000e+00,2.129999999999999893e+00,-2.630000000000000000e+02,-2.630000000000000000e+02,-1.200000000000000000e+02,0.000000000000000000e+00,3.529999999999999805e-01,-1.744000000000000128e+01,-1.000000000000000000e+00,0.000000000000000000e+00,0.000000000000000000e+00,-1.880000000000000004e-01,1.000000000000000000e+00,1.600000000000000033e-01,1.700000000000000000e+01,2.200000000000000000e+01
4.046955620999997336e+02,4.108840000000000000e+05,1.542999999999999927e+00,2.185999999999999943e+00,1.400000000000000133e-01,-7.410000000000000000e+02,-1.185999999999999943e+00,4.120000000000000000e+02,0.000000000000000000e+00,0.000000000000000000e+00,0.000000000000000000e+00,1.149999999999999911e+00,-2.830000000000000000e+02,-2.830000000000000000e+02,-1.340000000000000000e+02,0.000000000000000000e+00,3.669999999999999929e-01,-7.419999999999999929e+00,-4.603999999999999759e-01,0.000000000000000000e+00,0.000000000000000000e+00,-1.330000000000000071e-01,1.000000000000000000e+00,2.230000000000000038e-01,3.000000000000000000e+00,2.200000000000000000e+01
4.047359778999998525e+02,4.109110000000000000e+05,1.548999999999999932e+00,2.162999999999999812e+00,1.330000000000000071e+00,-7.270000000000000000e+02,-1.163000000000000034e+00,3.780000000000000000e+02,0.000000000000000000e+00,0.000000000000000000e+00,0.000000000000000000e+00,2.999999999999999889e-02,-2.250000000000000000e+02,-2.250000000000000000e+02,-1.380000000000000000e+02,0.000000000000000000e+00,3.420000000000000262e-01,-1.628999999999999915e+01,-7.832999999999999963e-01,0.000000000000000000e+00,0.000000000000000000e+00,-2.439999999999999947e-01,1.000000000000000000e+00,2.290000000000000091e-01,1.000000000000000000e+01,2.200000000000000000e+01
4.047522229999995034e+02,4.109310000000000000e+05,1.564999999999999947e+00,2.128000000000000114e+00,9.100000000000000311e-01,-7.050000000000000000e+02,-1.127999999999999892e+00,3.520000000000000000e+02,0.000000000000000000e+00,0.000000000000000000e+00,0.000000000000000000e+00,6.600000000000000311e-01,-2.490000000000000000e+02,-2.490000000000000000e+02,-1.430000000000000000e+02,0.000000000000000000e+00,3.840000000000000080e-01,-3.370000000000000107e+00,-2.950999999999999734e-01,0.000000000000000000e+00,0.000000000000000000e+00,-1.239999999999999991e-01,1.000000000000000000e+00,2.200000000000000011e-01,9.000000000000000000e+00,2.200000000000000000e+01
4.047695991000000504e+02,4.109510000000000000e+05,1.598999999999999977e+00,2.093999999999999861e+00,1.399999999999999911e+00,-6.840000000000000000e+02,-1.094000000000000083e+00,3.050000000000000000e+02,0.000000000000000000e+00,0.000000000000000000e+00,0.000000000000000000e+00,-1.100000000000000006e-01,-2.050000000000000000e+02,-2.050000000000000000e+02,-1.470000000000000000e+02,0.000000000000000000e+00,3.669999999999999929e-01,-7.200000000000000178e+00,-3.805000000000000049e-01,0.000000000000000000e+00,0.000000000000000000e+00,-2.100000000000000130e-02,1.000000000000000000e+00,2.389999999999999902e-01,8.000000000000000000e+00,2.200000000000000000e+01
4.047890554000005068e+02,4.109710000000000000e+05,1.610000000000000098e+00,2.091000000000000192e+00,5.600000000000000533e-01,-6.820000000000000000e+02,-1.090999999999999970e+00,3.060000000000000000e+02,0.000000000000000000e+00,0.000000000000000000e+00,0.000000000000000000e+00,3.099999999999999978e-01,-2.260000000000000000e+02,-2.260000000000000000e+02,-1.370000000000000000e+02,0.000000000000000000e+00,3.679999999999999938e-01,-6.620000000000000107e+00,-3.215999999999999970e-01,0.000000000000000000e+00,0.000000000000000000e+00,-3.400000000000000244e-02,1.000000000000000000e+00,2.389999999999999902e-01,7.000000000000000000e+00,2.200000000000000000e+01
4.048267723999997543e+02,4.110110000000000000e+05,1.715999999999999970e+00,2.181000000000000050e+00,3.149999999999999911e+00,-7.380000000000000000e+02,-1.181000000000000050e+00,2.470000000000000000e+02,0.000000000000000000e+00,0.000000000000000000e+00,0.000000000000000000e+00,7.299999999999999822e-01,-2.440000000000000000e+02,-2.440000000000000000e+02,-8.500000000000000000e+01,0.000000000000000000e+00,3.599999999999999867e-01,-1.256000000000000050e+01,-6.835999999999999854e-01,0.000000000000000000e+00,0.000000000000000000e+00,-1.970000000000000084e-01,1.000000000000000000e+00,2.600000000000000089e-01,3.000000000000000000e+00,2.200000000000000000e+01
4.048487143999991531e+02,4.110310000000000000e+05,1.758000000000000007e+00,2.128000000000000114e+00,3.500000000000000000e+00,-7.050000000000000000e+02,-1.127999999999999892e+00,1.800000000000000000e+02,0.000000000000000000e+00,0.000000000000000000e+00,0.000000000000000000e+00,7.299999999999999822e-01,-2.370000000000000000e+02,-2.370000000000000000e+02,-9.200000000000000000e+01,0.000000000000000000e+00,3.599999999999999867e-01,-1.256000000000000050e+01,-6.835999999999999854e-01,0.000000000000000000e+00,0.000000000000000000e+00,-3.400000000000000244e-02,1.000000000000000000e+00,2.600000000000000089e-01,2.300000000000000000e+01,2.200000000000000000e+01
4.048638081999997667e+02,4.110510000000000000e+05,1.802000000000000046e+00,2.068999999999999950e+00,3.709999999999999964e+00,-6.680000000000000000e+02,-1.068999999999999950e+00,1.040000000000000000e+02,0.000000000000000000e+00,0.000000000000000000e+00,0.000000000000000000e+00,-4.600000000000000200e-01,-1.810000000000000000e+02,-1.810000000000000000e+02,-9.400000000000000000e+01,0.000000000000000000e+00,3.639999999999999902e-01,-9.400000000000000355e+00,-4.789999999999999813e-01,0.000000000000000000e+00,0.000000000000000000e+00,-1.700000000000000122e-02,1.000000000000000000e+00,2.889999999999999791e-01,1.500000000000000000e+01,2.200000000000000000e+01
4.048857651999987866e+02,4.110710000000000000e+05,1.856000000000000094e+00,2.056000000000000050e+00,2.660000000000000142e+00,-6.600000000000000000e+02,-1.056000000000000050e+00,8.000000000000000000e+01,0.000000000000000000e+00,0.000000000000000000e+00,0.000000000000000000e+00,-3.900000000000000133e-01,-1.970000000000000000e+02,-1.970000000000000000e+02,-8.300000000000000000e+01,0.000000000000000000e+00,3.780000000000000027e-01,-5.429999999999999716e+00,-3.447000000000000064e-01,0.000000000000000000e+00,0.000000000000000000e+00,-6.400000000000000133e-02,1.000000000000000000e+00,2.640000000000000124e-01,9.000000000000000000e+00,2.200000000000000000e+01
4.049288962999999058e+02,4.111110000000000000e+05,1.933999999999999941e+00,1.842000000000000082e+00,-6.899999999999999467e-01,-5.260000000000000000e+02,-8.419999999999999707e-01,-3.800000000000000000e+01,0.000000000000000000e+00,0.000000000000000000e+00,0.000000000000000000e+00,-1.159999999999999920e+00,-1.550000000000000000e+02,-1.550000000000000000e+02,-1.070000000000000000e+02,0.000000000000000000e+00,3.810000000000000053e-01,-6.929999999999999716e+00,-4.361999999999999766e-01,0.000000000000000000e+00,0.000000000000000000e+00,-1.449999999999999900e-01,1.000000000000000000e+00,2.730000000000000204e-01,2.300000000000000000e+01,2.200000000000000000e+01
4.049490690999991784e+02,4.111310000000000000e+05,1.973000000000000087e+00,1.639999999999999902e+00,-5.500000000000000444e-01,-4.000000000000000000e+02,-6.400000000000000133e-01,-2.080000000000000000e+02,0.000000000000000000e+00,0.000000000000000000e+00,0.000000000000000000e+00,-6.700000000000000400e-01,-1.710000000000000000e+02,-1.710000000000000000e+02,-1.470000000000000000e+02,0.000000000000000000e+00,3.669999999999999929e-01,-1.084999999999999964e+01,-6.009999999999999787e-01,0.000000000000000000e+00,0.000000000000000000e+00,-4.000000000000000083e-03,1.000000000000000000e+00,2.640000000000000124e-01,1.700000000000000000e+01,2.200000000000000000e+01
4.049652578999994148e+02,4.111510000000000000e+05,2.016000000000000014e+00,1.582000000000000073e+00,1.400000000000000133e-01,-3.640000000000000000e+02,-5.819999999999999618e-01,-2.780000000000000000e+02,0.000000000000000000e+00,0.000000000000000000e+00,0.000000000000000000e+00,1.000000000000000056e-01,-2.030000000000000000e+02,-2.030000000000000000e+02,-1.510000000000000000e+02,0.000000000000000000e+00,3.790000000000000036e-01,-7.719999999999999751e+00,-4.615000000000000213e-01,0.000000000000000000e+00,0.000000000000000000e+00,1.700000000000000122e-02,1.000000000000000000e+00,2.610000000000000098e-01,1.200000000000000000e+01,2.200000000000000000e+01
4.049854981999997108e+02,4.111710000000000000e+05,1.983999999999999986e+00,1.499000000000000110e+00,-1.810000000000000053e+00,-3.120000000000000000e+02,-4.989999999999999991e-01,-2.810000000000000000e+02,0.000000000000000000e+00,0.000000000000000000e+00,0.000000000000000000e+00,-3.900000000000000133e-01,-1.750000000000000000e+02,-1.750000000000000000e+02,-1.450000000000000000e+02,0.000000000000000000e+00,3.910000000000000142e-01,-2.629999999999999893e+00,-1.554000000000000103e-01,0.000000000000000000e+00,0.000000000000000000e+00,-2.100000000000000130e-02,1.000000000000000000e+00,3.039999999999999925e-01,6.000000000000000000e+00,2.200000000000000000e+01
4.050240897000003315e+02,4.112110000000000000e+05,1.850000000000000089e+00,1.274999999999999911e+00,-3.069999999999999840e+00,-1.720000000000000000e+02,-2.750000000000000222e-01,-3.130000000000000000e+02,0.000000000000000000e+00,0.000000000000000000e+00,0.000000000000000000e+00,-8.800000000000000044e-01,-1.810000000000000000e+02,-1.810000000000000000e+02,-1.460000000000000000e+02,0.000000000000000000e+00,3.479999999999999760e-01,-1.621999999999999886e+01,-6.919999999999999485e-01,0.000000000000000000e+00,0.000000000000000000e+00,-8.999999999999999320e-03,1.000000000000000000e+00,3.039999999999999925e-01,1.800000000000000000e+01,2.200000000000000000e+01
4.050421710999999050e+02,4.112310000000000000e+05,1.786000000000000032e+00,1.114999999999999991e+00,-4.049999999999999822e+00,-7.200000000000000000e+01,-1.150000000000000050e-01,-3.600000000000000000e+02,0.000000000000000000e+00,0.000000000000000000e+00,0.000000000000000000e+00,-1.229999999999999982e+00,-1.700000000000000000e+02,-1.700000000000000000e+02,-1.670000000000000000e+02,0.000000000000000000e+00,3.910000000000000142e-01,-3.620000000000000107e+00,-2.755000000000000226e-01,0.000000000000000000e+00,0.000000000000000000e+00,-1.299999999999999940e-02,1.000000000000000000e+00,2.560000000000000053e-01,1.400000000000000000e+01,2.200000000000000000e+01
4.050609997999999905e+02,4.112510000000000000e+05,1.717999999999999972e+00,1.026000000000000023e+00,-5.099999999999999645e+00,-1.600000000000000000e+01,-2.599999999999999881e-02,-3.510000000000000000e+02,0.000000000000000000e+00,0.000000000000000000e+00,0.000000000000000000e+00,-5.300000000000000266e-01,-2.050000000000000000e+02,-2.050000000000000000e+02,-1.790000000000000000e+02,0.000000000000000000e+00,3.719999999999999973e-01,-9.740000000000000213e+00,-5.924000000000000377e-01,0.000000000000000000e+00,0.000000000000000000e+00,-1.620000000000000051e-01,1.000000000000000000e+00,2.780000000000000249e-01,7.000000000000000000e+00,2.200000000000000000e+01
4.050785502999988239e+02,4.112710000000000000e+05,1.616000000000000103e+00,8.880000000000000115e-01,-5.660000000000000142e+00,7.000000000000000000e+01,1.120000000000000023e-01,-3.670000000000000000e+02,0.000000000000000000e+00,0.000000000000000000e+00,0.000000000000000000e+00,-7.399999999999999911e-01,-1.890000000000000000e+02,-1.890000000000000000e+02,-1.850000000000000000e+02,0.000000000000000000e+00,3.780000000000000027e-01,-8.580000000000000071e+00,-5.843000000000000416e-01,0.000000000000000000e+00,0.000000000000000000e+00,-6.400000000000000133e-02,1.000000000000000000e+00,2.520000000000000018e-01,3.000000000000000000e+00,2.200000000000000000e+01
4.051395957000004273e+02,4.113110000000000000e+05,1.370999999999999996e+00,8.579999999999999849e-01,-5.870000000000000107e+00,8.900000000000000000e+01,1.419999999999999873e-01,-2.270000000000000000e+02,0.000000000000000000e+00,0.000000000000000000e+00,0.000000000000000000e+00,-3.200000000000000067e-01,-2.020000000000000000e+02,-2.020000000000000000e+02,-1.820000000000000000e+02,0.000000000000000000e+00,3.699999999999999956e-01,-9.740000000000000213e+00,-5.961999999999999522e-01,0.000000000000000000e+00,0.000000000000000000e+00,8.999999999999999320e-03,1.000000000000000000e+00,2.640000000000000124e-01,1.700000000000000000e+01,2.200000000000000000e+01
4.051420935999994981e+02,4.113310000000000000e+05,1.227000000000000091e+00,7.710000000000000187e-01,-5.519999999999999574e+00,1.430000000000000000e+02,2.290000000000000091e-01,-1.960000000000000000e+02,0.000000000000000000e+00,0.000000000000000000e+00,0.000000000000000000e+00,1.000000000000000056e-01,-2.190000000000000000e+02,-2.190000000000000000e+02,-1.310000000000000000e+02,0.000000000000000000e+00,3.689999999999999947e-01,-9.429999999999999716e+00,-5.626999999999999780e-01,0.000000000000000000e+00,0.000000000000000000e+00,3.799999999999999906e-02,1.000000000000000000e+00,2.710000000000000187e-01,1.200000000000000000e+01,2.200000000000000000e+01
4.051619305000003806e+02,4.113510000000000000e+05,1.104999999999999982e+00,8.900000000000000133e-01,-5.940000000000000391e+00,6.900000000000000000e+01,1.100000000000000006e-01,-3.100000000000000000e+01,0.000000000000000000e+00,0.000000000000000000e+00,0.000000000000000000e+00,-4.000000000000000083e-02,-2.080000000000000000e+02,-2.080000000000000000e+02,-1.660000000000000000e+02,0.000000000000000000e+00,3.579999999999999849e-01,-1.103999999999999915e+01,-5.369000000000000439e-01,0.000000000000000000e+00,0.000000000000000000e+00,2.999999999999999889e-02,1.000000000000000000e+00,2.879999999999999782e-01,5.000000000000000000e+00,2.200000000000000000e+01
4.051795389999988402e+02,4.113710000000000000e+05,9.849999999999999867e-01,7.459999999999999964e-01,-5.519999999999999574e+00,1.590000000000000000e+02,2.540000000000000036e-01,-5.600000000000000000e+01,0.000000000000000000e+00,0.000000000000000000e+00,0.000000000000000000e+00,8.000000000000000444e-01,-2.490000000000000000e+02,-2.490000000000000000e+02,-1.240000000000000000e+02,0.000000000000000000e+00,3.579999999999999849e-01,-1.103999999999999915e+01,-5.369000000000000439e-01,0.000000000000000000e+00,0.000000000000000000e+00,-4.000000000000000083e-03,1.000000000000000000e+00,2.879999999999999782e-01,2.500000000000000000e+01,2.200000000000000000e+01
4.052237133999988146e+02,4.114110000000000000e+05,8.279999999999999583e-01,6.800000000000000488e-01,-4.469999999999999751e+00,2.000000000000000000e+02,3.200000000000000067e-01,-1.400000000000000000e+01,0.000000000000000000e+00,0.000000000000000000e+00,0.000000000000000000e+00,6.600000000000000311e-01,-2.430000000000000000e+02,-2.430000000000000000e+02,-1.050000000000000000e+02,0.000000000000000000e+00,3.619999999999999885e-01,-9.490000000000000213e+00,-4.904000000000000026e-01,0.000000000000000000e+00,0.000000000000000000e+00,0.000000000000000000e+00,1.000000000000000000e+00,2.989999999999999880e-01,8.000000000000000000e+00,2.200000000000000000e+01
4.052408562999989954e+02,4.114310000000000000e+05,7.750000000000000222e-01,7.760000000000000231e-01,-2.229999999999999982e+00,1.400000000000000000e+02,2.240000000000000047e-01,4.700000000000000000e+01,0.000000000000000000e+00,0.000000000000000000e+00,0.000000000000000000e+00,-1.799999999999999933e-01,-1.990000000000000000e+02,-1.990000000000000000e+02,-1.310000000000000000e+02,0.000000000000000000e+00,3.619999999999999885e-01,-9.490000000000000213e+00,-4.904000000000000026e-01,0.000000000000000000e+00,0.000000000000000000e+00,4.000000000000000083e-03,1.000000000000000000e+00,2.989999999999999880e-01,2.800000000000000000e+01,2.200000000000000000e+01
4.052596252000003005e+02,4.114510000000000000e+05,7.129999999999999671e-01,7.169999999999999707e-01,-1.040000000000000036e+00,1.770000000000000000e+02,2.829999999999999738e-01,2.300000000000000000e+01,0.000000000000000000e+00,0.000000000000000000e+00,0.000000000000000000e+00,-1.100000000000000006e-01,-2.010000000000000000e+02,-2.010000000000000000e+02,-1.110000000000000000e+02,0.000000000000000000e+00,3.549999999999999822e-01,-1.068999999999999950e+01,-5.009000000000000119e-01,0.000000000000000000e+00,0.000000000000000000e+00,2.100000000000000130e-02,1.000000000000000000e+00,2.989999999999999880e-01,1.800000000000000000e+01,2.200000000000000000e+01
4.052800821000000724e+02,4.114710000000000000e+05,6.879999999999999449e-01,7.970000000000000417e-01,5.600000000000000533e-01,1.270000000000000000e+02,2.030000000000000138e-01,6.400000000000000000e+01,0.000000000000000000e+00,0.000000000000000000e+00,0.000000000000000000e+00,-1.799999999999999933e-01,-1.960000000000000000e+02,-1.960000000000000000e+02,-1.310000000000000000e+02,0.000000000000000000e+00,3.559999999999999831e-01,-8.800000000000000711e+00,-3.882999999999999785e-01,0.000000000000000000e+00,0.000000000000000000e+00,1.700000000000000122e-02,1.000000000000000000e+00,3.180000000000000049e-01,9.000000000000000000e+00,2.200000000000000000e+01
4.053396904000001086e+02,4.115110000000000000e+05,6.370000000000000107e-01,8.589999999999999858e-01,2.100000000000000089e+00,8.800000000000000000e+01,1.409999999999999865e-01,1.050000000000000000e+02,0.000000000000000000e+00,0.000000000000000000e+00,0.000000000000000000e+00,-1.799999999999999933e-01,-1.960000000000000000e+02,-1.960000000000000000e+02,-1.500000000000000000e+02,0.000000000000000000e+00,3.459999999999999742e-01,-1.083999999999999986e+01,-4.958000000000000185e-01,0.000000000000000000e+00,0.000000000000000000e+00,5.099999999999999672e-02,1.000000000000000000e+00,3.069999999999999951e-01,1.900000000000000000e+01,2.200000000000000000e+01
4.053440635999995720e+02,4.115310000000000000e+05,6.780000000000000471e-01,8.619999999999999885e-01,2.029999999999999805e+00,8.600000000000000000e+01,1.380000000000000115e-01,8.400000000000000000e+01,0.000000000000000000e+00,0.000000000000000000e+00,0.000000000000000000e+00,6.600000000000000311e-01,-2.430000000000000000e+02,-2.430000000000000000e+02,-1.790000000000000000e+02,0.000000000000000000e+00,3.609999999999999876e-01,-9.580000000000000071e+00,-5.301000000000000156e-01,0.000000000000000000e+00,0.000000000000000000e+00,9.800000000000000377e-02,1.000000000000000000e+00,2.979999999999999871e-01,1.000000000000000000e+01,2.200000000000000000e+01
4.053663777000001573e+02,4.115510000000000000e+05,7.339999999999999858e-01,8.159999999999999476e-01,3.779999999999999805e+00,1.150000000000000000e+02,1.839999999999999969e-01,-1.700000000000000000e+01,0.000000000000000000e+00,0.000000000000000000e+00,0.000000000000000000e+00,1.000000000000000056e-01,-2.160000000000000000e+02,-2.160000000000000000e+02,-2.240000000000000000e+02,0.000000000000000000e+00,3.659999999999999920e-01,-6.509999999999999787e+00,-3.064999999999999947e-01,0.000000000000000000e+00,0.000000000000000000e+00,8.999999999999999667e-02,1.000000000000000000e+00,3.079999999999999960e-01,0.000000000000000000e+00,2.200000000000000000e+01
4.053791578999989724e+02,4.115710000000000000e+05,7.950000000000000400e-01,7.980000000000000426e-01,3.569999999999999840e+00,1.260000000000000000e+02,2.020000000000000129e-01,-6.500000000000000000e+01,0.000000000000000000e+00,0.000000000000000000e+00,0.000000000000000000e+00,5.899999999999999689e-01,-2.460000000000000000e+02,-2.460000000000000000e+02,-2.150000000000000000e+02,0.000000000000000000e+00,3.659999999999999920e-01,-6.509999999999999787e+00,-3.064999999999999947e-01,0.000000000000000000e+00,0.000000000000000000e+00,1.280000000000000027e-01,1.000000000000000000e+00,3.079999999999999960e-01,2.000000000000000000e+01,2.200000000000000000e+01
4.054230869000002713e+02,4.116110000000000000e+05,9.320000000000000506e-01,9.459999999999999520e-01,3.149999999999999911e+00,3.400000000000000000e+01,5.399999999999999939e-02,-4.800000000000000000e+01,0.000000000000000000e+00,0.000000000000000000e+00,0.000000000000000000e+00,-1.649999999999999911e+00,-1.400000000000000000e+02,-1.400000000000000000e+02,-2.300000000000000000e+02,0.000000000000000000e+00,3.689999999999999947e-01,-7.169999999999999929e+00,-4.141000000000000236e-01,0.000000000000000000e+00,0.000000000000000000e+00,1.449999999999999900e-01,1.000000000000000000e+00,3.029999999999999916e-01,4.000000000000000000e+00,2.200000000000000000e+01
4.054423059999990073e+02,4.116310000000000000e+05,9.939999999999999947e-01,8.990000000000000213e-01,3.009999999999999787e+00,6.300000000000000000e+01,1.010000000000000064e-01,-1.190000000000000000e+02,0.000000000000000000e+00,0.000000000000000000e+00,0.000000000000000000e+00,1.000000000000000056e-01,-2.290000000000000000e+02,-2.290000000000000000e+02,-2.120000000000000000e+02,0.000000000000000000e+00,3.689999999999999947e-01,-7.169999999999999929e+00,-4.141000000000000236e-01,0.000000000000000000e+00,0.000000000000000000e+00,7.699999999999999900e-02,1.000000000000000000e+00,3.029999999999999916e-01,2.400000000000000000e+01,2.200000000000000000e+01
4.054654415000004519e+02,4.116510000000000000e+05,1.084999999999999964e+00,8.509999999999999787e-01,3.779999999999999805e+00,9.300000000000000000e+01,1.489999999999999936e-01,-2.120000000000000000e+02,0.000000000000000000e+00,0.000000000000000000e+00,0.000000000000000000e+00,-2.069999999999999840e+00,-1.250000000000000000e+02,-1.250000000000000000e+02,-1.990000000000000000e+02,0.000000000000000000e+00,3.750000000000000000e-01,-3.660000000000000142e+00,-2.439999999999999947e-01,0.000000000000000000e+00,0.000000000000000000e+00,1.539999999999999980e-01,1.000000000000000000e+00,2.620000000000000107e-01,1.800000000000000000e+01,2.200000000000000000e+01
4.054780718999991223e+02,4.116710000000000000e+05,1.149000000000000021e+00,9.200000000000000400e-01,3.709999999999999964e+00,5.000000000000000000e+01,8.000000000000000167e-02,-2.230000000000000000e+02,0.000000000000000000e+00,0.000000000000000000e+00,0.000000000000000000e+00,-8.100000000000000533e-01,-1.880000000000000000e+02,-1.880000000000000000e+02,-2.150000000000000000e+02,0.000000000000000000e+00,3.639999999999999902e-01,-9.769999999999999574e+00,-5.597999999999999643e-01,0.000000000000000000e+00,0.000000000000000000e+00,5.600000000000000117e-02,1.000000000000000000e+00,2.690000000000000169e-01,1.300000000000000000e+01,2.200000000000000000e+01
4.055396903000000748e+02,4.117110000000000000e+05,1.324000000000000066e+00,8.609999999999999876e-01,9.799999999999999822e-01,8.700000000000000000e+01,1.390000000000000124e-01,-3.110000000000000000e+02,0.000000000000000000e+00,0.000000000000000000e+00,0.000000000000000000e+00,2.999999999999999889e-02,-2.320000000000000000e+02,-2.320000000000000000e+02,-1.890000000000000000e+02,0.000000000000000000e+00,3.750000000000000000e-01,-9.769999999999999574e+00,-7.501999999999999780e-01,0.000000000000000000e+00,0.000000000000000000e+00,5.600000000000000117e-02,1.000000000000000000e+00,2.399999999999999911e-01,4.000000000000000000e+00,2.200000000000000000e+01
4.055426843999994162e+02,4.117310000000000000e+05,1.435000000000000053e+00,9.150000000000000355e-01,4.690000000000000391e+00,5.300000000000000000e+01,8.500000000000000611e-02,-4.210000000000000000e+02,0.000000000000000000e+00,0.000000000000000000e+00,0.000000000000000000e+00,-1.300000000000000044e+00,-1.670000000000000000e+02,-1.670000000000000000e+02,-2.060000000000000000e+02,0.000000000000000000e+00,3.729999999999999982e-01,-7.209999999999999964e+00,-4.587999999999999856e-01,0.000000000000000000e+00,0.000000000000000000e+00,1.239999999999999991e-01,1.000000000000000000e+00,2.469999999999999973e-01,2.000000000000000000e+00,2.200000000000000000e+01
4.055609229999990930e+02,4.117510000000000000e+05,1.445000000000000062e+00,7.099999999999999645e-01,-5.500000000000000444e-01,1.810000000000000000e+02,2.899999999999999800e-01,-4.640000000000000000e+02,0.000000000000000000e+00,0.000000000000000000e+00,0.000000000000000000e+00,-8.100000000000000533e-01,-1.930000000000000000e+02,-1.930000000000000000e+02,-1.660000000000000000e+02,0.000000000000000000e+00,3.729999999999999982e-01,-7.209999999999999964e+00,-4.587999999999999856e-01,0.000000000000000000e+00,0.000000000000000000e+00,1.199999999999999956e-01,1.000000000000000000e+00,2.469999999999999973e-01,2.200000000000000000e+01,2.200000000000000000e+01
4.055781753999999637e+02,4.117710000000000000e+05,1.516000000000000014e+00,7.329999999999999849e-01,1.400000000000000133e-01,1.670000000000000000e+02,2.670000000000000151e-01,-5.120000000000000000e+02,0.000000000000000000e+00,0.000000000000000000e+00,0.000000000000000000e+00,-7.399999999999999911e-01,-2.000000000000000000e+02,-2.000000000000000000e+02,-1.630000000000000000e+02,0.000000000000000000e+00,3.760000000000000009e-01,-4.549999999999999822e+00,-2.222999999999999976e-01,0.000000000000000000e+00,0.000000000000000000e+00,-4.000000000000000083e-03,1.000000000000000000e+00,2.560000000000000053e-01,1.900000000000000000e+01,2.200000000000000000e+01
4.056245722000003298e+02,4.118110000000000000e+05,1.522000000000000020e+00,7.439999999999999947e-01,2.800000000000000266e-01,1.600000000000000000e+02,2.560000000000000053e-01,-5.180000000000000000e+02,0.000000000000000000e+00,0.000000000000000000e+00,0.000000000000000000e+00,-1.020000000000000018e+00,-1.610000000000000000e+02,-1.610000000000000000e+02,-1.480000000000000000e+02,0.000000000000000000e+00,3.880000000000000115e-01,-2.680000000000000160e+00,-2.501999999999999780e-01,0.000000000000000000e+00,0.000000000000000000e+00,1.920000000000000040e-01,1.000000000000000000e+00,2.230000000000000038e-01,1.800000000000000000e+01,2.200000000000000000e+01
4.056422430000002350e+02,4.118310000000000000e+05,1.522999999999999909e+00,6.660000000000000364e-01,-3.979999999999999982e+00,2.090000000000000000e+02,3.340000000000000191e-01,-4.710000000000000000e+02,0.000000000000000000e+00,0.000000000000000000e+00,0.000000000000000000e+00,-1.090000000000000080e+00,-1.390000000000000000e+02,-1.390000000000000000e+02,-1.450000000000000000e+02,0.000000000000000000e+00,3.750000000000000000e-01,-5.690000000000000391e+00,-3.902999999999999803e-01,0.000000000000000000e+00,0.000000000000000000e+00,2.139999999999999958e-01,1.000000000000000000e+00,2.119999999999999940e-01,0.000000000000000000e+00,2.200000000000000000e+01
4.056610330000003160e+02,4.118510000000000000e+05,1.500999999999999890e+00,5.010000000000000009e-01,-3.490000000000000213e+00,3.120000000000000000e+02,4.989999999999999991e-01,-5.910000000000000000e+02,0.000000000000000000e+00,0.000000000000000000e+00,0.000000000000000000e+00,-1.100000000000000006e-01,-1.910000000000000000e+02,-1.910000000000000000e+02,-1.150000000000000000e+02,0.000000000000000000e+00,3.669999999999999929e-01,-1.158000000000000007e+01,-7.370999999999999774e-01,0.000000000000000000e+00,0.000000000000000000e+00,0.000000000000000000e+00,1.000000000000000000e+00,2.089999999999999913e-01,2.000000000000000000e+00,2.200000000000000000e+01
4.056790433000005578e+02,4.118710000000000000e+05,1.457999999999999963e+00,3.310000000000000164e-01,-4.049999999999999822e+00,4.180000000000000000e+02,6.690000000000000391e-01,-6.490000000000000000e+02,0.000000000000000000e+00,0.000000000000000000e+00,0.000000000000000000e+00,-1.020000000000000018e+00,-1.470000000000000000e+02,-1.470000000000000000e+02,-7.600000000000000000e+01,0.000000000000000000e+00,3.639999999999999902e-01,-9.789999999999999147e+00,-6.229999999999999982e-01,0.000000000000000000e+00,0.000000000000000000e+00,1.499999999999999944e-01,1.000000000000000000e+00,2.069999999999999896e-01,2.000000000000000000e+00,2.200000000000000000e+01
4.057398790999995981e+02,4.119110000000000000e+05,1.294000000000000039e+00,1.409999999999999865e-01,-4.049999999999999822e+00,5.370000000000000000e+02,8.589999999999999858e-01,-6.740000000000000000e+02,0.000000000000000000e+00,0.000000000000000000e+00,0.000000000000000000e+00,-3.900000000000000133e-01,-1.740000000000000000e+02,-1.740000000000000000e+02,-5.600000000000000000e+01,0.000000000000000000e+00,3.489999999999999769e-01,-1.889999999999999858e+01,-1.000000000000000000e+00,0.000000000000000000e+00,0.000000000000000000e+00,1.299999999999999940e-02,1.000000000000000000e+00,1.960000000000000075e-01,3.000000000000000000e+00,2.200000000000000000e+01
4.057445642000002408e+02,4.119310000000000000e+05,1.122999999999999998e+00,-2.900000000000000147e-02,-8.109999999999999432e+00,6.430000000000000000e+02,1.028999999999999915e+00,-6.040000000000000000e+02,0.000000000000000000e+00,0.000000000000000000e+00,0.000000000000000000e+00,-2.500000000000000000e-01,-1.770000000000000000e+02,-1.770000000000000000e+02,-1.900000000000000000e+01,0.000000000000000000e+00,3.579999999999999849e-01,-1.447000000000000064e+01,-1.000000000000000000e+00,0.000000000000000000e+00,0.000000000000000000e+00,2.999999999999999889e-02,1.000000000000000000e+00,2.020000000000000129e-01,1.000000000000000000e+00,2.200000000000000000e+01
4.057650687000004837e+02,4.119510000000000000e+05,9.919999999999999929e-01,-3.400000000000000244e-02,-9.439999999999999503e+00,6.460000000000000000e+02,1.034000000000000030e+00,-4.940000000000000000e+02,0.000000000000000000e+00,0.000000000000000000e+00,0.000000000000000000e+00,-1.300000000000000044e+00,-1.150000000000000000e+02,-1.150000000000000000e+02,-3.400000000000000000e+01,0.000000000000000000e+00,3.529999999999999805e-01,-1.857000000000000028e+01,-1.000000000000000000e+00,0.000000000000000000e+00,0.000000000000000000e+00,5.600000000000000117e-02,1.000000000000000000e+00,1.880000000000000004e-01,3.000000000000000000e+00,2.200000000000000000e+01
4.057812272999999550e+02,4.119710000000000000e+05,7.570000000000000062e-01,2.100000000000000130e-02,-1.937000000000000099e+01,6.120000000000000000e+02,9.789999999999999813e-01,-1.360000000000000000e+02,0.000000000000000000e+00,0.000000000000000000e+00,0.000000000000000000e+00,3.319999999999999840e+00,-3.340000000000000000e+02,-3.340000000000000000e+02,-7.000000000000000000e+01,0.000000000000000000e+00,3.479999999999999760e-01,-1.887000000000000099e+01,-1.000000000000000000e+00,0.000000000000000000e+00,0.000000000000000000e+00,2.570000000000000062e-01,1.000000000000000000e+00,1.819999999999999951e-01,3.000000000000000000e+00,2.200000000000000000e+01
4.058289119000000937e+02,4.120110000000000000e+05,4.969999999999999973e-01,7.499999999999999722e-02,-7.620000000000000107e+00,5.780000000000000000e+02,9.250000000000000444e-01,-1.310000000000000000e+02,0.000000000000000000e+00,0.000000000000000000e+00,0.000000000000000000e+00,1.290000000000000036e+00,-2.400000000000000000e+02,-2.400000000000000000e+02,-9.800000000000000000e+01,0.000000000000000000e+00,3.380000000000000226e-01,-2.317999999999999972e+01,-1.000000000000000000e+00,0.000000000000000000e+00,0.000000000000000000e+00,8.599999999999999312e-02,1.000000000000000000e+00,1.839999999999999969e-01,4.000000000000000000e+00,2.200000000000000000e+01
4.058457285000004049e+02,4.120310000000000000e+05,3.330000000000000182e-01,9.299999999999999933e-02,-3.069999999999999840e+00,5.670000000000000000e+02,9.070000000000000284e-01,-9.400000000000000000e+01,0.000000000000000000e+00,0.000000000000000000e+00,0.000000000000000000e+00,1.000000000000000056e-01,-1.960000000000000000e+02,-1.960000000000000000e+02,-9.600000000000000000e+01,0.000000000000000000e+00,3.619999999999999885e-01,-7.379999999999999893e+00,-6.767999999999999572e-01,0.000000000000000000e+00,0.000000000000000000e+00,1.749999999999999889e-01,1.000000000000000000e+00,1.769999999999999907e-01,4.000000000000000000e+00,2.200000000000000000e+01
4.058635001000002376e+02,4.120510000000000000e+05,1.600000000000000033e-01,1.499999999999999944e-01,-3.279999999999999805e+00,5.310000000000000000e+02,8.499999999999999778e-01,5.100000000000000000e+01,0.000000000000000000e+00,0.000000000000000000e+00,0.000000000000000000e+00,5.899999999999999689e-01,-2.210000000000000000e+02,-2.210000000000000000e+02,-1.030000000000000000e+02,0.000000000000000000e+00,3.340000000000000191e-01,-2.303000000000000114e+01,-1.000000000000000000e+00,0.000000000000000000e+00,0.000000000000000000e+00,1.700000000000000122e-02,1.000000000000000000e+00,1.690000000000000113e-01,5.000000000000000000e+00,2.200000000000000000e+01
4.058814991999988706e+02,4.120710000000000000e+05,-1.299999999999999940e-02,1.570000000000000007e-01,-2.089999999999999858e+00,5.270000000000000000e+02,8.429999999999999716e-01,1.400000000000000000e+02,0.000000000000000000e+00,0.000000000000000000e+00,0.000000000000000000e+00,6.600000000000000311e-01,-2.250000000000000000e+02,-2.250000000000000000e+02,-8.800000000000000000e+01,0.000000000000000000e+00,3.509999999999999787e-01,-1.116999999999999993e+01,-9.429999999999999494e-01,0.000000000000000000e+00,0.000000000000000000e+00,-4.000000000000000083e-03,1.000000000000000000e+00,1.469999999999999918e-01,6.000000000000000000e+00,2.200000000000000000e+01
4.059464229999994132e+02,4.121110000000000000e+05,-2.079999999999999905e-01,4.369999999999999996e-01,-4.610000000000000320e+00,3.520000000000000000e+02,5.629999999999999449e-01,4.880000000000000000e+02,0.000000000000000000e+00,0.000000000000000000e+00,0.000000000000000000e+00,3.669999999999999929e+00,-3.760000000000000000e+02,-3.760000000000000000e+02,-1.230000000000000000e+02,0.000000000000000000e+00,3.410000000000000253e-01,-1.377999999999999936e+01,-1.000000000000000000e+00,0.000000000000000000e+00,0.000000000000000000e+00,2.349999999999999867e-01,1.000000000000000000e+00,1.489999999999999936e-01,6.000000000000000000e+00,2.200000000000000000e+01
4.059474496000002546e+02,4.121310000000000000e+05,-2.149999999999999967e-01,5.490000000000000435e-01,-3.279999999999999805e+00,2.820000000000000000e+02,4.510000000000000120e-01,5.630000000000000000e+02,0.000000000000000000e+00,0.000000000000000000e+00,0.000000000000000000e+00,3.040000000000000036e+00,-3.500000000000000000e+02,-3.500000000000000000e+02,-1.230000000000000000e+02,0.000000000000000000e+00,3.559999999999999831e-01,-6.080000000000000071e+00,-5.481000000000000316e-01,0.000000000000000000e+00,0.000000000000000000e+00,8.999999999999999667e-02,1.000000000000000000e+00,1.449999999999999900e-01,7.000000000000000000e+00,2.200000000000000000e+01
4.059655922999991162e+02,4.121510000000000000e+05,-9.299999999999999933e-02,5.570000000000000506e-01,-5.500000000000000444e-01,2.770000000000000000e+02,4.430000000000000049e-01,4.560000000000000000e+02,0.000000000000000000e+00,0.000000000000000000e+00,0.000000000000000000e+00,1.709999999999999964e+00,-2.960000000000000000e+02,-2.960000000000000000e+02,-7.600000000000000000e+01,0.000000000000000000e+00,3.659999999999999920e-01,-2.600000000000000089e-01,2.189999999999999933e-02,0.000000000000000000e+00,0.000000000000000000e+00,4.299999999999999656e-02,1.000000000000000000e+00,1.360000000000000098e-01,7.000000000000000000e+00,2.200000000000000000e+01
4.059816829999999754e+02,4.121710000000000000e+05,2.900000000000000147e-02,7.620000000000000107e-01,1.426999999999999957e+01,1.490000000000000000e+02,2.379999999999999893e-01,2.200000000000000000e+02,0.000000000000000000e+00,0.000000000000000000e+00,0.000000000000000000e+00,2.399999999999999911e-01,-2.300000000000000000e+02,-2.300000000000000000e+02,-1.420000000000000000e+02,0.000000000000000000e+00,3.459999999999999742e-01,-1.053999999999999915e+01,-7.194000000000000394e-01,0.000000000000000000e+00,0.000000000000000000e+00,-2.599999999999999881e-02,1.000000000000000000e+00,1.330000000000000071e-01,8.000000000000000000e+00,2.200000000000000000e+01
4.060240691999988485e+02,4.122110000000000000e+05,1.449999999999999900e-01,1.052999999999999936e+00,1.468999999999999950e+01,-3.300000000000000000e+01,-5.299999999999999850e-02,3.160000000000000000e+02,0.000000000000000000e+00,0.000000000000000000e+00,0.000000000000000000e+00,2.399999999999999911e-01,-2.410000000000000000e+02,-2.410000000000000000e+02,-1.700000000000000000e+02,0.000000000000000000e+00,3.589999999999999858e-01,-2.600000000000000089e+00,4.279999999999999777e-02,0.000000000000000000e+00,0.000000000000000000e+00,1.299999999999999940e-02,1.000000000000000000e+00,1.069999999999999979e-01,9.000000000000000000e+00,2.200000000000000000e+01
4.060425326999993558e+02,4.122310000000000000e+05,2.510000000000000009e-01,1.229000000000000092e+00,1.224000000000000021e+01,-1.430000000000000000e+02,-2.290000000000000091e-01,3.960000000000000000e+02,0.000000000000000000e+00,0.000000000000000000e+00,0.000000000000000000e+00,-7.399999999999999911e-01,-1.960000000000000000e+02,-1.960000000000000000e+02,-1.550000000000000000e+02,0.000000000000000000e+00,3.380000000000000226e-01,-1.438000000000000078e+01,-8.706000000000000405e-01,0.000000000000000000e+00,0.000000000000000000e+00,4.000000000000000083e-03,1.000000000000000000e+00,1.330000000000000071e-01,8.000000000000000000e+00,2.200000000000000000e+01
4.060605374999995547e+02,4.122510000000000000e+05,3.970000000000000195e-01,1.181000000000000050e+00,7.769999999999999574e+00,-1.130000000000000000e+02,-1.809999999999999942e-01,3.570000000000000000e+02,0.000000000000000000e+00,0.000000000000000000e+00,0.000000000000000000e+00,1.700000000000000122e-01,-2.340000000000000000e+02,-2.340000000000000000e+02,-1.640000000000000000e+02,0.000000000000000000e+00,3.479999999999999760e-01,-1.161999999999999922e+01,-8.627000000000000224e-01,0.000000000000000000e+00,0.000000000000000000e+00,-4.000000000000000083e-03,1.000000000000000000e+00,1.250000000000000000e-01,8.000000000000000000e+00,2.200000000000000000e+01
4.060793959999991785e+02,4.122710000000000000e+05,6.590000000000000302e-01,1.306999999999999940e+00,5.669999999999999929e+00,-1.920000000000000000e+02,-3.069999999999999951e-01,3.220000000000000000e+02,0.000000000000000000e+00,0.000000000000000000e+00,0.000000000000000000e+00,5.200000000000000178e-01,-2.490000000000000000e+02,-2.490000000000000000e+02,-1.340000000000000000e+02,0.000000000000000000e+00,3.750000000000000000e-01,-1.230000000000000071e+01,-1.000000000000000000e+00,0.000000000000000000e+00,0.000000000000000000e+00,0.000000000000000000e+00,1.000000000000000000e+00,1.250000000000000000e-01,8.000000000000000000e+00,2.200000000000000000e+01
4.061400949999988370e+02,4.123110000000000000e+05,1.189000000000000057e+00,1.381000000000000005e+00,1.008000000000000007e+01,-2.380000000000000000e+02,-3.810000000000000053e-01,-5.300000000000000000e+01,0.000000000000000000e+00,0.000000000000000000e+00,0.000000000000000000e+00,-3.200000000000000067e-01,-2.030000000000000000e+02,-2.030000000000000000e+02,-1.260000000000000000e+02,0.000000000000000000e+00,3.639999999999999902e-01,-1.308000000000000007e+01,-1.000000000000000000e+00,0.000000000000000000e+00,0.000000000000000000e+00,1.700000000000000122e-02,1.000000000000000000e+00,1.479999999999999927e-01,6.000000000000000000e+00,2.200000000000000000e+01
4.061498288999991928e+02,4.123310000000000000e+05,1.403999999999999915e+00,1.395000000000000018e+00,9.939999999999999503e+00,-2.470000000000000000e+02,-3.950000000000000178e-01,-1.840000000000000000e+02,0.000000000000000000e+00,0.000000000000000000e+00,0.000000000000000000e+00,-1.090000000000000080e+00,-1.670000000000000000e+02,-1.670000000000000000e+02,-1.260000000000000000e+02,0.000000000000000000e+00,4.040000000000000258e-01,8.529999999999999361e+00,5.778999999999999693e-01,0.000000000000000000e+00,0.000000000000000000e+00,3.799999999999999906e-02,1.000000000000000000e+00,1.320000000000000062e-01,8.000000000000000000e+00,2.200000000000000000e+01
4.061620598999998037e+02,4.123510000000000000e+05,1.612999999999999989e+00,1.395000000000000018e+00,9.029999999999999361e+00,-2.470000000000000000e+02,-3.950000000000000178e-01,-3.070000000000000000e+02,0.000000000000000000e+00,0.000000000000000000e+00,0.000000000000000000e+00,-1.300000000000000044e+00,-1.490000000000000000e+02,-1.490000000000000000e+02,-1.250000000000000000e+02,0.000000000000000000e+00,3.790000000000000036e-01,-8.949999999999999289e+00,-7.471999999999999753e-01,0.000000000000000000e+00,0.000000000000000000e+00,2.599999999999999881e-02,1.000000000000000000e+00,1.719999999999999862e-01,4.000000000000000000e+00,2.200000000000000000e+01
4.061847333000005165e+02,4.123710000000000000e+05,1.776000000000000023e+00,1.258000000000000007e+00,5.250000000000000000e+00,-1.610000000000000000e+02,-2.580000000000000071e-01,-4.290000000000000000e+02,0.000000000000000000e+00,0.000000000000000000e+00,0.000000000000000000e+00,-1.020000000000000018e+00,-1.760000000000000000e+02,-1.760000000000000000e+02,-1.550000000000000000e+02,0.000000000000000000e+00,3.709999999999999964e-01,-1.150999999999999979e+01,-1.000000000000000000e+00,0.000000000000000000e+00,0.000000000000000000e+00,2.999999999999999889e-02,1.000000000000000000e+00,1.370000000000000107e-01,7.000000000000000000e+00,2.200000000000000000e+01
4.062257792999989761e+02,4.124110000000000000e+05,1.987000000000000099e+00,1.165000000000000036e+00,1.750000000000000000e+00,-1.030000000000000000e+02,-1.650000000000000078e-01,-5.660000000000000000e+02,0.000000000000000000e+00,0.000000000000000000e+00,0.000000000000000000e+00,-4.600000000000000200e-01,-2.010000000000000000e+02,-2.010000000000000000e+02,-1.790000000000000000e+02,0.000000000000000000e+00,3.880000000000000115e-01,-4.000000000000000000e+00,-4.779999999999999805e-01,0.000000000000000000e+00,0.000000000000000000e+00,-6.400000000000000133e-02,1.000000000000000000e+00,1.140000000000000041e-01,9.000000000000000000e+00,2.200000000000000000e+01
4.062441863999993075e+02,4.124310000000000000e+05,2.043000000000000149e+00,9.979999999999999982e-01,-2.859999999999999876e+00,1.000000000000000000e+00,2.000000000000000042e-03,-6.240000000000000000e+02,0.000000000000000000e+00,0.000000000000000000e+00,0.000000000000000000e+00,-1.719999999999999973e+00,-1.250000000000000000e+02,-1.250000000000000000e+02,-2.320000000000000000e+02,0.000000000000000000e+00,3.739999999999999991e-01,-1.186999999999999922e+01,-1.000000000000000000e+00,0.000000000000000000e+00,0.000000000000000000e+00,-9.400000000000000022e-02,1.000000000000000000e+00,1.059999999999999970e-01,9.000000000000000000e+00,2.200000000000000000e+01
4.062631263999992370e+02,4.124510000000000000e+05,1.969000000000000083e+00,8.080000000000000515e-01,-2.439999999999999947e+00,1.200000000000000000e+02,1.920000000000000040e-01,-7.090000000000000000e+02,0.000000000000000000e+00,0.000000000000000000e+00,0.000000000000000000e+00,-2.069999999999999840e+00,-8.300000000000000000e+01,-8.300000000000000000e+01,-2.480000000000000000e+02,0.000000000000000000e+00,3.810000000000000053e-01,-9.539999999999999147e+00,-9.232000000000000206e-01,0.000000000000000000e+00,0.000000000000000000e+00,-8.999999999999999320e-03,1.000000000000000000e+00,1.029999999999999943e-01,1.000000000000000000e+01,2.200000000000000000e+01
4.062816868999998405e+02,4.124710000000000000e+05,1.842000000000000082e+00,6.939999999999999503e-01,-7.059999999999999609e+00,1.910000000000000000e+02,3.059999999999999942e-01,-6.150000000000000000e+02,0.000000000000000000e+00,0.000000000000000000e+00,0.000000000000000000e+00,-1.159999999999999920e+00,-1.020000000000000000e+02,-1.020000000000000000e+02,-1.600000000000000000e+02,0.000000000000000000e+00,3.910000000000000142e-01,-9.699999999999999734e-01,-1.723000000000000087e-01,0.000000000000000000e+00,0.000000000000000000e+00,-5.099999999999999672e-02,1.000000000000000000e+00,9.400000000000000022e-02,1.100000000000000000e+01,2.200000000000000000e+01
4.063418475999988004e+02,4.125110000000000000e+05,1.538000000000000034e+00,5.580000000000000515e-01,-9.859999999999999432e+00,2.760000000000000000e+02,4.420000000000000040e-01,-4.410000000000000000e+02,0.000000000000000000e+00,0.000000000000000000e+00,0.000000000000000000e+00,-1.100000000000000006e-01,-1.480000000000000000e+02,-1.480000000000000000e+02,-1.120000000000000000e+02,0.000000000000000000e+00,4.040000000000000258e-01,8.210000000000000853e+00,5.081999999999999851e-01,0.000000000000000000e+00,0.000000000000000000e+00,-1.069999999999999979e-01,1.000000000000000000e+00,1.130000000000000032e-01,9.000000000000000000e+00,2.200000000000000000e+01
4.063467715999995562e+02,4.125310000000000000e+05,1.334000000000000075e+00,4.319999999999999951e-01,-1.041000000000000014e+01,3.550000000000000000e+02,5.679999999999999494e-01,-4.020000000000000000e+02,0.000000000000000000e+00,0.000000000000000000e+00,0.000000000000000000e+00,2.399999999999999911e-01,-1.630000000000000000e+02,-1.630000000000000000e+02,-9.300000000000000000e+01,0.000000000000000000e+00,3.790000000000000036e-01,1.060000000000000053e+00,5.073999999999999622e-01,0.000000000000000000e+00,0.000000000000000000e+00,-8.999999999999999667e-02,1.000000000000000000e+00,1.310000000000000053e-01,8.000000000000000000e+00,2.200000000000000000e+01
4.063651738999997178e+02,4.125510000000000000e+05,1.181000000000000050e+00,3.649999999999999911e-01,-8.390000000000000568e+00,3.970000000000000000e+02,6.350000000000000089e-01,-3.790000000000000000e+02,0.000000000000000000e+00,0.000000000000000000e+00,0.000000000000000000e+00,-2.500000000000000000e-01,-1.320000000000000000e+02,-1.320000000000000000e+02,-8.500000000000000000e+01,0.000000000000000000e+00,3.960000000000000187e-01,6.790000000000000036e+00,6.098999999999999977e-01,0.000000000000000000e+00,0.000000000000000000e+00,-1.239999999999999991e-01,1.000000000000000000e+00,9.500000000000000111e-02,1.000000000000000000e+01,2.200000000000000000e+01
4.063843127000000095e+02,4.125710000000000000e+05,9.729999999999999760e-01,3.300000000000000155e-01,-9.859999999999999432e+00,4.190000000000000000e+02,6.700000000000000400e-01,-2.390000000000000000e+02,0.000000000000000000e+00,0.000000000000000000e+00,0.000000000000000000e+00,-2.500000000000000000e-01,-1.310000000000000000e+02,-1.310000000000000000e+02,-8.400000000000000000e+01,0.000000000000000000e+00,3.609999999999999876e-01,-1.505000000000000071e+01,-1.000000000000000000e+00,0.000000000000000000e+00,0.000000000000000000e+00,-9.800000000000000377e-02,1.000000000000000000e+00,1.229999999999999982e-01,8.000000000000000000e+00,2.200000000000000000e+01
4.064239555000003747e+02,4.126110000000000000e+05,5.839999999999999636e-01,2.449999999999999956e-01,-7.900000000000000355e+00,4.720000000000000000e+02,7.550000000000000044e-01,-8.100000000000000000e+01,0.000000000000000000e+00,0.000000000000000000e+00,0.000000000000000000e+00,3.099999999999999978e-01,-1.540000000000000000e+02,-1.540000000000000000e+02,-6.200000000000000000e+01,0.000000000000000000e+00,3.619999999999999885e-01,-1.111999999999999922e+01,-1.000000000000000000e+00,0.000000000000000000e+00,0.000000000000000000e+00,-9.400000000000000022e-02,1.000000000000000000e+00,1.340000000000000080e-01,8.000000000000000000e+00,2.200000000000000000e+01
4.064435164999995322e+02,4.126310000000000000e+05,4.289999999999999925e-01,2.959999999999999853e-01,-6.360000000000000320e+00,4.400000000000000000e+02,7.039999999999999591e-01,2.400000000000000000e+01,0.000000000000000000e+00,0.000000000000000000e+00,0.000000000000000000e+00,3.099999999999999978e-01,-1.510000000000000000e+02,-1.510000000000000000e+02,-7.200000000000000000e+01,0.000000000000000000e+00,3.609999999999999876e-01,-1.135999999999999943e+01,-9.636000000000000121e-01,0.000000000000000000e+00,0.000000000000000000e+00,-1.580000000000000016e-01,1.000000000000000000e+00,1.670000000000000095e-01,6.000000000000000000e+00,2.200000000000000000e+01
4.064612888999999996e+02,4.126510000000000000e+05,2.710000000000000187e-01,3.679999999999999938e-01,-4.330000000000000071e+00,3.950000000000000000e+02,6.320000000000000062e-01,1.380000000000000000e+02,0.000000000000000000e+00,0.000000000000000000e+00,0.000000000000000000e+00,-4.000000000000000083e-02,-1.330000000000000000e+02,-1.330000000000000000e+02,-8.500000000000000000e+01,0.000000000000000000e+00,3.649999999999999911e-01,-1.072000000000000064e+01,-1.000000000000000000e+00,0.000000000000000000e+00,0.000000000000000000e+00,-8.100000000000000255e-02,1.000000000000000000e+00,1.700000000000000122e-01,5.000000000000000000e+00,2.200000000000000000e+01
4.064807581000004575e+02,4.126710000000000000e+05,1.429999999999999882e-01,3.810000000000000053e-01,-3.490000000000000213e+00,3.870000000000000000e+02,6.189999999999999947e-01,2.150000000000000000e+02,0.000000000000000000e+00,0.000000000000000000e+00,0.000000000000000000e+00,1.360000000000000098e+00,-2.020000000000000000e+02,-2.020000000000000000e+02,-7.600000000000000000e+01,0.000000000000000000e+00,3.380000000000000226e-01,-2.467000000000000171e+01,-1.000000000000000000e+00,0.000000000000000000e+00,0.000000000000000000e+00,-1.970000000000000084e-01,1.000000000000000000e+00,1.719999999999999862e-01,6.000000000000000000e+00,2.200000000000000000e+01
4.065470520999988366e+02,4.127110000000000000e+05,7.299999999999999545e-02,6.219999999999999973e-01,2.520000000000000018e+00,2.360000000000000000e+02,3.780000000000000027e-01,3.120000000000000000e+02,0.000000000000000000e+00,0.000000000000000000e+00,0.000000000000000000e+00,3.099999999999999978e-01,-1.490000000000000000e+02,-1.490000000000000000e+02,-1.040000000000000000e+02,0.000000000000000000e+00,3.290000000000000147e-01,-2.271000000000000085e+01,-1.000000000000000000e+00,0.000000000000000000e+00,0.000000000000000000e+00,-1.499999999999999944e-01,1.000000000000000000e+00,1.880000000000000004e-01,4.000000000000000000e+00,2.200000000000000000e+01
4.065475291999991896e+02,4.127310000000000000e+05,1.219999999999999973e-01,5.540000000000000480e-01,5.250000000000000000e+00,2.790000000000000000e+02,4.460000000000000075e-01,1.860000000000000000e+02,0.000000000000000000e+00,0.000000000000000000e+00,0.000000000000000000e+00,1.219999999999999973e+00,-1.940000000000000000e+02,-1.940000000000000000e+02,-3.400000000000000000e+01,0.000000000000000000e+00,3.479999999999999760e-01,-8.429999999999999716e+00,-4.172000000000000153e-01,0.000000000000000000e+00,0.000000000000000000e+00,-1.499999999999999944e-01,1.000000000000000000e+00,2.260000000000000064e-01,1.000000000000000000e+00,2.200000000000000000e+01
4.065626113999987865e+02,4.127510000000000000e+05,2.109999999999999931e-01,7.520000000000000018e-01,8.539999999999999147e+00,1.550000000000000000e+02,2.479999999999999982e-01,1.930000000000000000e+02,0.000000000000000000e+00,0.000000000000000000e+00,0.000000000000000000e+00,1.010000000000000009e+00,-1.950000000000000000e+02,-1.950000000000000000e+02,-1.280000000000000000e+02,0.000000000000000000e+00,3.400000000000000244e-01,-1.726999999999999957e+01,-1.000000000000000000e+00,0.000000000000000000e+00,0.000000000000000000e+00,-1.110000000000000014e-01,1.000000000000000000e+00,2.230000000000000038e-01,1.000000000000000000e+00,2.200000000000000000e+01
4.065813333000005514e+02,4.127710000000000000e+05,3.039999999999999925e-01,9.300000000000000488e-01,7.839999999999999858e+00,4.400000000000000000e+01,7.000000000000000666e-02,2.600000000000000000e+02,0.000000000000000000e+00,0.000000000000000000e+00,0.000000000000000000e+00,5.200000000000000178e-01,-1.700000000000000000e+02,-1.700000000000000000e+02,-1.690000000000000000e+02,0.000000000000000000e+00,3.400000000000000244e-01,-1.726999999999999957e+01,-1.000000000000000000e+00,0.000000000000000000e+00,0.000000000000000000e+00,-1.110000000000000014e-01,1.000000000000000000e+00,2.230000000000000038e-01,2.100000000000000000e+01,2.200000000000000000e+01
4.066240498999995907e+02,4.128110000000000000e+05,6.320000000000000062e-01,1.012999999999999901e+00,8.890000000000000568e+00,-8.000000000000000000e+00,-1.299999999999999940e-02,8.700000000000000000e+01,0.000000000000000000e+00,0.000000000000000000e+00,0.000000000000000000e+00,1.429999999999999938e+00,-2.360000000000000000e+02,-2.360000000000000000e+02,-2.570000000000000000e+02,0.000000000000000000e+00,3.579999999999999849e-01,-6.379999999999999893e+00,-3.156999999999999806e-01,0.000000000000000000e+00,0.000000000000000000e+00,-6.800000000000000488e-02,1.000000000000000000e+00,2.330000000000000127e-01,1.800000000000000000e+01,2.200000000000000000e+01
4.066435566999989533e+02,4.128310000000000000e+05,8.890000000000000124e-01,1.298000000000000043e+00,1.069999999999999929e+01,-1.860000000000000000e+02,-2.979999999999999871e-01,7.300000000000000000e+01,0.000000000000000000e+00,0.000000000000000000e+00,0.000000000000000000e+00,1.219999999999999973e+00,-2.310000000000000000e+02,-2.310000000000000000e+02,-1.910000000000000000e+02,0.000000000000000000e+00,3.709999999999999964e-01,-4.990000000000000213e+00,-3.607000000000000206e-01,0.000000000000000000e+00,0.000000000000000000e+00,-2.520000000000000018e-01,1.000000000000000000e+00,2.419999999999999929e-01,1.500000000000000000e+01,2.200000000000000000e+01
4.066586035000000265e+02,4.128510000000000000e+05,1.078999999999999959e+00,1.286000000000000032e+00,1.322000000000000064e+01,-1.790000000000000000e+02,-2.859999999999999765e-01,-1.020000000000000000e+02,0.000000000000000000e+00,0.000000000000000000e+00,0.000000000000000000e+00,8.699999999999999956e-01,-2.270000000000000000e+02,-2.270000000000000000e+02,-2.020000000000000000e+02,0.000000000000000000e+00,3.870000000000000107e-01,1.870000000000000107e+00,6.169999999999999790e-02,0.000000000000000000e+00,0.000000000000000000e+00,-7.299999999999999545e-02,1.000000000000000000e+00,2.700000000000000178e-01,1.000000000000000000e+01,2.200000000000000000e+01
4.066923671999993530e+02,4.128710000000000000e+05,1.292000000000000037e+00,1.189000000000000057e+00,1.014000000000000057e+01,-1.180000000000000000e+02,-1.890000000000000013e-01,-2.480000000000000000e+02,0.000000000000000000e+00,0.000000000000000000e+00,0.000000000000000000e+00,-1.100000000000000006e-01,-1.750000000000000000e+02,-1.750000000000000000e+02,-1.860000000000000000e+02,0.000000000000000000e+00,3.559999999999999831e-01,-1.219999999999999929e+01,-6.420000000000000151e-01,0.000000000000000000e+00,0.000000000000000000e+00,-3.400000000000000244e-02,1.000000000000000000e+00,2.510000000000000009e-01,7.000000000000000000e+00,2.200000000000000000e+01
4.067424718000002031e+02,4.129110000000000000e+05,1.727999999999999980e+00,1.080000000000000071e+00,7.139999999999999680e+00,-5.000000000000000000e+01,-8.000000000000000167e-02,-5.480000000000000000e+02,0.000000000000000000e+00,0.000000000000000000e+00,0.000000000000000000e+00,-1.649999999999999911e+00,-7.400000000000000000e+01,-7.400000000000000000e+01,-1.680000000000000000e+02,0.000000000000000000e+00,3.900000000000000133e-01,-5.660000000000000142e+00,-3.901000000000000023e-01,0.000000000000000000e+00,0.000000000000000000e+00,8.999999999999999320e-03,1.000000000000000000e+00,2.590000000000000080e-01,0.000000000000000000e+00,2.200000000000000000e+01
4.067455276999990019e+02,4.129310000000000000e+05,1.905999999999999917e+00,9.280000000000000471e-01,2.870000000000000107e+00,4.500000000000000000e+01,7.199999999999999456e-02,-6.850000000000000000e+02,0.000000000000000000e+00,0.000000000000000000e+00,0.000000000000000000e+00,-1.649999999999999911e+00,-5.500000000000000000e+01,-5.500000000000000000e+01,-1.790000000000000000e+02,0.000000000000000000e+00,3.900000000000000133e-01,-5.660000000000000142e+00,-3.901000000000000023e-01,0.000000000000000000e+00,0.000000000000000000e+00,-6.800000000000000488e-02,1.000000000000000000e+00,2.590000000000000080e-01,2.000000000000000000e+01,2.200000000000000000e+01
4.067641941999991104e+02,4.129510000000000000e+05,2.012000000000000011e+00,8.990000000000000213e-01,-2.700000000000000178e-01,6.300000000000000000e+01,1.010000000000000064e-01,-7.190000000000000000e+02,0.000000000000000000e+00,0.000000000000000000e+00,0.000000000000000000e+00,-4.000000000000000083e-02,-1.190000000000000000e+02,-1.190000000000000000e+02,-2.110000000000000000e+02,0.000000000000000000e+00,3.790000000000000036e-01,-8.960000000000000853e+00,-4.685000000000000275e-01,0.000000000000000000e+00,0.000000000000000000e+00,-1.280000000000000027e-01,1.000000000000000000e+00,2.730000000000000204e-01,1.500000000000000000e+01,2.200000000000000000e+01
4.067863947000005282e+02,4.129710000000000000e+05,2.092000000000000082e+00,6.979999999999999538e-01,-3.979999999999999982e+00,1.890000000000000000e+02,3.019999999999999907e-01,-8.320000000000000000e+02,0.000000000000000000e+00,0.000000000000000000e+00,0.000000000000000000e+00,-9.499999999999999556e-01,-5.600000000000000000e+01,-5.600000000000000000e+01,-1.590000000000000000e+02,0.000000000000000000e+00,3.870000000000000107e-01,-6.280000000000000249e+00,-4.162000000000000144e-01,0.000000000000000000e+00,0.000000000000000000e+00,4.000000000000000083e-03,1.000000000000000000e+00,2.610000000000000098e-01,1.200000000000000000e+01,2.200000000000000000e+01
4.068279349999993428e+02,4.130110000000000000e+05,2.084999999999999964e+00,5.120000000000000107e-01,-5.730000000000000426e+00,3.050000000000000000e+02,4.879999999999999893e-01,-9.130000000000000000e+02,0.000000000000000000e+00,0.000000000000000000e+00,0.000000000000000000e+00,-8.800000000000000044e-01,-3.200000000000000000e+01,-3.200000000000000000e+01,-8.800000000000000000e+01,0.000000000000000000e+00,3.750000000000000000e-01,-1.440000000000000036e+01,-8.464000000000000412e-01,0.000000000000000000e+00,0.000000000000000000e+00,0.000000000000000000e+00,1.000000000000000000e+00,2.560000000000000053e-01,0.000000000000000000e+00,2.200000000000000000e+01
4.068447524000002886e+02,4.130310000000000000e+05,1.961999999999999966e+00,2.720000000000000195e-01,-7.620000000000000107e+00,4.550000000000000000e+02,7.279999999999999805e-01,-9.570000000000000000e+02,0.000000000000000000e+00,0.000000000000000000e+00,0.000000000000000000e+00,-1.100000000000000006e-01,-8.000000000000000000e+01,-8.000000000000000000e+01,-4.900000000000000000e+01,0.000000000000000000e+00,3.750000000000000000e-01,-1.440000000000000036e+01,-8.464000000000000412e-01,0.000000000000000000e+00,0.000000000000000000e+00,-4.000000000000000083e-03,1.000000000000000000e+00,2.560000000000000053e-01,2.000000000000000000e+01,2.200000000000000000e+01
4.068642297999995208e+02,4.130510000000000000e+05,1.788999999999999924e+00,1.739999999999999880e-01,-1.097000000000000064e+01,5.160000000000000000e+02,8.259999999999999565e-01,-8.500000000000000000e+02,0.000000000000000000e+00,0.000000000000000000e+00,0.000000000000000000e+00,-5.999999999999999778e-01,-5.900000000000000000e+01,-5.900000000000000000e+01,-5.600000000000000000e+01,0.000000000000000000e+00,3.910000000000000142e-01,-7.839999999999999858e+00,-5.211000000000000076e-01,0.000000000000000000e+00,0.000000000000000000e+00,-4.000000000000000083e-03,1.000000000000000000e+00,2.760000000000000231e-01,1.400000000000000000e+01,2.200000000000000000e+01
4.068784426000001986e+02,4.130710000000000000e+05,1.568000000000000060e+00,8.500000000000000611e-02,-1.146000000000000085e+01,5.720000000000000000e+02,9.150000000000000355e-01,-7.570000000000000000e+02,0.000000000000000000e+00,0.000000000000000000e+00,0.000000000000000000e+00,5.899999999999999689e-01,-1.190000000000000000e+02,-1.190000000000000000e+02,-6.800000000000000000e+01,0.000000000000000000e+00,3.719999999999999973e-01,-1.308000000000000007e+01,-6.858999999999999542e-01,0.000000000000000000e+00,0.000000000000000000e+00,0.000000000000000000e+00,1.000000000000000000e+00,2.859999999999999765e-01,6.000000000000000000e+00,2.200000000000000000e+01
4.069391777000000729e+02,4.131110000000000000e+05,1.098000000000000087e+00,-1.170000000000000068e-01,-1.159999999999999964e+01,6.980000000000000000e+02,1.116999999999999993e+00,-5.750000000000000000e+02,0.000000000000000000e+00,0.000000000000000000e+00,0.000000000000000000e+00,4.500000000000000111e-01,-1.140000000000000000e+02,-1.140000000000000000e+02,-6.600000000000000000e+01,0.000000000000000000e+00,3.890000000000000124e-01,-4.900000000000000355e+00,-3.192999999999999727e-01,0.000000000000000000e+00,0.000000000000000000e+00,0.000000000000000000e+00,1.000000000000000000e+00,2.710000000000000187e-01,2.100000000000000000e+01,2.200000000000000000e+01
4.069431134999995265e+02,4.131310000000000000e+05,8.760000000000000009e-01,-1.739999999999999880e-01,-1.006000000000000050e+01,7.340000000000000000e+02,1.173999999999999932e+00,-5.010000000000000000e+02,0.000000000000000000e+00,0.000000000000000000e+00,0.000000000000000000e+00,1.290000000000000036e+00,-1.560000000000000000e+02,-1.560000000000000000e+02,-6.300000000000000000e+01,0.000000000000000000e+00,3.659999999999999920e-01,-1.091000000000000014e+01,-6.280999999999999917e-01,0.000000000000000000e+00,0.000000000000000000e+00,0.000000000000000000e+00,1.000000000000000000e+00,2.670000000000000151e-01,1.600000000000000000e+01,2.200000000000000000e+01
4.069610737000002700e+02,4.131510000000000000e+05,6.700000000000000400e-01,-1.950000000000000067e-01,-8.949999999999999289e+00,7.470000000000000000e+02,1.195000000000000062e+00,-3.980000000000000000e+02,0.000000000000000000e+00,0.000000000000000000e+00,0.000000000000000000e+00,1.010000000000000009e+00,-1.420000000000000000e+02,-1.420000000000000000e+02,-6.200000000000000000e+01,0.000000000000000000e+00,3.770000000000000018e-01,-4.049999999999999822e+00,-2.725000000000000200e-01,0.000000000000000000e+00,0.000000000000000000e+00,0.000000000000000000e+00,1.000000000000000000e+00,2.740000000000000213e-01,1.100000000000000000e+01,2.200000000000000000e+01
4.069838725999998132e+02,4.131710000000000000e+05,4.769999999999999796e-01,-1.920000000000000040e-01,-7.620000000000000107e+00,7.450000000000000000e+02,1.191999999999999948e+00,-2.960000000000000000e+02,0.000000000000000000e+00,0.000000000000000000e+00,0.000000000000000000e+00,1.429999999999999938e+00,-1.630000000000000000e+02,-1.630000000000000000e+02,-6.100000000000000000e+01,0.000000000000000000e+00,3.810000000000000053e-01,-5.049999999999999822e+00,-4.420000000000000040e-01,0.000000000000000000e+00,0.000000000000000000e+00,0.000000000000000000e+00,1.000000000000000000e+00,2.469999999999999973e-01,7.000000000000000000e+00,2.200000000000000000e+01
4.070233009999992646e+02,4.132110000000000000e+05,1.690000000000000113e-01,-1.330000000000000071e-01,-2.649999999999999911e+00,7.080000000000000000e+02,1.133000000000000007e+00,-1.480000000000000000e+02,0.000000000000000000e+00,0.000000000000000000e+00,0.000000000000000000e+00,1.149999999999999911e+00,-1.600000000000000000e+02,-1.600000000000000000e+02,-6.300000000000000000e+01,0.000000000000000000e+00,3.760000000000000009e-01,-5.429999999999999716e+00,-4.404000000000000137e-01,0.000000000000000000e+00,0.000000000000000000e+00,0.000000000000000000e+00,1.000000000000000000e+00,2.399999999999999911e-01,2.500000000000000000e+01,2.200000000000000000e+01
4.070413394999995944e+02,4.132310000000000000e+05,6.700000000000000400e-02,-6.700000000000000400e-02,-9.000000000000000222e-01,6.670000000000000000e+02,1.066999999999999948e+00,-7.500000000000000000e+01,0.000000000000000000e+00,0.000000000000000000e+00,0.000000000000000000e+00,1.149999999999999911e+00,-1.600000000000000000e+02,-1.600000000000000000e+02,-6.700000000000000000e+01,0.000000000000000000e+00,3.350000000000000200e-01,-1.476999999999999957e+01,-6.592000000000000082e-01,0.000000000000000000e+00,0.000000000000000000e+00,0.000000000000000000e+00,1.000000000000000000e+00,2.770000000000000240e-01,1.800000000000000000e+01,2.200000000000000000e+01
4.070609657000004518e+02,4.132510000000000000e+05,1.799999999999999864e-02,5.000000000000000104e-03,7.700000000000000178e-01,6.220000000000000000e+02,9.949999999999999956e-01,-2.600000000000000000e+01,0.000000000000000000e+00,0.000000000000000000e+00,0.000000000000000000e+00,1.080000000000000071e+00,-1.610000000000000000e+02,-1.610000000000000000e+02,-6.900000000000000000e+01,0.000000000000000000e+00,3.659999999999999920e-01,-4.480000000000000426e+00,-2.728999999999999759e-01,0.000000000000000000e+00,0.000000000000000000e+00,0.000000000000000000e+00,1.000000000000000000e+00,2.790000000000000258e-01,1.300000000000000000e+01,2.200000000000000000e+01
4.070797837999998592e+02,4.132710000000000000e+05,2.000000000000000042e-02,9.099999999999999756e-02,3.359999999999999876e+00,5.680000000000000000e+02,9.090000000000000302e-01,-1.800000000000000000e+01,0.000000000000000000e+00,0.000000000000000000e+00,0.000000000000000000e+00,1.149999999999999911e+00,-1.650000000000000000e+02,-1.650000000000000000e+02,-6.900000000000000000e+01,0.000000000000000000e+00,3.639999999999999902e-01,-6.540000000000000036e+00,-4.817000000000000171e-01,0.000000000000000000e+00,0.000000000000000000e+00,-4.000000000000000083e-03,1.000000000000000000e+00,2.479999999999999982e-01,9.000000000000000000e+00,2.200000000000000000e+01
4.071394137999996019e+02,4.133110000000000000e+05,1.160000000000000059e-01,2.899999999999999800e-01,3.850000000000000089e+00,4.440000000000000000e+02,7.099999999999999645e-01,4.000000000000000000e+01,0.000000000000000000e+00,0.000000000000000000e+00,0.000000000000000000e+00,1.570000000000000062e+00,-2.050000000000000000e+02,-2.050000000000000000e+02,-8.200000000000000000e+01,0.000000000000000000e+00,3.589999999999999858e-01,-7.250000000000000000e+00,-4.018999999999999795e-01,0.000000000000000000e+00,0.000000000000000000e+00,0.000000000000000000e+00,1.000000000000000000e+00,2.730000000000000204e-01,2.300000000000000000e+01,2.200000000000000000e+01
4.071425909999998112e+02,4.133310000000000000e+05,2.510000000000000009e-01,4.209999999999999853e-01,5.179999999999999716e+00,3.620000000000000000e+02,5.789999999999999591e-01,1.700000000000000000e+01,0.000000000000000000e+00,0.000000000000000000e+00,0.000000000000000000e+00,8.699999999999999956e-01,-1.750000000000000000e+02,-1.750000000000000000e+02,-1.000000000000000000e+02,0.000000000000000000e+00,3.430000000000000271e-01,-1.156000000000000050e+01,-5.775000000000000133e-01,0.000000000000000000e+00,0.000000000000000000e+00,8.999999999999999320e-03,1.000000000000000000e+00,2.869999999999999774e-01,1.600000000000000000e+01,2.200000000000000000e+01
4.071628395999996428e+02,4.133510000000000000e+05,3.770000000000000018e-01,4.500000000000000111e-01,6.790000000000000036e+00,3.440000000000000000e+02,5.500000000000000444e-01,-7.300000000000000000e+01,0.000000000000000000e+00,0.000000000000000000e+00,0.000000000000000000e+00,6.600000000000000311e-01,-1.640000000000000000e+02,-1.640000000000000000e+02,-8.800000000000000000e+01,0.000000000000000000e+00,3.639999999999999902e-01,-5.450000000000000178e+00,-3.205999999999999961e-01,0.000000000000000000e+00,0.000000000000000000e+00,8.999999999999999320e-03,1.000000000000000000e+00,2.700000000000000178e-01,1.000000000000000000e+01,2.200000000000000000e+01
4.071784714000004897e+02,4.133710000000000000e+05,5.370000000000000329e-01,4.239999999999999880e-01,8.050000000000000711e+00,3.600000000000000000e+02,5.759999999999999565e-01,-2.170000000000000000e+02,0.000000000000000000e+00,0.000000000000000000e+00,0.000000000000000000e+00,1.700000000000000122e-01,-1.390000000000000000e+02,-1.390000000000000000e+02,-6.500000000000000000e+01,0.000000000000000000e+00,3.459999999999999742e-01,-1.111999999999999922e+01,-5.484999999999999876e-01,0.000000000000000000e+00,0.000000000000000000e+00,8.999999999999999320e-03,1.000000000000000000e+00,2.859999999999999765e-01,3.000000000000000000e+00,2.200000000000000000e+01
4.072278253000004042e+02,4.134110000000000000e+05,8.729999999999999982e-01,6.209999999999999964e-01,9.869999999999999218e+00,2.370000000000000000e+02,3.790000000000000036e-01,-3.420000000000000000e+02,0.000000000000000000e+00,0.000000000000000000e+00,0.000000000000000000e+00,-6.700000000000000400e-01,-9.300000000000000000e+01,-9.300000000000000000e+01,-1.050000000000000000e+02,0.000000000000000000e+00,3.579999999999999849e-01,-9.150000000000000355e+00,-4.601000000000000090e-01,0.000000000000000000e+00,0.000000000000000000e+00,1.299999999999999940e-02,1.000000000000000000e+00,2.889999999999999791e-01,1.700000000000000000e+01,2.200000000000000000e+01
4.072414828999990277e+02,4.134310000000000000e+05,1.052000000000000046e+00,6.460000000000000187e-01,9.169999999999999929e+00,2.210000000000000000e+02,3.539999999999999813e-01,-4.300000000000000000e+02,0.000000000000000000e+00,0.000000000000000000e+00,0.000000000000000000e+00,-1.799999999999999933e-01,-1.170000000000000000e+02,-1.170000000000000000e+02,-1.060000000000000000e+02,0.000000000000000000e+00,3.509999999999999787e-01,-8.900000000000000355e+00,-4.202000000000000179e-01,0.000000000000000000e+00,0.000000000000000000e+00,2.599999999999999881e-02,1.000000000000000000e+00,2.919999999999999818e-01,9.000000000000000000e+00,2.200000000000000000e+01
4.072596446999996260e+02,4.134510000000000000e+05,1.225000000000000089e+00,4.849999999999999867e-01,6.929999999999999716e+00,3.220000000000000000e+02,5.150000000000000133e-01,-6.050000000000000000e+02,0.000000000000000000e+00,0.000000000000000000e+00,0.000000000000000000e+00,-1.020000000000000018e+00,-7.400000000000000000e+01,-7.400000000000000000e+01,-5.400000000000000000e+01,0.000000000000000000e+00,3.599999999999999867e-01,-1.192999999999999972e+01,-6.316000000000000503e-01,0.000000000000000000e+00,0.000000000000000000e+00,3.400000000000000244e-02,1.000000000000000000e+00,2.949999999999999845e-01,1.000000000000000000e+00,2.200000000000000000e+01
4.072795784999998432e+02,4.134710000000000000e+05,1.387999999999999901e+00,5.550000000000000488e-01,4.969999999999999751e+00,2.780000000000000000e+02,4.450000000000000067e-01,-6.300000000000000000e+02,0.000000000000000000e+00,0.000000000000000000e+00,0.000000000000000000e+00,-5.300000000000000266e-01,-9.000000000000000000e+01,-9.000000000000000000e+01,-7.500000000000000000e+01,0.000000000000000000e+00,3.599999999999999867e-01,-1.192999999999999972e+01,-6.316000000000000503e-01,0.000000000000000000e+00,0.000000000000000000e+00,5.999999999999999778e-02,1.000000000000000000e+00,2.949999999999999845e-01,2.100000000000000000e+01,2.200000000000000000e+01
4.073418579999997746e+02,4.135110000000000000e+05,1.651000000000000023e+00,3.599999999999999867e-01,2.729999999999999982e+00,4.000000000000000000e+02,6.400000000000000133e-01,-8.810000000000000000e+02,0.000000000000000000e+00,0.000000000000000000e+00,0.000000000000000000e+00,-5.999999999999999778e-01,-9.900000000000000000e+01,-9.900000000000000000e+01,-3.800000000000000000e+01,0.000000000000000000e+00,3.689999999999999947e-01,-9.359999999999999432e+00,-4.475999999999999979e-01,0.000000000000000000e+00,0.000000000000000000e+00,9.800000000000000377e-02,1.000000000000000000e+00,2.969999999999999862e-01,5.000000000000000000e+00,2.200000000000000000e+01
4.073442342999987886e+02,4.135310000000000000e+05,1.695999999999999952e+00,2.989999999999999880e-01,9.799999999999999822e-01,4.380000000000000000e+02,7.009999999999999565e-01,-9.260000000000000000e+02,0.000000000000000000e+00,0.000000000000000000e+00,0.000000000000000000e+00,-6.700000000000000400e-01,-9.800000000000000000e+01,-9.800000000000000000e+01,-4.600000000000000000e+01,0.000000000000000000e+00,3.689999999999999947e-01,-9.359999999999999432e+00,-4.475999999999999979e-01,0.000000000000000000e+00,0.000000000000000000e+00,1.409999999999999865e-01,1.000000000000000000e+00,2.969999999999999862e-01,2.500000000000000000e+01,2.200000000000000000e+01
4.073624050999987958e+02,4.135510000000000000e+05,1.687999999999999945e+00,2.369999999999999885e-01,-1.179999999999999938e+00,4.770000000000000000e+02,7.630000000000000115e-01,-9.220000000000000000e+02,0.000000000000000000e+00,0.000000000000000000e+00,0.000000000000000000e+00,-3.900000000000000133e-01,-1.190000000000000000e+02,-1.190000000000000000e+02,-6.000000000000000000e+01,0.000000000000000000e+00,3.770000000000000018e-01,-6.450000000000000178e+00,-3.362999999999999878e-01,0.000000000000000000e+00,0.000000000000000000e+00,3.400000000000000244e-02,1.000000000000000000e+00,2.879999999999999782e-01,1.700000000000000000e+01,2.200000000000000000e+01
4.073811950999988767e+02,4.135710000000000000e+05,1.631000000000000005e+00,1.519999999999999962e-01,-5.240000000000000213e+00,5.300000000000000000e+02,8.479999999999999760e-01,-8.690000000000000000e+02,0.000000000000000000e+00,0.000000000000000000e+00,0.000000000000000000e+00,-2.500000000000000000e-01,-1.280000000000000000e+02,-1.280000000000000000e+02,-7.100000000000000000e+01,0.000000000000000000e+00,3.810000000000000053e-01,-5.019999999999999574e+00,-2.553000000000000269e-01,0.000000000000000000e+00,0.000000000000000000e+00,3.400000000000000244e-02,1.000000000000000000e+00,2.800000000000000266e-01,1.000000000000000000e+01,2.200000000000000000e+01
4.074255847999993421e+02,4.136110000000000000e+05,1.500999999999999890e+00,-5.600000000000000117e-02,-8.810000000000000497e+00,6.600000000000000000e+02,1.056000000000000050e+00,-8.730000000000000000e+02,0.000000000000000000e+00,0.000000000000000000e+00,0.000000000000000000e+00,2.129999999999999893e+00,-2.190000000000000000e+02,-2.190000000000000000e+02,-8.200000000000000000e+01,0.000000000000000000e+00,3.729999999999999982e-01,-8.210000000000000853e+00,-4.642999999999999905e-01,0.000000000000000000e+00,0.000000000000000000e+00,3.039999999999999925e-01,1.000000000000000000e+00,2.379999999999999893e-01,6.000000000000000000e+00,2.200000000000000000e+01
4.074445133999997779e+02,4.136310000000000000e+05,1.340000000000000080e+00,-1.499999999999999944e-01,-1.068999999999999950e+01,7.190000000000000000e+02,1.149999999999999911e+00,-7.630000000000000000e+02,0.000000000000000000e+00,0.000000000000000000e+00,0.000000000000000000e+00,-6.700000000000000400e-01,-7.900000000000000000e+01,-7.900000000000000000e+01,-8.300000000000000000e+01,0.000000000000000000e+00,3.709999999999999964e-01,-9.210000000000000853e+00,-4.864999999999999880e-01,0.000000000000000000e+00,0.000000000000000000e+00,5.600000000000000117e-02,1.000000000000000000e+00,2.730000000000000204e-01,1.000000000000000000e+00,2.200000000000000000e+01
4.074640699999999924e+02,4.136510000000000000e+05,1.179000000000000048e+00,-2.379999999999999893e-01,-9.919999999999999929e+00,7.740000000000000000e+02,1.237999999999999989e+00,-7.360000000000000000e+02,0.000000000000000000e+00,0.000000000000000000e+00,0.000000000000000000e+00,8.000000000000000444e-01,-1.560000000000000000e+02,-1.560000000000000000e+02,-7.700000000000000000e+01,0.000000000000000000e+00,3.709999999999999964e-01,-9.210000000000000853e+00,-4.864999999999999880e-01,0.000000000000000000e+00,0.000000000000000000e+00,1.920000000000000040e-01,1.000000000000000000e+00,2.730000000000000204e-01,2.100000000000000000e+01,2.200000000000000000e+01
4.074798694999990403e+02,4.136710000000000000e+05,1.052000000000000046e+00,-2.979999999999999871e-01,-7.759999999999999787e+00,8.110000000000000000e+02,1.298000000000000043e+00,-7.230000000000000000e+02,0.000000000000000000e+00,0.000000000000000000e+00,0.000000000000000000e+00,1.429999999999999938e+00,-1.970000000000000000e+02,-1.970000000000000000e+02,-7.400000000000000000e+01,0.000000000000000000e+00,3.780000000000000027e-01,-1.379999999999999893e+00,-3.769999999999999740e-02,0.000000000000000000e+00,0.000000000000000000e+00,1.839999999999999969e-01,1.000000000000000000e+00,2.469999999999999973e-01,1.700000000000000000e+01,2.200000000000000000e+01
4.075277590000005148e+02,4.137110000000000000e+05,6.199999999999999956e-01,-3.629999999999999893e-01,-1.055000000000000071e+01,8.520000000000000000e+02,1.362999999999999989e+00,-4.450000000000000000e+02,0.000000000000000000e+00,0.000000000000000000e+00,0.000000000000000000e+00,1.010000000000000009e+00,-2.270000000000000000e+02,-2.270000000000000000e+02,-7.100000000000000000e+01,0.000000000000000000e+00,3.459999999999999742e-01,-1.801999999999999957e+01,-1.000000000000000000e+00,0.000000000000000000e+00,0.000000000000000000e+00,2.100000000000000130e-02,1.000000000000000000e+00,2.320000000000000118e-01,1.100000000000000000e+01,2.200000000000000000e+01
4.075448711999997613e+02,4.137310000000000000e+05,4.530000000000000138e-01,-3.649999999999999911e-01,-1.033999999999999986e+01,8.530000000000000000e+02,1.364999999999999991e+00,-3.290000000000000000e+02,0.000000000000000000e+00,0.000000000000000000e+00,0.000000000000000000e+00,-1.510000000000000009e+00,-9.700000000000000000e+01,-9.700000000000000000e+01,-7.700000000000000000e+01,0.000000000000000000e+00,3.539999999999999813e-01,-1.135999999999999943e+01,-6.967999999999999750e-01,0.000000000000000000e+00,0.000000000000000000e+00,1.029999999999999943e-01,1.000000000000000000e+00,2.149999999999999967e-01,1.200000000000000000e+01,2.200000000000000000e+01
4.075643794999996317e+02,4.137510000000000000e+05,2.230000000000000038e-01,-3.469999999999999751e-01,-9.650000000000000355e+00,8.420000000000000000e+02,1.346999999999999975e+00,-2.060000000000000000e+02,0.000000000000000000e+00,0.000000000000000000e+00,0.000000000000000000e+00,5.899999999999999689e-01,-1.870000000000000000e+02,-1.870000000000000000e+02,-8.100000000000000000e+01,0.000000000000000000e+00,3.549999999999999822e-01,-1.001999999999999957e+01,-7.043000000000000371e-01,0.000000000000000000e+00,0.000000000000000000e+00,3.119999999999999996e-01,1.000000000000000000e+00,1.990000000000000102e-01,1.300000000000000000e+01,2.200000000000000000e+01
4.075826992000002065e+02,4.137710000000000000e+05,5.399999999999999939e-02,-3.019999999999999907e-01,-3.350000000000000089e+00,8.140000000000000000e+02,1.302000000000000046e+00,-1.710000000000000000e+02,0.000000000000000000e+00,0.000000000000000000e+00,0.000000000000000000e+00,2.410000000000000142e+00,-2.780000000000000000e+02,-2.780000000000000000e+02,-8.400000000000000000e+01,0.000000000000000000e+00,3.469999999999999751e-01,-1.125000000000000000e+01,-7.762000000000000011e-01,0.000000000000000000e+00,0.000000000000000000e+00,6.400000000000000133e-02,1.000000000000000000e+00,2.069999999999999896e-01,1.400000000000000000e+01,2.200000000000000000e+01
4.076249747000001662e+02,4.138110000000000000e+05,-1.239999999999999991e-01,-1.419999999999999873e-01,-2.700000000000000178e-01,7.140000000000000000e+02,1.141999999999999904e+00,-1.600000000000000000e+01,0.000000000000000000e+00,0.000000000000000000e+00,0.000000000000000000e+00,2.339999999999999858e+00,-2.860000000000000000e+02,-2.860000000000000000e+02,-8.300000000000000000e+01,0.000000000000000000e+00,3.629999999999999893e-01,-3.699999999999999956e-01,4.299999999999999656e-02,0.000000000000000000e+00,0.000000000000000000e+00,1.150000000000000050e-01,1.000000000000000000e+00,1.769999999999999907e-01,3.000000000000000000e+00,2.200000000000000000e+01
4.076436350999993010e+02,4.138310000000000000e+05,-1.690000000000000113e-01,-5.000000000000000278e-02,-1.879999999999999893e+00,6.560000000000000000e+02,1.050000000000000044e+00,1.200000000000000000e+02,0.000000000000000000e+00,0.000000000000000000e+00,0.000000000000000000e+00,1.639999999999999902e+00,-2.700000000000000000e+02,-2.700000000000000000e+02,-8.100000000000000000e+01,0.000000000000000000e+00,3.130000000000000004e-01,-2.101000000000000156e+01,-1.000000000000000000e+00,0.000000000000000000e+00,0.000000000000000000e+00,2.999999999999999889e-02,1.000000000000000000e+00,1.799999999999999933e-01,6.000000000000000000e+00,2.200000000000000000e+01
4.076609224999992875e+02,4.138510000000000000e+05,-1.990000000000000102e-01,3.400000000000000244e-02,1.679999999999999938e+00,6.040000000000000000e+02,9.659999999999999698e-01,1.190000000000000000e+02,0.000000000000000000e+00,0.000000000000000000e+00,0.000000000000000000e+00,6.600000000000000311e-01,-2.230000000000000000e+02,-2.230000000000000000e+02,-7.900000000000000000e+01,0.000000000000000000e+00,3.290000000000000147e-01,-1.623000000000000043e+01,-8.989000000000000323e-01,0.000000000000000000e+00,0.000000000000000000e+00,4.700000000000000011e-02,1.000000000000000000e+00,1.719999999999999862e-01,7.000000000000000000e+00,2.200000000000000000e+01
4.076829443999995419e+02,4.138710000000000000e+05,-1.779999999999999916e-01,2.159999999999999976e-01,5.530000000000000249e+00,4.900000000000000000e+02,7.840000000000000302e-01,1.540000000000000000e+02,0.000000000000000000e+00,0.000000000000000000e+00,0.000000000000000000e+00,1.010000000000000009e+00,-2.430000000000000000e+02,-2.430000000000000000e+02,-1.060000000000000000e+02,0.000000000000000000e+00,3.420000000000000262e-01,-1.032000000000000028e+01,-7.334000000000000519e-01,0.000000000000000000e+00,0.000000000000000000e+00,1.799999999999999933e-01,1.000000000000000000e+00,1.380000000000000115e-01,7.000000000000000000e+00,2.200000000000000000e+01
4.077407920999994531e+02,4.139110000000000000e+05,-1.069999999999999979e-01,3.039999999999999925e-01,1.098000000000000043e+01,4.350000000000000000e+02,6.959999999999999520e-01,5.200000000000000000e+01,0.000000000000000000e+00,0.000000000000000000e+00,0.000000000000000000e+00,3.800000000000000044e-01,-1.990000000000000000e+02,-1.990000000000000000e+02,-7.100000000000000000e+01,0.000000000000000000e+00,3.719999999999999973e-01,6.809999999999999609e+00,4.927000000000000268e-01,0.000000000000000000e+00,0.000000000000000000e+00,6.800000000000000488e-02,1.000000000000000000e+00,1.900000000000000022e-01,6.000000000000000000e+00,2.200000000000000000e+01
4.077462720999992598e+02,4.139310000000000000e+05,-5.600000000000000117e-02,4.959999999999999964e-01,8.050000000000000711e+00,3.150000000000000000e+02,5.040000000000000036e-01,2.040000000000000000e+02,0.000000000000000000e+00,0.000000000000000000e+00,0.000000000000000000e+00,-7.399999999999999911e-01,-1.430000000000000000e+02,-1.430000000000000000e+02,-9.700000000000000000e+01,0.000000000000000000e+00,3.439999999999999725e-01,-4.429999999999999716e+00,-1.221000000000000002e-01,0.000000000000000000e+00,0.000000000000000000e+00,1.839999999999999969e-01,1.000000000000000000e+00,1.419999999999999873e-01,8.000000000000000000e+00,2.200000000000000000e+01
4.077678369000004750e+02,4.139510000000000000e+05,6.600000000000000311e-02,6.989999999999999547e-01,6.019999999999999574e+00,1.880000000000000000e+02,3.009999999999999898e-01,2.920000000000000000e+02,0.000000000000000000e+00,0.000000000000000000e+00,0.000000000000000000e+00,1.080000000000000071e+00,-2.460000000000000000e+02,-2.460000000000000000e+02,-1.310000000000000000e+02,0.000000000000000000e+00,3.569999999999999840e-01,-7.610000000000000320e+00,-5.479000000000000536e-01,0.000000000000000000e+00,0.000000000000000000e+00,8.999999999999999320e-03,1.000000000000000000e+00,1.170000000000000068e-01,9.000000000000000000e+00,2.200000000000000000e+01
4.077829340999996930e+02,4.139710000000000000e+05,2.129999999999999949e-01,7.820000000000000284e-01,5.950000000000000178e+00,1.360000000000000000e+02,2.179999999999999993e-01,2.620000000000000000e+02,0.000000000000000000e+00,0.000000000000000000e+00,0.000000000000000000e+00,1.360000000000000098e+00,-2.660000000000000000e+02,-2.660000000000000000e+02,-1.580000000000000000e+02,0.000000000000000000e+00,3.589999999999999858e-01,-1.241000000000000014e+01,-1.000000000000000000e+00,0.000000000000000000e+00,0.000000000000000000e+00,-1.299999999999999940e-02,1.000000000000000000e+00,9.700000000000000289e-02,1.000000000000000000e+01,2.200000000000000000e+01
4.078278836999998020e+02,4.140110000000000000e+05,6.169999999999999929e-01,9.200000000000000400e-01,1.021000000000000085e+01,5.000000000000000000e+01,8.000000000000000167e-02,2.500000000000000000e+01,0.000000000000000000e+00,0.000000000000000000e+00,0.000000000000000000e+00,1.219999999999999973e+00,-2.570000000000000000e+02,-2.570000000000000000e+02,-2.250000000000000000e+02,0.000000000000000000e+00,3.589999999999999858e-01,-5.240000000000000213e+00,-5.528999999999999471e-01,0.000000000000000000e+00,0.000000000000000000e+00,1.920000000000000040e-01,1.000000000000000000e+00,8.100000000000000255e-02,1.200000000000000000e+01,2.200000000000000000e+01
4.078421557999990910e+02,4.140310000000000000e+05,1.596999999999999975e+00,1.151999999999999913e+00,9.730000000000000426e+00,-9.500000000000000000e+01,-1.519999999999999962e-01,-4.510000000000000000e+02,0.000000000000000000e+00,0.000000000000000000e+00,0.000000000000000000e+00,-1.612000000000000099e+01,-7.660000000000000000e+02,-7.660000000000000000e+02,-2.850000000000000000e+02,0.000000000000000000e+00,3.649999999999999911e-01,-6.300000000000000044e-01,2.129999999999999949e-02,0.000000000000000000e+00,0.000000000000000000e+00,1.449999999999999900e-01,1.000000000000000000e+00,1.519999999999999962e-01,1.000000000000000000e+01,2.200000000000000000e+01
4.078615740999994159e+02,4.140510000000000000e+05,1.056999999999999940e+00,1.149000000000000021e+00,-1.467999999999999972e+01,-9.300000000000000000e+01,-1.489999999999999936e-01,3.110000000000000000e+02,0.000000000000000000e+00,0.000000000000000000e+00,0.000000000000000000e+00,-3.618999999999999773e+01,1.120000000000000000e+02,1.120000000000000000e+02,-3.410000000000000000e+02,0.000000000000000000e+00,3.549999999999999822e-01,-5.030000000000000249e+00,-1.970999999999999974e-01,0.000000000000000000e+00,0.000000000000000000e+00,5.099999999999999672e-02,1.000000000000000000e+00,1.549999999999999989e-01,9.000000000000000000e+00,2.200000000000000000e+01
4.078789134999988164e+02,4.140710000000000000e+05,1.270999999999999908e+00,8.980000000000000204e-01,-2.859999999999999876e+00,6.400000000000000000e+01,1.019999999999999934e-01,-1.690000000000000000e+02,0.000000000000000000e+00,0.000000000000000000e+00,0.000000000000000000e+00,-2.487000000000000099e+01,-2.300000000000000000e+01,-2.300000000000000000e+01,-3.640000000000000000e+02,0.000000000000000000e+00,3.770000000000000018e-01,6.230000000000000426e+00,4.282000000000000250e-01,0.000000000000000000e+00,0.000000000000000000e+00,-8.999999999999999320e-03,1.000000000000000000e+00,1.320000000000000062e-01,1.200000000000000000e+01,2.200000000000000000e+01
4.079429216999997152e+02,4.141110000000000000e+05,1.715000000000000080e+00,1.052999999999999936e+00,5.879999999999999893e+00,-3.300000000000000000e+01,-5.299999999999999850e-02,-5.190000000000000000e+02,0.000000000000000000e+00,0.000000000000000000e+00,0.000000000000000000e+00,-1.234999999999999964e+01,-1.540000000000000000e+02,-1.540000000000000000e+02,-2.810000000000000000e+02,0.000000000000000000e+00,4.179999999999999827e-01,2.085000000000000142e+01,1.000000000000000000e+00,0.000000000000000000e+00,0.000000000000000000e+00,1.299999999999999940e-02,1.000000000000000000e+00,4.800000000000000100e-02,1.500000000000000000e+01,2.200000000000000000e+01
4.079591868999996223e+02,4.141310000000000000e+05,1.758000000000000007e+00,1.042999999999999927e+00,8.259999999999999787e+00,-2.700000000000000000e+01,-4.299999999999999656e-02,-6.180000000000000000e+02,0.000000000000000000e+00,0.000000000000000000e+00,0.000000000000000000e+00,-9.480000000000000426e+00,-1.410000000000000000e+02,-1.410000000000000000e+02,-2.400000000000000000e+02,0.000000000000000000e+00,0.000000000000000000e+00,0.000000000000000000e+00,0.000000000000000000e+00,0.000000000000000000e+00,0.000000000000000000e+00,0.000000000000000000e+00,1.000000000000000000e+00,0.000000000000000000e+00,1.800000000000000000e+01,1.800000000000000000e+01
4.079636656000002404e+02,4.141510000000000000e+05,1.739999999999999991e+00,9.969999999999999973e-01,2.939999999999999947e+00,2.000000000000000000e+00,3.000000000000000062e-03,-5.430000000000000000e+02,0.000000000000000000e+00,0.000000000000000000e+00,0.000000000000000000e+00,-6.400000000000000355e+00,-1.810000000000000000e+02,-1.810000000000000000e+02,-2.190000000000000000e+02,0.000000000000000000e+00,4.159999999999999809e-01,4.509999999999999787e+00,-4.502999999999999781e-01,0.000000000000000000e+00,0.000000000000000000e+00,1.299999999999999940e-02,1.000000000000000000e+00,8.100000000000000255e-02,1.300000000000000000e+01,2.200000000000000000e+01
4.079846151999990980e+02,4.141710000000000000e+05,1.703000000000000069e+00,8.990000000000000213e-01,-1.739999999999999991e+00,6.300000000000000000e+01,1.010000000000000064e-01,-4.960000000000000000e+02,0.000000000000000000e+00,0.000000000000000000e+00,0.000000000000000000e+00,-4.309999999999999609e+00,-2.100000000000000000e+02,-2.100000000000000000e+02,-1.970000000000000000e+02,0.000000000000000000e+00,0.000000000000000000e+00,0.000000000000000000e+00,0.000000000000000000e+00,0.000000000000000000e+00,0.000000000000000000e+00,8.599999999999999312e-02,1.000000000000000000e+00,0.000000000000000000e+00,1.800000000000000000e+01,1.800000000000000000e+01
4.080394006999995327e+02,4.142110000000000000e+05,1.538999999999999924e+00,6.530000000000000249e-01,-1.194999999999999929e+01,2.170000000000000000e+02,3.469999999999999751e-01,-3.600000000000000000e+02,0.000000000000000000e+00,0.000000000000000000e+00,0.000000000000000000e+00,-1.020000000000000018e+00,-3.220000000000000000e+02,-3.220000000000000000e+02,-1.550000000000000000e+02,0.000000000000000000e+00,0.000000000000000000e+00,0.000000000000000000e+00,0.000000000000000000e+00,0.000000000000000000e+00,0.000000000000000000e+00,-1.299999999999999940e-02,1.000000000000000000e+00,0.000000000000000000e+00,1.800000000000000000e+01,1.800000000000000000e+01
4.080417760999989696e+02,4.142310000000000000e+05,1.445999999999999952e+00,5.679999999999999494e-01,-1.314000000000000057e+01,2.700000000000000000e+02,4.319999999999999951e-01,-3.220000000000000000e+02,0.000000000000000000e+00,0.000000000000000000e+00,0.000000000000000000e+00,-1.929999999999999938e+00,-2.800000000000000000e+02,-2.800000000000000000e+02,-1.500000000000000000e+02,0.000000000000000000e+00,0.000000000000000000e+00,0.000000000000000000e+00,0.000000000000000000e+00,0.000000000000000000e+00,0.000000000000000000e+00,-4.000000000000000083e-03,1.000000000000000000e+00,0.000000000000000000e+00,1.800000000000000000e+01,1.800000000000000000e+01
4.080630406999989646e+02,4.142510000000000000e+05,1.330999999999999961e+00,5.919999999999999707e-01,-9.300000000000000711e+00,2.550000000000000000e+02,4.079999999999999738e-01,-3.040000000000000000e+02,0.000000000000000000e+00,0.000000000000000000e+00,0.000000000000000000e+00,-6.700000000000000400e-01,-3.440000000000000000e+02,-3.440000000000000000e+02,-1.850000000000000000e+02,0.000000000000000000e+00,0.000000000000000000e+00,0.000000000000000000e+00,0.000000000000000000e+00,0.000000000000000000e+00,0.000000000000000000e+00,-2.999999999999999889e-02,1.000000000000000000e+00,0.000000000000000000e+00,1.800000000000000000e+01,1.800000000000000000e+01
4.080776131999991776e+02,4.142710000000000000e+05,1.139999999999999902e+00,5.340000000000000302e-01,-8.109999999999999432e+00,2.910000000000000000e+02,4.660000000000000253e-01,-2.470000000000000000e+02,0.000000000000000000e+00,0.000000000000000000e+00,0.000000000000000000e+00,8.699999999999999956e-01,-4.210000000000000000e+02,-4.210000000000000000e+02,-1.880000000000000000e+02,0.000000000000000000e+00,0.000000000000000000e+00,0.000000000000000000e+00,0.000000000000000000e+00,0.000000000000000000e+00,0.000000000000000000e+00,-1.239999999999999991e-01,1.000000000000000000e+00,0.000000000000000000e+00,1.800000000000000000e+01,1.800000000000000000e+01
4.081455186999992293e+02,4.143110000000000000e+05,7.219999999999999751e-01,3.890000000000000124e-01,-8.740000000000000213e+00,3.820000000000000000e+02,6.109999999999999876e-01,-6.100000000000000000e+01,0.000000000000000000e+00,0.000000000000000000e+00,0.000000000000000000e+00,1.700000000000000122e-01,-3.850000000000000000e+02,-3.850000000000000000e+02,-1.650000000000000000e+02,0.000000000000000000e+00,0.000000000000000000e+00,0.000000000000000000e+00,0.000000000000000000e+00,0.000000000000000000e+00,0.000000000000000000e+00,-3.400000000000000244e-02,1.000000000000000000e+00,0.000000000000000000e+00,1.800000000000000000e+01,1.800000000000000000e+01
4.081459610000001703e+02,4.143310000000000000e+05,5.320000000000000284e-01,4.139999999999999791e-01,-7.759999999999999787e+00,3.660000000000000000e+02,5.859999999999999654e-01,6.000000000000000000e+01,0.000000000000000000e+00,0.000000000000000000e+00,0.000000000000000000e+00,3.099999999999999978e-01,-3.930000000000000000e+02,-3.930000000000000000e+02,-1.740000000000000000e+02,0.000000000000000000e+00,0.000000000000000000e+00,0.000000000000000000e+00,0.000000000000000000e+00,0.000000000000000000e+00,0.000000000000000000e+00,-5.999999999999999778e-02,1.000000000000000000e+00,0.000000000000000000e+00,1.800000000000000000e+01,1.800000000000000000e+01
4.081623429999999644e+02,4.143510000000000000e+05,3.629999999999999893e-01,3.519999999999999796e-01,-7.410000000000000142e+00,4.050000000000000000e+02,6.480000000000000204e-01,1.250000000000000000e+02,0.000000000000000000e+00,0.000000000000000000e+00,0.000000000000000000e+00,1.700000000000000122e-01,-3.850000000000000000e+02,-3.850000000000000000e+02,-1.500000000000000000e+02,0.000000000000000000e+00,0.000000000000000000e+00,0.000000000000000000e+00,0.000000000000000000e+00,0.000000000000000000e+00,0.000000000000000000e+00,-9.400000000000000022e-02,1.000000000000000000e+00,0.000000000000000000e+00,1.800000000000000000e+01,1.800000000000000000e+01
4.081825518999994529e+02,4.143710000000000000e+05,2.059999999999999887e-01,5.360000000000000320e-01,-4.959999999999999964e+00,2.900000000000000000e+02,4.640000000000000235e-01,3.010000000000000000e+02,0.000000000000000000e+00,0.000000000000000000e+00,0.000000000000000000e+00,5.899999999999999689e-01,-4.050000000000000000e+02,-4.050000000000000000e+02,-1.990000000000000000e+02,0.000000000000000000e+00,0.000000000000000000e+00,0.000000000000000000e+00,0.000000000000000000e+00,0.000000000000000000e+00,0.000000000000000000e+00,-9.400000000000000022e-02,1.000000000000000000e+00,0.000000000000000000e+00,1.800000000000000000e+01,1.800000000000000000e+01
4.082231628999998065e+02,4.144110000000000000e+05,-5.899999999999999689e-02,7.600000000000000089e-01,7.700000000000000178e-01,1.500000000000000000e+02,2.399999999999999911e-01,5.160000000000000000e+02,0.000000000000000000e+00,0.000000000000000000e+00,0.000000000000000000e+00,5.200000000000000178e-01,-4.010000000000000000e+02,-4.010000000000000000e+02,-2.270000000000000000e+02,0.000000000000000000e+00,0.000000000000000000e+00,0.000000000000000000e+00,0.000000000000000000e+00,0.000000000000000000e+00,0.000000000000000000e+00,-1.449999999999999900e-01,1.000000000000000000e+00,0.000000000000000000e+00,1.800000000000000000e+01,1.800000000000000000e+01
4.082415831999987859e+02,4.144310000000000000e+05,-1.000000000000000056e-01,8.900000000000000133e-01,1.679999999999999938e+00,6.900000000000000000e+01,1.100000000000000006e-01,6.060000000000000000e+02,0.000000000000000000e+00,0.000000000000000000e+00,0.000000000000000000e+00,1.080000000000000071e+00,-4.290000000000000000e+02,-4.290000000000000000e+02,-2.410000000000000000e+02,0.000000000000000000e+00,0.000000000000000000e+00,0.000000000000000000e+00,0.000000000000000000e+00,0.000000000000000000e+00,0.000000000000000000e+00,-1.580000000000000016e-01,1.000000000000000000e+00,0.000000000000000000e+00,1.800000000000000000e+01,1.800000000000000000e+01
4.082609455999991042e+02,4.144510000000000000e+05,-7.199999999999999456e-02,9.469999999999999529e-01,3.779999999999999805e+00,3.300000000000000000e+01,5.299999999999999850e-02,5.970000000000000000e+02,0.000000000000000000e+00,0.000000000000000000e+00,0.000000000000000000e+00,7.299999999999999822e-01,-4.120000000000000000e+02,-4.120000000000000000e+02,-2.230000000000000000e+02,0.000000000000000000e+00,3.750000000000000000e-01,5.999999999999999778e-01,3.941000000000000059e-01,0.000000000000000000e+00,0.000000000000000000e+00,-1.839999999999999969e-01,1.000000000000000000e+00,7.900000000000000078e-02,1.200000000000000000e+01,2.200000000000000000e+01
4.082821893999989697e+02,4.144710000000000000e+05,4.000000000000000083e-03,1.042000000000000037e+00,7.209999999999999964e+00,-2.600000000000000000e+01,-4.200000000000000261e-02,5.370000000000000000e+02,0.000000000000000000e+00,0.000000000000000000e+00,0.000000000000000000e+00,1.010000000000000009e+00,-4.320000000000000000e+02,-4.320000000000000000e+02,-2.180000000000000000e+02,0.000000000000000000e+00,3.739999999999999991e-01,-1.982999999999999829e+01,-1.000000000000000000e+00,0.000000000000000000e+00,0.000000000000000000e+00,-1.409999999999999865e-01,1.000000000000000000e+00,7.900000000000000078e-02,1.200000000000000000e+01,2.200000000000000000e+01
4.083435568000004423e+02,4.145110000000000000e+05,3.310000000000000164e-01,1.342000000000000082e+00,1.076999999999999957e+01,-2.140000000000000000e+02,-3.420000000000000262e-01,4.600000000000000000e+02,0.000000000000000000e+00,0.000000000000000000e+00,0.000000000000000000e+00,1.010000000000000009e+00,-4.350000000000000000e+02,-4.350000000000000000e+02,-2.130000000000000000e+02,0.000000000000000000e+00,3.950000000000000178e-01,-8.900000000000000355e+00,-1.000000000000000000e+00,0.000000000000000000e+00,0.000000000000000000e+00,-1.580000000000000016e-01,1.000000000000000000e+00,1.330000000000000071e-01,9.000000000000000000e+00,2.200000000000000000e+01
4.083444046000004164e+02,4.145310000000000000e+05,5.010000000000000009e-01,1.391999999999999904e+00,1.118999999999999950e+01,-2.450000000000000000e+02,-3.920000000000000151e-01,3.700000000000000000e+02,0.000000000000000000e+00,0.000000000000000000e+00,0.000000000000000000e+00,1.639999999999999902e+00,-4.830000000000000000e+02,-4.830000000000000000e+02,-2.390000000000000000e+02,0.000000000000000000e+00,3.719999999999999973e-01,-2.182000000000000028e+01,-1.000000000000000000e+00,0.000000000000000000e+00,0.000000000000000000e+00,-1.239999999999999991e-01,1.000000000000000000e+00,1.370000000000000107e-01,8.000000000000000000e+00,2.200000000000000000e+01
4.083681543000002421e+02,4.145510000000000000e+05,7.289999999999999813e-01,1.439999999999999947e+00,1.098000000000000043e+01,-2.750000000000000000e+02,-4.400000000000000022e-01,2.660000000000000000e+02,0.000000000000000000e+00,0.000000000000000000e+00,0.000000000000000000e+00,1.780000000000000027e+00,-4.940000000000000000e+02,-4.940000000000000000e+02,-2.500000000000000000e+02,0.000000000000000000e+00,4.079999999999999738e-01,6.800000000000000488e-01,-2.738999999999999768e-01,0.000000000000000000e+00,0.000000000000000000e+00,-2.479999999999999982e-01,1.000000000000000000e+00,1.710000000000000131e-01,7.000000000000000000e+00,2.200000000000000000e+01
4.083830582999999024e+02,4.145710000000000000e+05,9.360000000000000542e-01,1.534000000000000030e+00,1.231000000000000050e+01,-3.340000000000000000e+02,-5.340000000000000302e-01,1.600000000000000000e+02,0.000000000000000000e+00,0.000000000000000000e+00,0.000000000000000000e+00,1.429999999999999938e+00,-4.860000000000000000e+02,-4.860000000000000000e+02,-2.460000000000000000e+02,0.000000000000000000e+00,3.960000000000000187e-01,-8.980000000000000426e+00,-1.000000000000000000e+00,0.000000000000000000e+00,0.000000000000000000e+00,-1.110000000000000014e-01,1.000000000000000000e+00,1.449999999999999900e-01,8.000000000000000000e+00,2.200000000000000000e+01
4.084417962999996234e+02,4.146110000000000000e+05,1.409999999999999920e+00,1.546000000000000041e+00,8.400000000000000355e+00,-3.410000000000000000e+02,-5.460000000000000409e-01,-5.800000000000000000e+01,0.000000000000000000e+00,0.000000000000000000e+00,0.000000000000000000e+00,-5.300000000000000266e-01,-3.830000000000000000e+02,-3.830000000000000000e+02,-2.550000000000000000e+02,0.000000000000000000e+00,4.139999999999999791e-01,-2.790000000000000036e+00,-4.159999999999999809e-01,0.000000000000000000e+00,0.000000000000000000e+00,-1.620000000000000051e-01,1.000000000000000000e+00,2.010000000000000120e-01,3.000000000000000000e+00,2.200000000000000000e+01
4.084429820000004838e+02,4.146310000000000000e+05,1.624000000000000110e+00,1.465999999999999970e+00,8.189999999999999503e+00,-2.910000000000000000e+02,-4.660000000000000253e-01,-2.470000000000000000e+02,0.000000000000000000e+00,0.000000000000000000e+00,0.000000000000000000e+00,-8.100000000000000533e-01,-3.630000000000000000e+02,-3.630000000000000000e+02,-2.810000000000000000e+02,0.000000000000000000e+00,4.149999999999999800e-01,-5.219999999999999751e+00,-5.537999999999999590e-01,0.000000000000000000e+00,0.000000000000000000e+00,-1.409999999999999865e-01,1.000000000000000000e+00,2.179999999999999993e-01,2.000000000000000000e+00,2.200000000000000000e+01
4.084614476999995532e+02,4.146510000000000000e+05,1.802000000000000046e+00,1.471999999999999975e+00,4.900000000000000355e+00,-2.950000000000000000e+02,-4.719999999999999751e-01,-2.970000000000000000e+02,0.000000000000000000e+00,0.000000000000000000e+00,0.000000000000000000e+00,-2.069999999999999840e+00,-2.930000000000000000e+02,-2.930000000000000000e+02,-2.660000000000000000e+02,0.000000000000000000e+00,4.259999999999999898e-01,-4.299999999999999933e-01,-2.036999999999999922e-01,0.000000000000000000e+00,0.000000000000000000e+00,-5.999999999999999778e-02,1.000000000000000000e+00,2.330000000000000127e-01,1.000000000000000000e+00,2.200000000000000000e+01
4.084787856000002648e+02,4.146710000000000000e+05,1.925000000000000044e+00,1.318000000000000060e+00,2.870000000000000107e+00,-1.990000000000000000e+02,-3.180000000000000049e-01,-4.440000000000000000e+02,0.000000000000000000e+00,0.000000000000000000e+00,0.000000000000000000e+00,7.299999999999999822e-01,-4.140000000000000000e+02,-4.140000000000000000e+02,-2.910000000000000000e+02,0.000000000000000000e+00,4.189999999999999836e-01,-6.769999999999999574e+00,-5.968999999999999861e-01,0.000000000000000000e+00,0.000000000000000000e+00,-2.049999999999999878e-01,1.000000000000000000e+00,2.330000000000000127e-01,0.000000000000000000e+00,2.200000000000000000e+01
4.085427703999994264e+02,4.147110000000000000e+05,2.064000000000000057e+00,1.090999999999999970e+00,6.999999999999999556e-01,-5.700000000000000000e+01,-9.099999999999999756e-02,-6.390000000000000000e+02,0.000000000000000000e+00,0.000000000000000000e+00,0.000000000000000000e+00,-1.790000000000000036e+00,-2.820000000000000000e+02,-2.820000000000000000e+02,-2.920000000000000000e+02,0.000000000000000000e+00,4.159999999999999809e-01,-7.250000000000000000e+00,-6.391000000000000014e-01,0.000000000000000000e+00,0.000000000000000000e+00,-7.699999999999999900e-02,1.000000000000000000e+00,2.290000000000000091e-01,2.000000000000000000e+01,2.200000000000000000e+01
4.085431725999987975e+02,4.147310000000000000e+05,2.053999999999999826e+00,1.072000000000000064e+00,-2.229999999999999982e+00,-4.500000000000000000e+01,-7.199999999999999456e-02,-5.950000000000000000e+02,0.000000000000000000e+00,0.000000000000000000e+00,0.000000000000000000e+00,-1.159999999999999920e+00,-2.980000000000000000e+02,-2.980000000000000000e+02,-2.540000000000000000e+02,0.000000000000000000e+00,4.219999999999999862e-01,-2.250000000000000000e+00,-2.862999999999999989e-01,0.000000000000000000e+00,0.000000000000000000e+00,-1.029999999999999943e-01,1.000000000000000000e+00,2.270000000000000073e-01,1.900000000000000000e+01,2.200000000000000000e+01
4.085602433000003657e+02,4.147510000000000000e+05,1.951999999999999957e+00,9.649999999999999689e-01,-2.720000000000000195e+00,2.200000000000000000e+01,3.500000000000000333e-02,-5.910000000000000000e+02,0.000000000000000000e+00,0.000000000000000000e+00,0.000000000000000000e+00,-1.300000000000000044e+00,-2.820000000000000000e+02,-2.820000000000000000e+02,-2.440000000000000000e+02,0.000000000000000000e+00,4.319999999999999951e-01,1.330000000000000071e+00,-6.320000000000000617e-02,0.000000000000000000e+00,0.000000000000000000e+00,0.000000000000000000e+00,1.000000000000000000e+00,2.290000000000000091e-01,0.000000000000000000e+00,2.200000000000000000e+01
4.085783634999988863e+02,4.147710000000000000e+05,1.820999999999999952e+00,8.239999999999999547e-01,-6.709999999999999964e+00,1.100000000000000000e+02,1.759999999999999898e-01,-5.270000000000000000e+02,0.000000000000000000e+00,0.000000000000000000e+00,0.000000000000000000e+00,-3.900000000000000133e-01,-3.270000000000000000e+02,-3.270000000000000000e+02,-2.340000000000000000e+02,0.000000000000000000e+00,4.129999999999999782e-01,-6.389999999999999680e+00,-5.441000000000000281e-01,0.000000000000000000e+00,0.000000000000000000e+00,-3.400000000000000244e-02,1.000000000000000000e+00,2.260000000000000064e-01,0.000000000000000000e+00,2.200000000000000000e+01
4.086235405999996146e+02,4.148110000000000000e+05,1.598999999999999977e+00,6.260000000000000009e-01,-6.780000000000000249e+00,2.340000000000000000e+02,3.739999999999999991e-01,-5.030000000000000000e+02,0.000000000000000000e+00,0.000000000000000000e+00,0.000000000000000000e+00,-2.209999999999999964e+00,-2.340000000000000000e+02,-2.340000000000000000e+02,-2.370000000000000000e+02,0.000000000000000000e+00,4.219999999999999862e-01,-4.009999999999999787e+00,-4.689999999999999725e-01,0.000000000000000000e+00,0.000000000000000000e+00,-1.499999999999999944e-01,1.000000000000000000e+00,2.230000000000000038e-01,1.900000000000000000e+01,2.200000000000000000e+01
4.086414296999992075e+02,4.148310000000000000e+05,1.471000000000000085e+00,4.640000000000000235e-01,-8.810000000000000497e+00,3.350000000000000000e+02,5.360000000000000320e-01,-4.920000000000000000e+02,0.000000000000000000e+00,0.000000000000000000e+00,0.000000000000000000e+00,-1.580000000000000071e+00,-2.470000000000000000e+02,-2.470000000000000000e+02,-2.110000000000000000e+02,0.000000000000000000e+00,4.189999999999999836e-01,-3.629999999999999893e+00,-3.623000000000000109e-01,0.000000000000000000e+00,0.000000000000000000e+00,-2.049999999999999878e-01,1.000000000000000000e+00,2.590000000000000080e-01,1.500000000000000000e+01,2.200000000000000000e+01
4.086621431000003213e+02,4.148510000000000000e+05,1.364000000000000101e+00,6.320000000000000062e-01,-5.030000000000000249e+00,2.300000000000000000e+02,3.679999999999999938e-01,-3.870000000000000000e+02,0.000000000000000000e+00,0.000000000000000000e+00,0.000000000000000000e+00,-1.020000000000000018e+00,-2.680000000000000000e+02,-2.680000000000000000e+02,-2.820000000000000000e+02,0.000000000000000000e+00,4.259999999999999898e-01,-1.179999999999999938e+00,-2.149999999999999967e-01,0.000000000000000000e+00,0.000000000000000000e+00,4.000000000000000083e-03,1.000000000000000000e+00,2.520000000000000018e-01,1.100000000000000000e+01,2.200000000000000000e+01
4.086773995000003197e+02,4.148710000000000000e+05,1.219999999999999973e+00,5.420000000000000373e-01,-4.610000000000000320e+00,2.860000000000000000e+02,4.580000000000000182e-01,-3.540000000000000000e+02,0.000000000000000000e+00,0.000000000000000000e+00,0.000000000000000000e+00,-5.300000000000000266e-01,-2.780000000000000000e+02,-2.780000000000000000e+02,-2.670000000000000000e+02,0.000000000000000000e+00,3.760000000000000009e-01,-1.787000000000000099e+01,-9.098000000000000531e-01,0.000000000000000000e+00,0.000000000000000000e+00,8.999999999999999320e-03,1.000000000000000000e+00,2.610000000000000098e-01,8.000000000000000000e+00,2.200000000000000000e+01
4.087449612999989768e+02,4.149110000000000000e+05,1.002999999999999892e+00,3.599999999999999867e-01,-2.580000000000000071e+00,4.000000000000000000e+02,6.400000000000000133e-01,-3.700000000000000000e+02,0.000000000000000000e+00,0.000000000000000000e+00,0.000000000000000000e+00,-2.500000000000000000e-01,-2.840000000000000000e+02,-2.840000000000000000e+02,-2.150000000000000000e+02,0.000000000000000000e+00,4.159999999999999809e-01,-3.990000000000000213e+00,-4.741000000000000214e-01,0.000000000000000000e+00,0.000000000000000000e+00,-2.599999999999999881e-02,1.000000000000000000e+00,2.469999999999999973e-01,2.400000000000000000e+01,2.200000000000000000e+01
4.087474170999994385e+02,4.149310000000000000e+05,9.389999999999999458e-01,3.469999999999999751e-01,-2.580000000000000071e+00,4.080000000000000000e+02,6.530000000000000249e-01,-3.360000000000000000e+02,0.000000000000000000e+00,0.000000000000000000e+00,0.000000000000000000e+00,-3.200000000000000067e-01,-2.860000000000000000e+02,-2.860000000000000000e+02,-2.090000000000000000e+02,0.000000000000000000e+00,4.109999999999999765e-01,-6.389999999999999680e+00,-4.615000000000000213e-01,0.000000000000000000e+00,0.000000000000000000e+00,-4.000000000000000083e-03,1.000000000000000000e+00,2.760000000000000231e-01,1.900000000000000000e+01,2.200000000000000000e+01
4.087649507999994967e+02,4.149510000000000000e+05,9.010000000000000231e-01,2.290000000000000091e-01,-1.179999999999999938e+00,4.820000000000000000e+02,7.710000000000000187e-01,-4.150000000000000000e+02,0.000000000000000000e+00,0.000000000000000000e+00,0.000000000000000000e+00,-1.100000000000000006e-01,-2.980000000000000000e+02,-2.980000000000000000e+02,-1.700000000000000000e+02,0.000000000000000000e+00,4.169999999999999818e-01,-5.580000000000000071e+00,-6.035000000000000364e-01,0.000000000000000000e+00,0.000000000000000000e+00,4.000000000000000083e-03,1.000000000000000000e+00,2.469999999999999973e-01,1.500000000000000000e+01,2.200000000000000000e+01
4.087845027999992453e+02,4.149710000000000000e+05,8.880000000000000115e-01,3.119999999999999996e-01,-5.999999999999999778e-02,4.300000000000000000e+02,6.879999999999999449e-01,-3.710000000000000000e+02,0.000000000000000000e+00,0.000000000000000000e+00,0.000000000000000000e+00,-2.500000000000000000e-01,-2.910000000000000000e+02,-2.910000000000000000e+02,-1.910000000000000000e+02,0.000000000000000000e+00,3.920000000000000151e-01,-1.160999999999999943e+01,-6.371999999999999886e-01,0.000000000000000000e+00,0.000000000000000000e+00,8.999999999999999320e-03,1.000000000000000000e+00,2.929999999999999827e-01,7.000000000000000000e+00,2.200000000000000000e+01
4.088269964999999502e+02,4.150110000000000000e+05,8.619999999999999885e-01,3.469999999999999751e-01,6.300000000000000044e-01,4.080000000000000000e+02,6.530000000000000249e-01,-3.460000000000000000e+02,0.000000000000000000e+00,0.000000000000000000e+00,0.000000000000000000e+00,6.600000000000000311e-01,-3.370000000000000000e+02,-3.370000000000000000e+02,-2.010000000000000000e+02,0.000000000000000000e+00,4.169999999999999818e-01,-3.089999999999999858e+00,-3.806999999999999829e-01,0.000000000000000000e+00,0.000000000000000000e+00,0.000000000000000000e+00,1.000000000000000000e+00,2.469999999999999973e-01,0.000000000000000000e+00,2.200000000000000000e+01
4.088430859000000055e+02,4.150310000000000000e+05,8.679999999999999938e-01,3.519999999999999796e-01,5.600000000000000533e-01,4.050000000000000000e+02,6.480000000000000204e-01,-3.450000000000000000e+02,0.000000000000000000e+00,0.000000000000000000e+00,0.000000000000000000e+00,5.200000000000000178e-01,-3.300000000000000000e+02,-3.300000000000000000e+02,-2.020000000000000000e+02,0.000000000000000000e+00,4.169999999999999818e-01,-3.089999999999999858e+00,-3.806999999999999829e-01,0.000000000000000000e+00,0.000000000000000000e+00,0.000000000000000000e+00,1.000000000000000000e+00,2.469999999999999973e-01,2.000000000000000000e+01,2.200000000000000000e+01
4.088621094999998604e+02,4.150510000000000000e+05,8.880000000000000115e-01,3.519999999999999796e-01,9.100000000000000311e-01,4.050000000000000000e+02,6.480000000000000204e-01,-3.620000000000000000e+02,0.000000000000000000e+00,0.000000000000000000e+00,0.000000000000000000e+00,-2.500000000000000000e-01,-2.900000000000000000e+02,-2.900000000000000000e+02,-2.030000000000000000e+02,0.000000000000000000e+00,4.239999999999999880e-01,-4.299999999999999933e-01,-2.407999999999999863e-01,0.000000000000000000e+00,0.000000000000000000e+00,0.000000000000000000e+00,1.000000000000000000e+00,2.640000000000000124e-01,1.600000000000000000e+01,2.200000000000000000e+01
4.088809112999988429e+02,4.150710000000000000e+05,9.180000000000000382e-01,2.800000000000000266e-01,1.399999999999999911e+00,4.500000000000000000e+02,7.199999999999999734e-01,-4.400000000000000000e+02,0.000000000000000000e+00,0.000000000000000000e+00,0.000000000000000000e+00,-1.100000000000000006e-01,-2.960000000000000000e+02,-2.960000000000000000e+02,-1.790000000000000000e+02,0.000000000000000000e+00,4.129999999999999782e-01,-4.429999999999999716e+00,-4.319000000000000061e-01,0.000000000000000000e+00,0.000000000000000000e+00,0.000000000000000000e+00,1.000000000000000000e+00,2.670000000000000151e-01,1.300000000000000000e+01,2.200000000000000000e+01
4.089285067000000709e+02,4.151110000000000000e+05,1.020000000000000018e+00,3.260000000000000120e-01,2.589999999999999858e+00,4.210000000000000000e+02,6.740000000000000435e-01,-4.970000000000000000e+02,0.000000000000000000e+00,0.000000000000000000e+00,0.000000000000000000e+00,-1.100000000000000006e-01,-2.940000000000000000e+02,-2.940000000000000000e+02,-1.950000000000000000e+02,0.000000000000000000e+00,3.970000000000000195e-01,-1.176999999999999957e+01,-7.792999999999999927e-01,0.000000000000000000e+00,0.000000000000000000e+00,8.999999999999999320e-03,1.000000000000000000e+00,2.650000000000000133e-01,4.000000000000000000e+00,2.200000000000000000e+01
4.089503812000002654e+02,4.151310000000000000e+05,1.070999999999999952e+00,3.539999999999999813e-01,2.520000000000000018e+00,4.040000000000000000e+02,6.460000000000000187e-01,-5.100000000000000000e+02,0.000000000000000000e+00,0.000000000000000000e+00,0.000000000000000000e+00,-4.600000000000000200e-01,-2.750000000000000000e+02,-2.750000000000000000e+02,-2.070000000000000000e+02,0.000000000000000000e+00,3.970000000000000195e-01,-1.176999999999999957e+01,-7.792999999999999927e-01,0.000000000000000000e+00,0.000000000000000000e+00,4.000000000000000083e-03,1.000000000000000000e+00,2.650000000000000133e-01,2.400000000000000000e+01,2.200000000000000000e+01
4.089645086999989871e+02,4.151510000000000000e+05,1.114999999999999991e+00,4.159999999999999809e-01,2.379999999999999893e+00,3.650000000000000000e+02,5.839999999999999636e-01,-4.950000000000000000e+02,0.000000000000000000e+00,0.000000000000000000e+00,0.000000000000000000e+00,2.399999999999999911e-01,-3.080000000000000000e+02,-3.080000000000000000e+02,-2.320000000000000000e+02,0.000000000000000000e+00,4.030000000000000249e-01,-5.839999999999999858e+00,-3.654000000000000026e-01,0.000000000000000000e+00,0.000000000000000000e+00,1.299999999999999940e-02,1.000000000000000000e+00,2.780000000000000249e-01,1.900000000000000000e+01,2.200000000000000000e+01
4.089839407999988907e+02,4.151710000000000000e+05,1.151999999999999913e+00,3.539999999999999813e-01,1.959999999999999964e+00,4.040000000000000000e+02,6.460000000000000187e-01,-5.550000000000000000e+02,0.000000000000000000e+00,0.000000000000000000e+00,0.000000000000000000e+00,3.800000000000000044e-01,-3.130000000000000000e+02,-3.130000000000000000e+02,-2.190000000000000000e+02,0.000000000000000000e+00,4.119999999999999774e-01,-6.419999999999999929e+00,-5.584999999999999964e-01,0.000000000000000000e+00,0.000000000000000000e+00,1.299999999999999940e-02,1.000000000000000000e+00,2.560000000000000053e-01,1.400000000000000000e+01,2.200000000000000000e+01
4.090296569999991334e+02,4.152110000000000000e+05,1.235999999999999988e+00,2.049999999999999878e-01,9.100000000000000311e-01,4.970000000000000000e+02,7.950000000000000400e-01,-6.850000000000000000e+02,0.000000000000000000e+00,0.000000000000000000e+00,0.000000000000000000e+00,-3.900000000000000133e-01,-2.720000000000000000e+02,-2.720000000000000000e+02,-1.800000000000000000e+02,0.000000000000000000e+00,4.209999999999999853e-01,-3.049999999999999822e+00,-3.270000000000000129e-01,0.000000000000000000e+00,0.000000000000000000e+00,2.999999999999999889e-02,1.000000000000000000e+00,2.949999999999999845e-01,2.600000000000000000e+01,2.200000000000000000e+01
4.090436597999996593e+02,4.152310000000000000e+05,1.256000000000000005e+00,1.570000000000000007e-01,-7.600000000000000089e-01,5.270000000000000000e+02,8.429999999999999716e-01,-6.940000000000000000e+02,0.000000000000000000e+00,0.000000000000000000e+00,0.000000000000000000e+00,-1.020000000000000018e+00,-2.320000000000000000e+02,-2.320000000000000000e+02,-1.740000000000000000e+02,0.000000000000000000e+00,3.960000000000000187e-01,-1.028999999999999915e+01,-6.232999999999999652e-01,0.000000000000000000e+00,0.000000000000000000e+00,6.400000000000000133e-02,1.000000000000000000e+00,2.849999999999999756e-01,1.900000000000000000e+01,2.200000000000000000e+01
4.090626076999997167e+02,4.152510000000000000e+05,1.292000000000000037e+00,1.170000000000000068e-01,-2.700000000000000178e-01,5.520000000000000000e+02,8.830000000000000071e-01,-7.600000000000000000e+02,0.000000000000000000e+00,0.000000000000000000e+00,0.000000000000000000e+00,-4.000000000000000083e-02,-2.860000000000000000e+02,-2.860000000000000000e+02,-1.740000000000000000e+02,0.000000000000000000e+00,4.139999999999999791e-01,-5.980000000000000426e+00,-4.954999999999999960e-01,0.000000000000000000e+00,0.000000000000000000e+00,8.999999999999999667e-02,1.000000000000000000e+00,2.720000000000000195e-01,1.200000000000000000e+01,2.200000000000000000e+01
4.090791640999996162e+02,4.152710000000000000e+05,1.298000000000000043e+00,4.599999999999999922e-02,-1.040000000000000036e+00,5.960000000000000000e+02,9.539999999999999591e-01,-7.910000000000000000e+02,0.000000000000000000e+00,0.000000000000000000e+00,0.000000000000000000e+00,8.000000000000000444e-01,-3.320000000000000000e+02,-3.320000000000000000e+02,-1.660000000000000000e+02,0.000000000000000000e+00,4.139999999999999791e-01,-5.790000000000000036e+00,-4.709999999999999742e-01,0.000000000000000000e+00,0.000000000000000000e+00,8.599999999999999312e-02,1.000000000000000000e+00,2.700000000000000178e-01,7.000000000000000000e+00,2.200000000000000000e+01
4.091407089000003907e+02,4.153110000000000000e+05,1.191000000000000059e+00,-1.890000000000000013e-01,-3.700000000000000178e+00,7.430000000000000000e+02,1.189000000000000057e+00,-8.330000000000000000e+02,0.000000000000000000e+00,0.000000000000000000e+00,0.000000000000000000e+00,-2.500000000000000000e-01,-2.950000000000000000e+02,-2.950000000000000000e+02,-1.300000000000000000e+02,0.000000000000000000e+00,4.179999999999999827e-01,-3.569999999999999840e+00,-3.503999999999999893e-01,0.000000000000000000e+00,0.000000000000000000e+00,3.799999999999999906e-02,1.000000000000000000e+00,2.720000000000000195e-01,2.000000000000000000e+01,2.200000000000000000e+01
4.091446866000005684e+02,4.153310000000000000e+05,1.135999999999999899e+00,-2.660000000000000142e-01,-6.429999999999999716e+00,7.910000000000000000e+02,1.266000000000000014e+00,-7.840000000000000000e+02,0.000000000000000000e+00,0.000000000000000000e+00,0.000000000000000000e+00,3.800000000000000044e-01,-3.290000000000000000e+02,-3.290000000000000000e+02,-1.290000000000000000e+02,0.000000000000000000e+00,4.060000000000000275e-01,-7.219999999999999751e+00,-4.923000000000000154e-01,0.000000000000000000e+00,0.000000000000000000e+00,2.599999999999999881e-02,1.000000000000000000e+00,2.730000000000000204e-01,1.600000000000000000e+01,2.200000000000000000e+01
4.091621797999996488e+02,4.153510000000000000e+05,1.048000000000000043e+00,-2.590000000000000080e-01,-4.820000000000000284e+00,7.870000000000000000e+02,1.258999999999999897e+00,-7.660000000000000000e+02,0.000000000000000000e+00,0.000000000000000000e+00,0.000000000000000000e+00,-5.300000000000000266e-01,-2.800000000000000000e+02,-2.800000000000000000e+02,-1.530000000000000000e+02,0.000000000000000000e+00,4.209999999999999853e-01,-1.649999999999999911e+00,-2.942000000000000171e-01,0.000000000000000000e+00,0.000000000000000000e+00,5.099999999999999672e-02,1.000000000000000000e+00,2.510000000000000009e-01,1.200000000000000000e+01,2.200000000000000000e+01
4.091834113000004436e+02,4.153710000000000000e+05,9.439999999999999503e-01,-2.369999999999999885e-01,-4.959999999999999964e+00,7.730000000000000000e+02,1.237000000000000099e+00,-6.790000000000000000e+02,0.000000000000000000e+00,0.000000000000000000e+00,0.000000000000000000e+00,1.850000000000000089e+00,-3.870000000000000000e+02,-3.870000000000000000e+02,-1.790000000000000000e+02,0.000000000000000000e+00,4.020000000000000240e-01,-1.034999999999999964e+01,-7.782999999999999918e-01,0.000000000000000000e+00,0.000000000000000000e+00,2.049999999999999878e-01,1.000000000000000000e+00,2.399999999999999911e-01,9.000000000000000000e+00,2.200000000000000000e+01
4.092239609999996901e+02,4.154110000000000000e+05,7.750000000000000222e-01,-2.590000000000000080e-01,-3.490000000000000213e+00,7.870000000000000000e+02,1.258999999999999897e+00,-6.120000000000000000e+02,0.000000000000000000e+00,0.000000000000000000e+00,0.000000000000000000e+00,1.919999999999999929e+00,-4.100000000000000000e+02,-4.100000000000000000e+02,-1.890000000000000000e+02,0.000000000000000000e+00,4.109999999999999765e-01,-8.490000000000000213e+00,-8.155000000000000027e-01,0.000000000000000000e+00,0.000000000000000000e+00,7.699999999999999900e-02,1.000000000000000000e+00,2.330000000000000127e-01,7.000000000000000000e+00,2.200000000000000000e+01
4.092433198999988235e+02,4.154310000000000000e+05,6.510000000000000231e-01,-2.690000000000000169e-01,-5.030000000000000249e+00,7.930000000000000000e+02,1.268999999999999906e+00,-5.040000000000000000e+02,0.000000000000000000e+00,0.000000000000000000e+00,0.000000000000000000e+00,5.200000000000000178e-01,-3.460000000000000000e+02,-3.460000000000000000e+02,-1.870000000000000000e+02,0.000000000000000000e+00,3.840000000000000080e-01,-1.428999999999999915e+01,-9.053999999999999826e-01,0.000000000000000000e+00,0.000000000000000000e+00,2.349999999999999867e-01,1.000000000000000000e+00,2.300000000000000100e-01,6.000000000000000000e+00,2.200000000000000000e+01
4.092642673999998806e+02,4.154510000000000000e+05,5.370000000000000329e-01,-2.700000000000000178e-01,-5.450000000000000178e+00,7.940000000000000000e+02,1.270000000000000018e+00,-4.240000000000000000e+02,0.000000000000000000e+00,0.000000000000000000e+00,0.000000000000000000e+00,1.149999999999999911e+00,-3.800000000000000000e+02,-3.800000000000000000e+02,-1.860000000000000000e+02,0.000000000000000000e+00,3.870000000000000107e-01,-1.272000000000000064e+01,-9.173999999999999932e-01,0.000000000000000000e+00,0.000000000000000000e+00,1.239999999999999991e-01,1.000000000000000000e+00,2.129999999999999949e-01,8.000000000000000000e+00,2.200000000000000000e+01
4.092796011999998882e+02,4.154710000000000000e+05,4.520000000000000129e-01,-2.560000000000000053e-01,-4.120000000000000107e+00,7.850000000000000000e+02,1.256000000000000005e+00,-3.830000000000000000e+02,0.000000000000000000e+00,0.000000000000000000e+00,0.000000000000000000e+00,9.399999999999999467e-01,-3.760000000000000000e+02,-3.760000000000000000e+02,-1.880000000000000000e+02,0.000000000000000000e+00,4.040000000000000258e-01,-3.819999999999999840e+00,-5.581000000000000405e-01,0.000000000000000000e+00,0.000000000000000000e+00,8.999999999999999320e-03,1.000000000000000000e+00,2.049999999999999878e-01,1.000000000000000000e+01,2.200000000000000000e+01
4.093388935999992100e+02,4.155110000000000000e+05,1.960000000000000075e-01,-2.059999999999999887e-01,-4.820000000000000284e+00,7.540000000000000000e+02,1.205999999999999961e+00,-1.590000000000000000e+02,0.000000000000000000e+00,0.000000000000000000e+00,0.000000000000000000e+00,-5.639999999999999680e+00,-5.400000000000000000e+01,-5.400000000000000000e+01,-1.920000000000000000e+02,0.000000000000000000e+00,3.780000000000000027e-01,-1.782999999999999829e+01,-1.000000000000000000e+00,0.000000000000000000e+00,0.000000000000000000e+00,2.610000000000000098e-01,1.000000000000000000e+00,1.829999999999999960e-01,1.500000000000000000e+01,2.200000000000000000e+01
4.093442935000002763e+02,4.155310000000000000e+05,7.499999999999999722e-02,-1.439999999999999891e-01,1.610000000000000098e+00,7.150000000000000000e+02,1.143999999999999906e+00,-1.960000000000000000e+02,0.000000000000000000e+00,0.000000000000000000e+00,0.000000000000000000e+00,1.500000000000000000e+00,-4.180000000000000000e+02,-4.180000000000000000e+02,-2.000000000000000000e+02,0.000000000000000000e+00,3.980000000000000204e-01,-3.520000000000000018e+00,-4.978000000000000203e-01,0.000000000000000000e+00,0.000000000000000000e+00,1.539999999999999980e-01,1.000000000000000000e+00,1.930000000000000049e-01,1.400000000000000000e+01,2.200000000000000000e+01
4.093593185999998241e+02,4.155510000000000000e+05,2.699999999999999969e-02,-7.000000000000000666e-02,-6.199999999999999956e-01,6.690000000000000000e+02,1.070000000000000062e+00,-4.300000000000000000e+01,0.000000000000000000e+00,0.000000000000000000e+00,0.000000000000000000e+00,-4.000000000000000083e-02,-3.510000000000000000e+02,-3.510000000000000000e+02,-2.030000000000000000e+02,0.000000000000000000e+00,3.669999999999999929e-01,-1.710000000000000142e+01,-1.000000000000000000e+00,0.000000000000000000e+00,0.000000000000000000e+00,1.880000000000000004e-01,1.000000000000000000e+00,1.829999999999999960e-01,1.500000000000000000e+01,2.200000000000000000e+01
4.093807727000003069e+02,4.155710000000000000e+05,-2.000000000000000042e-03,-7.799999999999999989e-02,-2.000000000000000111e-01,6.740000000000000000e+02,1.078000000000000069e+00,-6.000000000000000000e+01,0.000000000000000000e+00,0.000000000000000000e+00,0.000000000000000000e+00,3.099999999999999978e-01,-3.680000000000000000e+02,-3.680000000000000000e+02,-1.770000000000000000e+02,0.000000000000000000e+00,3.800000000000000044e-01,-1.523000000000000043e+01,-1.000000000000000000e+00,0.000000000000000000e+00,0.000000000000000000e+00,5.999999999999999778e-02,1.000000000000000000e+00,1.719999999999999862e-01,1.700000000000000000e+01,2.200000000000000000e+01
4.094234490999988338e+02,4.156110000000000000e+05,7.299999999999999545e-02,2.270000000000000073e-01,2.029999999999999805e+00,4.830000000000000000e+02,7.730000000000000204e-01,6.600000000000000000e+01,0.000000000000000000e+00,0.000000000000000000e+00,0.000000000000000000e+00,8.699999999999999956e-01,-4.080000000000000000e+02,-4.080000000000000000e+02,-2.230000000000000000e+02,0.000000000000000000e+00,3.689999999999999947e-01,-1.292999999999999972e+01,-7.999000000000000554e-01,0.000000000000000000e+00,0.000000000000000000e+00,9.400000000000000022e-02,1.000000000000000000e+00,1.140000000000000041e-01,0.000000000000000000e+00,2.200000000000000000e+01
4.094423886000004131e+02,4.156310000000000000e+05,9.400000000000000022e-02,2.879999999999999782e-01,5.320000000000000284e+00,4.450000000000000000e+02,7.119999999999999662e-01,2.700000000000000000e+01,0.000000000000000000e+00,0.000000000000000000e+00,0.000000000000000000e+00,1.219999999999999973e+00,-4.250000000000000000e+02,-4.250000000000000000e+02,-2.160000000000000000e+02,0.000000000000000000e+00,3.689999999999999947e-01,-1.292999999999999972e+01,-7.999000000000000554e-01,0.000000000000000000e+00,0.000000000000000000e+00,1.449999999999999900e-01,1.000000000000000000e+00,1.140000000000000041e-01,2.000000000000000000e+01,2.200000000000000000e+01
4.094625913999989280e+02,4.156510000000000000e+05,1.189999999999999947e-01,1.980000000000000093e-01,1.959999999999999964e+00,5.010000000000000000e+02,8.020000000000000462e-01,2.300000000000000000e+01,0.000000000000000000e+00,0.000000000000000000e+00,0.000000000000000000e+00,3.099999999999999978e-01,-3.800000000000000000e+02,-3.800000000000000000e+02,-1.640000000000000000e+02,0.000000000000000000e+00,3.410000000000000253e-01,-1.957999999999999829e+01,-1.000000000000000000e+00,0.000000000000000000e+00,0.000000000000000000e+00,2.690000000000000169e-01,1.000000000000000000e+00,1.690000000000000113e-01,1.900000000000000000e+01,2.200000000000000000e+01
4.094776602000001731e+02,4.156710000000000000e+05,2.039999999999999869e-01,4.420000000000000040e-01,4.549999999999999822e+00,3.490000000000000000e+02,5.580000000000000515e-01,6.700000000000000000e+01,0.000000000000000000e+00,0.000000000000000000e+00,0.000000000000000000e+00,1.290000000000000036e+00,-4.290000000000000000e+02,-4.290000000000000000e+02,-2.160000000000000000e+02,0.000000000000000000e+00,3.900000000000000133e-01,-7.000000000000000000e+00,-9.042000000000000037e-01,0.000000000000000000e+00,0.000000000000000000e+00,1.700000000000000122e-02,1.000000000000000000e+00,1.130000000000000032e-01,1.000000000000000000e+00,2.200000000000000000e+01
4.095440844999993715e+02,4.157110000000000000e+05,4.010000000000000231e-01,8.910000000000000142e-01,6.370000000000000107e+00,6.800000000000000000e+01,1.089999999999999997e-01,2.020000000000000000e+02,0.000000000000000000e+00,0.000000000000000000e+00,0.000000000000000000e+00,5.200000000000000178e-01,-3.910000000000000000e+02,-3.910000000000000000e+02,-3.190000000000000000e+02,0.000000000000000000e+00,3.410000000000000253e-01,-2.542000000000000171e+01,-1.000000000000000000e+00,0.000000000000000000e+00,0.000000000000000000e+00,1.499999999999999944e-01,1.000000000000000000e+00,1.280000000000000027e-01,1.000000000000000000e+00,2.200000000000000000e+01
4.095445959999997285e+02,4.157310000000000000e+05,5.210000000000000187e-01,9.979999999999999982e-01,8.330000000000000071e+00,1.000000000000000000e+00,2.000000000000000042e-03,1.560000000000000000e+02,0.000000000000000000e+00,0.000000000000000000e+00,0.000000000000000000e+00,5.899999999999999689e-01,-3.940000000000000000e+02,-3.940000000000000000e+02,-3.320000000000000000e+02,0.000000000000000000e+00,3.750000000000000000e-01,-1.823000000000000043e+01,-1.000000000000000000e+00,0.000000000000000000e+00,0.000000000000000000e+00,6.400000000000000133e-02,1.000000000000000000e+00,8.699999999999999400e-02,2.000000000000000000e+00,2.200000000000000000e+01
4.095626565000002302e+02,4.157510000000000000e+05,6.510000000000000231e-01,9.419999999999999485e-01,6.929999999999999716e+00,3.600000000000000000e+01,5.800000000000000294e-02,6.500000000000000000e+01,0.000000000000000000e+00,0.000000000000000000e+00,0.000000000000000000e+00,-4.000000000000000083e-02,-3.620000000000000000e+02,-3.620000000000000000e+02,-2.920000000000000000e+02,0.000000000000000000e+00,3.430000000000000271e-01,-3.393999999999999773e+01,-1.000000000000000000e+00,0.000000000000000000e+00,0.000000000000000000e+00,9.400000000000000022e-02,1.000000000000000000e+00,1.350000000000000089e-01,1.000000000000000000e+00,2.200000000000000000e+01
4.095829706999993505e+02,4.157710000000000000e+05,8.149999999999999467e-01,8.910000000000000142e-01,5.879999999999999893e+00,6.800000000000000000e+01,1.089999999999999997e-01,-5.500000000000000000e+01,0.000000000000000000e+00,0.000000000000000000e+00,0.000000000000000000e+00,3.800000000000000044e-01,-3.840000000000000000e+02,-3.840000000000000000e+02,-2.520000000000000000e+02,0.000000000000000000e+00,0.000000000000000000e+00,0.000000000000000000e+00,0.000000000000000000e+00,0.000000000000000000e+00,0.000000000000000000e+00,1.799999999999999933e-01,1.000000000000000000e+00,0.000000000000000000e+00,9.000000000000000000e+00,1.800000000000000000e+01
4.096244511999993847e+02,4.158110000000000000e+05,1.125999999999999890e+00,9.020000000000000240e-01,5.179999999999999716e+00,6.100000000000000000e+01,9.800000000000000377e-02,-2.330000000000000000e+02,0.000000000000000000e+00,0.000000000000000000e+00,0.000000000000000000e+00,1.000000000000000056e-01,-3.780000000000000000e+02,-3.780000000000000000e+02,-2.370000000000000000e+02,0.000000000000000000e+00,0.000000000000000000e+00,0.000000000000000000e+00,0.000000000000000000e+00,0.000000000000000000e+00,0.000000000000000000e+00,0.000000000000000000e+00,1.000000000000000000e+00,0.000000000000000000e+00,9.000000000000000000e+00,1.800000000000000000e+01
4.096477108999988559e+02,4.158310000000000000e+05,1.227999999999999980e+00,9.040000000000000258e-01,4.339999999999999858e+00,6.000000000000000000e+01,9.600000000000000200e-02,-2.860000000000000000e+02,0.000000000000000000e+00,0.000000000000000000e+00,0.000000000000000000e+00,-6.700000000000000400e-01,-3.410000000000000000e+02,-3.410000000000000000e+02,-2.340000000000000000e+02,0.000000000000000000e+00,0.000000000000000000e+00,0.000000000000000000e+00,0.000000000000000000e+00,0.000000000000000000e+00,0.000000000000000000e+00,-1.299999999999999940e-02,1.000000000000000000e+00,0.000000000000000000e+00,9.000000000000000000e+00,1.800000000000000000e+01
4.096615856999997050e+02,4.158510000000000000e+05,1.306000000000000050e+00,8.980000000000000204e-01,2.799999999999999822e+00,6.400000000000000000e+01,1.019999999999999934e-01,-3.120000000000000000e+02,0.000000000000000000e+00,0.000000000000000000e+00,0.000000000000000000e+00,1.700000000000000122e-01,-3.800000000000000000e+02,-3.800000000000000000e+02,-2.330000000000000000e+02,0.000000000000000000e+00,0.000000000000000000e+00,0.000000000000000000e+00,0.000000000000000000e+00,0.000000000000000000e+00,0.000000000000000000e+00,8.999999999999999320e-03,1.000000000000000000e+00,0.000000000000000000e+00,9.000000000000000000e+00,1.800000000000000000e+01
4.096830286999993405e+02,4.158710000000000000e+05,1.364000000000000101e+00,8.750000000000000000e-01,1.889999999999999902e+00,7.800000000000000000e+01,1.250000000000000000e-01,-3.510000000000000000e+02,0.000000000000000000e+00,0.000000000000000000e+00,0.000000000000000000e+00,-4.600000000000000200e-01,-3.380000000000000000e+02,-3.380000000000000000e+02,-2.360000000000000000e+02,0.000000000000000000e+00,0.000000000000000000e+00,0.000000000000000000e+00,0.000000000000000000e+00,0.000000000000000000e+00,0.000000000000000000e+00,8.999999999999999320e-03,1.000000000000000000e+00,0.000000000000000000e+00,9.000000000000000000e+00,1.800000000000000000e+01
4.097428541999997833e+02,4.159110000000000000e+05,1.385000000000000009e+00,8.399999999999999689e-01,-1.250000000000000000e+00,1.000000000000000000e+02,1.600000000000000033e-01,-3.320000000000000000e+02,0.000000000000000000e+00,0.000000000000000000e+00,0.000000000000000000e+00,-2.500000000000000000e-01,-3.340000000000000000e+02,-3.340000000000000000e+02,-2.480000000000000000e+02,0.000000000000000000e+00,0.000000000000000000e+00,0.000000000000000000e+00,0.000000000000000000e+00,0.000000000000000000e+00,0.000000000000000000e+00,4.000000000000000083e-03,1.000000000000000000e+00,0.000000000000000000e+00,9.000000000000000000e+00,1.800000000000000000e+01
4.097434739999989688e+02,4.159310000000000000e+05,1.358000000000000096e+00,7.950000000000000400e-01,-2.509999999999999787e+00,1.280000000000000000e+02,2.049999999999999878e-01,-3.190000000000000000e+02,0.000000000000000000e+00,0.000000000000000000e+00,0.000000000000000000e+00,-4.600000000000000200e-01,-3.180000000000000000e+02,-3.180000000000000000e+02,-2.490000000000000000e+02,0.000000000000000000e+00,0.000000000000000000e+00,0.000000000000000000e+00,0.000000000000000000e+00,0.000000000000000000e+00,0.000000000000000000e+00,2.599999999999999881e-02,1.000000000000000000e+00,0.000000000000000000e+00,9.000000000000000000e+00,1.800000000000000000e+01
4.097626999999993131e+02,4.159510000000000000e+05,1.306999999999999940e+00,8.619999999999999885e-01,-4.120000000000000107e+00,8.600000000000000000e+01,1.380000000000000115e-01,-2.130000000000000000e+02,0.000000000000000000e+00,0.000000000000000000e+00,0.000000000000000000e+00,2.399999999999999911e-01,-3.480000000000000000e+02,-3.480000000000000000e+02,-2.800000000000000000e+02,0.000000000000000000e+00,0.000000000000000000e+00,0.000000000000000000e+00,0.000000000000000000e+00,0.000000000000000000e+00,0.000000000000000000e+00,1.069999999999999979e-01,1.000000000000000000e+00,0.000000000000000000e+00,9.000000000000000000e+00,1.800000000000000000e+01
4.097798184000002948e+02,4.159710000000000000e+05,1.254999999999999893e+00,8.139999999999999458e-01,-2.790000000000000036e+00,1.160000000000000000e+02,1.859999999999999987e-01,-2.280000000000000000e+02,0.000000000000000000e+00,0.000000000000000000e+00,0.000000000000000000e+00,1.219999999999999973e+00,-4.080000000000000000e+02,-4.080000000000000000e+02,-2.760000000000000000e+02,0.000000000000000000e+00,0.000000000000000000e+00,0.000000000000000000e+00,0.000000000000000000e+00,0.000000000000000000e+00,0.000000000000000000e+00,1.700000000000000122e-02,1.000000000000000000e+00,0.000000000000000000e+00,9.000000000000000000e+00,1.800000000000000000e+01
4.098285009999999602e+02,4.160110000000000000e+05,1.078999999999999959e+00,8.739999999999999991e-01,-4.120000000000000107e+00,7.900000000000000000e+01,1.260000000000000009e-01,-6.000000000000000000e+01,0.000000000000000000e+00,0.000000000000000000e+00,0.000000000000000000e+00,1.149999999999999911e+00,-4.140000000000000000e+02,-4.140000000000000000e+02,-3.010000000000000000e+02,0.000000000000000000e+00,4.309999999999999942e-01,8.830000000000000071e+00,-5.677999999999999714e-01,0.000000000000000000e+00,0.000000000000000000e+00,-4.000000000000000083e-03,1.000000000000000000e+00,7.099999999999999367e-02,3.000000000000000000e+00,2.200000000000000000e+01
4.098433738000003359e+02,4.160310000000000000e+05,9.869999999999999885e-01,7.950000000000000400e-01,-4.889999999999999680e+00,1.280000000000000000e+02,2.049999999999999878e-01,-3.600000000000000000e+01,0.000000000000000000e+00,0.000000000000000000e+00,0.000000000000000000e+00,5.200000000000000178e-01,-3.860000000000000000e+02,-3.860000000000000000e+02,-2.770000000000000000e+02,0.000000000000000000e+00,0.000000000000000000e+00,0.000000000000000000e+00,0.000000000000000000e+00,0.000000000000000000e+00,0.000000000000000000e+00,-4.000000000000000083e-03,1.000000000000000000e+00,0.000000000000000000e+00,9.000000000000000000e+00,1.800000000000000000e+01
4.098648443999991287e+02,4.160510000000000000e+05,9.000000000000000222e-01,7.309999999999999831e-01,-4.190000000000000391e+00,1.680000000000000000e+02,2.690000000000000169e-01,-3.400000000000000000e+01,0.000000000000000000e+00,0.000000000000000000e+00,0.000000000000000000e+00,1.700000000000000122e-01,-3.720000000000000000e+02,-3.720000000000000000e+02,-2.580000000000000000e+02,0.000000000000000000e+00,0.000000000000000000e+00,0.000000000000000000e+00,0.000000000000000000e+00,0.000000000000000000e+00,0.000000000000000000e+00,-1.299999999999999940e-02,1.000000000000000000e+00,0.000000000000000000e+00,9.000000000000000000e+00,1.800000000000000000e+01
4.098798910999994405e+02,4.160710000000000000e+05,8.129999999999999449e-01,7.860000000000000320e-01,-4.049999999999999822e+00,1.340000000000000000e+02,2.139999999999999958e-01,5.800000000000000000e+01,0.000000000000000000e+00,0.000000000000000000e+00,0.000000000000000000e+00,3.099999999999999978e-01,-3.810000000000000000e+02,-3.810000000000000000e+02,-2.680000000000000000e+02,0.000000000000000000e+00,0.000000000000000000e+00,0.000000000000000000e+00,0.000000000000000000e+00,0.000000000000000000e+00,0.000000000000000000e+00,-6.800000000000000488e-02,1.000000000000000000e+00,0.000000000000000000e+00,9.000000000000000000e+00,1.800000000000000000e+01
4.099400759999989532e+02,4.161110000000000000e+05,6.490000000000000213e-01,8.030000000000000471e-01,-2.160000000000000142e+00,1.230000000000000000e+02,1.970000000000000084e-01,1.380000000000000000e+02,0.000000000000000000e+00,0.000000000000000000e+00,0.000000000000000000e+00,4.500000000000000111e-01,-3.840000000000000000e+02,-3.840000000000000000e+02,-2.630000000000000000e+02,0.000000000000000000e+00,0.000000000000000000e+00,0.000000000000000000e+00,0.000000000000000000e+00,0.000000000000000000e+00,0.000000000000000000e+00,-3.400000000000000244e-02,1.000000000000000000e+00,0.000000000000000000e+00,9.000000000000000000e+00,1.800000000000000000e+01
4.099457923999998457e+02,4.161310000000000000e+05,5.829999999999999627e-01,8.529999999999999805e-01,-1.040000000000000036e+00,9.200000000000000000e+01,1.469999999999999918e-01,1.930000000000000000e+02,0.000000000000000000e+00,0.000000000000000000e+00,0.000000000000000000e+00,6.600000000000000311e-01,-3.950000000000000000e+02,-3.950000000000000000e+02,-2.640000000000000000e+02,0.000000000000000000e+00,0.000000000000000000e+00,0.000000000000000000e+00,0.000000000000000000e+00,0.000000000000000000e+00,0.000000000000000000e+00,-4.299999999999999656e-02,1.000000000000000000e+00,0.000000000000000000e+00,9.000000000000000000e+00,1.800000000000000000e+01
4.099650260999987950e+02,4.161510000000000000e+05,5.320000000000000284e-01,8.780000000000000027e-01,-4.799999999999999822e-01,7.600000000000000000e+01,1.219999999999999973e-01,2.330000000000000000e+02,0.000000000000000000e+00,0.000000000000000000e+00,0.000000000000000000e+00,7.299999999999999822e-01,-3.990000000000000000e+02,-3.990000000000000000e+02,-2.590000000000000000e+02,0.000000000000000000e+00,0.000000000000000000e+00,0.000000000000000000e+00,0.000000000000000000e+00,0.000000000000000000e+00,0.000000000000000000e+00,-5.999999999999999778e-02,1.000000000000000000e+00,0.000000000000000000e+00,9.000000000000000000e+00,1.800000000000000000e+01
4.099793133999992278e+02,4.161710000000000000e+05,5.100000000000000089e-01,8.780000000000000027e-01,1.330000000000000071e+00,7.600000000000000000e+01,1.219999999999999973e-01,2.110000000000000000e+02,0.000000000000000000e+00,0.000000000000000000e+00,0.000000000000000000e+00,1.290000000000000036e+00,-4.250000000000000000e+02,-4.250000000000000000e+02,-2.410000000000000000e+02,0.000000000000000000e+00,0.000000000000000000e+00,0.000000000000000000e+00,0.000000000000000000e+00,0.000000000000000000e+00,0.000000000000000000e+00,-9.400000000000000022e-02,1.000000000000000000e+00,0.000000000000000000e+00,9.000000000000000000e+00,1.800000000000000000e+01
4.100234827000003861e+02,4.162110000000000000e+05,4.839999999999999858e-01,9.629999999999999671e-01,3.499999999999999778e-01,2.300000000000000000e+01,3.699999999999999817e-02,3.000000000000000000e+02,0.000000000000000000e+00,0.000000000000000000e+00,0.000000000000000000e+00,2.270000000000000018e+00,-4.700000000000000000e+02,-4.700000000000000000e+02,-2.310000000000000000e+02,0.000000000000000000e+00,0.000000000000000000e+00,0.000000000000000000e+00,0.000000000000000000e+00,0.000000000000000000e+00,0.000000000000000000e+00,-1.199999999999999956e-01,1.000000000000000000e+00,0.000000000000000000e+00,9.000000000000000000e+00,1.800000000000000000e+01
4.100466782000003150e+02,4.162310000000000000e+05,4.889999999999999902e-01,1.018999999999999906e+00,1.050000000000000044e+00,-1.200000000000000000e+01,-1.899999999999999953e-02,3.240000000000000000e+02,0.000000000000000000e+00,0.000000000000000000e+00,0.000000000000000000e+00,1.290000000000000036e+00,-4.240000000000000000e+02,-4.240000000000000000e+02,-2.340000000000000000e+02,0.000000000000000000e+00,0.000000000000000000e+00,0.000000000000000000e+00,0.000000000000000000e+00,0.000000000000000000e+00,0.000000000000000000e+00,-1.069999999999999979e-01,1.000000000000000000e+00,0.000000000000000000e+00,9.000000000000000000e+00,1.800000000000000000e+01
4.100593702000005578e+02,4.162510000000000000e+05,5.490000000000000435e-01,1.092999999999999972e+00,2.729999999999999982e+00,-5.800000000000000000e+01,-9.299999999999999933e-02,3.030000000000000000e+02,0.000000000000000000e+00,0.000000000000000000e+00,0.000000000000000000e+00,1.290000000000000036e+00,-4.270000000000000000e+02,-4.270000000000000000e+02,-2.390000000000000000e+02,0.000000000000000000e+00,0.000000000000000000e+00,0.000000000000000000e+00,0.000000000000000000e+00,0.000000000000000000e+00,0.000000000000000000e+00,-1.539999999999999980e-01,1.000000000000000000e+00,0.000000000000000000e+00,9.000000000000000000e+00,1.800000000000000000e+01
4.100781681999997090e+02,4.162710000000000000e+05,5.959999999999999742e-01,1.145999999999999908e+00,2.939999999999999947e+00,-9.100000000000000000e+01,-1.459999999999999909e-01,3.010000000000000000e+02,0.000000000000000000e+00,0.000000000000000000e+00,0.000000000000000000e+00,1.429999999999999938e+00,-4.440000000000000000e+02,-4.440000000000000000e+02,-2.430000000000000000e+02,0.000000000000000000e+00,3.729999999999999982e-01,-1.344999999999999929e+01,-1.000000000000000000e+00,0.000000000000000000e+00,0.000000000000000000e+00,-1.150000000000000050e-01,1.000000000000000000e+00,8.799999999999999489e-02,2.000000000000000000e+00,2.200000000000000000e+01
4.101429434000001493e+02,4.163110000000000000e+05,7.590000000000000080e-01,1.127999999999999892e+00,3.500000000000000000e+00,-8.000000000000000000e+01,-1.280000000000000027e-01,1.780000000000000000e+02,0.000000000000000000e+00,0.000000000000000000e+00,0.000000000000000000e+00,2.410000000000000142e+00,-4.990000000000000000e+02,-4.990000000000000000e+02,-2.890000000000000000e+02,0.000000000000000000e+00,3.990000000000000213e-01,-3.750000000000000000e+00,-5.112999999999999767e-01,0.000000000000000000e+00,0.000000000000000000e+00,-4.700000000000000011e-02,1.000000000000000000e+00,1.250000000000000000e-01,0.000000000000000000e+00,2.200000000000000000e+01
4.101465036999998119e+02,4.163310000000000000e+05,8.359999999999999654e-01,1.173000000000000043e+00,3.080000000000000071e+00,-1.080000000000000000e+02,-1.729999999999999871e-01,1.680000000000000000e+02,0.000000000000000000e+00,0.000000000000000000e+00,0.000000000000000000e+00,2.060000000000000053e+00,-5.030000000000000000e+02,-5.030000000000000000e+02,-2.870000000000000000e+02,0.000000000000000000e+00,4.010000000000000231e-01,-5.899999999999999689e-01,-1.577999999999999958e-01,0.000000000000000000e+00,0.000000000000000000e+00,-1.499999999999999944e-01,1.000000000000000000e+00,1.170000000000000068e-01,0.000000000000000000e+00,2.200000000000000000e+01
4.101660352999988390e+02,4.163510000000000000e+05,9.230000000000000426e-01,1.189999999999999947e+00,2.939999999999999947e+00,-1.190000000000000000e+02,-1.900000000000000022e-01,1.220000000000000000e+02,0.000000000000000000e+00,0.000000000000000000e+00,0.000000000000000000e+00,1.010000000000000009e+00,-4.660000000000000000e+02,-4.660000000000000000e+02,-2.880000000000000000e+02,0.000000000000000000e+00,4.010000000000000231e-01,-5.899999999999999689e-01,-1.577999999999999958e-01,0.000000000000000000e+00,0.000000000000000000e+00,-2.179999999999999993e-01,1.000000000000000000e+00,1.170000000000000068e-01,2.000000000000000000e+01,2.200000000000000000e+01
4.101814720000002126e+02,4.163710000000000000e+05,9.789999999999999813e-01,1.187000000000000055e+00,2.169999999999999929e+00,-1.170000000000000000e+02,-1.869999999999999996e-01,9.800000000000000000e+01,0.000000000000000000e+00,0.000000000000000000e+00,0.000000000000000000e+00,1.010000000000000009e+00,-4.630000000000000000e+02,-4.630000000000000000e+02,-2.930000000000000000e+02,0.000000000000000000e+00,3.900000000000000133e-01,-1.676000000000000156e+01,-1.000000000000000000e+00,0.000000000000000000e+00,0.000000000000000000e+00,-6.800000000000000488e-02,1.000000000000000000e+00,1.459999999999999909e-01,1.800000000000000000e+01,2.200000000000000000e+01
4.102239732999987609e+02,4.164110000000000000e+05,1.054999999999999938e+00,1.153999999999999915e+00,2.099999999999999922e-01,-9.600000000000000000e+01,-1.539999999999999980e-01,6.300000000000000000e+01,0.000000000000000000e+00,0.000000000000000000e+00,0.000000000000000000e+00,7.299999999999999822e-01,-4.510000000000000000e+02,-4.510000000000000000e+02,-3.050000000000000000e+02,0.000000000000000000e+00,3.659999999999999920e-01,-2.398000000000000043e+01,-1.000000000000000000e+00,0.000000000000000000e+00,0.000000000000000000e+00,-1.799999999999999933e-01,1.000000000000000000e+00,1.670000000000000095e-01,1.800000000000000000e+01,2.200000000000000000e+01
4.102467187999991438e+02,4.164310000000000000e+05,1.080999999999999961e+00,1.173999999999999932e+00,-4.799999999999999822e-01,-1.090000000000000000e+02,-1.739999999999999880e-01,6.800000000000000000e+01,0.000000000000000000e+00,0.000000000000000000e+00,0.000000000000000000e+00,5.899999999999999689e-01,-4.420000000000000000e+02,-4.420000000000000000e+02,-3.020000000000000000e+02,0.000000000000000000e+00,4.189999999999999836e-01,3.490000000000000213e+00,-1.170999999999999958e-01,0.000000000000000000e+00,0.000000000000000000e+00,-2.010000000000000120e-01,1.000000000000000000e+00,1.710000000000000131e-01,1.800000000000000000e+01,2.200000000000000000e+01
4.102603901999991649e+02,4.164510000000000000e+05,1.100000000000000089e+00,1.197000000000000064e+00,4.899999999999999911e-01,-1.230000000000000000e+02,-1.970000000000000084e-01,5.600000000000000000e+01,0.000000000000000000e+00,0.000000000000000000e+00,0.000000000000000000e+00,5.899999999999999689e-01,-4.410000000000000000e+02,-4.410000000000000000e+02,-2.880000000000000000e+02,0.000000000000000000e+00,3.850000000000000089e-01,-1.005000000000000071e+01,-6.941000000000000503e-01,0.000000000000000000e+00,0.000000000000000000e+00,-3.799999999999999906e-02,1.000000000000000000e+00,2.069999999999999896e-01,1.400000000000000000e+01,2.200000000000000000e+01
4.102807990000001155e+02,4.164710000000000000e+05,1.104000000000000092e+00,1.233999999999999986e+00,2.800000000000000266e-01,-1.460000000000000000e+02,-2.340000000000000135e-01,7.900000000000000000e+01,0.000000000000000000e+00,0.000000000000000000e+00,0.000000000000000000e+00,8.699999999999999956e-01,-4.520000000000000000e+02,-4.520000000000000000e+02,-2.710000000000000000e+02,0.000000000000000000e+00,3.960000000000000187e-01,-6.160000000000000142e+00,-6.677999999999999492e-01,0.000000000000000000e+00,0.000000000000000000e+00,-1.409999999999999865e-01,1.000000000000000000e+00,1.990000000000000102e-01,1.300000000000000000e+01,2.200000000000000000e+01
4.103403060000000551e+02,4.165110000000000000e+05,1.108000000000000096e+00,1.239999999999999991e+00,-6.899999999999999467e-01,-1.500000000000000000e+02,-2.399999999999999911e-01,9.700000000000000000e+01,0.000000000000000000e+00,0.000000000000000000e+00,0.000000000000000000e+00,1.360000000000000098e+00,-4.750000000000000000e+02,-4.750000000000000000e+02,-2.620000000000000000e+02,0.000000000000000000e+00,3.960000000000000187e-01,-5.309999999999999609e+00,-4.676000000000000156e-01,0.000000000000000000e+00,0.000000000000000000e+00,-3.799999999999999906e-02,1.000000000000000000e+00,2.109999999999999931e-01,1.300000000000000000e+01,2.200000000000000000e+01
4.103433542000002490e+02,4.165310000000000000e+05,1.125999999999999890e+00,1.229999999999999982e+00,-2.700000000000000178e-01,-1.440000000000000000e+02,-2.300000000000000100e-01,7.200000000000000000e+01,0.000000000000000000e+00,0.000000000000000000e+00,0.000000000000000000e+00,1.639999999999999902e+00,-4.900000000000000000e+02,-4.900000000000000000e+02,-2.610000000000000000e+02,0.000000000000000000e+00,3.900000000000000133e-01,-9.849999999999999645e+00,-7.220999999999999641e-01,0.000000000000000000e+00,0.000000000000000000e+00,-1.150000000000000050e-01,1.000000000000000000e+00,2.210000000000000020e-01,1.200000000000000000e+01,2.200000000000000000e+01
4.103618671999993239e+02,4.165510000000000000e+05,1.149999999999999911e+00,1.233999999999999986e+00,1.820000000000000062e+00,-1.460000000000000000e+02,-2.340000000000000135e-01,2.200000000000000000e+01,0.000000000000000000e+00,0.000000000000000000e+00,0.000000000000000000e+00,6.600000000000000311e-01,-4.410000000000000000e+02,-4.410000000000000000e+02,-2.620000000000000000e+02,0.000000000000000000e+00,3.860000000000000098e-01,-1.105000000000000071e+01,-7.279999999999999805e-01,0.000000000000000000e+00,0.000000000000000000e+00,-1.330000000000000071e-01,1.000000000000000000e+00,2.290000000000000091e-01,1.000000000000000000e+01,2.200000000000000000e+01
4.103797519999989163e+02,4.165710000000000000e+05,1.149999999999999911e+00,1.221999999999999975e+00,1.540000000000000036e+00,-1.390000000000000000e+02,-2.220000000000000029e-01,1.900000000000000000e+01,0.000000000000000000e+00,0.000000000000000000e+00,0.000000000000000000e+00,8.000000000000000444e-01,-4.470000000000000000e+02,-4.470000000000000000e+02,-2.620000000000000000e+02,0.000000000000000000e+00,4.010000000000000231e-01,-4.049999999999999822e+00,-4.102000000000000091e-01,0.000000000000000000e+00,0.000000000000000000e+00,-1.499999999999999944e-01,1.000000000000000000e+00,2.280000000000000082e-01,9.000000000000000000e+00,2.200000000000000000e+01
4.104321839999993244e+02,4.166110000000000000e+05,1.161000000000000032e+00,1.207999999999999963e+00,1.469999999999999973e+00,-1.300000000000000000e+02,-2.079999999999999905e-01,-0.000000000000000000e+00,0.000000000000000000e+00,0.000000000000000000e+00,0.000000000000000000e+00,3.099999999999999978e-01,-4.220000000000000000e+02,-4.220000000000000000e+02,-2.620000000000000000e+02,0.000000000000000000e+00,3.860000000000000098e-01,-9.929999999999999716e+00,-6.568000000000000504e-01,0.000000000000000000e+00,0.000000000000000000e+00,1.299999999999999940e-02,1.000000000000000000e+00,2.439999999999999947e-01,4.000000000000000000e+00,2.200000000000000000e+01
4.104452972999988560e+02,4.166310000000000000e+05,1.175999999999999934e+00,1.193999999999999950e+00,1.469999999999999973e+00,-1.210000000000000000e+02,-1.940000000000000058e-01,-1.700000000000000000e+01,0.000000000000000000e+00,0.000000000000000000e+00,0.000000000000000000e+00,5.200000000000000178e-01,-4.360000000000000000e+02,-4.360000000000000000e+02,-2.620000000000000000e+02,0.000000000000000000e+00,3.970000000000000195e-01,-8.080000000000000071e+00,-6.923000000000000265e-01,0.000000000000000000e+00,0.000000000000000000e+00,-2.100000000000000130e-02,1.000000000000000000e+00,2.210000000000000020e-01,3.000000000000000000e+00,2.200000000000000000e+01
4.104652661999989505e+02,4.166510000000000000e+05,1.187999999999999945e+00,1.185999999999999943e+00,7.700000000000000178e-01,-1.160000000000000000e+02,-1.859999999999999987e-01,-8.000000000000000000e+00,0.000000000000000000e+00,0.000000000000000000e+00,0.000000000000000000e+00,4.500000000000000111e-01,-4.380000000000000000e+02,-4.380000000000000000e+02,-2.600000000000000000e+02,0.000000000000000000e+00,3.880000000000000115e-01,-9.240000000000000213e+00,-6.453999999999999737e-01,0.000000000000000000e+00,0.000000000000000000e+00,-8.999999999999999320e-03,1.000000000000000000e+00,2.369999999999999885e-01,1.000000000000000000e+00,2.200000000000000000e+01
4.104834320999998454e+02,4.166710000000000000e+05,1.181000000000000050e+00,1.173999999999999932e+00,1.189999999999999947e+00,-1.090000000000000000e+02,-1.739999999999999880e-01,-3.100000000000000000e+01,0.000000000000000000e+00,0.000000000000000000e+00,0.000000000000000000e+00,1.500000000000000000e+00,-4.950000000000000000e+02,-4.950000000000000000e+02,-2.630000000000000000e+02,0.000000000000000000e+00,3.980000000000000204e-01,-4.530000000000000249e+00,-4.225999999999999757e-01,0.000000000000000000e+00,0.000000000000000000e+00,-7.299999999999999545e-02,1.000000000000000000e+00,2.389999999999999902e-01,0.000000000000000000e+00,2.200000000000000000e+01
4.105454646999987744e+02,4.167110000000000000e+05,1.225999999999999979e+00,1.137999999999999901e+00,1.120000000000000107e+00,-8.600000000000000000e+01,-1.380000000000000115e-01,-7.800000000000000000e+01,0.000000000000000000e+00,0.000000000000000000e+00,0.000000000000000000e+00,2.999999999999999889e-02,-4.200000000000000000e+02,-4.200000000000000000e+02,-2.590000000000000000e+02,0.000000000000000000e+00,4.169999999999999818e-01,8.499999999999999778e-01,-2.356000000000000039e-01,0.000000000000000000e+00,0.000000000000000000e+00,4.000000000000000083e-03,1.000000000000000000e+00,2.129999999999999949e-01,0.000000000000000000e+00,2.200000000000000000e+01
4.105458208000000013e+02,4.167310000000000000e+05,1.245999999999999996e+00,1.122999999999999998e+00,1.610000000000000098e+00,-7.700000000000000000e+01,-1.229999999999999982e-01,-1.090000000000000000e+02,0.000000000000000000e+00,0.000000000000000000e+00,0.000000000000000000e+00,-5.300000000000000266e-01,-3.910000000000000000e+02,-3.910000000000000000e+02,-2.600000000000000000e+02,0.000000000000000000e+00,4.169999999999999818e-01,8.499999999999999778e-01,-2.356000000000000039e-01,0.000000000000000000e+00,0.000000000000000000e+00,1.299999999999999940e-02,1.000000000000000000e+00,2.129999999999999949e-01,2.000000000000000000e+01,2.200000000000000000e+01
4.105686901999997644e+02,4.167510000000000000e+05,1.274000000000000021e+00,1.104000000000000092e+00,1.399999999999999911e+00,-6.500000000000000000e+01,-1.039999999999999952e-01,-1.360000000000000000e+02,0.000000000000000000e+00,0.000000000000000000e+00,0.000000000000000000e+00,-4.600000000000000200e-01,-3.940000000000000000e+02,-3.940000000000000000e+02,-2.600000000000000000e+02,0.000000000000000000e+00,3.960000000000000187e-01,-4.129999999999999893e+00,-2.442999999999999894e-01,0.000000000000000000e+00,0.000000000000000000e+00,4.000000000000000083e-03,1.000000000000000000e+00,2.369999999999999885e-01,1.700000000000000000e+01,2.200000000000000000e+01
4.105822790000001987e+02,4.167710000000000000e+05,1.284999999999999920e+00,1.078000000000000069e+00,6.300000000000000044e-01,-4.900000000000000000e+01,-7.799999999999999989e-02,-1.430000000000000000e+02,0.000000000000000000e+00,0.000000000000000000e+00,0.000000000000000000e+00,-1.100000000000000006e-01,-4.100000000000000000e+02,-4.100000000000000000e+02,-2.590000000000000000e+02,0.000000000000000000e+00,3.860000000000000098e-01,-1.008999999999999986e+01,-6.661000000000000254e-01,0.000000000000000000e+00,0.000000000000000000e+00,4.000000000000000083e-03,1.000000000000000000e+00,2.290000000000000091e-01,1.600000000000000000e+01,2.200000000000000000e+01
4.106277025999988837e+02,4.168110000000000000e+05,1.330000000000000071e+00,1.022000000000000020e+00,2.099999999999999922e-01,-1.400000000000000000e+01,-2.199999999999999872e-02,-2.000000000000000000e+02,0.000000000000000000e+00,0.000000000000000000e+00,0.000000000000000000e+00,1.000000000000000056e-01,-4.160000000000000000e+02,-4.160000000000000000e+02,-2.580000000000000000e+02,0.000000000000000000e+00,3.930000000000000160e-01,-8.289999999999999147e+00,-5.786000000000000032e-01,0.000000000000000000e+00,0.000000000000000000e+00,2.999999999999999889e-02,1.000000000000000000e+00,2.479999999999999982e-01,1.000000000000000000e+01,2.200000000000000000e+01
4.106427137999999104e+02,4.168310000000000000e+05,1.360999999999999988e+00,9.839999999999999858e-01,7.700000000000000178e-01,1.000000000000000000e+01,1.600000000000000033e-02,-2.600000000000000000e+02,0.000000000000000000e+00,0.000000000000000000e+00,0.000000000000000000e+00,-2.500000000000000000e-01,-3.930000000000000000e+02,-3.930000000000000000e+02,-2.560000000000000000e+02,0.000000000000000000e+00,4.010000000000000231e-01,-5.639999999999999680e+00,-3.981000000000000094e-01,0.000000000000000000e+00,0.000000000000000000e+00,1.299999999999999940e-02,1.000000000000000000e+00,2.530000000000000027e-01,6.000000000000000000e+00,2.200000000000000000e+01
4.106608880999992834e+02,4.168510000000000000e+05,1.383999999999999897e+00,9.539999999999999591e-01,-5.999999999999999778e-02,2.900000000000000000e+01,4.599999999999999922e-02,-2.760000000000000000e+02,0.000000000000000000e+00,0.000000000000000000e+00,0.000000000000000000e+00,-7.399999999999999911e-01,-3.610000000000000000e+02,-3.610000000000000000e+02,-2.550000000000000000e+02,0.000000000000000000e+00,3.910000000000000142e-01,-8.179999999999999716e+00,-5.376999999999999558e-01,0.000000000000000000e+00,0.000000000000000000e+00,4.000000000000000083e-03,1.000000000000000000e+00,2.449999999999999956e-01,3.000000000000000000e+00,2.200000000000000000e+01
4.106779979000002641e+02,4.168710000000000000e+05,1.391000000000000014e+00,9.090000000000000302e-01,1.000000000000000021e-02,5.700000000000000000e+01,9.099999999999999756e-02,-3.140000000000000000e+02,0.000000000000000000e+00,0.000000000000000000e+00,0.000000000000000000e+00,2.399999999999999911e-01,-4.020000000000000000e+02,-4.020000000000000000e+02,-2.560000000000000000e+02,0.000000000000000000e+00,3.910000000000000142e-01,-8.179999999999999716e+00,-5.376999999999999558e-01,0.000000000000000000e+00,0.000000000000000000e+00,2.999999999999999889e-02,1.000000000000000000e+00,2.449999999999999956e-01,2.300000000000000000e+01,2.200000000000000000e+01
4.107384273999996367e+02,4.169110000000000000e+05,1.387999999999999901e+00,8.299999999999999600e-01,-3.490000000000000213e+00,1.060000000000000000e+02,1.700000000000000122e-01,-2.970000000000000000e+02,0.000000000000000000e+00,0.000000000000000000e+00,0.000000000000000000e+00,-5.300000000000000266e-01,-3.510000000000000000e+02,-3.510000000000000000e+02,-2.540000000000000000e+02,0.000000000000000000e+00,4.050000000000000266e-01,-4.200000000000000178e+00,-2.932000000000000162e-01,0.000000000000000000e+00,0.000000000000000000e+00,4.700000000000000011e-02,1.000000000000000000e+00,2.640000000000000124e-01,1.300000000000000000e+01,2.200000000000000000e+01
4.107431997999992745e+02,4.169310000000000000e+05,1.375000000000000000e+00,7.780000000000000249e-01,-1.110000000000000098e+00,1.390000000000000000e+02,2.220000000000000029e-01,-3.680000000000000000e+02,0.000000000000000000e+00,0.000000000000000000e+00,0.000000000000000000e+00,-3.200000000000000067e-01,-3.640000000000000000e+02,-3.640000000000000000e+02,-2.530000000000000000e+02,0.000000000000000000e+00,3.910000000000000142e-01,-8.390000000000000568e+00,-4.595000000000000195e-01,0.000000000000000000e+00,0.000000000000000000e+00,1.029999999999999943e-01,1.000000000000000000e+00,2.800000000000000266e-01,6.000000000000000000e+00,2.200000000000000000e+01
4.107611725999995542e+02,4.169510000000000000e+05,1.370999999999999996e+00,7.840000000000000302e-01,-9.000000000000000222e-01,1.350000000000000000e+02,2.159999999999999976e-01,-3.600000000000000000e+02,0.000000000000000000e+00,0.000000000000000000e+00,0.000000000000000000e+00,2.399999999999999911e-01,-4.020000000000000000e+02,-4.020000000000000000e+02,-2.590000000000000000e+02,0.000000000000000000e+00,4.030000000000000249e-01,-7.059999999999999609e+00,-4.878000000000000114e-01,0.000000000000000000e+00,0.000000000000000000e+00,1.199999999999999956e-01,1.000000000000000000e+00,2.720000000000000195e-01,0.000000000000000000e+00,2.200000000000000000e+01
4.107828580000004877e+02,4.169710000000000000e+05,1.308999999999999941e+00,7.600000000000000089e-01,2.800000000000000266e-01,1.500000000000000000e+02,2.399999999999999911e-01,-3.620000000000000000e+02,0.000000000000000000e+00,0.000000000000000000e+00,0.000000000000000000e+00,2.399999999999999911e-01,-4.080000000000000000e+02,-4.080000000000000000e+02,-2.640000000000000000e+02,0.000000000000000000e+00,4.030000000000000249e-01,-7.059999999999999609e+00,-4.878000000000000114e-01,0.000000000000000000e+00,0.000000000000000000e+00,1.409999999999999865e-01,1.000000000000000000e+00,2.720000000000000195e-01,2.000000000000000000e+01,2.200000000000000000e+01
4.108379611999989720e+02,4.170110000000000000e+05,1.213000000000000078e+00,7.119999999999999662e-01,-3.209999999999999964e+00,1.800000000000000000e+02,2.879999999999999782e-01,-2.620000000000000000e+02,0.000000000000000000e+00,0.000000000000000000e+00,0.000000000000000000e+00,6.600000000000000311e-01,-4.350000000000000000e+02,-4.350000000000000000e+02,-2.680000000000000000e+02,0.000000000000000000e+00,4.060000000000000275e-01,-3.640000000000000124e+00,-2.993000000000000105e-01,0.000000000000000000e+00,0.000000000000000000e+00,1.799999999999999933e-01,1.000000000000000000e+00,2.530000000000000027e-01,8.000000000000000000e+00,2.200000000000000000e+01
4.108405117999991489e+02,4.170310000000000000e+05,1.179999999999999938e+00,8.239999999999999547e-01,-2.160000000000000142e+00,1.100000000000000000e+02,1.759999999999999898e-01,-1.890000000000000000e+02,0.000000000000000000e+00,0.000000000000000000e+00,0.000000000000000000e+00,1.219999999999999973e+00,-4.680000000000000000e+02,-4.680000000000000000e+02,-3.110000000000000000e+02,0.000000000000000000e+00,3.930000000000000160e-01,-9.869999999999999218e+00,-6.487000000000000544e-01,0.000000000000000000e+00,0.000000000000000000e+00,1.409999999999999865e-01,1.000000000000000000e+00,2.449999999999999956e-01,5.000000000000000000e+00,2.200000000000000000e+01
4.108585564999993949e+02,4.170510000000000000e+05,1.135000000000000009e+00,7.439999999999999947e-01,-2.580000000000000071e+00,1.600000000000000000e+02,2.560000000000000053e-01,-2.020000000000000000e+02,0.000000000000000000e+00,0.000000000000000000e+00,0.000000000000000000e+00,4.500000000000000111e-01,-4.370000000000000000e+02,-4.370000000000000000e+02,-2.930000000000000000e+02,0.000000000000000000e+00,4.189999999999999836e-01,2.370000000000000107e+00,-5.539999999999999786e-02,0.000000000000000000e+00,0.000000000000000000e+00,1.799999999999999933e-01,1.000000000000000000e+00,2.419999999999999929e-01,3.000000000000000000e+00,2.200000000000000000e+01
4.108781681999989814e+02,4.170710000000000000e+05,1.088999999999999968e+00,8.159999999999999476e-01,-1.300000000000000044e-01,1.150000000000000000e+02,1.839999999999999969e-01,-1.770000000000000000e+02,0.000000000000000000e+00,0.000000000000000000e+00,0.000000000000000000e+00,1.700000000000000122e-01,-4.270000000000000000e+02,-4.270000000000000000e+02,-3.200000000000000000e+02,0.000000000000000000e+00,3.910000000000000142e-01,-1.174000000000000021e+01,-9.012999999999999901e-01,0.000000000000000000e+00,0.000000000000000000e+00,1.970000000000000084e-01,1.000000000000000000e+00,2.200000000000000011e-01,3.000000000000000000e+00,2.200000000000000000e+01
4.109410967999992863e+02,4.171110000000000000e+05,8.790000000000000036e-01,8.429999999999999716e-01,-1.040000000000000036e+00,9.800000000000000000e+01,1.570000000000000007e-01,-6.000000000000000000e+00,0.000000000000000000e+00,0.000000000000000000e+00,0.000000000000000000e+00,-7.589999999999999858e+00,-5.250000000000000000e+02,-5.250000000000000000e+02,-3.260000000000000000e+02,0.000000000000000000e+00,3.990000000000000213e-01,-2.160000000000000142e+00,-1.459999999999999909e-01,0.000000000000000000e+00,0.000000000000000000e+00,1.110000000000000014e-01,1.000000000000000000e+00,2.469999999999999973e-01,4.000000000000000000e+00,2.200000000000000000e+01
4.109453931999996712e+02,4.171310000000000000e+05,8.449999999999999734e-01,7.870000000000000329e-01,-1.669999999999999929e+00,1.330000000000000000e+02,2.129999999999999949e-01,-1.700000000000000000e+01,0.000000000000000000e+00,0.000000000000000000e+00,0.000000000000000000e+00,-8.220000000000000639e+00,-3.820000000000000000e+02,-3.820000000000000000e+02,-3.100000000000000000e+02,0.000000000000000000e+00,4.099999999999999756e-01,2.959999999999999964e+00,1.559999999999999998e-01,0.000000000000000000e+00,0.000000000000000000e+00,2.989999999999999880e-01,1.000000000000000000e+00,2.520000000000000018e-01,7.000000000000000000e+00,2.200000000000000000e+01
4.109622368999989703e+02,4.171510000000000000e+05,8.860000000000000098e-01,7.389999999999999902e-01,-2.160000000000000142e+00,1.630000000000000000e+02,2.610000000000000098e-01,-5.300000000000000000e+01,0.000000000000000000e+00,0.000000000000000000e+00,0.000000000000000000e+00,-5.570000000000000284e+00,-4.240000000000000000e+02,-4.240000000000000000e+02,-3.030000000000000000e+02,0.000000000000000000e+00,3.950000000000000178e-01,-5.429999999999999716e+00,-5.093999999999999639e-01,0.000000000000000000e+00,0.000000000000000000e+00,6.400000000000000133e-02,1.000000000000000000e+00,1.980000000000000093e-01,1.100000000000000000e+01,2.200000000000000000e+01
4.109829602999998315e+02,4.171710000000000000e+05,9.000000000000000222e-01,7.139999999999999680e-01,2.800000000000000266e-01,1.790000000000000000e+02,2.859999999999999765e-01,-1.290000000000000000e+02,0.000000000000000000e+00,0.000000000000000000e+00,0.000000000000000000e+00,-5.150000000000000355e+00,-3.800000000000000000e+02,-3.800000000000000000e+02,-2.890000000000000000e+02,0.000000000000000000e+00,4.279999999999999916e-01,1.146000000000000085e+01,6.257000000000000339e-01,0.000000000000000000e+00,0.000000000000000000e+00,7.299999999999999545e-02,1.000000000000000000e+00,1.670000000000000095e-01,0.000000000000000000e+00,2.200000000000000000e+01
4.110256047000002582e+02,4.172110000000000000e+05,8.880000000000000115e-01,7.069999999999999618e-01,-3.069999999999999840e+00,1.830000000000000000e+02,2.929999999999999827e-01,-6.300000000000000000e+01,0.000000000000000000e+00,0.000000000000000000e+00,0.000000000000000000e+00,-3.819999999999999840e+00,-3.370000000000000000e+02,-3.370000000000000000e+02,-2.740000000000000000e+02,0.000000000000000000e+00,4.149999999999999800e-01,7.099999999999999645e-01,-3.000999999999999779e-01,0.000000000000000000e+00,0.000000000000000000e+00,2.780000000000000249e-01,1.000000000000000000e+00,1.179999999999999938e-01,0.000000000000000000e+00,2.200000000000000000e+01
4.110441324999992503e+02,4.172310000000000000e+05,8.920000000000000151e-01,6.959999999999999520e-01,-1.110000000000000098e+00,1.900000000000000000e+02,3.039999999999999925e-01,-1.100000000000000000e+02,0.000000000000000000e+00,0.000000000000000000e+00,0.000000000000000000e+00,-2.700000000000000178e+00,-3.560000000000000000e+02,-3.560000000000000000e+02,-2.660000000000000000e+02,0.000000000000000000e+00,3.980000000000000204e-01,-1.153999999999999915e+01,-1.000000000000000000e+00,0.000000000000000000e+00,0.000000000000000000e+00,8.599999999999999312e-02,1.000000000000000000e+00,1.489999999999999936e-01,2.000000000000000000e+00,2.200000000000000000e+01
4.110627991999990627e+02,4.172510000000000000e+05,8.860000000000000098e-01,7.550000000000000044e-01,-2.859999999999999876e+00,1.530000000000000000e+02,2.449999999999999956e-01,-2.500000000000000000e+01,0.000000000000000000e+00,0.000000000000000000e+00,0.000000000000000000e+00,-2.140000000000000124e+00,-3.550000000000000000e+02,-3.550000000000000000e+02,-2.790000000000000000e+02,0.000000000000000000e+00,4.219999999999999862e-01,6.809999999999999609e+00,6.419999999999999318e-02,0.000000000000000000e+00,0.000000000000000000e+00,2.089999999999999913e-01,1.000000000000000000e+00,1.199999999999999956e-01,1.000000000000000000e+00,2.200000000000000000e+01
4.110871437000005244e+02,4.172710000000000000e+05,8.750000000000000000e-01,7.820000000000000284e-01,-1.320000000000000062e+00,1.360000000000000000e+02,2.179999999999999993e-01,-4.000000000000000000e+01,0.000000000000000000e+00,0.000000000000000000e+00,0.000000000000000000e+00,-1.439999999999999947e+00,-3.740000000000000000e+02,-3.740000000000000000e+02,-2.810000000000000000e+02,0.000000000000000000e+00,0.000000000000000000e+00,0.000000000000000000e+00,0.000000000000000000e+00,0.000000000000000000e+00,0.000000000000000000e+00,1.499999999999999944e-01,1.000000000000000000e+00,0.000000000000000000e+00,9.000000000000000000e+00,1.800000000000000000e+01
4.111390350000001490e+02,4.173110000000000000e+05,7.950000000000000400e-01,7.489999999999999991e-01,-1.810000000000000053e+00,1.570000000000000000e+02,2.510000000000000009e-01,5.000000000000000000e+00,0.000000000000000000e+00,0.000000000000000000e+00,0.000000000000000000e+00,1.700000000000000122e-01,-4.490000000000000000e+02,-4.490000000000000000e+02,-2.570000000000000000e+02,0.000000000000000000e+00,0.000000000000000000e+00,0.000000000000000000e+00,0.000000000000000000e+00,0.000000000000000000e+00,0.000000000000000000e+00,2.999999999999999889e-02,1.000000000000000000e+00,0.000000000000000000e+00,9.000000000000000000e+00,1.800000000000000000e+01
4.111463039999998728e+02,4.173310000000000000e+05,7.169999999999999707e-01,7.570000000000000062e-01,-3.839999999999999858e+00,1.520000000000000000e+02,2.429999999999999938e-01,9.000000000000000000e+01,0.000000000000000000e+00,0.000000000000000000e+00,0.000000000000000000e+00,8.000000000000000444e-01,-4.700000000000000000e+02,-4.700000000000000000e+02,-2.520000000000000000e+02,0.000000000000000000e+00,0.000000000000000000e+00,0.000000000000000000e+00,0.000000000000000000e+00,0.000000000000000000e+00,0.000000000000000000e+00,1.539999999999999980e-01,1.000000000000000000e+00,0.000000000000000000e+00,9.000000000000000000e+00,1.800000000000000000e+01
4.111608820999990712e+02,4.173510000000000000e+05,7.770000000000000240e-01,7.660000000000000142e-01,7.700000000000000178e+00,1.460000000000000000e+02,2.340000000000000135e-01,-1.550000000000000000e+02,0.000000000000000000e+00,0.000000000000000000e+00,0.000000000000000000e+00,-2.629999999999999893e+00,-2.860000000000000000e+02,-2.860000000000000000e+02,-2.510000000000000000e+02,0.000000000000000000e+00,0.000000000000000000e+00,0.000000000000000000e+00,0.000000000000000000e+00,0.000000000000000000e+00,0.000000000000000000e+00,2.740000000000000213e-01,1.000000000000000000e+00,0.000000000000000000e+00,1.000000000000000000e+01,1.800000000000000000e+01
4.111812809999992169e+02,4.173710000000000000e+05,6.840000000000000524e-01,7.950000000000000400e-01,-2.370000000000000107e+00,1.280000000000000000e+02,2.049999999999999878e-01,1.070000000000000000e+02,0.000000000000000000e+00,0.000000000000000000e+00,0.000000000000000000e+00,-6.700000000000000400e-01,-3.850000000000000000e+02,-3.850000000000000000e+02,-2.500000000000000000e+02,0.000000000000000000e+00,0.000000000000000000e+00,0.000000000000000000e+00,0.000000000000000000e+00,0.000000000000000000e+00,0.000000000000000000e+00,6.800000000000000488e-02,1.000000000000000000e+00,0.000000000000000000e+00,1.000000000000000000e+01,1.800000000000000000e+01
4.112249190999991697e+02,4.174110000000000000e+05,6.410000000000000142e-01,8.719999999999999973e-01,-3.910000000000000142e+00,8.000000000000000000e+01,1.280000000000000027e-01,2.210000000000000000e+02,0.000000000000000000e+00,0.000000000000000000e+00,0.000000000000000000e+00,-3.900000000000000133e-01,-4.050000000000000000e+02,-4.050000000000000000e+02,-2.490000000000000000e+02,0.000000000000000000e+00,0.000000000000000000e+00,0.000000000000000000e+00,0.000000000000000000e+00,0.000000000000000000e+00,0.000000000000000000e+00,-1.299999999999999940e-02,1.000000000000000000e+00,0.000000000000000000e+00,1.000000000000000000e+01,1.800000000000000000e+01
4.112430714999991324e+02,4.174310000000000000e+05,5.989999999999999769e-01,9.090000000000000302e-01,-2.930000000000000160e+00,5.700000000000000000e+01,9.099999999999999756e-02,2.490000000000000000e+02,0.000000000000000000e+00,0.000000000000000000e+00,0.000000000000000000e+00,-5.999999999999999778e-01,-3.910000000000000000e+02,-3.910000000000000000e+02,-2.500000000000000000e+02,0.000000000000000000e+00,0.000000000000000000e+00,0.000000000000000000e+00,0.000000000000000000e+00,0.000000000000000000e+00,0.000000000000000000e+00,0.000000000000000000e+00,1.000000000000000000e+00,0.000000000000000000e+00,1.000000000000000000e+01,1.800000000000000000e+01
4.112627417000003334e+02,4.174510000000000000e+05,5.679999999999999494e-01,9.409999999999999476e-01,-1.810000000000000053e+00,3.700000000000000000e+01,5.899999999999999689e-02,2.720000000000000000e+02,0.000000000000000000e+00,0.000000000000000000e+00,0.000000000000000000e+00,4.500000000000000111e-01,-4.360000000000000000e+02,-4.360000000000000000e+02,-2.500000000000000000e+02,0.000000000000000000e+00,0.000000000000000000e+00,0.000000000000000000e+00,0.000000000000000000e+00,0.000000000000000000e+00,0.000000000000000000e+00,7.299999999999999545e-02,1.000000000000000000e+00,0.000000000000000000e+00,1.000000000000000000e+01,1.800000000000000000e+01
4.112857031000003190e+02,4.174710000000000000e+05,4.879999999999999893e-01,9.839999999999999858e-01,-4.610000000000000320e+00,1.000000000000000000e+01,1.600000000000000033e-02,3.800000000000000000e+02,0.000000000000000000e+00,0.000000000000000000e+00,0.000000000000000000e+00,-4.600000000000000200e-01,-3.940000000000000000e+02,-3.940000000000000000e+02,-2.500000000000000000e+02,0.000000000000000000e+00,0.000000000000000000e+00,0.000000000000000000e+00,0.000000000000000000e+00,0.000000000000000000e+00,0.000000000000000000e+00,2.989999999999999880e-01,1.000000000000000000e+00,0.000000000000000000e+00,1.000000000000000000e+01,1.800000000000000000e+01
4.113416388999994524e+02,4.175110000000000000e+05,4.219999999999999862e-01,1.082999999999999963e+00,-2.790000000000000036e+00,-5.200000000000000000e+01,-8.300000000000000433e-02,4.920000000000000000e+02,0.000000000000000000e+00,0.000000000000000000e+00,0.000000000000000000e+00,-1.100000000000000006e-01,-4.080000000000000000e+02,-4.080000000000000000e+02,-2.550000000000000000e+02,0.000000000000000000e+00,0.000000000000000000e+00,0.000000000000000000e+00,0.000000000000000000e+00,0.000000000000000000e+00,0.000000000000000000e+00,1.409999999999999865e-01,1.000000000000000000e+00,0.000000000000000000e+00,1.000000000000000000e+01,1.800000000000000000e+01
4.113443401000004087e+02,4.175310000000000000e+05,4.369999999999999996e-01,1.114000000000000101e+00,9.799999999999999822e-01,-7.100000000000000000e+01,-1.140000000000000041e-01,4.110000000000000000e+02,0.000000000000000000e+00,0.000000000000000000e+00,0.000000000000000000e+00,-4.600000000000000200e-01,-3.940000000000000000e+02,-3.940000000000000000e+02,-2.550000000000000000e+02,0.000000000000000000e+00,0.000000000000000000e+00,0.000000000000000000e+00,0.000000000000000000e+00,0.000000000000000000e+00,0.000000000000000000e+00,6.800000000000000488e-02,1.000000000000000000e+00,0.000000000000000000e+00,1.000000000000000000e+01,1.800000000000000000e+01
4.113623127999999269e+02,4.175510000000000000e+05,4.709999999999999742e-01,1.167999999999999927e+00,1.820000000000000062e+00,-1.050000000000000000e+02,-1.680000000000000104e-01,4.200000000000000000e+02,0.000000000000000000e+00,0.000000000000000000e+00,0.000000000000000000e+00,3.800000000000000044e-01,-4.380000000000000000e+02,-4.380000000000000000e+02,-2.560000000000000000e+02,0.000000000000000000e+00,0.000000000000000000e+00,0.000000000000000000e+00,0.000000000000000000e+00,0.000000000000000000e+00,0.000000000000000000e+00,-8.999999999999999320e-03,1.000000000000000000e+00,0.000000000000000000e+00,1.000000000000000000e+01,1.800000000000000000e+01
4.113810345000001689e+02,4.175710000000000000e+05,4.939999999999999947e-01,1.197000000000000064e+00,2.660000000000000142e+00,-1.230000000000000000e+02,-1.970000000000000084e-01,4.030000000000000000e+02,0.000000000000000000e+00,0.000000000000000000e+00,0.000000000000000000e+00,8.000000000000000444e-01,-4.570000000000000000e+02,-4.570000000000000000e+02,-2.720000000000000000e+02,0.000000000000000000e+00,0.000000000000000000e+00,0.000000000000000000e+00,0.000000000000000000e+00,0.000000000000000000e+00,0.000000000000000000e+00,4.000000000000000083e-03,1.000000000000000000e+00,0.000000000000000000e+00,1.000000000000000000e+01,1.800000000000000000e+01
4.114251998999989155e+02,4.176110000000000000e+05,6.099999999999999867e-01,1.274999999999999911e+00,3.009999999999999787e+00,-1.720000000000000000e+02,-2.750000000000000222e-01,3.820000000000000000e+02,0.000000000000000000e+00,0.000000000000000000e+00,0.000000000000000000e+00,5.200000000000000178e-01,-4.340000000000000000e+02,-4.340000000000000000e+02,-2.900000000000000000e+02,0.000000000000000000e+00,0.000000000000000000e+00,0.000000000000000000e+00,0.000000000000000000e+00,0.000000000000000000e+00,0.000000000000000000e+00,0.000000000000000000e+00,1.000000000000000000e+00,0.000000000000000000e+00,1.000000000000000000e+01,1.800000000000000000e+01
4.114441711999988911e+02,4.176310000000000000e+05,6.570000000000000284e-01,1.322999999999999954e+00,2.939999999999999947e+00,-2.020000000000000000e+02,-3.230000000000000093e-01,3.760000000000000000e+02,0.000000000000000000e+00,0.000000000000000000e+00,0.000000000000000000e+00,1.080000000000000071e+00,-4.590000000000000000e+02,-4.590000000000000000e+02,-2.930000000000000000e+02,0.000000000000000000e+00,0.000000000000000000e+00,0.000000000000000000e+00,0.000000000000000000e+00,0.000000000000000000e+00,0.000000000000000000e+00,1.700000000000000122e-02,1.000000000000000000e+00,0.000000000000000000e+00,1.000000000000000000e+01,1.800000000000000000e+01
4.114617395000004763e+02,4.176510000000000000e+05,6.999999999999999556e-01,1.278000000000000025e+00,3.149999999999999911e+00,-1.740000000000000000e+02,-2.780000000000000249e-01,3.200000000000000000e+02,0.000000000000000000e+00,0.000000000000000000e+00,0.000000000000000000e+00,-1.790000000000000036e+00,-3.130000000000000000e+02,-3.130000000000000000e+02,-3.220000000000000000e+02,0.000000000000000000e+00,0.000000000000000000e+00,0.000000000000000000e+00,0.000000000000000000e+00,0.000000000000000000e+00,0.000000000000000000e+00,1.029999999999999943e-01,1.000000000000000000e+00,0.000000000000000000e+00,1.000000000000000000e+01,1.800000000000000000e+01
4.114802156999994622e+02,4.176710000000000000e+05,7.359999999999999876e-01,1.310000000000000053e+00,1.399999999999999911e+00,-1.940000000000000000e+02,-3.099999999999999978e-01,3.380000000000000000e+02,0.000000000000000000e+00,0.000000000000000000e+00,0.000000000000000000e+00,7.299999999999999822e-01,-4.450000000000000000e+02,-4.450000000000000000e+02,-3.260000000000000000e+02,0.000000000000000000e+00,0.000000000000000000e+00,0.000000000000000000e+00,0.000000000000000000e+00,0.000000000000000000e+00,0.000000000000000000e+00,5.600000000000000117e-02,1.000000000000000000e+00,0.000000000000000000e+00,1.000000000000000000e+01,1.800000000000000000e+01
4.115273200999999972e+02,4.177110000000000000e+05,8.090000000000000524e-01,1.383999999999999897e+00,4.899999999999999911e-01,-2.400000000000000000e+02,-3.840000000000000080e-01,3.600000000000000000e+02,0.000000000000000000e+00,0.000000000000000000e+00,0.000000000000000000e+00,-3.900000000000000133e-01,-3.930000000000000000e+02,-3.930000000000000000e+02,-3.190000000000000000e+02,0.000000000000000000e+00,0.000000000000000000e+00,0.000000000000000000e+00,0.000000000000000000e+00,0.000000000000000000e+00,0.000000000000000000e+00,0.000000000000000000e+00,1.000000000000000000e+00,0.000000000000000000e+00,1.000000000000000000e+01,1.800000000000000000e+01
4.115452784999997675e+02,4.177310000000000000e+05,8.319999999999999618e-01,1.463999999999999968e+00,3.499999999999999778e-01,-2.900000000000000000e+02,-4.640000000000000235e-01,4.020000000000000000e+02,0.000000000000000000e+00,0.000000000000000000e+00,0.000000000000000000e+00,-5.300000000000000266e-01,-3.880000000000000000e+02,-3.880000000000000000e+02,-2.930000000000000000e+02,0.000000000000000000e+00,0.000000000000000000e+00,0.000000000000000000e+00,0.000000000000000000e+00,0.000000000000000000e+00,0.000000000000000000e+00,-4.000000000000000083e-03,1.000000000000000000e+00,0.000000000000000000e+00,1.000000000000000000e+01,1.800000000000000000e+01
4.115635111999999936e+02,4.177510000000000000e+05,8.409999999999999698e-01,1.447999999999999954e+00,-1.300000000000000044e-01,-2.800000000000000000e+02,-4.480000000000000093e-01,3.940000000000000000e+02,0.000000000000000000e+00,0.000000000000000000e+00,0.000000000000000000e+00,-2.500000000000000000e-01,-4.040000000000000000e+02,-4.040000000000000000e+02,-3.040000000000000000e+02,0.000000000000000000e+00,0.000000000000000000e+00,0.000000000000000000e+00,0.000000000000000000e+00,0.000000000000000000e+00,0.000000000000000000e+00,-4.000000000000000083e-03,1.000000000000000000e+00,0.000000000000000000e+00,1.000000000000000000e+01,1.800000000000000000e+01
4.115816199000000779e+02,4.177710000000000000e+05,8.419999999999999707e-01,1.506000000000000005e+00,-2.000000000000000111e-01,-3.160000000000000000e+02,-5.060000000000000053e-01,4.340000000000000000e+02,0.000000000000000000e+00,0.000000000000000000e+00,0.000000000000000000e+00,-1.020000000000000018e+00,-3.680000000000000000e+02,-3.680000000000000000e+02,-2.880000000000000000e+02,0.000000000000000000e+00,0.000000000000000000e+00,0.000000000000000000e+00,0.000000000000000000e+00,0.000000000000000000e+00,0.000000000000000000e+00,-1.299999999999999940e-02,1.000000000000000000e+00,0.000000000000000000e+00,1.000000000000000000e+01,1.800000000000000000e+01
4.116238916999991488e+02,4.178110000000000000e+05,8.179999999999999494e-01,1.614000000000000101e+00,6.999999999999999556e-01,-3.840000000000000000e+02,-6.139999999999999902e-01,4.970000000000000000e+02,0.000000000000000000e+00,0.000000000000000000e+00,0.000000000000000000e+00,-8.100000000000000533e-01,-3.840000000000000000e+02,-3.840000000000000000e+02,-2.610000000000000000e+02,0.000000000000000000e+00,0.000000000000000000e+00,0.000000000000000000e+00,0.000000000000000000e+00,0.000000000000000000e+00,0.000000000000000000e+00,-7.299999999999999545e-02,1.000000000000000000e+00,0.000000000000000000e+00,1.000000000000000000e+01,1.800000000000000000e+01
4.116431486000001314e+02,4.178310000000000000e+05,8.070000000000000506e-01,1.502000000000000002e+00,-1.320000000000000062e+00,-3.140000000000000000e+02,-5.020000000000000018e-01,4.800000000000000000e+02,0.000000000000000000e+00,0.000000000000000000e+00,0.000000000000000000e+00,1.570000000000000062e+00,-4.970000000000000000e+02,-4.970000000000000000e+02,-3.000000000000000000e+02,0.000000000000000000e+00,0.000000000000000000e+00,0.000000000000000000e+00,0.000000000000000000e+00,0.000000000000000000e+00,0.000000000000000000e+00,-8.999999999999999667e-02,1.000000000000000000e+00,0.000000000000000000e+00,1.000000000000000000e+01,1.800000000000000000e+01
4.116606570999992982e+02,4.178510000000000000e+05,7.910000000000000364e-01,1.661999999999999922e+00,1.120000000000000107e+00,-4.140000000000000000e+02,-6.620000000000000329e-01,5.410000000000000000e+02,0.000000000000000000e+00,0.000000000000000000e+00,0.000000000000000000e+00,1.290000000000000036e+00,-4.820000000000000000e+02,-4.820000000000000000e+02,-2.580000000000000000e+02,0.000000000000000000e+00,0.000000000000000000e+00,0.000000000000000000e+00,0.000000000000000000e+00,0.000000000000000000e+00,0.000000000000000000e+00,-5.600000000000000117e-02,1.000000000000000000e+00,0.000000000000000000e+00,1.000000000000000000e+01,1.800000000000000000e+01
4.116823332999992999e+02,4.178710000000000000e+05,8.040000000000000480e-01,1.727999999999999980e+00,1.120000000000000107e+00,-4.550000000000000000e+02,-7.279999999999999805e-01,5.830000000000000000e+02,0.000000000000000000e+00,0.000000000000000000e+00,0.000000000000000000e+00,8.699999999999999956e-01,-4.610000000000000000e+02,-4.610000000000000000e+02,-2.460000000000000000e+02,0.000000000000000000e+00,0.000000000000000000e+00,0.000000000000000000e+00,0.000000000000000000e+00,0.000000000000000000e+00,0.000000000000000000e+00,-7.299999999999999545e-02,1.000000000000000000e+00,0.000000000000000000e+00,1.000000000000000000e+01,1.800000000000000000e+01
4.117424763999988500e+02,4.179110000000000000e+05,8.249999999999999556e-01,1.802999999999999936e+00,1.120000000000000107e+00,-5.020000000000000000e+02,-8.030000000000000471e-01,6.150000000000000000e+02,0.000000000000000000e+00,0.000000000000000000e+00,0.000000000000000000e+00,5.200000000000000178e-01,-4.380000000000000000e+02,-4.380000000000000000e+02,-2.530000000000000000e+02,0.000000000000000000e+00,0.000000000000000000e+00,0.000000000000000000e+00,0.000000000000000000e+00,0.000000000000000000e+00,0.000000000000000000e+00,-8.999999999999999667e-02,1.000000000000000000e+00,0.000000000000000000e+00,1.000000000000000000e+01,1.800000000000000000e+01
4.117453187999999500e+02,4.179310000000000000e+05,8.699999999999999956e-01,1.834999999999999964e+00,8.399999999999999689e-01,-5.220000000000000000e+02,-8.349999999999999645e-01,6.070000000000000000e+02,0.000000000000000000e+00,0.000000000000000000e+00,0.000000000000000000e+00,1.429999999999999938e+00,-4.790000000000000000e+02,-4.790000000000000000e+02,-2.610000000000000000e+02,0.000000000000000000e+00,0.000000000000000000e+00,0.000000000000000000e+00,0.000000000000000000e+00,0.000000000000000000e+00,0.000000000000000000e+00,-1.280000000000000027e-01,1.000000000000000000e+00,0.000000000000000000e+00,1.000000000000000000e+01,1.800000000000000000e+01
4.117645252000002074e+02,4.179510000000000000e+05,8.850000000000000089e-01,1.663999999999999924e+00,1.889999999999999902e+00,-4.150000000000000000e+02,-6.640000000000000346e-01,4.750000000000000000e+02,0.000000000000000000e+00,0.000000000000000000e+00,0.000000000000000000e+00,7.299999999999999822e-01,-4.440000000000000000e+02,-4.440000000000000000e+02,-3.310000000000000000e+02,0.000000000000000000e+00,0.000000000000000000e+00,0.000000000000000000e+00,0.000000000000000000e+00,0.000000000000000000e+00,0.000000000000000000e+00,-8.999999999999999667e-02,1.000000000000000000e+00,0.000000000000000000e+00,1.000000000000000000e+01,1.800000000000000000e+01
4.117818674999998620e+02,4.179710000000000000e+05,9.529999999999999583e-01,1.806000000000000050e+00,2.379999999999999893e+00,-5.040000000000000000e+02,-8.060000000000000497e-01,4.970000000000000000e+02,0.000000000000000000e+00,0.000000000000000000e+00,0.000000000000000000e+00,8.000000000000000444e-01,-4.460000000000000000e+02,-4.460000000000000000e+02,-2.960000000000000000e+02,0.000000000000000000e+00,0.000000000000000000e+00,0.000000000000000000e+00,0.000000000000000000e+00,0.000000000000000000e+00,0.000000000000000000e+00,-1.620000000000000051e-01,1.000000000000000000e+00,0.000000000000000000e+00,1.000000000000000000e+01,1.800000000000000000e+01
4.118249703000001318e+02,4.180110000000000000e+05,1.014000000000000012e+00,1.989999999999999991e+00,3.009999999999999787e+00,-6.190000000000000000e+02,-9.899999999999999911e-01,5.790000000000000000e+02,0.000000000000000000e+00,0.000000000000000000e+00,0.000000000000000000e+00,5.899999999999999689e-01,-4.280000000000000000e+02,-4.280000000000000000e+02,-2.520000000000000000e+02,0.000000000000000000e+00,0.000000000000000000e+00,0.000000000000000000e+00,0.000000000000000000e+00,0.000000000000000000e+00,0.000000000000000000e+00,-1.710000000000000131e-01,1.000000000000000000e+00,0.000000000000000000e+00,1.000000000000000000e+01,1.800000000000000000e+01
4.118437692999996216e+02,4.180310000000000000e+05,1.030000000000000027e+00,1.947000000000000064e+00,2.169999999999999929e+00,-5.920000000000000000e+02,-9.469999999999999529e-01,5.450000000000000000e+02,0.000000000000000000e+00,0.000000000000000000e+00,0.000000000000000000e+00,1.709999999999999964e+00,-4.870000000000000000e+02,-4.870000000000000000e+02,-2.760000000000000000e+02,0.000000000000000000e+00,0.000000000000000000e+00,0.000000000000000000e+00,0.000000000000000000e+00,0.000000000000000000e+00,0.000000000000000000e+00,-1.239999999999999991e-01,1.000000000000000000e+00,0.000000000000000000e+00,1.000000000000000000e+01,1.800000000000000000e+01
4.118625527000003785e+02,4.180510000000000000e+05,1.076000000000000068e+00,1.941000000000000059e+00,8.399999999999999689e-01,-5.880000000000000000e+02,-9.409999999999999476e-01,5.460000000000000000e+02,0.000000000000000000e+00,0.000000000000000000e+00,0.000000000000000000e+00,1.850000000000000089e+00,-5.160000000000000000e+02,-5.160000000000000000e+02,-2.870000000000000000e+02,0.000000000000000000e+00,4.279999999999999916e-01,5.379999999999999893e+00,-4.912000000000000255e-01,0.000000000000000000e+00,0.000000000000000000e+00,-2.089999999999999913e-01,1.000000000000000000e+00,1.079999999999999988e-01,5.000000000000000000e+00,2.200000000000000000e+01
4.118826537000004464e+02,4.180710000000000000e+05,1.110999999999999988e+00,2.101999999999999869e+00,1.959999999999999964e+00,-6.890000000000000000e+02,-1.102000000000000091e+00,6.080000000000000000e+02,0.000000000000000000e+00,0.000000000000000000e+00,0.000000000000000000e+00,1.639999999999999902e+00,-5.360000000000000000e+02,-5.360000000000000000e+02,-2.450000000000000000e+02,0.000000000000000000e+00,0.000000000000000000e+00,0.000000000000000000e+00,0.000000000000000000e+00,0.000000000000000000e+00,0.000000000000000000e+00,-8.999999999999999667e-02,1.000000000000000000e+00,0.000000000000000000e+00,1.000000000000000000e+01,1.800000000000000000e+01
4.119430790999995224e+02,4.181110000000000000e+05,1.199999999999999956e+00,2.149999999999999911e+00,1.540000000000000036e+00,-7.190000000000000000e+02,-1.149999999999999911e+00,5.880000000000000000e+02,0.000000000000000000e+00,0.000000000000000000e+00,0.000000000000000000e+00,1.010000000000000009e+00,-5.100000000000000000e+02,-5.100000000000000000e+02,-2.440000000000000000e+02,0.000000000000000000e+00,4.189999999999999836e-01,5.639999999999999680e+00,1.057000000000000023e-01,0.000000000000000000e+00,0.000000000000000000e+00,-2.139999999999999958e-01,1.000000000000000000e+00,1.260000000000000009e-01,3.000000000000000000e+00,2.200000000000000000e+01
4.119440512999990460e+02,4.181310000000000000e+05,1.233000000000000096e+00,2.073999999999999844e+00,1.610000000000000098e+00,-6.710000000000000000e+02,-1.074000000000000066e+00,5.160000000000000000e+02,0.000000000000000000e+00,0.000000000000000000e+00,0.000000000000000000e+00,1.219999999999999973e+00,-5.160000000000000000e+02,-5.160000000000000000e+02,-2.790000000000000000e+02,0.000000000000000000e+00,4.079999999999999738e-01,-1.700000000000000122e-01,-4.442999999999999727e-01,0.000000000000000000e+00,0.000000000000000000e+00,-7.299999999999999545e-02,1.000000000000000000e+00,9.299999999999999933e-02,3.000000000000000000e+00,2.200000000000000000e+01
4.119674268999988271e+02,4.181510000000000000e+05,1.284999999999999920e+00,2.017999999999999794e+00,2.939999999999999947e+00,-6.360000000000000000e+02,-1.018000000000000016e+00,4.140000000000000000e+02,0.000000000000000000e+00,0.000000000000000000e+00,0.000000000000000000e+00,1.780000000000000027e+00,-5.430000000000000000e+02,-5.430000000000000000e+02,-2.980000000000000000e+02,0.000000000000000000e+00,4.319999999999999951e-01,5.259999999999999787e+00,-6.569999999999999452e-02,0.000000000000000000e+00,0.000000000000000000e+00,-8.999999999999999320e-03,1.000000000000000000e+00,1.749999999999999889e-01,0.000000000000000000e+00,2.200000000000000000e+01
4.119823868999992555e+02,4.181710000000000000e+05,1.332000000000000073e+00,2.004999999999999893e+00,1.820000000000000062e+00,-6.280000000000000000e+02,-1.004999999999999893e+00,4.020000000000000000e+02,0.000000000000000000e+00,0.000000000000000000e+00,0.000000000000000000e+00,3.099999999999999978e-01,-4.740000000000000000e+02,-4.740000000000000000e+02,-3.070000000000000000e+02,0.000000000000000000e+00,4.319999999999999951e-01,5.259999999999999787e+00,-6.569999999999999452e-02,0.000000000000000000e+00,0.000000000000000000e+00,-6.400000000000000133e-02,1.000000000000000000e+00,1.749999999999999889e-01,2.000000000000000000e+01,2.200000000000000000e+01
4.120255833999999595e+02,4.182110000000000000e+05,1.370999999999999996e+00,1.987000000000000099e+00,-5.500000000000000444e-01,-6.170000000000000000e+02,-9.869999999999999885e-01,4.180000000000000000e+02,0.000000000000000000e+00,0.000000000000000000e+00,0.000000000000000000e+00,-3.200000000000000067e-01,-4.420000000000000000e+02,-4.420000000000000000e+02,-3.090000000000000000e+02,0.000000000000000000e+00,4.339999999999999969e-01,1.189000000000000057e+01,6.581000000000000183e-01,0.000000000000000000e+00,0.000000000000000000e+00,-2.089999999999999913e-01,1.000000000000000000e+00,1.920000000000000040e-01,1.800000000000000000e+01,2.200000000000000000e+01
4.120438656999995146e+02,4.182310000000000000e+05,1.375999999999999890e+00,1.981000000000000094e+00,-2.000000000000000111e-01,-6.130000000000000000e+02,-9.809999999999999831e-01,3.930000000000000000e+02,0.000000000000000000e+00,0.000000000000000000e+00,0.000000000000000000e+00,7.299999999999999822e-01,-4.940000000000000000e+02,-4.940000000000000000e+02,-3.070000000000000000e+02,0.000000000000000000e+00,3.549999999999999822e-01,-2.821000000000000085e+01,-1.000000000000000000e+00,0.000000000000000000e+00,0.000000000000000000e+00,-1.239999999999999991e-01,1.000000000000000000e+00,1.869999999999999996e-01,1.800000000000000000e+01,2.200000000000000000e+01
4.120635820999996213e+02,4.182510000000000000e+05,1.364999999999999991e+00,1.965999999999999970e+00,1.679999999999999938e+00,-6.040000000000000000e+02,-9.659999999999999698e-01,3.560000000000000000e+02,0.000000000000000000e+00,0.000000000000000000e+00,0.000000000000000000e+00,1.570000000000000062e+00,-5.560000000000000000e+02,-5.560000000000000000e+02,-3.020000000000000000e+02,0.000000000000000000e+00,4.119999999999999774e-01,-3.529999999999999805e+00,-3.906999999999999917e-01,0.000000000000000000e+00,0.000000000000000000e+00,-2.100000000000000130e-02,1.000000000000000000e+00,2.099999999999999922e-01,1.500000000000000000e+01,2.200000000000000000e+01
4.120793522999993002e+02,4.182710000000000000e+05,1.346000000000000085e+00,1.959999999999999964e+00,-8.299999999999999600e-01,-6.000000000000000000e+02,-9.599999999999999645e-01,4.090000000000000000e+02,0.000000000000000000e+00,0.000000000000000000e+00,0.000000000000000000e+00,2.060000000000000053e+00,-6.100000000000000000e+02,-6.100000000000000000e+02,-3.000000000000000000e+02,0.000000000000000000e+00,4.109999999999999765e-01,-1.340000000000000080e+00,-1.539999999999999980e-01,0.000000000000000000e+00,0.000000000000000000e+00,-8.999999999999999320e-03,1.000000000000000000e+00,1.819999999999999951e-01,1.800000000000000000e+01,2.200000000000000000e+01
4.121433072999989236e+02,4.183110000000000000e+05,1.326999999999999957e+00,1.883000000000000007e+00,-6.199999999999999956e-01,-5.520000000000000000e+02,-8.830000000000000071e-01,3.760000000000000000e+02,0.000000000000000000e+00,0.000000000000000000e+00,0.000000000000000000e+00,5.899999999999999689e-01,-5.530000000000000000e+02,-5.530000000000000000e+02,-3.200000000000000000e+02,0.000000000000000000e+00,4.410000000000000031e-01,8.810000000000000497e+00,3.579999999999999849e-01,0.000000000000000000e+00,0.000000000000000000e+00,-1.749999999999999889e-01,1.000000000000000000e+00,2.300000000000000100e-01,1.400000000000000000e+01,2.200000000000000000e+01
4.121434592000005068e+02,4.183310000000000000e+05,1.342000000000000082e+00,1.870000000000000107e+00,-1.459999999999999964e+00,-5.440000000000000000e+02,-8.699999999999999956e-01,3.700000000000000000e+02,0.000000000000000000e+00,0.000000000000000000e+00,0.000000000000000000e+00,1.000000000000000056e-01,-5.250000000000000000e+02,-5.250000000000000000e+02,-3.290000000000000000e+02,0.000000000000000000e+00,4.089999999999999747e-01,-3.580000000000000071e+00,-2.641000000000000014e-01,0.000000000000000000e+00,0.000000000000000000e+00,-2.010000000000000120e-01,1.000000000000000000e+00,2.250000000000000056e-01,1.500000000000000000e+01,2.200000000000000000e+01
4.121658982999997534e+02,4.183510000000000000e+05,1.354000000000000092e+00,1.929999999999999938e+00,1.189999999999999947e+00,-5.810000000000000000e+02,-9.300000000000000488e-01,3.500000000000000000e+02,0.000000000000000000e+00,0.000000000000000000e+00,0.000000000000000000e+00,1.080000000000000071e+00,-5.690000000000000000e+02,-5.690000000000000000e+02,-3.100000000000000000e+02,0.000000000000000000e+00,4.079999999999999738e-01,-2.500000000000000000e+00,-2.253999999999999893e-01,0.000000000000000000e+00,0.000000000000000000e+00,-2.100000000000000130e-02,1.000000000000000000e+00,2.500000000000000000e-01,1.500000000000000000e+01,2.200000000000000000e+01
4.121847035999999207e+02,4.183710000000000000e+05,1.340000000000000080e+00,1.802000000000000046e+00,-6.199999999999999956e-01,-5.010000000000000000e+02,-8.020000000000000462e-01,3.130000000000000000e+02,0.000000000000000000e+00,0.000000000000000000e+00,0.000000000000000000e+00,9.399999999999999467e-01,-5.680000000000000000e+02,-5.680000000000000000e+02,-3.500000000000000000e+02,0.000000000000000000e+00,4.050000000000000266e-01,-3.439999999999999947e+00,-2.454999999999999960e-01,0.000000000000000000e+00,0.000000000000000000e+00,0.000000000000000000e+00,1.000000000000000000e+00,2.349999999999999867e-01,1.700000000000000000e+01,2.200000000000000000e+01
4.122257379999991826e+02,4.184110000000000000e+05,1.290999999999999925e+00,1.860999999999999988e+00,-2.089999999999999858e+00,-5.380000000000000000e+02,-8.609999999999999876e-01,4.110000000000000000e+02,0.000000000000000000e+00,0.000000000000000000e+00,0.000000000000000000e+00,-2.500000000000000000e-01,-5.200000000000000000e+02,-5.200000000000000000e+02,-3.220000000000000000e+02,0.000000000000000000e+00,4.119999999999999774e-01,-8.599999999999999867e-01,-1.413000000000000089e-01,0.000000000000000000e+00,0.000000000000000000e+00,-3.400000000000000244e-02,1.000000000000000000e+00,2.469999999999999973e-01,1.300000000000000000e+01,2.200000000000000000e+01
4.122463029999998980e+02,4.184310000000000000e+05,1.252000000000000002e+00,1.774000000000000021e+00,-1.110000000000000098e+00,-4.840000000000000000e+02,-7.740000000000000213e-01,3.550000000000000000e+02,0.000000000000000000e+00,0.000000000000000000e+00,0.000000000000000000e+00,-8.100000000000000533e-01,-4.990000000000000000e+02,-4.990000000000000000e+02,-3.470000000000000000e+02,0.000000000000000000e+00,4.209999999999999853e-01,2.669999999999999929e+00,5.390000000000000346e-02,0.000000000000000000e+00,0.000000000000000000e+00,-4.700000000000000011e-02,1.000000000000000000e+00,2.290000000000000091e-01,1.400000000000000000e+01,2.200000000000000000e+01
4.122667626999991626e+02,4.184510000000000000e+05,1.217000000000000082e+00,1.810999999999999943e+00,-9.000000000000000222e-01,-5.070000000000000000e+02,-8.110000000000000542e-01,4.030000000000000000e+02,0.000000000000000000e+00,0.000000000000000000e+00,0.000000000000000000e+00,-3.900000000000000133e-01,-5.220000000000000000e+02,-5.220000000000000000e+02,-3.320000000000000000e+02,0.000000000000000000e+00,4.069999999999999729e-01,-7.190000000000000391e+00,-7.677000000000000490e-01,0.000000000000000000e+00,0.000000000000000000e+00,-1.330000000000000071e-01,1.000000000000000000e+00,1.890000000000000013e-01,1.600000000000000000e+01,2.200000000000000000e+01
4.122847082999996928e+02,4.184710000000000000e+05,1.165999999999999925e+00,1.766000000000000014e+00,-1.179999999999999938e+00,-4.790000000000000000e+02,-7.660000000000000142e-01,4.100000000000000000e+02,0.000000000000000000e+00,0.000000000000000000e+00,0.000000000000000000e+00,-1.100000000000000006e-01,-5.370000000000000000e+02,-5.370000000000000000e+02,-3.450000000000000000e+02,0.000000000000000000e+00,3.850000000000000089e-01,-1.114000000000000057e+01,-6.360000000000000098e-01,0.000000000000000000e+00,0.000000000000000000e+00,-1.299999999999999940e-02,1.000000000000000000e+00,2.369999999999999885e-01,1.300000000000000000e+01,2.200000000000000000e+01
4.123407805999995617e+02,4.185110000000000000e+05,1.084999999999999964e+00,1.760000000000000009e+00,-1.320000000000000062e+00,-4.750000000000000000e+02,-7.600000000000000089e-01,4.600000000000000000e+02,0.000000000000000000e+00,0.000000000000000000e+00,0.000000000000000000e+00,1.000000000000000056e-01,-5.460000000000000000e+02,-5.460000000000000000e+02,-3.460000000000000000e+02,0.000000000000000000e+00,3.850000000000000089e-01,-1.812999999999999901e+01,-1.000000000000000000e+00,0.000000000000000000e+00,0.000000000000000000e+00,4.000000000000000083e-03,1.000000000000000000e+00,1.829999999999999960e-01,1.700000000000000000e+01,2.200000000000000000e+01
4.123433110000005399e+02,4.185310000000000000e+05,1.036999999999999922e+00,1.774000000000000021e+00,-1.530000000000000027e+00,-4.840000000000000000e+02,-7.740000000000000213e-01,5.010000000000000000e+02,0.000000000000000000e+00,0.000000000000000000e+00,0.000000000000000000e+00,5.200000000000000178e-01,-5.660000000000000000e+02,-5.660000000000000000e+02,-3.460000000000000000e+02,0.000000000000000000e+00,4.079999999999999738e-01,-9.100000000000000311e-01,-1.794999999999999929e-01,0.000000000000000000e+00,0.000000000000000000e+00,4.000000000000000083e-03,1.000000000000000000e+00,2.039999999999999869e-01,1.500000000000000000e+01,2.200000000000000000e+01
4.123606846999991831e+02,4.185510000000000000e+05,1.008000000000000007e+00,1.806000000000000050e+00,-6.199999999999999956e-01,-5.040000000000000000e+02,-8.060000000000000497e-01,5.250000000000000000e+02,0.000000000000000000e+00,0.000000000000000000e+00,0.000000000000000000e+00,2.399999999999999911e-01,-5.510000000000000000e+02,-5.510000000000000000e+02,-3.380000000000000000e+02,0.000000000000000000e+00,4.129999999999999782e-01,-2.910000000000000142e+00,-4.536999999999999922e-01,0.000000000000000000e+00,0.000000000000000000e+00,2.599999999999999881e-02,1.000000000000000000e+00,1.920000000000000040e-01,1.600000000000000000e+01,2.200000000000000000e+01
4.123789978000004339e+02,4.185710000000000000e+05,9.779999999999999805e-01,1.875000000000000000e+00,-8.299999999999999600e-01,-5.470000000000000000e+02,-8.750000000000000000e-01,5.970000000000000000e+02,0.000000000000000000e+00,0.000000000000000000e+00,0.000000000000000000e+00,5.899999999999999689e-01,-5.680000000000000000e+02,-5.680000000000000000e+02,-3.250000000000000000e+02,0.000000000000000000e+00,3.920000000000000151e-01,-1.243999999999999950e+01,-1.000000000000000000e+00,0.000000000000000000e+00,0.000000000000000000e+00,2.599999999999999881e-02,1.000000000000000000e+00,2.000000000000000111e-01,1.400000000000000000e+01,2.200000000000000000e+01
4.124394395999988774e+02,4.186110000000000000e+05,9.399999999999999467e-01,1.895999999999999908e+00,1.000000000000000021e-02,-5.600000000000000000e+02,-8.960000000000000187e-01,6.200000000000000000e+02,0.000000000000000000e+00,0.000000000000000000e+00,0.000000000000000000e+00,1.010000000000000009e+00,-5.870000000000000000e+02,-5.870000000000000000e+02,-3.350000000000000000e+02,0.000000000000000000e+00,3.920000000000000151e-01,-1.272000000000000064e+01,-1.000000000000000000e+00,0.000000000000000000e+00,0.000000000000000000e+00,0.000000000000000000e+00,1.000000000000000000e+00,1.890000000000000013e-01,1.600000000000000000e+01,2.200000000000000000e+01
4.124417296999999962e+02,4.186310000000000000e+05,9.379999999999999449e-01,1.925000000000000044e+00,5.600000000000000533e-01,-5.780000000000000000e+02,-9.250000000000000444e-01,6.310000000000000000e+02,0.000000000000000000e+00,0.000000000000000000e+00,0.000000000000000000e+00,1.780000000000000027e+00,-6.230000000000000000e+02,-6.230000000000000000e+02,-3.380000000000000000e+02,0.000000000000000000e+00,3.850000000000000089e-01,-8.570000000000000284e+00,-5.079000000000000181e-01,0.000000000000000000e+00,0.000000000000000000e+00,0.000000000000000000e+00,1.000000000000000000e+00,2.089999999999999913e-01,1.400000000000000000e+01,2.200000000000000000e+01
4.124605694000001677e+02,4.186510000000000000e+05,9.509999999999999565e-01,1.893000000000000016e+00,1.610000000000000098e+00,-5.580000000000000000e+02,-8.930000000000000160e-01,5.850000000000000000e+02,0.000000000000000000e+00,0.000000000000000000e+00,0.000000000000000000e+00,1.500000000000000000e+00,-6.290000000000000000e+02,-6.290000000000000000e+02,-3.620000000000000000e+02,0.000000000000000000e+00,3.940000000000000169e-01,-9.669999999999999929e+00,-8.108999999999999542e-01,0.000000000000000000e+00,0.000000000000000000e+00,8.999999999999999320e-03,1.000000000000000000e+00,1.960000000000000075e-01,1.600000000000000000e+01,2.200000000000000000e+01
4.124785948999997345e+02,4.186710000000000000e+05,9.819999999999999840e-01,1.973000000000000087e+00,1.889999999999999902e+00,-6.080000000000000000e+02,-9.729999999999999760e-01,6.080000000000000000e+02,0.000000000000000000e+00,0.000000000000000000e+00,0.000000000000000000e+00,1.219999999999999973e+00,-6.230000000000000000e+02,-6.230000000000000000e+02,-3.460000000000000000e+02,0.000000000000000000e+00,3.910000000000000142e-01,-9.169999999999999929e+00,-7.356000000000000316e-01,0.000000000000000000e+00,0.000000000000000000e+00,1.299999999999999940e-02,1.000000000000000000e+00,2.099999999999999922e-01,1.400000000000000000e+01,2.200000000000000000e+01
4.125427006999998412e+02,4.187110000000000000e+05,1.054000000000000048e+00,2.059000000000000163e+00,2.729999999999999982e+00,-6.620000000000000000e+02,-1.058999999999999941e+00,6.010000000000000000e+02,0.000000000000000000e+00,0.000000000000000000e+00,0.000000000000000000e+00,3.800000000000000044e-01,-5.760000000000000000e+02,-5.760000000000000000e+02,-3.390000000000000000e+02,0.000000000000000000e+00,4.010000000000000231e-01,-4.610000000000000320e+00,-3.341000000000000081e-01,0.000000000000000000e+00,0.000000000000000000e+00,3.400000000000000244e-02,1.000000000000000000e+00,2.800000000000000266e-01,1.100000000000000000e+01,2.200000000000000000e+01
4.125443737999994482e+02,4.187310000000000000e+05,1.092999999999999972e+00,2.083000000000000185e+00,2.939999999999999947e+00,-6.770000000000000000e+02,-1.082999999999999963e+00,5.900000000000000000e+02,0.000000000000000000e+00,0.000000000000000000e+00,0.000000000000000000e+00,-1.020000000000000018e+00,-5.130000000000000000e+02,-5.130000000000000000e+02,-3.420000000000000000e+02,0.000000000000000000e+00,4.010000000000000231e-01,-8.769999999999999574e+00,-8.628000000000000114e-01,0.000000000000000000e+00,0.000000000000000000e+00,8.599999999999999312e-02,1.000000000000000000e+00,2.059999999999999887e-01,1.300000000000000000e+01,2.200000000000000000e+01
4.125645623000000342e+02,4.187510000000000000e+05,1.143000000000000016e+00,2.104000000000000092e+00,3.640000000000000124e+00,-6.900000000000000000e+02,-1.104000000000000092e+00,5.550000000000000000e+02,0.000000000000000000e+00,0.000000000000000000e+00,0.000000000000000000e+00,-3.900000000000000133e-01,-5.480000000000000000e+02,-5.480000000000000000e+02,-3.460000000000000000e+02,0.000000000000000000e+00,4.249999999999999889e-01,4.940000000000000391e+00,1.305999999999999939e-01,0.000000000000000000e+00,0.000000000000000000e+00,8.999999999999999667e-02,1.000000000000000000e+00,2.630000000000000115e-01,9.000000000000000000e+00,2.200000000000000000e+01
4.125819429000002856e+02,4.187710000000000000e+05,1.183000000000000052e+00,2.107000000000000206e+00,1.399999999999999911e+00,-6.920000000000000000e+02,-1.106999999999999984e+00,5.770000000000000000e+02,0.000000000000000000e+00,0.000000000000000000e+00,0.000000000000000000e+00,-1.229999999999999982e+00,-5.070000000000000000e+02,-5.070000000000000000e+02,-3.460000000000000000e+02,0.000000000000000000e+00,4.179999999999999827e-01,-1.400000000000000133e-01,-1.443000000000000116e-01,0.000000000000000000e+00,0.000000000000000000e+00,1.150000000000000050e-01,1.000000000000000000e+00,2.399999999999999911e-01,7.000000000000000000e+00,2.200000000000000000e+01
4.126233147999992070e+02,4.188110000000000000e+05,1.270999999999999908e+00,2.109999999999999876e+00,2.379999999999999893e+00,-6.940000000000000000e+02,-1.110000000000000098e+00,5.060000000000000000e+02,0.000000000000000000e+00,0.000000000000000000e+00,0.000000000000000000e+00,-1.860000000000000098e+00,-4.400000000000000000e+02,-4.400000000000000000e+02,-3.470000000000000000e+02,0.000000000000000000e+00,4.030000000000000249e-01,-3.620000000000000107e+00,-2.551999999999999824e-01,0.000000000000000000e+00,0.000000000000000000e+00,1.499999999999999944e-01,1.000000000000000000e+00,2.640000000000000124e-01,1.000000000000000000e+00,2.200000000000000000e+01
4.126426195999993070e+02,4.188310000000000000e+05,1.322000000000000064e+00,2.100999999999999979e+00,2.240000000000000213e+00,-6.880000000000000000e+02,-1.100999999999999979e+00,4.650000000000000000e+02,0.000000000000000000e+00,0.000000000000000000e+00,0.000000000000000000e+00,-1.370000000000000107e+00,-4.500000000000000000e+02,-4.500000000000000000e+02,-3.440000000000000000e+02,0.000000000000000000e+00,4.229999999999999871e-01,8.000000000000000444e-01,-1.189999999999999947e-01,0.000000000000000000e+00,0.000000000000000000e+00,1.069999999999999979e-01,1.000000000000000000e+00,2.439999999999999947e-01,2.000000000000000000e+00,2.200000000000000000e+01
4.126639092999994318e+02,4.188510000000000000e+05,1.342999999999999972e+00,2.084999999999999964e+00,2.799999999999999822e+00,-6.780000000000000000e+02,-1.084999999999999964e+00,4.340000000000000000e+02,0.000000000000000000e+00,0.000000000000000000e+00,0.000000000000000000e+00,-1.510000000000000009e+00,-4.430000000000000000e+02,-4.430000000000000000e+02,-3.390000000000000000e+02,0.000000000000000000e+00,4.339999999999999969e-01,6.799999999999999822e+00,2.230999999999999928e-01,0.000000000000000000e+00,0.000000000000000000e+00,1.280000000000000027e-01,1.000000000000000000e+00,2.250000000000000056e-01,5.000000000000000000e+00,2.200000000000000000e+01
4.126771193999993557e+02,4.188710000000000000e+05,1.342999999999999972e+00,2.072000000000000064e+00,3.499999999999999778e-01,-6.700000000000000000e+02,-1.072000000000000064e+00,4.690000000000000000e+02,0.000000000000000000e+00,0.000000000000000000e+00,0.000000000000000000e+00,-2.069999999999999840e+00,-3.980000000000000000e+02,-3.980000000000000000e+02,-3.350000000000000000e+02,0.000000000000000000e+00,4.239999999999999880e-01,1.120000000000000107e+00,-1.479999999999999927e-01,0.000000000000000000e+00,0.000000000000000000e+00,2.010000000000000120e-01,1.000000000000000000e+00,2.129999999999999949e-01,7.000000000000000000e+00,2.200000000000000000e+01
4.127397629999995843e+02,4.189110000000000000e+05,1.366999999999999993e+00,2.040000000000000036e+00,-1.179999999999999938e+00,-6.500000000000000000e+02,-1.040000000000000036e+00,4.660000000000000000e+02,0.000000000000000000e+00,0.000000000000000000e+00,0.000000000000000000e+00,-1.799999999999999933e-01,-4.550000000000000000e+02,-4.550000000000000000e+02,-3.250000000000000000e+02,0.000000000000000000e+00,4.229999999999999871e-01,2.020000000000000018e+00,-1.285000000000000031e-01,0.000000000000000000e+00,0.000000000000000000e+00,7.299999999999999545e-02,1.000000000000000000e+00,1.970000000000000084e-01,7.000000000000000000e+00,2.200000000000000000e+01
4.127431510999995226e+02,4.189310000000000000e+05,1.348999999999999977e+00,2.021999999999999797e+00,-1.949999999999999956e+00,-6.390000000000000000e+02,-1.022000000000000020e+00,4.680000000000000000e+02,0.000000000000000000e+00,0.000000000000000000e+00,0.000000000000000000e+00,-1.100000000000000006e-01,-4.570000000000000000e+02,-4.570000000000000000e+02,-3.200000000000000000e+02,0.000000000000000000e+00,4.000000000000000222e-01,-3.799999999999999822e+00,-2.908000000000000029e-01,0.000000000000000000e+00,0.000000000000000000e+00,2.479999999999999982e-01,1.000000000000000000e+00,2.139999999999999958e-01,7.000000000000000000e+00,2.200000000000000000e+01
4.127621031999988190e+02,4.189510000000000000e+05,1.344000000000000083e+00,2.003000000000000114e+00,-1.530000000000000027e+00,-6.270000000000000000e+02,-1.002999999999999892e+00,4.630000000000000000e+02,0.000000000000000000e+00,0.000000000000000000e+00,0.000000000000000000e+00,-1.159999999999999920e+00,-4.040000000000000000e+02,-4.040000000000000000e+02,-3.140000000000000000e+02,0.000000000000000000e+00,4.199999999999999845e-01,5.690000000000000391e+00,2.852999999999999980e-01,0.000000000000000000e+00,0.000000000000000000e+00,8.599999999999999312e-02,1.000000000000000000e+00,1.970000000000000084e-01,1.000000000000000000e+01,2.200000000000000000e+01
4.127799113000000943e+02,4.189710000000000000e+05,1.316999999999999948e+00,1.991999999999999993e+00,-2.020000000000000018e+00,-6.200000000000000000e+02,-9.919999999999999929e-01,4.720000000000000000e+02,0.000000000000000000e+00,0.000000000000000000e+00,0.000000000000000000e+00,-1.439999999999999947e+00,-3.910000000000000000e+02,-3.910000000000000000e+02,-3.100000000000000000e+02,0.000000000000000000e+00,4.189999999999999836e-01,4.150000000000000355e+00,1.098999999999999977e-01,0.000000000000000000e+00,0.000000000000000000e+00,9.400000000000000022e-02,1.000000000000000000e+00,1.459999999999999909e-01,1.200000000000000000e+01,2.200000000000000000e+01
4.128238958000001730e+02,4.190110000000000000e+05,1.239999999999999991e+00,1.961999999999999966e+00,-2.580000000000000071e+00,-6.010000000000000000e+02,-9.619999999999999662e-01,5.170000000000000000e+02,0.000000000000000000e+00,0.000000000000000000e+00,0.000000000000000000e+00,-1.090000000000000080e+00,-3.970000000000000000e+02,-3.970000000000000000e+02,-3.010000000000000000e+02,0.000000000000000000e+00,4.269999999999999907e-01,6.879999999999999893e+00,-1.277000000000000079e-01,0.000000000000000000e+00,0.000000000000000000e+00,1.069999999999999979e-01,1.000000000000000000e+00,1.469999999999999918e-01,1.300000000000000000e+01,2.200000000000000000e+01
4.128436650000003283e+02,4.190310000000000000e+05,1.199000000000000066e+00,1.953999999999999959e+00,-2.020000000000000018e+00,-5.960000000000000000e+02,-9.539999999999999591e-01,5.210000000000000000e+02,0.000000000000000000e+00,0.000000000000000000e+00,0.000000000000000000e+00,-6.700000000000000400e-01,-4.190000000000000000e+02,-4.190000000000000000e+02,-2.980000000000000000e+02,0.000000000000000000e+00,0.000000000000000000e+00,0.000000000000000000e+00,0.000000000000000000e+00,0.000000000000000000e+00,0.000000000000000000e+00,1.700000000000000122e-02,1.000000000000000000e+00,0.000000000000000000e+00,0.000000000000000000e+00,1.800000000000000000e+01
4.128614636999991490e+02,4.190510000000000000e+05,1.135000000000000009e+00,1.945999999999999952e+00,-2.720000000000000195e+00,-5.910000000000000000e+02,-9.459999999999999520e-01,5.730000000000000000e+02,0.000000000000000000e+00,0.000000000000000000e+00,0.000000000000000000e+00,-1.300000000000000044e+00,-3.800000000000000000e+02,-3.800000000000000000e+02,-2.960000000000000000e+02,0.000000000000000000e+00,0.000000000000000000e+00,0.000000000000000000e+00,0.000000000000000000e+00,0.000000000000000000e+00,0.000000000000000000e+00,2.100000000000000130e-02,1.000000000000000000e+00,0.000000000000000000e+00,0.000000000000000000e+00,1.800000000000000000e+01
4.128795479999989766e+02,4.190710000000000000e+05,1.068999999999999950e+00,1.941000000000000059e+00,-4.610000000000000320e+00,-5.880000000000000000e+02,-9.409999999999999476e-01,6.530000000000000000e+02,0.000000000000000000e+00,0.000000000000000000e+00,0.000000000000000000e+00,1.360000000000000098e+00,-5.000000000000000000e+02,-5.000000000000000000e+02,-2.940000000000000000e+02,0.000000000000000000e+00,0.000000000000000000e+00,0.000000000000000000e+00,0.000000000000000000e+00,0.000000000000000000e+00,0.000000000000000000e+00,1.280000000000000027e-01,1.000000000000000000e+00,0.000000000000000000e+00,2.000000000000000000e+01,1.800000000000000000e+01
4.129415162000004784e+02,4.191110000000000000e+05,1.151000000000000023e+00,1.949000000000000066e+00,-9.789999999999999147e+00,-5.930000000000000000e+02,-9.489999999999999547e-01,6.800000000000000000e+02,0.000000000000000000e+00,0.000000000000000000e+00,0.000000000000000000e+00,1.709999999999999964e+00,-5.590000000000000000e+02,-5.590000000000000000e+02,-2.970000000000000000e+02,0.000000000000000000e+00,0.000000000000000000e+00,0.000000000000000000e+00,0.000000000000000000e+00,0.000000000000000000e+00,0.000000000000000000e+00,8.599999999999999312e-02,1.000000000000000000e+00,0.000000000000000000e+00,0.000000000000000000e+00,1.800000000000000000e+01
4.129488062999989779e+02,4.191310000000000000e+05,1.183000000000000052e+00,1.887999999999999901e+00,-6.849999999999999645e+00,-5.550000000000000000e+02,-8.880000000000000115e-01,5.820000000000000000e+02,0.000000000000000000e+00,0.000000000000000000e+00,0.000000000000000000e+00,-1.439999999999999947e+00,-4.060000000000000000e+02,-4.060000000000000000e+02,-3.300000000000000000e+02,0.000000000000000000e+00,0.000000000000000000e+00,0.000000000000000000e+00,0.000000000000000000e+00,0.000000000000000000e+00,0.000000000000000000e+00,1.449999999999999900e-01,1.000000000000000000e+00,0.000000000000000000e+00,0.000000000000000000e+00,1.800000000000000000e+01
4.129637760000005073e+02,4.191510000000000000e+05,1.219000000000000083e+00,2.032000000000000028e+00,-4.049999999999999822e+00,-6.450000000000000000e+02,-1.032000000000000028e+00,6.090000000000000000e+02,0.000000000000000000e+00,0.000000000000000000e+00,0.000000000000000000e+00,-2.000000000000000000e+00,-3.550000000000000000e+02,-3.550000000000000000e+02,-2.950000000000000000e+02,0.000000000000000000e+00,0.000000000000000000e+00,0.000000000000000000e+00,0.000000000000000000e+00,0.000000000000000000e+00,0.000000000000000000e+00,4.000000000000000083e-03,1.000000000000000000e+00,0.000000000000000000e+00,0.000000000000000000e+00,1.800000000000000000e+01
4.129844042999993690e+02,4.191710000000000000e+05,1.122999999999999998e+00,1.995000000000000107e+00,-2.299999999999999822e+00,-6.220000000000000000e+02,-9.949999999999999956e-01,6.080000000000000000e+02,0.000000000000000000e+00,0.000000000000000000e+00,0.000000000000000000e+00,-1.229999999999999982e+00,-3.660000000000000000e+02,-3.660000000000000000e+02,-3.010000000000000000e+02,0.000000000000000000e+00,0.000000000000000000e+00,0.000000000000000000e+00,0.000000000000000000e+00,0.000000000000000000e+00,0.000000000000000000e+00,2.100000000000000130e-02,1.000000000000000000e+00,0.000000000000000000e+00,0.000000000000000000e+00,1.800000000000000000e+01
4.130279472999991413e+02,4.192110000000000000e+05,9.270000000000000462e-01,2.120000000000000107e+00,-5.660000000000000142e+00,-7.000000000000000000e+02,-1.120000000000000107e+00,8.740000000000000000e+02,0.000000000000000000e+00,0.000000000000000000e+00,0.000000000000000000e+00,5.200000000000000178e-01,-4.510000000000000000e+02,-4.510000000000000000e+02,-2.580000000000000000e+02,0.000000000000000000e+00,0.000000000000000000e+00,0.000000000000000000e+00,0.000000000000000000e+00,0.000000000000000000e+00,0.000000000000000000e+00,2.690000000000000169e-01,1.000000000000000000e+00,0.000000000000000000e+00,0.000000000000000000e+00,1.800000000000000000e+01
4.130426943000002211e+02,4.192310000000000000e+05,8.719999999999999973e-01,2.193999999999999950e+00,1.000000000000000021e-02,-7.460000000000000000e+02,-1.193999999999999950e+00,8.540000000000000000e+02,0.000000000000000000e+00,0.000000000000000000e+00,0.000000000000000000e+00,-3.900000000000000133e-01,-4.070000000000000000e+02,-4.070000000000000000e+02,-2.470000000000000000e+02,0.000000000000000000e+00,0.000000000000000000e+00,0.000000000000000000e+00,0.000000000000000000e+00,0.000000000000000000e+00,0.000000000000000000e+00,5.099999999999999672e-02,1.000000000000000000e+00,0.000000000000000000e+00,0.000000000000000000e+00,1.800000000000000000e+01
4.130637793999994756e+02,4.192510000000000000e+05,8.299999999999999600e-01,2.248000000000000220e+00,-2.000000000000000111e-01,-7.800000000000000000e+02,-1.247999999999999998e+00,9.240000000000000000e+02,0.000000000000000000e+00,0.000000000000000000e+00,0.000000000000000000e+00,-2.140000000000000124e+00,-3.210000000000000000e+02,-3.210000000000000000e+02,-2.350000000000000000e+02,0.000000000000000000e+00,0.000000000000000000e+00,0.000000000000000000e+00,0.000000000000000000e+00,0.000000000000000000e+00,0.000000000000000000e+00,1.280000000000000027e-01,1.000000000000000000e+00,0.000000000000000000e+00,0.000000000000000000e+00,1.800000000000000000e+01
4.130803725999994640e+02,4.192710000000000000e+05,7.900000000000000355e-01,2.301000000000000156e+00,-3.400000000000000244e-01,-8.130000000000000000e+02,-1.300999999999999934e+00,9.800000000000000000e+02,0.000000000000000000e+00,0.000000000000000000e+00,0.000000000000000000e+00,-1.510000000000000009e+00,-3.560000000000000000e+02,-3.560000000000000000e+02,-2.390000000000000000e+02,0.000000000000000000e+00,0.000000000000000000e+00,0.000000000000000000e+00,0.000000000000000000e+00,0.000000000000000000e+00,0.000000000000000000e+00,-3.400000000000000244e-02,1.000000000000000000e+00,0.000000000000000000e+00,0.000000000000000000e+00,1.800000000000000000e+01
4.131413181999996596e+02,4.193110000000000000e+05,7.950000000000000400e-01,2.487999999999999989e+00,3.359999999999999876e+00,-9.300000000000000000e+02,-1.487999999999999989e+00,1.036000000000000000e+03,0.000000000000000000e+00,0.000000000000000000e+00,0.000000000000000000e+00,2.060000000000000053e+00,-5.370000000000000000e+02,-5.370000000000000000e+02,-2.160000000000000000e+02,0.000000000000000000e+00,0.000000000000000000e+00,0.000000000000000000e+00,0.000000000000000000e+00,0.000000000000000000e+00,0.000000000000000000e+00,2.999999999999999889e-02,1.000000000000000000e+00,0.000000000000000000e+00,0.000000000000000000e+00,1.800000000000000000e+01
4.131433878999996523e+02,4.193310000000000000e+05,8.469999999999999751e-01,2.531000000000000139e+00,5.250000000000000000e+00,-9.570000000000000000e+02,-1.530999999999999917e+00,9.940000000000000000e+02,0.000000000000000000e+00,0.000000000000000000e+00,0.000000000000000000e+00,1.219999999999999973e+00,-5.150000000000000000e+02,-5.150000000000000000e+02,-2.270000000000000000e+02,0.000000000000000000e+00,0.000000000000000000e+00,0.000000000000000000e+00,0.000000000000000000e+00,0.000000000000000000e+00,0.000000000000000000e+00,3.400000000000000244e-02,1.000000000000000000e+00,0.000000000000000000e+00,0.000000000000000000e+00,1.800000000000000000e+01
4.131624854000001505e+02,4.193510000000000000e+05,9.270000000000000462e-01,2.536000000000000032e+00,3.359999999999999876e+00,-9.600000000000000000e+02,-1.536000000000000032e+00,1.007000000000000000e+03,0.000000000000000000e+00,0.000000000000000000e+00,0.000000000000000000e+00,1.080000000000000071e+00,-5.250000000000000000e+02,-5.250000000000000000e+02,-2.540000000000000000e+02,0.000000000000000000e+00,0.000000000000000000e+00,0.000000000000000000e+00,0.000000000000000000e+00,0.000000000000000000e+00,0.000000000000000000e+00,2.349999999999999867e-01,1.000000000000000000e+00,0.000000000000000000e+00,0.000000000000000000e+00,1.800000000000000000e+01
4.131799436999990576e+02,4.193710000000000000e+05,1.006000000000000005e+00,2.563000000000000167e+00,4.480000000000000426e+00,-9.770000000000000000e+02,-1.562999999999999945e+00,9.270000000000000000e+02,0.000000000000000000e+00,0.000000000000000000e+00,0.000000000000000000e+00,-2.279999999999999805e+00,-3.540000000000000000e+02,-3.540000000000000000e+02,-2.740000000000000000e+02,0.000000000000000000e+00,0.000000000000000000e+00,0.000000000000000000e+00,0.000000000000000000e+00,0.000000000000000000e+00,0.000000000000000000e+00,5.600000000000000117e-02,1.000000000000000000e+00,0.000000000000000000e+00,0.000000000000000000e+00,1.800000000000000000e+01
4.132253239999990910e+02,4.194110000000000000e+05,1.223999999999999977e+00,2.625999999999999890e+00,3.290000000000000036e+00,-1.016000000000000000e+03,-1.625999999999999890e+00,8.500000000000000000e+02,0.000000000000000000e+00,0.000000000000000000e+00,0.000000000000000000e+00,-3.399999999999999911e+00,-2.500000000000000000e+02,-2.500000000000000000e+02,-2.840000000000000000e+02,0.000000000000000000e+00,0.000000000000000000e+00,0.000000000000000000e+00,0.000000000000000000e+00,0.000000000000000000e+00,0.000000000000000000e+00,-1.700000000000000122e-02,1.000000000000000000e+00,0.000000000000000000e+00,0.000000000000000000e+00,1.800000000000000000e+01
4.132434267999997246e+02,4.194310000000000000e+05,1.306999999999999940e+00,2.637000000000000011e+00,3.569999999999999840e+00,-1.023000000000000000e+03,-1.637000000000000011e+00,7.950000000000000000e+02,0.000000000000000000e+00,0.000000000000000000e+00,0.000000000000000000e+00,-2.629999999999999893e+00,-2.620000000000000000e+02,-2.620000000000000000e+02,-2.820000000000000000e+02,0.000000000000000000e+00,0.000000000000000000e+00,0.000000000000000000e+00,0.000000000000000000e+00,0.000000000000000000e+00,0.000000000000000000e+00,-2.100000000000000130e-02,1.000000000000000000e+00,0.000000000000000000e+00,1.000000000000000000e+00,1.800000000000000000e+01
4.132610150999989855e+02,4.194510000000000000e+05,1.401000000000000023e+00,2.648000000000000131e+00,4.620000000000000107e+00,-1.030000000000000000e+03,-1.647999999999999909e+00,7.250000000000000000e+02,0.000000000000000000e+00,0.000000000000000000e+00,0.000000000000000000e+00,2.999999999999999889e-02,-3.810000000000000000e+02,-3.810000000000000000e+02,-2.730000000000000000e+02,0.000000000000000000e+00,0.000000000000000000e+00,0.000000000000000000e+00,0.000000000000000000e+00,0.000000000000000000e+00,0.000000000000000000e+00,-4.000000000000000083e-03,1.000000000000000000e+00,0.000000000000000000e+00,1.000000000000000000e+00,1.800000000000000000e+01
4.132790562999998656e+02,4.194710000000000000e+05,1.475000000000000089e+00,2.645999999999999908e+00,4.339999999999999858e+00,-1.029000000000000000e+03,-1.645999999999999908e+00,6.800000000000000000e+02,0.000000000000000000e+00,0.000000000000000000e+00,0.000000000000000000e+00,6.600000000000000311e-01,-4.070000000000000000e+02,-4.070000000000000000e+02,-2.650000000000000000e+02,0.000000000000000000e+00,0.000000000000000000e+00,0.000000000000000000e+00,0.000000000000000000e+00,0.000000000000000000e+00,0.000000000000000000e+00,4.000000000000000083e-03,1.000000000000000000e+00,0.000000000000000000e+00,1.000000000000000000e+00,1.800000000000000000e+01
4.133451230999999098e+02,4.195110000000000000e+05,1.608000000000000096e+00,2.624000000000000110e+00,1.959999999999999964e+00,-1.015000000000000000e+03,-1.624000000000000110e+00,6.240000000000000000e+02,0.000000000000000000e+00,0.000000000000000000e+00,0.000000000000000000e+00,-1.100000000000000006e-01,-3.710000000000000000e+02,-3.710000000000000000e+02,-2.550000000000000000e+02,0.000000000000000000e+00,0.000000000000000000e+00,0.000000000000000000e+00,0.000000000000000000e+00,0.000000000000000000e+00,0.000000000000000000e+00,-2.100000000000000130e-02,1.000000000000000000e+00,0.000000000000000000e+00,1.000000000000000000e+00,1.800000000000000000e+01
4.133455635999998776e+02,4.195310000000000000e+05,1.649000000000000021e+00,2.604999999999999982e+00,1.540000000000000036e+00,-1.003000000000000000e+03,-1.604999999999999982e+00,5.920000000000000000e+02,0.000000000000000000e+00,0.000000000000000000e+00,0.000000000000000000e+00,-3.200000000000000067e-01,-3.600000000000000000e+02,-3.600000000000000000e+02,-2.530000000000000000e+02,0.000000000000000000e+00,0.000000000000000000e+00,0.000000000000000000e+00,0.000000000000000000e+00,0.000000000000000000e+00,0.000000000000000000e+00,-5.999999999999999778e-02,1.000000000000000000e+00,0.000000000000000000e+00,1.000000000000000000e+00,1.800000000000000000e+01
4.133636257999987720e+02,4.195510000000000000e+05,1.687000000000000055e+00,2.571000000000000174e+00,-6.199999999999999956e-01,-9.820000000000000000e+02,-1.570999999999999952e+00,5.910000000000000000e+02,0.000000000000000000e+00,0.000000000000000000e+00,0.000000000000000000e+00,1.639999999999999902e+00,-4.530000000000000000e+02,-4.530000000000000000e+02,-2.520000000000000000e+02,0.000000000000000000e+00,0.000000000000000000e+00,0.000000000000000000e+00,0.000000000000000000e+00,0.000000000000000000e+00,0.000000000000000000e+00,-7.299999999999999545e-02,1.000000000000000000e+00,0.000000000000000000e+00,1.000000000000000000e+00,1.800000000000000000e+01
4.133863192999997409e+02,4.195710000000000000e+05,1.693999999999999950e+00,2.540999999999999925e+00,-6.199999999999999956e-01,-9.630000000000000000e+02,-1.540999999999999925e+00,5.590000000000000000e+02,0.000000000000000000e+00,0.000000000000000000e+00,0.000000000000000000e+00,1.010000000000000009e+00,-4.220000000000000000e+02,-4.220000000000000000e+02,-2.510000000000000000e+02,0.000000000000000000e+00,0.000000000000000000e+00,0.000000000000000000e+00,0.000000000000000000e+00,0.000000000000000000e+00,0.000000000000000000e+00,-5.600000000000000117e-02,1.000000000000000000e+00,0.000000000000000000e+00,1.000000000000000000e+00,1.800000000000000000e+01
4.134257335999991483e+02,4.196110000000000000e+05,1.661999999999999922e+00,2.462000000000000188e+00,-1.600000000000000089e+00,-9.140000000000000000e+02,-1.461999999999999966e+00,5.470000000000000000e+02,0.000000000000000000e+00,0.000000000000000000e+00,0.000000000000000000e+00,8.699999999999999956e-01,-4.130000000000000000e+02,-4.130000000000000000e+02,-2.500000000000000000e+02,0.000000000000000000e+00,0.000000000000000000e+00,0.000000000000000000e+00,0.000000000000000000e+00,0.000000000000000000e+00,0.000000000000000000e+00,-1.150000000000000050e-01,1.000000000000000000e+00,0.000000000000000000e+00,1.000000000000000000e+00,1.800000000000000000e+01
4.134437791000000288e+02,4.196310000000000000e+05,1.604999999999999982e+00,2.411000000000000032e+00,-2.299999999999999822e+00,-8.820000000000000000e+02,-1.411000000000000032e+00,5.670000000000000000e+02,0.000000000000000000e+00,0.000000000000000000e+00,0.000000000000000000e+00,1.709999999999999964e+00,-4.530000000000000000e+02,-4.530000000000000000e+02,-2.560000000000000000e+02,0.000000000000000000e+00,0.000000000000000000e+00,0.000000000000000000e+00,0.000000000000000000e+00,0.000000000000000000e+00,0.000000000000000000e+00,-6.400000000000000133e-02,1.000000000000000000e+00,0.000000000000000000e+00,1.000000000000000000e+00,1.800000000000000000e+01
4.134630804999997054e+02,4.196510000000000000e+05,1.540000000000000036e+00,2.427000000000000046e+00,-3.069999999999999840e+00,-8.920000000000000000e+02,-1.427000000000000046e+00,6.310000000000000000e+02,0.000000000000000000e+00,0.000000000000000000e+00,0.000000000000000000e+00,1.290000000000000036e+00,-4.300000000000000000e+02,-4.300000000000000000e+02,-2.400000000000000000e+02,0.000000000000000000e+00,0.000000000000000000e+00,0.000000000000000000e+00,0.000000000000000000e+00,0.000000000000000000e+00,0.000000000000000000e+00,-9.400000000000000022e-02,1.000000000000000000e+00,0.000000000000000000e+00,1.000000000000000000e+00,1.800000000000000000e+01
4.134803578999999445e+02,4.196710000000000000e+05,1.491999999999999993e+00,2.428999999999999826e+00,-4.469999999999999751e+00,-8.930000000000000000e+02,-1.429000000000000048e+00,6.900000000000000000e+02,0.000000000000000000e+00,0.000000000000000000e+00,0.000000000000000000e+00,1.780000000000000027e+00,-4.480000000000000000e+02,-4.480000000000000000e+02,-2.340000000000000000e+02,0.000000000000000000e+00,0.000000000000000000e+00,0.000000000000000000e+00,0.000000000000000000e+00,0.000000000000000000e+00,0.000000000000000000e+00,-8.999999999999999667e-02,1.000000000000000000e+00,0.000000000000000000e+00,1.000000000000000000e+00,1.800000000000000000e+01
4.135449788000005356e+02,4.197110000000000000e+05,1.358999999999999986e+00,2.454000000000000181e+00,-2.229999999999999982e+00,-9.090000000000000000e+02,-1.453999999999999959e+00,7.470000000000000000e+02,0.000000000000000000e+00,0.000000000000000000e+00,0.000000000000000000e+00,2.410000000000000142e+00,-5.050000000000000000e+02,-5.050000000000000000e+02,-2.210000000000000000e+02,0.000000000000000000e+00,0.000000000000000000e+00,0.000000000000000000e+00,0.000000000000000000e+00,0.000000000000000000e+00,0.000000000000000000e+00,-1.409999999999999865e-01,1.000000000000000000e+00,0.000000000000000000e+00,1.000000000000000000e+00,1.800000000000000000e+01
4.135455198999989079e+02,4.197310000000000000e+05,1.256999999999999895e+00,2.420999999999999819e+00,-3.419999999999999929e+00,-8.880000000000000000e+02,-1.421000000000000041e+00,8.130000000000000000e+02,0.000000000000000000e+00,0.000000000000000000e+00,0.000000000000000000e+00,1.919999999999999929e+00,-5.090000000000000000e+02,-5.090000000000000000e+02,-2.320000000000000000e+02,0.000000000000000000e+00,0.000000000000000000e+00,0.000000000000000000e+00,0.000000000000000000e+00,0.000000000000000000e+00,0.000000000000000000e+00,-4.700000000000000011e-02,1.000000000000000000e+00,0.000000000000000000e+00,1.000000000000000000e+00,1.800000000000000000e+01
4.135633729000001040e+02,4.197510000000000000e+05,1.215999999999999970e+00,2.375999999999999890e+00,-1.949999999999999956e+00,-8.600000000000000000e+02,-1.375999999999999890e+00,7.800000000000000000e+02,0.000000000000000000e+00,0.000000000000000000e+00,0.000000000000000000e+00,5.899999999999999689e-01,-4.510000000000000000e+02,-4.510000000000000000e+02,-2.550000000000000000e+02,0.000000000000000000e+00,0.000000000000000000e+00,0.000000000000000000e+00,0.000000000000000000e+00,0.000000000000000000e+00,0.000000000000000000e+00,-1.539999999999999980e-01,1.000000000000000000e+00,0.000000000000000000e+00,1.000000000000000000e+00,1.800000000000000000e+01
4.135816740999998729e+02,4.197710000000000000e+05,1.157999999999999918e+00,2.411000000000000032e+00,-4.259999999999999787e+00,-8.820000000000000000e+02,-1.411000000000000032e+00,8.880000000000000000e+02,0.000000000000000000e+00,0.000000000000000000e+00,0.000000000000000000e+00,9.399999999999999467e-01,-4.670000000000000000e+02,-4.670000000000000000e+02,-2.550000000000000000e+02,0.000000000000000000e+00,0.000000000000000000e+00,0.000000000000000000e+00,0.000000000000000000e+00,0.000000000000000000e+00,0.000000000000000000e+00,-4.700000000000000011e-02,1.000000000000000000e+00,0.000000000000000000e+00,1.000000000000000000e+00,1.800000000000000000e+01
4.136244349999997212e+02,4.198110000000000000e+05,1.108999999999999986e+00,2.482000000000000206e+00,4.199999999999999845e-01,-9.260000000000000000e+02,-1.481999999999999984e+00,8.780000000000000000e+02,0.000000000000000000e+00,0.000000000000000000e+00,0.000000000000000000e+00,8.699999999999999956e-01,-4.700000000000000000e+02,-4.700000000000000000e+02,-2.540000000000000000e+02,0.000000000000000000e+00,0.000000000000000000e+00,0.000000000000000000e+00,0.000000000000000000e+00,0.000000000000000000e+00,0.000000000000000000e+00,-9.400000000000000022e-02,1.000000000000000000e+00,0.000000000000000000e+00,1.000000000000000000e+00,1.800000000000000000e+01
4.136433297999992647e+02,4.198310000000000000e+05,1.112999999999999989e+00,2.470000000000000195e+00,1.189999999999999947e+00,-9.190000000000000000e+02,-1.469999999999999973e+00,8.690000000000000000e+02,0.000000000000000000e+00,0.000000000000000000e+00,0.000000000000000000e+00,2.399999999999999911e-01,-4.550000000000000000e+02,-4.550000000000000000e+02,-2.630000000000000000e+02,0.000000000000000000e+00,0.000000000000000000e+00,0.000000000000000000e+00,0.000000000000000000e+00,0.000000000000000000e+00,0.000000000000000000e+00,-1.370000000000000107e-01,1.000000000000000000e+00,0.000000000000000000e+00,1.000000000000000000e+00,1.800000000000000000e+01
4.136605870000003051e+02,4.198510000000000000e+05,1.131999999999999895e+00,2.540999999999999925e+00,1.120000000000000107e+00,-9.630000000000000000e+02,-1.540999999999999925e+00,8.880000000000000000e+02,0.000000000000000000e+00,0.000000000000000000e+00,0.000000000000000000e+00,1.429999999999999938e+00,-5.160000000000000000e+02,-5.160000000000000000e+02,-2.550000000000000000e+02,0.000000000000000000e+00,0.000000000000000000e+00,0.000000000000000000e+00,0.000000000000000000e+00,0.000000000000000000e+00,0.000000000000000000e+00,-9.800000000000000377e-02,1.000000000000000000e+00,0.000000000000000000e+00,1.000000000000000000e+00,1.800000000000000000e+01
4.136786566999999195e+02,4.198710000000000000e+05,1.153999999999999915e+00,2.555000000000000160e+00,1.959999999999999964e+00,-9.720000000000000000e+02,-1.554999999999999938e+00,8.770000000000000000e+02,0.000000000000000000e+00,0.000000000000000000e+00,0.000000000000000000e+00,1.570000000000000062e+00,-5.280000000000000000e+02,-5.280000000000000000e+02,-2.650000000000000000e+02,0.000000000000000000e+00,0.000000000000000000e+00,0.000000000000000000e+00,0.000000000000000000e+00,0.000000000000000000e+00,0.000000000000000000e+00,-7.699999999999999900e-02,1.000000000000000000e+00,0.000000000000000000e+00,2.100000000000000000e+01,1.800000000000000000e+01
4.137322203000003356e+02,4.199110000000000000e+05,1.219000000000000083e+00,2.577999999999999847e+00,2.939999999999999947e+00,-9.860000000000000000e+02,-1.578000000000000069e+00,8.260000000000000000e+02,0.000000000000000000e+00,0.000000000000000000e+00,0.000000000000000000e+00,1.080000000000000071e+00,-5.540000000000000000e+02,-5.540000000000000000e+02,-2.860000000000000000e+02,0.000000000000000000e+00,0.000000000000000000e+00,0.000000000000000000e+00,0.000000000000000000e+00,0.000000000000000000e+00,0.000000000000000000e+00,-1.499999999999999944e-01,1.000000000000000000e+00,0.000000000000000000e+00,2.100000000000000000e+01,1.800000000000000000e+01
4.137506845999996585e+02,4.199310000000000000e+05,1.268000000000000016e+00,2.593999999999999861e+00,2.450000000000000178e+00,-9.960000000000000000e+02,-1.594000000000000083e+00,8.160000000000000000e+02,0.000000000000000000e+00,0.000000000000000000e+00,0.000000000000000000e+00,1.219999999999999973e+00,-5.600000000000000000e+02,-5.600000000000000000e+02,-2.920000000000000000e+02,0.000000000000000000e+00,4.239999999999999880e-01,6.000000000000000000e+00,-2.008999999999999952e-01,0.000000000000000000e+00,0.000000000000000000e+00,-2.100000000000000130e-02,1.000000000000000000e+00,1.640000000000000069e-01,1.000000000000000000e+01,2.200000000000000000e+01
4.137716051999996125e+02,4.199510000000000000e+05,1.328999999999999959e+00,2.613999999999999879e+00,4.339999999999999858e+00,-1.009000000000000000e+03,-1.614000000000000101e+00,7.530000000000000000e+02,0.000000000000000000e+00,0.000000000000000000e+00,0.000000000000000000e+00,2.970000000000000195e+00,-6.480000000000000000e+02,-6.480000000000000000e+02,-2.950000000000000000e+02,0.000000000000000000e+00,0.000000000000000000e+00,0.000000000000000000e+00,0.000000000000000000e+00,0.000000000000000000e+00,0.000000000000000000e+00,8.999999999999999320e-03,1.000000000000000000e+00,0.000000000000000000e+00,1.000000000000000000e+00,1.800000000000000000e+01
4.137907455000004120e+02,4.199710000000000000e+05,1.375999999999999890e+00,2.629999999999999893e+00,3.080000000000000071e+00,-1.019000000000000000e+03,-1.629999999999999893e+00,7.580000000000000000e+02,0.000000000000000000e+00,0.000000000000000000e+00,0.000000000000000000e+00,1.000000000000000056e-01,-5.160000000000000000e+02,-5.160000000000000000e+02,-3.000000000000000000e+02,0.000000000000000000e+00,0.000000000000000000e+00,0.000000000000000000e+00,0.000000000000000000e+00,0.000000000000000000e+00,0.000000000000000000e+00,-5.099999999999999672e-02,1.000000000000000000e+00,0.000000000000000000e+00,2.100000000000000000e+01,1.800000000000000000e+01
4.138230449000002409e+02,4.200110000000000000e+05,1.497000000000000108e+00,2.616000000000000103e+00,2.169999999999999929e+00,-1.010000000000000000e+03,-1.616000000000000103e+00,6.830000000000000000e+02,0.000000000000000000e+00,0.000000000000000000e+00,0.000000000000000000e+00,-4.000000000000000083e-02,-5.110000000000000000e+02,-5.110000000000000000e+02,-3.130000000000000000e+02,0.000000000000000000e+00,4.109999999999999765e-01,1.090000000000000080e+00,-9.030000000000000526e-02,0.000000000000000000e+00,0.000000000000000000e+00,-2.139999999999999958e-01,1.000000000000000000e+00,1.670000000000000095e-01,1.200000000000000000e+01,2.200000000000000000e+01
4.138454971999999543e+02,4.200310000000000000e+05,1.552000000000000046e+00,2.669000000000000039e+00,3.290000000000000036e+00,-1.043000000000000000e+03,-1.669000000000000039e+00,6.670000000000000000e+02,0.000000000000000000e+00,0.000000000000000000e+00,0.000000000000000000e+00,1.219999999999999973e+00,-5.720000000000000000e+02,-5.720000000000000000e+02,-2.920000000000000000e+02,0.000000000000000000e+00,4.119999999999999774e-01,-2.620000000000000107e+00,-5.189000000000000279e-01,0.000000000000000000e+00,0.000000000000000000e+00,-2.100000000000000130e-02,1.000000000000000000e+00,1.799999999999999933e-01,1.200000000000000000e+01,2.200000000000000000e+01
4.138621193999988463e+02,4.200510000000000000e+05,1.588999999999999968e+00,2.653999999999999915e+00,2.029999999999999805e+00,-1.034000000000000000e+03,-1.653999999999999915e+00,6.560000000000000000e+02,0.000000000000000000e+00,0.000000000000000000e+00,0.000000000000000000e+00,8.000000000000000444e-01,-5.470000000000000000e+02,-5.470000000000000000e+02,-2.890000000000000000e+02,0.000000000000000000e+00,4.209999999999999853e-01,2.029999999999999805e+00,-5.580000000000000238e-02,0.000000000000000000e+00,0.000000000000000000e+00,-9.800000000000000377e-02,1.000000000000000000e+00,1.940000000000000058e-01,1.100000000000000000e+01,2.200000000000000000e+01
4.138769027999987884e+02,4.200710000000000000e+05,1.643999999999999906e+00,2.626999999999999780e+00,1.610000000000000098e+00,-1.017000000000000000e+03,-1.627000000000000002e+00,6.030000000000000000e+02,0.000000000000000000e+00,0.000000000000000000e+00,0.000000000000000000e+00,1.360000000000000098e+00,-5.660000000000000000e+02,-5.660000000000000000e+02,-2.950000000000000000e+02,0.000000000000000000e+00,4.199999999999999845e-01,1.570000000000000062e+00,-1.275000000000000022e-01,0.000000000000000000e+00,0.000000000000000000e+00,-7.699999999999999900e-02,1.000000000000000000e+00,1.719999999999999862e-01,1.100000000000000000e+01,2.200000000000000000e+01
4.139406851999992796e+02,4.201110000000000000e+05,1.709999999999999964e+00,2.640000000000000124e+00,1.750000000000000000e+00,-1.025000000000000000e+03,-1.639999999999999902e+00,5.670000000000000000e+02,0.000000000000000000e+00,0.000000000000000000e+00,0.000000000000000000e+00,2.129999999999999893e+00,-6.240000000000000000e+02,-6.240000000000000000e+02,-2.820000000000000000e+02,0.000000000000000000e+00,4.169999999999999818e-01,-2.950000000000000178e+00,-3.817999999999999727e-01,0.000000000000000000e+00,0.000000000000000000e+00,-4.000000000000000083e-03,1.000000000000000000e+00,2.369999999999999885e-01,5.000000000000000000e+00,2.200000000000000000e+01
4.139455165999988822e+02,4.201310000000000000e+05,1.731999999999999984e+00,2.611000000000000210e+00,1.469999999999999973e+00,-1.007000000000000000e+03,-1.610999999999999988e+00,5.430000000000000000e+02,0.000000000000000000e+00,0.000000000000000000e+00,0.000000000000000000e+00,-2.500000000000000000e-01,-5.110000000000000000e+02,-5.110000000000000000e+02,-2.810000000000000000e+02,0.000000000000000000e+00,4.219999999999999862e-01,1.800000000000000044e+00,-1.100000000000000066e-03,0.000000000000000000e+00,0.000000000000000000e+00,-5.099999999999999672e-02,1.000000000000000000e+00,2.220000000000000029e-01,8.000000000000000000e+00,2.200000000000000000e+01
4.139651290000001609e+02,4.201510000000000000e+05,1.733999999999999986e+00,2.505999999999999783e+00,4.199999999999999845e-01,-9.410000000000000000e+02,-1.506000000000000005e+00,4.910000000000000000e+02,0.000000000000000000e+00,0.000000000000000000e+00,0.000000000000000000e+00,-8.800000000000000044e-01,-4.940000000000000000e+02,-4.940000000000000000e+02,-3.070000000000000000e+02,0.000000000000000000e+00,4.249999999999999889e-01,1.939999999999999947e+00,-1.490000000000000005e-02,0.000000000000000000e+00,0.000000000000000000e+00,-2.599999999999999881e-02,1.000000000000000000e+00,2.369999999999999885e-01,4.000000000000000000e+00,2.200000000000000000e+01
4.139809523000003537e+02,4.201710000000000000e+05,1.721000000000000085e+00,2.545999999999999819e+00,-7.600000000000000089e-01,-9.660000000000000000e+02,-1.546000000000000041e+00,5.510000000000000000e+02,0.000000000000000000e+00,0.000000000000000000e+00,0.000000000000000000e+00,-1.719999999999999973e+00,-4.580000000000000000e+02,-4.580000000000000000e+02,-2.880000000000000000e+02,0.000000000000000000e+00,4.450000000000000067e-01,9.189999999999999503e+00,2.963999999999999968e-01,0.000000000000000000e+00,0.000000000000000000e+00,-5.099999999999999672e-02,1.000000000000000000e+00,2.389999999999999902e-01,9.000000000000000000e+00,2.200000000000000000e+01
