pc_elapsed_s,ch0,ch1,ch2,ch3,ch4,ch5,ch6,ch7,ch8,ch9,ch10,ch11,ch12,ch13,ch14,ch15,ch16,ch17,ch18,ch19,ch20,ch21,ch22,ch23,ch24
4.520142059999998310e+02,4.582010000000000000e+05,2.103000000000000203e+00,1.911999999999999922e+00,-5.030000000000000249e+00,-5.700000000000000000e+02,-9.120000000000000329e-01,-3.200000000000000000e+01,0.000000000000000000e+00,0.000000000000000000e+00,0.000000000000000000e+00,-1.370000000000000107e+00,-4.790000000000000000e+02,-4.790000000000000000e+02,-3.600000000000000000e+02,0.000000000000000000e+00,3.970000000000000195e-01,-1.785000000000000142e+01,-1.000000000000000000e+00,0.000000000000000000e+00,0.000000000000000000e+00,6.800000000000000488e-02,1.000000000000000000e+00,1.039999999999999952e-01,1.100000000000000000e+01,8.214000000000000000e+03
4.520316076999988582e+02,4.582210000000000000e+05,1.921000000000000041e+00,1.701000000000000068e+00,-8.949999999999999289e+00,-4.380000000000000000e+02,-7.009999999999999565e-01,9.000000000000000000e+00,0.000000000000000000e+00,0.000000000000000000e+00,0.000000000000000000e+00,-1.229999999999999982e+00,-5.010000000000000000e+02,-5.010000000000000000e+02,-3.940000000000000000e+02,0.000000000000000000e+00,3.990000000000000213e-01,-2.650000000000000000e+01,-1.000000000000000000e+00,0.000000000000000000e+00,0.000000000000000000e+00,1.700000000000000122e-02,1.000000000000000000e+00,8.699999999999999400e-02,1.200000000000000000e+01,8.214000000000000000e+03
4.520503738999996131e+02,4.582410000000000000e+05,1.780000000000000027e+00,1.510000000000000009e+00,-8.949999999999999289e+00,-3.190000000000000000e+02,-5.100000000000000089e-01,-1.800000000000000000e+01,0.000000000000000000e+00,0.000000000000000000e+00,0.000000000000000000e+00,-1.439999999999999947e+00,-5.050000000000000000e+02,-5.050000000000000000e+02,-4.220000000000000000e+02,0.000000000000000000e+00,0.000000000000000000e+00,0.000000000000000000e+00,0.000000000000000000e+00,0.000000000000000000e+00,0.000000000000000000e+00,-2.999999999999999889e-02,1.000000000000000000e+00,0.000000000000000000e+00,1.800000000000000000e+01,8.210000000000000000e+03
4.520698931999995693e+02,4.582610000000000000e+05,1.586999999999999966e+00,1.445999999999999952e+00,-8.949999999999999289e+00,-2.790000000000000000e+02,-4.460000000000000075e-01,6.500000000000000000e+01,0.000000000000000000e+00,0.000000000000000000e+00,0.000000000000000000e+00,-1.370000000000000107e+00,-5.000000000000000000e+02,-5.000000000000000000e+02,-4.180000000000000000e+02,0.000000000000000000e+00,0.000000000000000000e+00,0.000000000000000000e+00,0.000000000000000000e+00,0.000000000000000000e+00,0.000000000000000000e+00,-4.700000000000000011e-02,1.000000000000000000e+00,0.000000000000000000e+00,1.800000000000000000e+01,8.210000000000000000e+03
4.521333501999997679e+02,4.583010000000000000e+05,1.124000000000000110e+00,1.495999999999999996e+00,-9.019999999999999574e+00,-3.100000000000000000e+02,-4.959999999999999964e-01,4.000000000000000000e+02,0.000000000000000000e+00,0.000000000000000000e+00,0.000000000000000000e+00,9.399999999999999467e-01,-5.980000000000000000e+02,-5.980000000000000000e+02,-3.640000000000000000e+02,0.000000000000000000e+00,3.960000000000000187e-01,-1.723000000000000043e+01,-1.000000000000000000e+00,0.000000000000000000e+00,0.000000000000000000e+00,0.000000000000000000e+00,1.000000000000000000e+00,4.100000000000000172e-02,1.500000000000000000e+01,8.214000000000000000e+03
4.521347980999998981e+02,4.583210000000000000e+05,9.230000000000000426e-01,1.516999999999999904e+00,-8.880000000000000782e+00,-3.230000000000000000e+02,-5.170000000000000151e-01,5.520000000000000000e+02,0.000000000000000000e+00,0.000000000000000000e+00,0.000000000000000000e+00,2.399999999999999911e-01,-5.640000000000000000e+02,-5.640000000000000000e+02,-3.530000000000000000e+02,0.000000000000000000e+00,3.910000000000000142e-01,-2.405000000000000071e+01,-1.000000000000000000e+00,0.000000000000000000e+00,0.000000000000000000e+00,-2.999999999999999889e-02,1.000000000000000000e+00,3.899999999999999994e-02,1.600000000000000000e+01,8.214000000000000000e+03
4.521565329000004567e+02,4.583410000000000000e+05,7.550000000000000044e-01,1.540999999999999925e+00,-4.679999999999999716e+00,-3.380000000000000000e+02,-5.410000000000000364e-01,5.850000000000000000e+02,0.000000000000000000e+00,0.000000000000000000e+00,0.000000000000000000e+00,-6.700000000000000400e-01,-5.170000000000000000e+02,-5.170000000000000000e+02,-3.530000000000000000e+02,0.000000000000000000e+00,3.940000000000000169e-01,-1.071000000000000085e+01,-1.000000000000000000e+00,0.000000000000000000e+00,0.000000000000000000e+00,-8.100000000000000255e-02,1.000000000000000000e+00,4.700000000000000011e-02,1.400000000000000000e+01,8.214000000000000000e+03
4.521713486999997258e+02,4.583610000000000000e+05,5.989999999999999769e-01,1.554000000000000048e+00,-3.910000000000000142e+00,-3.460000000000000000e+02,-5.540000000000000480e-01,6.900000000000000000e+02,0.000000000000000000e+00,0.000000000000000000e+00,0.000000000000000000e+00,6.600000000000000311e-01,-5.830000000000000000e+02,-5.830000000000000000e+02,-3.660000000000000000e+02,0.000000000000000000e+00,0.000000000000000000e+00,0.000000000000000000e+00,0.000000000000000000e+00,0.000000000000000000e+00,0.000000000000000000e+00,-2.599999999999999881e-02,1.000000000000000000e+00,0.000000000000000000e+00,1.800000000000000000e+01,8.210000000000000000e+03
4.522294356000002153e+02,4.584010000000000000e+05,4.299999999999999933e-01,1.703999999999999959e+00,-1.300000000000000044e-01,-4.400000000000000000e+02,-7.039999999999999591e-01,8.260000000000000000e+02,0.000000000000000000e+00,0.000000000000000000e+00,0.000000000000000000e+00,1.010000000000000009e+00,-6.020000000000000000e+02,-6.020000000000000000e+02,-3.750000000000000000e+02,0.000000000000000000e+00,0.000000000000000000e+00,0.000000000000000000e+00,0.000000000000000000e+00,0.000000000000000000e+00,0.000000000000000000e+00,-2.999999999999999889e-02,1.000000000000000000e+00,0.000000000000000000e+00,1.800000000000000000e+01,8.210000000000000000e+03
4.522361645000000863e+02,4.584210000000000000e+05,4.319999999999999951e-01,1.651000000000000023e+00,1.610000000000000098e+00,-4.070000000000000000e+02,-6.510000000000000231e-01,7.610000000000000000e+02,0.000000000000000000e+00,0.000000000000000000e+00,0.000000000000000000e+00,5.899999999999999689e-01,-5.810000000000000000e+02,-5.810000000000000000e+02,-4.190000000000000000e+02,0.000000000000000000e+00,4.010000000000000231e-01,5.900000000000000355e+00,-6.018999999999999906e-01,0.000000000000000000e+00,0.000000000000000000e+00,-2.599999999999999881e-02,1.000000000000000000e+00,5.399999999999999939e-02,1.500000000000000000e+01,8.214000000000000000e+03
4.522514842000000499e+02,4.584410000000000000e+05,4.839999999999999858e-01,1.927999999999999936e+00,3.919999999999999929e+00,-5.800000000000000000e+02,-9.280000000000000471e-01,8.620000000000000000e+02,0.000000000000000000e+00,0.000000000000000000e+00,0.000000000000000000e+00,1.010000000000000009e+00,-6.060000000000000000e+02,-6.060000000000000000e+02,-3.630000000000000000e+02,0.000000000000000000e+00,4.169999999999999818e-01,1.391999999999999993e+01,-4.249999999999999889e-01,0.000000000000000000e+00,0.000000000000000000e+00,-6.400000000000000133e-02,1.000000000000000000e+00,5.299999999999999850e-02,1.400000000000000000e+01,8.214000000000000000e+03
4.522718057000001863e+02,4.584610000000000000e+05,5.400000000000000355e-01,1.909000000000000030e+00,4.969999999999999751e+00,-5.680000000000000000e+02,-9.090000000000000302e-01,7.960000000000000000e+02,0.000000000000000000e+00,0.000000000000000000e+00,0.000000000000000000e+00,1.360000000000000098e+00,-6.270000000000000000e+02,-6.270000000000000000e+02,-3.930000000000000000e+02,0.000000000000000000e+00,0.000000000000000000e+00,0.000000000000000000e+00,0.000000000000000000e+00,0.000000000000000000e+00,0.000000000000000000e+00,-7.299999999999999545e-02,1.000000000000000000e+00,0.000000000000000000e+00,1.900000000000000000e+01,8.210000000000000000e+03
4.523369137999998202e+02,4.585010000000000000e+05,8.120000000000000551e-01,2.136000000000000121e+00,8.189999999999999503e+00,-7.100000000000000000e+02,-1.135999999999999899e+00,7.070000000000000000e+02,0.000000000000000000e+00,0.000000000000000000e+00,0.000000000000000000e+00,1.989999999999999991e+00,-7.030000000000000000e+02,-7.030000000000000000e+02,-3.680000000000000000e+02,0.000000000000000000e+00,0.000000000000000000e+00,0.000000000000000000e+00,0.000000000000000000e+00,0.000000000000000000e+00,0.000000000000000000e+00,-1.069999999999999979e-01,1.000000000000000000e+00,0.000000000000000000e+00,1.900000000000000000e+01,8.210000000000000000e+03
4.523370529000003444e+02,4.585210000000000000e+05,9.619999999999999662e-01,2.181000000000000050e+00,7.490000000000000213e+00,-7.380000000000000000e+02,-1.181000000000000050e+00,6.530000000000000000e+02,0.000000000000000000e+00,0.000000000000000000e+00,0.000000000000000000e+00,2.060000000000000053e+00,-7.080000000000000000e+02,-7.080000000000000000e+02,-3.730000000000000000e+02,0.000000000000000000e+00,0.000000000000000000e+00,0.000000000000000000e+00,0.000000000000000000e+00,0.000000000000000000e+00,0.000000000000000000e+00,-1.029999999999999943e-01,1.000000000000000000e+00,0.000000000000000000e+00,1.900000000000000000e+01,8.210000000000000000e+03
4.523553780999991432e+02,4.585410000000000000e+05,1.149999999999999911e+00,2.081999999999999851e+00,8.679999999999999716e+00,-6.760000000000000000e+02,-1.082000000000000073e+00,4.440000000000000000e+02,0.000000000000000000e+00,0.000000000000000000e+00,0.000000000000000000e+00,2.270000000000000018e+00,-7.240000000000000000e+02,-7.240000000000000000e+02,-4.180000000000000000e+02,0.000000000000000000e+00,0.000000000000000000e+00,0.000000000000000000e+00,0.000000000000000000e+00,0.000000000000000000e+00,0.000000000000000000e+00,-1.370000000000000107e-01,1.000000000000000000e+00,0.000000000000000000e+00,1.900000000000000000e+01,8.210000000000000000e+03
4.523715680999994220e+02,4.585610000000000000e+05,1.298999999999999932e+00,2.173999999999999932e+00,7.280000000000000249e+00,-7.340000000000000000e+02,-1.173999999999999932e+00,4.320000000000000000e+02,0.000000000000000000e+00,0.000000000000000000e+00,0.000000000000000000e+00,1.989999999999999991e+00,-7.330000000000000000e+02,-7.330000000000000000e+02,-3.940000000000000000e+02,0.000000000000000000e+00,4.040000000000000258e-01,1.753000000000000114e+01,1.000000000000000000e+00,0.000000000000000000e+00,0.000000000000000000e+00,-1.150000000000000050e-01,1.000000000000000000e+00,8.200000000000000344e-02,1.300000000000000000e+01,8.214000000000000000e+03
4.524287211999999272e+02,4.586010000000000000e+05,1.618000000000000105e+00,2.255999999999999783e+00,5.530000000000000249e+00,-7.850000000000000000e+02,-1.256000000000000005e+00,3.150000000000000000e+02,0.000000000000000000e+00,0.000000000000000000e+00,0.000000000000000000e+00,7.299999999999999822e-01,-6.790000000000000000e+02,-6.790000000000000000e+02,-3.600000000000000000e+02,0.000000000000000000e+00,4.129999999999999782e-01,7.179999999999999716e+00,-2.520000000000000018e-01,0.000000000000000000e+00,0.000000000000000000e+00,-1.199999999999999956e-01,1.000000000000000000e+00,1.100000000000000006e-01,1.100000000000000000e+01,8.214000000000000000e+03
4.524332216000002518e+02,4.586210000000000000e+05,1.752999999999999892e+00,2.089999999999999858e+00,5.250000000000000000e+00,-6.810000000000000000e+02,-1.090000000000000080e+00,1.220000000000000000e+02,0.000000000000000000e+00,0.000000000000000000e+00,0.000000000000000000e+00,8.000000000000000444e-01,-6.710000000000000000e+02,-6.710000000000000000e+02,-4.080000000000000000e+02,0.000000000000000000e+00,0.000000000000000000e+00,0.000000000000000000e+00,0.000000000000000000e+00,0.000000000000000000e+00,0.000000000000000000e+00,-1.749999999999999889e-01,1.000000000000000000e+00,0.000000000000000000e+00,1.900000000000000000e+01,8.210000000000000000e+03
4.524542389999987790e+02,4.586410000000000000e+05,1.846000000000000085e+00,2.096000000000000085e+00,4.200000000000000178e+00,-6.850000000000000000e+02,-1.096000000000000085e+00,7.000000000000000000e+01,0.000000000000000000e+00,0.000000000000000000e+00,0.000000000000000000e+00,5.899999999999999689e-01,-6.480000000000000000e+02,-6.480000000000000000e+02,-3.940000000000000000e+02,0.000000000000000000e+00,4.000000000000000222e-01,-6.549999999999999822e+00,-1.000000000000000000e+00,0.000000000000000000e+00,0.000000000000000000e+00,-1.539999999999999980e-01,1.000000000000000000e+00,1.600000000000000033e-01,6.000000000000000000e+00,8.214000000000000000e+03
4.524743662999990192e+02,4.586610000000000000e+05,1.935000000000000053e+00,1.810999999999999943e+00,-1.300000000000000044e-01,-5.070000000000000000e+02,-8.110000000000000542e-01,-7.300000000000000000e+01,0.000000000000000000e+00,0.000000000000000000e+00,0.000000000000000000e+00,1.080000000000000071e+00,-6.600000000000000000e+02,-6.600000000000000000e+02,-4.650000000000000000e+02,0.000000000000000000e+00,0.000000000000000000e+00,0.000000000000000000e+00,0.000000000000000000e+00,0.000000000000000000e+00,0.000000000000000000e+00,-4.700000000000000011e-02,1.000000000000000000e+00,0.000000000000000000e+00,1.900000000000000000e+01,8.210000000000000000e+03
4.525300633999995625e+02,4.587010000000000000e+05,1.987000000000000099e+00,1.631999999999999895e+00,-3.839999999999999858e+00,-3.950000000000000000e+02,-6.320000000000000062e-01,-1.580000000000000000e+02,0.000000000000000000e+00,0.000000000000000000e+00,0.000000000000000000e+00,-1.370000000000000107e+00,-5.180000000000000000e+02,-5.180000000000000000e+02,-4.610000000000000000e+02,0.000000000000000000e+00,4.159999999999999809e-01,6.879999999999999893e+00,1.897000000000000075e-01,0.000000000000000000e+00,0.000000000000000000e+00,-5.999999999999999778e-02,1.000000000000000000e+00,1.970000000000000084e-01,4.000000000000000000e+00,8.214000000000000000e+03
4.525488925999998173e+02,4.587210000000000000e+05,1.903000000000000025e+00,1.600000000000000089e+00,-7.620000000000000107e+00,-3.750000000000000000e+02,-5.999999999999999778e-01,-6.100000000000000000e+01,0.000000000000000000e+00,0.000000000000000000e+00,0.000000000000000000e+00,8.699999999999999956e-01,-6.370000000000000000e+02,-6.370000000000000000e+02,-4.320000000000000000e+02,0.000000000000000000e+00,0.000000000000000000e+00,0.000000000000000000e+00,0.000000000000000000e+00,0.000000000000000000e+00,0.000000000000000000e+00,-9.400000000000000022e-02,1.000000000000000000e+00,0.000000000000000000e+00,1.900000000000000000e+01,8.210000000000000000e+03
4.525548603999995976e+02,4.587410000000000000e+05,1.788999999999999924e+00,1.554000000000000048e+00,-8.039999999999999147e+00,-3.460000000000000000e+02,-5.540000000000000480e-01,-7.000000000000000000e+00,0.000000000000000000e+00,0.000000000000000000e+00,0.000000000000000000e+00,1.500000000000000000e+00,-6.660000000000000000e+02,-6.660000000000000000e+02,-4.010000000000000000e+02,0.000000000000000000e+00,0.000000000000000000e+00,0.000000000000000000e+00,0.000000000000000000e+00,0.000000000000000000e+00,0.000000000000000000e+00,-2.270000000000000073e-01,1.000000000000000000e+00,0.000000000000000000e+00,1.900000000000000000e+01,8.210000000000000000e+03
4.525733516000000236e+02,4.587610000000000000e+05,1.592999999999999972e+00,1.489999999999999991e+00,-1.236999999999999922e+01,-3.060000000000000000e+02,-4.899999999999999911e-01,1.660000000000000000e+02,0.000000000000000000e+00,0.000000000000000000e+00,0.000000000000000000e+00,8.699999999999999956e-01,-6.260000000000000000e+02,-6.260000000000000000e+02,-3.890000000000000000e+02,0.000000000000000000e+00,0.000000000000000000e+00,0.000000000000000000e+00,0.000000000000000000e+00,0.000000000000000000e+00,0.000000000000000000e+00,-5.600000000000000117e-02,1.000000000000000000e+00,0.000000000000000000e+00,1.900000000000000000e+01,8.210000000000000000e+03
4.526136527999988175e+02,4.588010000000000000e+05,1.243000000000000105e+00,1.397999999999999909e+00,-8.179999999999999716e+00,-2.490000000000000000e+02,-3.980000000000000204e-01,2.510000000000000000e+02,0.000000000000000000e+00,0.000000000000000000e+00,0.000000000000000000e+00,1.639999999999999902e+00,-6.650000000000000000e+02,-6.650000000000000000e+02,-3.840000000000000000e+02,0.000000000000000000e+00,0.000000000000000000e+00,0.000000000000000000e+00,0.000000000000000000e+00,0.000000000000000000e+00,0.000000000000000000e+00,5.099999999999999672e-02,1.000000000000000000e+00,0.000000000000000000e+00,1.900000000000000000e+01,8.210000000000000000e+03
4.526353500000004715e+02,4.588210000000000000e+05,1.058000000000000052e+00,1.381000000000000005e+00,-8.529999999999999361e+00,-2.380000000000000000e+02,-3.810000000000000053e-01,3.670000000000000000e+02,0.000000000000000000e+00,0.000000000000000000e+00,0.000000000000000000e+00,1.010000000000000009e+00,-6.440000000000000000e+02,-6.440000000000000000e+02,-3.860000000000000000e+02,0.000000000000000000e+00,3.960000000000000187e-01,1.830000000000000071e+00,-1.814000000000000057e-01,0.000000000000000000e+00,0.000000000000000000e+00,1.299999999999999940e-02,1.000000000000000000e+00,2.049999999999999878e-01,4.000000000000000000e+00,8.214000000000000000e+03
4.526516300000002957e+02,4.588410000000000000e+05,8.729999999999999982e-01,1.389999999999999902e+00,-7.269999999999999574e+00,-2.440000000000000000e+02,-3.900000000000000133e-01,4.630000000000000000e+02,0.000000000000000000e+00,0.000000000000000000e+00,0.000000000000000000e+00,4.500000000000000111e-01,-6.220000000000000000e+02,-6.220000000000000000e+02,-3.870000000000000000e+02,0.000000000000000000e+00,0.000000000000000000e+00,0.000000000000000000e+00,0.000000000000000000e+00,0.000000000000000000e+00,0.000000000000000000e+00,-2.599999999999999881e-02,1.000000000000000000e+00,0.000000000000000000e+00,1.900000000000000000e+01,8.210000000000000000e+03
4.526719539999994595e+02,4.588610000000000000e+05,7.069999999999999618e-01,1.413000000000000034e+00,-6.919999999999999929e+00,-2.580000000000000000e+02,-4.129999999999999782e-01,5.860000000000000000e+02,0.000000000000000000e+00,0.000000000000000000e+00,0.000000000000000000e+00,8.000000000000000444e-01,-6.440000000000000000e+02,-6.440000000000000000e+02,-3.920000000000000000e+02,0.000000000000000000e+00,0.000000000000000000e+00,0.000000000000000000e+00,0.000000000000000000e+00,0.000000000000000000e+00,0.000000000000000000e+00,0.000000000000000000e+00,1.000000000000000000e+00,0.000000000000000000e+00,1.900000000000000000e+01,8.210000000000000000e+03
4.527296795000002021e+02,4.589010000000000000e+05,4.239999999999999880e-01,1.528000000000000025e+00,-3.490000000000000213e+00,-3.300000000000000000e+02,-5.280000000000000249e-01,7.800000000000000000e+02,0.000000000000000000e+00,0.000000000000000000e+00,0.000000000000000000e+00,1.219999999999999973e+00,-6.860000000000000000e+02,-6.860000000000000000e+02,-4.020000000000000000e+02,0.000000000000000000e+00,0.000000000000000000e+00,0.000000000000000000e+00,0.000000000000000000e+00,0.000000000000000000e+00,0.000000000000000000e+00,0.000000000000000000e+00,1.000000000000000000e+00,0.000000000000000000e+00,1.900000000000000000e+01,8.210000000000000000e+03
4.527352009999995062e+02,4.589210000000000000e+05,3.350000000000000200e-01,1.610000000000000098e+00,-2.720000000000000195e+00,-3.810000000000000000e+02,-6.099999999999999867e-01,8.710000000000000000e+02,0.000000000000000000e+00,0.000000000000000000e+00,0.000000000000000000e+00,8.000000000000000444e-01,-6.640000000000000000e+02,-6.640000000000000000e+02,-4.050000000000000000e+02,0.000000000000000000e+00,0.000000000000000000e+00,0.000000000000000000e+00,0.000000000000000000e+00,0.000000000000000000e+00,0.000000000000000000e+00,4.000000000000000083e-03,1.000000000000000000e+00,0.000000000000000000e+00,3.900000000000000000e+01,8.210000000000000000e+03
4.527544588999990083e+02,4.589410000000000000e+05,3.069999999999999951e-01,1.707000000000000073e+00,5.600000000000000533e-01,-4.420000000000000000e+02,-7.069999999999999618e-01,8.950000000000000000e+02,0.000000000000000000e+00,0.000000000000000000e+00,0.000000000000000000e+00,1.010000000000000009e+00,-6.800000000000000000e+02,-6.800000000000000000e+02,-4.120000000000000000e+02,0.000000000000000000e+00,0.000000000000000000e+00,0.000000000000000000e+00,0.000000000000000000e+00,0.000000000000000000e+00,0.000000000000000000e+00,0.000000000000000000e+00,1.000000000000000000e+00,0.000000000000000000e+00,1.500000000000000000e+01,8.210000000000000000e+03
4.527778954000004887e+02,4.589610000000000000e+05,3.029999999999999916e-01,1.770999999999999908e+00,2.450000000000000178e+00,-4.820000000000000000e+02,-7.710000000000000187e-01,8.990000000000000000e+02,0.000000000000000000e+00,0.000000000000000000e+00,0.000000000000000000e+00,1.080000000000000071e+00,-6.960000000000000000e+02,-6.960000000000000000e+02,-4.320000000000000000e+02,0.000000000000000000e+00,0.000000000000000000e+00,0.000000000000000000e+00,0.000000000000000000e+00,0.000000000000000000e+00,0.000000000000000000e+00,0.000000000000000000e+00,1.000000000000000000e+00,0.000000000000000000e+00,1.900000000000000000e+01,8.210000000000000000e+03
4.528140865000004851e+02,4.590010000000000000e+05,4.480000000000000093e-01,1.989999999999999991e+00,5.179999999999999716e+00,-6.190000000000000000e+02,-9.899999999999999911e-01,9.020000000000000000e+02,0.000000000000000000e+00,0.000000000000000000e+00,0.000000000000000000e+00,3.800000000000000044e-01,-6.850000000000000000e+02,-6.850000000000000000e+02,-4.320000000000000000e+02,0.000000000000000000e+00,0.000000000000000000e+00,0.000000000000000000e+00,0.000000000000000000e+00,0.000000000000000000e+00,0.000000000000000000e+00,4.000000000000000083e-03,1.000000000000000000e+00,0.000000000000000000e+00,1.900000000000000000e+01,8.210000000000000000e+03
4.528323665999996592e+02,4.590210000000000000e+05,5.729999999999999538e-01,2.121999999999999886e+00,5.250000000000000000e+00,-7.010000000000000000e+02,-1.122000000000000108e+00,9.070000000000000000e+02,0.000000000000000000e+00,0.000000000000000000e+00,0.000000000000000000e+00,9.399999999999999467e-01,-7.120000000000000000e+02,-7.120000000000000000e+02,-4.260000000000000000e+02,0.000000000000000000e+00,0.000000000000000000e+00,0.000000000000000000e+00,0.000000000000000000e+00,0.000000000000000000e+00,0.000000000000000000e+00,0.000000000000000000e+00,1.000000000000000000e+00,0.000000000000000000e+00,1.900000000000000000e+01,8.210000000000000000e+03
4.528529856999994081e+02,4.590410000000000000e+05,7.259999999999999787e-01,2.237999999999999989e+00,6.299999999999999822e+00,-7.740000000000000000e+02,-1.237999999999999989e+00,8.710000000000000000e+02,0.000000000000000000e+00,0.000000000000000000e+00,0.000000000000000000e+00,1.709999999999999964e+00,-7.550000000000000000e+02,-7.550000000000000000e+02,-4.140000000000000000e+02,0.000000000000000000e+00,0.000000000000000000e+00,0.000000000000000000e+00,0.000000000000000000e+00,0.000000000000000000e+00,0.000000000000000000e+00,0.000000000000000000e+00,1.000000000000000000e+00,0.000000000000000000e+00,1.900000000000000000e+01,8.210000000000000000e+03
4.528732177999991109e+02,4.590610000000000000e+05,9.110000000000000320e-01,2.302000000000000046e+00,6.860000000000000320e+00,-8.140000000000000000e+02,-1.302000000000000046e+00,7.840000000000000000e+02,0.000000000000000000e+00,0.000000000000000000e+00,0.000000000000000000e+00,5.200000000000000178e-01,-6.940000000000000000e+02,-6.940000000000000000e+02,-4.160000000000000000e+02,0.000000000000000000e+00,0.000000000000000000e+00,0.000000000000000000e+00,0.000000000000000000e+00,0.000000000000000000e+00,0.000000000000000000e+00,8.999999999999999320e-03,1.000000000000000000e+00,0.000000000000000000e+00,1.900000000000000000e+01,8.210000000000000000e+03
4.529334973000004538e+02,4.591010000000000000e+05,1.254000000000000004e+00,2.338999999999999968e+00,7.980000000000000426e+00,-8.370000000000000000e+02,-1.338999999999999968e+00,5.640000000000000000e+02,0.000000000000000000e+00,0.000000000000000000e+00,0.000000000000000000e+00,7.299999999999999822e-01,-7.000000000000000000e+02,-7.000000000000000000e+02,-4.200000000000000000e+02,0.000000000000000000e+00,0.000000000000000000e+00,0.000000000000000000e+00,0.000000000000000000e+00,0.000000000000000000e+00,0.000000000000000000e+00,1.299999999999999940e-02,1.000000000000000000e+00,0.000000000000000000e+00,1.800000000000000000e+01,8.210000000000000000e+03
4.529401753999991342e+02,4.591210000000000000e+05,1.403000000000000025e+00,2.341000000000000192e+00,7.700000000000000178e+00,-8.380000000000000000e+02,-1.340999999999999970e+00,4.660000000000000000e+02,0.000000000000000000e+00,0.000000000000000000e+00,0.000000000000000000e+00,5.200000000000000178e-01,-6.870000000000000000e+02,-6.870000000000000000e+02,-4.190000000000000000e+02,0.000000000000000000e+00,3.930000000000000160e-01,2.899999999999999911e+00,-7.499999999999999722e-02,0.000000000000000000e+00,0.000000000000000000e+00,1.700000000000000122e-02,1.000000000000000000e+00,2.210000000000000020e-01,1.000000000000000000e+00,8.214000000000000000e+03
4.529590334999993502e+02,4.591410000000000000e+05,1.552000000000000046e+00,2.137999999999999901e+00,5.669999999999999929e+00,-7.110000000000000000e+02,-1.137999999999999901e+00,2.770000000000000000e+02,0.000000000000000000e+00,0.000000000000000000e+00,0.000000000000000000e+00,-2.500000000000000000e-01,-6.450000000000000000e+02,-6.450000000000000000e+02,-4.780000000000000000e+02,0.000000000000000000e+00,3.930000000000000160e-01,2.899999999999999911e+00,-7.499999999999999722e-02,0.000000000000000000e+00,0.000000000000000000e+00,2.599999999999999881e-02,1.000000000000000000e+00,2.210000000000000020e-01,2.100000000000000000e+01,8.214000000000000000e+03
4.529769348999998329e+02,4.591610000000000000e+05,1.669000000000000039e+00,2.240000000000000213e+00,3.500000000000000000e+00,-7.750000000000000000e+02,-1.239999999999999991e+00,3.080000000000000000e+02,0.000000000000000000e+00,0.000000000000000000e+00,0.000000000000000000e+00,-4.600000000000000200e-01,-6.320000000000000000e+02,-6.320000000000000000e+02,-4.320000000000000000e+02,0.000000000000000000e+00,4.040000000000000258e-01,5.490000000000000213e+00,5.650000000000000161e-02,0.000000000000000000e+00,0.000000000000000000e+00,3.400000000000000244e-02,1.000000000000000000e+00,2.290000000000000091e-01,1.500000000000000000e+01,8.214000000000000000e+03
4.530135553999989497e+02,4.592010000000000000e+05,1.792999999999999927e+00,2.128000000000000114e+00,-4.099999999999999756e-01,-7.050000000000000000e+02,-1.127999999999999892e+00,2.250000000000000000e+02,0.000000000000000000e+00,0.000000000000000000e+00,0.000000000000000000e+00,-1.439999999999999947e+00,-5.840000000000000000e+02,-5.840000000000000000e+02,-4.320000000000000000e+02,0.000000000000000000e+00,4.040000000000000258e-01,1.790000000000000036e+00,-1.917999999999999983e-01,0.000000000000000000e+00,0.000000000000000000e+00,1.110000000000000014e-01,1.000000000000000000e+00,2.359999999999999876e-01,1.400000000000000000e+01,8.214000000000000000e+03
4.530315164999992703e+02,4.592210000000000000e+05,1.812999999999999945e+00,1.893000000000000016e+00,-2.229999999999999982e+00,-5.580000000000000000e+02,-8.930000000000000160e-01,9.500000000000000000e+01,0.000000000000000000e+00,0.000000000000000000e+00,0.000000000000000000e+00,-1.439999999999999947e+00,-5.690000000000000000e+02,-5.690000000000000000e+02,-4.780000000000000000e+02,0.000000000000000000e+00,0.000000000000000000e+00,0.000000000000000000e+00,0.000000000000000000e+00,0.000000000000000000e+00,0.000000000000000000e+00,1.069999999999999979e-01,1.000000000000000000e+00,0.000000000000000000e+00,1.100000000000000000e+01,8.210000000000000000e+03
4.530506494000001112e+02,4.592410000000000000e+05,1.784999999999999920e+00,1.842999999999999972e+00,-3.000000000000000000e+00,-5.270000000000000000e+02,-8.429999999999999716e-01,9.500000000000000000e+01,0.000000000000000000e+00,0.000000000000000000e+00,0.000000000000000000e+00,-2.419999999999999929e+00,-5.010000000000000000e+02,-5.010000000000000000e+02,-4.660000000000000000e+02,0.000000000000000000e+00,0.000000000000000000e+00,0.000000000000000000e+00,0.000000000000000000e+00,0.000000000000000000e+00,0.000000000000000000e+00,1.370000000000000107e-01,1.000000000000000000e+00,0.000000000000000000e+00,3.100000000000000000e+01,8.210000000000000000e+03
4.530698123999991367e+02,4.592610000000000000e+05,1.685000000000000053e+00,1.786000000000000032e+00,-5.030000000000000249e+00,-4.910000000000000000e+02,-7.860000000000000320e-01,1.510000000000000000e+02,0.000000000000000000e+00,0.000000000000000000e+00,0.000000000000000000e+00,-1.929999999999999938e+00,-5.260000000000000000e+02,-5.260000000000000000e+02,-4.480000000000000000e+02,0.000000000000000000e+00,4.060000000000000275e-01,3.390000000000000124e+00,-6.610000000000000597e-02,0.000000000000000000e+00,0.000000000000000000e+00,1.280000000000000027e-01,1.000000000000000000e+00,2.069999999999999896e-01,1.000000000000000000e+00,8.214000000000000000e+03
4.531296449999990728e+02,4.593010000000000000e+05,1.451999999999999957e+00,1.677999999999999936e+00,-8.880000000000000782e+00,-4.240000000000000000e+02,-6.780000000000000471e-01,3.100000000000000000e+02,0.000000000000000000e+00,0.000000000000000000e+00,0.000000000000000000e+00,6.600000000000000311e-01,-6.570000000000000000e+02,-6.570000000000000000e+02,-4.300000000000000000e+02,0.000000000000000000e+00,3.880000000000000115e-01,-2.620000000000000107e+00,-5.093999999999999639e-01,0.000000000000000000e+00,0.000000000000000000e+00,1.620000000000000051e-01,1.000000000000000000e+00,1.799999999999999933e-01,7.000000000000000000e+00,8.214000000000000000e+03
4.531483852000001207e+02,4.593210000000000000e+05,1.286999999999999922e+00,1.671999999999999931e+00,-7.339999999999999858e+00,-4.200000000000000000e+02,-6.720000000000000417e-01,3.900000000000000000e+02,0.000000000000000000e+00,0.000000000000000000e+00,0.000000000000000000e+00,-9.499999999999999556e-01,-5.820000000000000000e+02,-5.820000000000000000e+02,-4.110000000000000000e+02,0.000000000000000000e+00,3.850000000000000089e-01,-1.339000000000000057e+01,-1.000000000000000000e+00,0.000000000000000000e+00,0.000000000000000000e+00,8.999999999999999667e-02,1.000000000000000000e+00,1.839999999999999969e-01,4.000000000000000000e+00,8.214000000000000000e+03
4.531517096999996284e+02,4.593410000000000000e+05,1.102999999999999980e+00,1.629999999999999893e+00,-7.830000000000000071e+00,-3.940000000000000000e+02,-6.300000000000000044e-01,4.790000000000000000e+02,0.000000000000000000e+00,0.000000000000000000e+00,0.000000000000000000e+00,-2.000000000000000000e+00,-5.280000000000000000e+02,-5.280000000000000000e+02,-4.150000000000000000e+02,0.000000000000000000e+00,3.910000000000000142e-01,-1.250000000000000000e+00,-5.780999999999999472e-01,0.000000000000000000e+00,0.000000000000000000e+00,1.839999999999999969e-01,1.000000000000000000e+00,1.789999999999999925e-01,3.000000000000000000e+00,8.214000000000000000e+03
4.531691606000003958e+02,4.593610000000000000e+05,9.190000000000000391e-01,1.618000000000000105e+00,-7.129999999999999893e+00,-3.860000000000000000e+02,-6.179999999999999938e-01,5.770000000000000000e+02,0.000000000000000000e+00,0.000000000000000000e+00,0.000000000000000000e+00,-1.649999999999999911e+00,-5.470000000000000000e+02,-5.470000000000000000e+02,-4.140000000000000000e+02,0.000000000000000000e+00,4.109999999999999765e-01,4.679999999999999716e+00,-5.390000000000000346e-01,0.000000000000000000e+00,0.000000000000000000e+00,1.150000000000000050e-01,1.000000000000000000e+00,1.580000000000000016e-01,8.000000000000000000e+00,8.214000000000000000e+03
4.532147815999996965e+02,4.594010000000000000e+05,6.239999999999999991e-01,1.717999999999999972e+00,-4.259999999999999787e+00,-4.490000000000000000e+02,-7.179999999999999716e-01,7.820000000000000000e+02,0.000000000000000000e+00,0.000000000000000000e+00,0.000000000000000000e+00,2.999999999999999889e-02,-6.360000000000000000e+02,-6.360000000000000000e+02,-4.040000000000000000e+02,0.000000000000000000e+00,3.890000000000000124e-01,-3.200000000000000178e+00,-9.374000000000000110e-01,0.000000000000000000e+00,0.000000000000000000e+00,1.700000000000000122e-02,1.000000000000000000e+00,1.590000000000000024e-01,1.000000000000000000e+01,8.214000000000000000e+03
4.532320287999991706e+02,4.594210000000000000e+05,5.140000000000000124e-01,1.562000000000000055e+00,-2.580000000000000071e+00,-3.510000000000000000e+02,-5.620000000000000551e-01,7.240000000000000000e+02,0.000000000000000000e+00,0.000000000000000000e+00,0.000000000000000000e+00,-1.439999999999999947e+00,-5.620000000000000000e+02,-5.620000000000000000e+02,-4.690000000000000000e+02,0.000000000000000000e+00,3.920000000000000151e-01,4.179999999999999716e+00,-2.918000000000000038e-01,0.000000000000000000e+00,0.000000000000000000e+00,2.049999999999999878e-01,1.000000000000000000e+00,1.239999999999999991e-01,1.000000000000000000e+01,8.214000000000000000e+03
4.532526832000003196e+02,4.594410000000000000e+05,4.259999999999999898e-01,1.679999999999999938e+00,-1.179999999999999938e+00,-4.250000000000000000e+02,-6.800000000000000488e-01,8.250000000000000000e+02,0.000000000000000000e+00,0.000000000000000000e+00,0.000000000000000000e+00,-9.499999999999999556e-01,-5.900000000000000000e+02,-5.900000000000000000e+02,-4.580000000000000000e+02,0.000000000000000000e+00,3.760000000000000009e-01,-1.125999999999999979e+01,-1.000000000000000000e+00,0.000000000000000000e+00,0.000000000000000000e+00,1.920000000000000040e-01,1.000000000000000000e+00,1.160000000000000059e-01,1.000000000000000000e+01,8.214000000000000000e+03
4.532678782999992109e+02,4.594610000000000000e+05,3.910000000000000142e-01,1.866000000000000103e+00,-2.000000000000000111e-01,-5.410000000000000000e+02,-8.659999999999999920e-01,9.580000000000000000e+02,0.000000000000000000e+00,0.000000000000000000e+00,0.000000000000000000e+00,-4.600000000000000200e-01,-6.150000000000000000e+02,-6.150000000000000000e+02,-4.240000000000000000e+02,0.000000000000000000e+00,3.780000000000000027e-01,-1.046000000000000085e+01,-1.000000000000000000e+00,0.000000000000000000e+00,0.000000000000000000e+00,6.800000000000000488e-02,1.000000000000000000e+00,1.170000000000000068e-01,1.000000000000000000e+01,8.214000000000000000e+03
4.533286207999990438e+02,4.595010000000000000e+05,4.109999999999999765e-01,2.097999999999999865e+00,2.450000000000000178e+00,-6.860000000000000000e+02,-1.098000000000000087e+00,1.049000000000000000e+03,0.000000000000000000e+00,0.000000000000000000e+00,0.000000000000000000e+00,-1.580000000000000071e+00,-5.510000000000000000e+02,-5.510000000000000000e+02,-4.010000000000000000e+02,0.000000000000000000e+00,4.099999999999999756e-01,1.156000000000000050e+01,-3.484999999999999765e-01,0.000000000000000000e+00,0.000000000000000000e+00,1.499999999999999944e-01,1.000000000000000000e+00,9.099999999999999756e-02,1.100000000000000000e+01,8.214000000000000000e+03
4.533346127000004344e+02,4.595210000000000000e+05,4.799999999999999822e-01,1.971000000000000085e+00,4.690000000000000391e+00,-6.070000000000000000e+02,-9.709999999999999742e-01,8.850000000000000000e+02,0.000000000000000000e+00,0.000000000000000000e+00,0.000000000000000000e+00,-1.370000000000000107e+00,-5.510000000000000000e+02,-5.510000000000000000e+02,-4.670000000000000000e+02,0.000000000000000000e+00,4.069999999999999729e-01,1.093999999999999950e+01,2.699999999999999969e-02,0.000000000000000000e+00,0.000000000000000000e+00,1.700000000000000122e-02,1.000000000000000000e+00,8.699999999999999400e-02,1.300000000000000000e+01,8.214000000000000000e+03
4.533535857999995642e+02,4.595410000000000000e+05,5.600000000000000533e-01,2.330999999999999961e+00,5.950000000000000178e+00,-8.320000000000000000e+02,-1.330999999999999961e+00,1.041000000000000000e+03,0.000000000000000000e+00,0.000000000000000000e+00,0.000000000000000000e+00,-6.700000000000000400e-01,-5.860000000000000000e+02,-5.860000000000000000e+02,-3.760000000000000000e+02,0.000000000000000000e+00,3.980000000000000204e-01,-1.409999999999999920e+00,-1.000000000000000000e+00,0.000000000000000000e+00,0.000000000000000000e+00,-8.999999999999999320e-03,1.000000000000000000e+00,7.000000000000000666e-02,1.400000000000000000e+01,8.214000000000000000e+03
4.533695127999999386e+02,4.595610000000000000e+05,6.989999999999999547e-01,2.471999999999999975e+00,7.559999999999999609e+00,-9.200000000000000000e+02,-1.471999999999999975e+00,1.012000000000000000e+03,0.000000000000000000e+00,0.000000000000000000e+00,0.000000000000000000e+00,5.200000000000000178e-01,-6.360000000000000000e+02,-6.360000000000000000e+02,-3.480000000000000000e+02,0.000000000000000000e+00,0.000000000000000000e+00,0.000000000000000000e+00,0.000000000000000000e+00,0.000000000000000000e+00,0.000000000000000000e+00,3.400000000000000244e-02,1.000000000000000000e+00,0.000000000000000000e+00,1.900000000000000000e+01,8.210000000000000000e+03
4.534140224000002490e+02,4.596010000000000000e+05,9.519999999999999574e-01,2.616000000000000103e+00,5.879999999999999893e+00,-1.010000000000000000e+03,-1.616000000000000103e+00,1.007000000000000000e+03,0.000000000000000000e+00,0.000000000000000000e+00,0.000000000000000000e+00,-9.689999999999999503e+00,-6.440000000000000000e+02,-6.440000000000000000e+02,-3.460000000000000000e+02,0.000000000000000000e+00,4.109999999999999765e-01,6.610000000000000320e+00,-7.540999999999999925e-01,0.000000000000000000e+00,0.000000000000000000e+00,2.780000000000000249e-01,1.000000000000000000e+00,5.899999999999999689e-02,1.400000000000000000e+01,8.214000000000000000e+03
4.534337811000004876e+02,4.596210000000000000e+05,1.249000000000000110e+00,2.698999999999999844e+00,1.202999999999999936e+01,-1.062000000000000000e+03,-1.699000000000000066e+00,7.300000000000000000e+02,0.000000000000000000e+00,0.000000000000000000e+00,0.000000000000000000e+00,-9.060000000000000497e+00,-5.660000000000000000e+02,-5.660000000000000000e+02,-3.730000000000000000e+02,0.000000000000000000e+00,4.149999999999999800e-01,-3.388000000000000256e+01,-1.000000000000000000e+00,0.000000000000000000e+00,0.000000000000000000e+00,8.599999999999999312e-02,1.000000000000000000e+00,1.100000000000000006e-01,1.200000000000000000e+01,8.214000000000000000e+03
4.534511005000003934e+02,4.596410000000000000e+05,1.508000000000000007e+00,2.712000000000000188e+00,1.406000000000000050e+01,-1.070000000000000000e+03,-1.711999999999999966e+00,5.350000000000000000e+02,0.000000000000000000e+00,0.000000000000000000e+00,0.000000000000000000e+00,-9.619999999999999218e+00,-4.040000000000000000e+02,-4.040000000000000000e+02,-3.830000000000000000e+02,0.000000000000000000e+00,3.840000000000000080e-01,-2.330999999999999872e+01,-1.000000000000000000e+00,0.000000000000000000e+00,0.000000000000000000e+00,2.999999999999999889e-02,1.000000000000000000e+00,7.299999999999999545e-02,1.300000000000000000e+01,8.214000000000000000e+03
4.534686277999990125e+02,4.596610000000000000e+05,1.750999999999999890e+00,2.783999999999999808e+00,1.300999999999999979e+01,-1.115000000000000000e+03,-1.784000000000000030e+00,4.360000000000000000e+02,0.000000000000000000e+00,0.000000000000000000e+00,0.000000000000000000e+00,-6.400000000000000355e+00,-4.600000000000000000e+02,-4.600000000000000000e+02,-3.490000000000000000e+02,0.000000000000000000e+00,4.040000000000000258e-01,-8.130000000000000782e+00,-1.000000000000000000e+00,0.000000000000000000e+00,0.000000000000000000e+00,-5.999999999999999778e-02,1.000000000000000000e+00,5.700000000000000205e-02,1.500000000000000000e+01,8.214000000000000000e+03
4.535202697999993688e+02,4.597010000000000000e+05,2.266999999999999904e+00,2.572999999999999954e+00,1.014000000000000057e+01,-9.830000000000000000e+02,-1.572999999999999954e+00,1.600000000000000000e+01,0.000000000000000000e+00,0.000000000000000000e+00,0.000000000000000000e+00,-1.159999999999999920e+00,-6.060000000000000000e+02,-6.060000000000000000e+02,-3.480000000000000000e+02,0.000000000000000000e+00,4.380000000000000004e-01,2.012000000000000099e+01,1.000000000000000000e+00,0.000000000000000000e+00,0.000000000000000000e+00,2.999999999999999889e-02,1.000000000000000000e+00,5.000000000000000278e-02,1.500000000000000000e+01,8.214000000000000000e+03
4.535400045999995200e+02,4.597210000000000000e+05,2.500999999999999890e+00,2.349000000000000199e+00,8.189999999999999503e+00,-8.430000000000000000e+02,-1.348999999999999977e+00,-2.500000000000000000e+02,0.000000000000000000e+00,0.000000000000000000e+00,0.000000000000000000e+00,-1.229999999999999982e+00,-5.760000000000000000e+02,-5.760000000000000000e+02,-3.730000000000000000e+02,0.000000000000000000e+00,4.380000000000000004e-01,8.339999999999999858e+00,-1.000000000000000000e+00,0.000000000000000000e+00,0.000000000000000000e+00,6.800000000000000488e-02,1.000000000000000000e+00,3.500000000000000333e-02,1.600000000000000000e+01,8.214000000000000000e+03
4.535579110999988188e+02,4.597410000000000000e+05,2.623000000000000220e+00,2.303999999999999826e+00,3.500000000000000000e+00,-8.150000000000000000e+02,-1.304000000000000048e+00,-2.740000000000000000e+02,0.000000000000000000e+00,0.000000000000000000e+00,0.000000000000000000e+00,-3.189999999999999947e+00,-4.580000000000000000e+02,-4.580000000000000000e+02,-3.340000000000000000e+02,0.000000000000000000e+00,4.319999999999999951e-01,-4.500000000000000000e+00,-1.000000000000000000e+00,0.000000000000000000e+00,0.000000000000000000e+00,2.650000000000000133e-01,1.000000000000000000e+00,5.199999999999999761e-02,1.500000000000000000e+01,8.214000000000000000e+03
4.535754625999998098e+02,4.597610000000000000e+05,2.766999999999999904e+00,2.001999999999999780e+00,1.610000000000000098e+00,-6.260000000000000000e+02,-1.002000000000000002e+00,-5.370000000000000000e+02,0.000000000000000000e+00,0.000000000000000000e+00,0.000000000000000000e+00,-2.629999999999999893e+00,-4.640000000000000000e+02,-4.640000000000000000e+02,-3.700000000000000000e+02,0.000000000000000000e+00,4.380000000000000004e-01,-3.290000000000000036e+00,-1.000000000000000000e+00,0.000000000000000000e+00,0.000000000000000000e+00,7.299999999999999545e-02,1.000000000000000000e+00,6.400000000000000133e-02,1.400000000000000000e+01,8.214000000000000000e+03
4.536294751999994332e+02,4.598010000000000000e+05,2.737000000000000099e+00,1.540999999999999925e+00,-8.460000000000000853e+00,-3.380000000000000000e+02,-5.410000000000000364e-01,-6.320000000000000000e+02,0.000000000000000000e+00,0.000000000000000000e+00,0.000000000000000000e+00,-2.140000000000000124e+00,-5.010000000000000000e+02,-5.010000000000000000e+02,-4.020000000000000000e+02,0.000000000000000000e+00,0.000000000000000000e+00,0.000000000000000000e+00,0.000000000000000000e+00,0.000000000000000000e+00,0.000000000000000000e+00,-5.600000000000000117e-02,1.000000000000000000e+00,0.000000000000000000e+00,1.900000000000000000e+01,8.210000000000000000e+03
4.536318780999990850e+02,4.598210000000000000e+05,2.603000000000000203e+00,1.429999999999999938e+00,-1.159999999999999964e+01,-2.690000000000000000e+02,-4.299999999999999933e-01,-5.500000000000000000e+02,0.000000000000000000e+00,0.000000000000000000e+00,0.000000000000000000e+00,-2.350000000000000089e+00,-4.610000000000000000e+02,-4.610000000000000000e+02,-3.660000000000000000e+02,0.000000000000000000e+00,0.000000000000000000e+00,0.000000000000000000e+00,0.000000000000000000e+00,0.000000000000000000e+00,0.000000000000000000e+00,-1.299999999999999940e-02,1.000000000000000000e+00,0.000000000000000000e+00,1.900000000000000000e+01,8.210000000000000000e+03
4.536506449999997130e+02,4.598410000000000000e+05,2.359999999999999876e+00,1.262000000000000011e+00,-1.243999999999999950e+01,-1.640000000000000000e+02,-2.620000000000000107e-01,-4.870000000000000000e+02,0.000000000000000000e+00,0.000000000000000000e+00,0.000000000000000000e+00,-8.100000000000000533e-01,-5.220000000000000000e+02,-5.220000000000000000e+02,-3.530000000000000000e+02,0.000000000000000000e+00,0.000000000000000000e+00,0.000000000000000000e+00,0.000000000000000000e+00,0.000000000000000000e+00,0.000000000000000000e+00,4.000000000000000083e-03,1.000000000000000000e+00,0.000000000000000000e+00,1.900000000000000000e+01,8.210000000000000000e+03
4.536679249999997410e+02,4.598610000000000000e+05,2.117999999999999883e+00,1.090999999999999970e+00,-1.265000000000000036e+01,-5.700000000000000000e+01,-9.099999999999999756e-02,-4.390000000000000000e+02,0.000000000000000000e+00,0.000000000000000000e+00,0.000000000000000000e+00,-5.300000000000000266e-01,-5.360000000000000000e+02,-5.360000000000000000e+02,-3.480000000000000000e+02,0.000000000000000000e+00,0.000000000000000000e+00,0.000000000000000000e+00,0.000000000000000000e+00,0.000000000000000000e+00,0.000000000000000000e+00,4.000000000000000083e-03,1.000000000000000000e+00,0.000000000000000000e+00,1.900000000000000000e+01,8.210000000000000000e+03
4.537295505999991292e+02,4.599010000000000000e+05,1.560000000000000053e+00,8.479999999999999760e-01,-1.208999999999999986e+01,9.500000000000000000e+01,1.519999999999999962e-01,-2.370000000000000000e+02,0.000000000000000000e+00,0.000000000000000000e+00,0.000000000000000000e+00,-1.300000000000000044e+00,-5.020000000000000000e+02,-5.020000000000000000e+02,-3.430000000000000000e+02,0.000000000000000000e+00,0.000000000000000000e+00,0.000000000000000000e+00,0.000000000000000000e+00,0.000000000000000000e+00,0.000000000000000000e+00,-1.199999999999999956e-01,1.000000000000000000e+00,0.000000000000000000e+00,1.900000000000000000e+01,8.210000000000000000e+03
4.537334799999989627e+02,4.599210000000000000e+05,1.256000000000000005e+00,7.760000000000000231e-01,-1.152999999999999936e+01,1.400000000000000000e+02,2.240000000000000047e-01,-1.150000000000000000e+02,0.000000000000000000e+00,0.000000000000000000e+00,0.000000000000000000e+00,-4.000000000000000083e-02,-5.610000000000000000e+02,-5.610000000000000000e+02,-3.400000000000000000e+02,0.000000000000000000e+00,0.000000000000000000e+00,0.000000000000000000e+00,0.000000000000000000e+00,0.000000000000000000e+00,0.000000000000000000e+00,-4.299999999999999656e-02,1.000000000000000000e+00,0.000000000000000000e+00,1.900000000000000000e+01,8.210000000000000000e+03
4.537530026000004000e+02,4.599410000000000000e+05,1.004000000000000004e+00,7.389999999999999902e-01,-1.216000000000000014e+01,1.630000000000000000e+02,2.610000000000000098e-01,4.800000000000000000e+01,0.000000000000000000e+00,0.000000000000000000e+00,0.000000000000000000e+00,7.299999999999999822e-01,-6.010000000000000000e+02,-6.010000000000000000e+02,-3.400000000000000000e+02,0.000000000000000000e+00,0.000000000000000000e+00,0.000000000000000000e+00,0.000000000000000000e+00,0.000000000000000000e+00,0.000000000000000000e+00,-4.299999999999999656e-02,1.000000000000000000e+00,0.000000000000000000e+00,1.900000000000000000e+01,8.210000000000000000e+03
4.537721198999988701e+02,4.599610000000000000e+05,7.730000000000000204e-01,7.279999999999999805e-01,-1.083000000000000007e+01,1.700000000000000000e+02,2.720000000000000195e-01,1.620000000000000000e+02,0.000000000000000000e+00,0.000000000000000000e+00,0.000000000000000000e+00,7.299999999999999822e-01,-6.020000000000000000e+02,-6.020000000000000000e+02,-3.390000000000000000e+02,0.000000000000000000e+00,0.000000000000000000e+00,0.000000000000000000e+00,0.000000000000000000e+00,0.000000000000000000e+00,0.000000000000000000e+00,-4.700000000000000011e-02,1.000000000000000000e+00,0.000000000000000000e+00,1.900000000000000000e+01,8.210000000000000000e+03
4.538165928999987955e+02,4.600010000000000000e+05,3.750000000000000000e-01,7.920000000000000373e-01,-5.730000000000000426e+00,1.300000000000000000e+02,2.079999999999999905e-01,3.700000000000000000e+02,0.000000000000000000e+00,0.000000000000000000e+00,0.000000000000000000e+00,5.200000000000000178e-01,-5.890000000000000000e+02,-5.890000000000000000e+02,-3.400000000000000000e+02,0.000000000000000000e+00,0.000000000000000000e+00,0.000000000000000000e+00,0.000000000000000000e+00,0.000000000000000000e+00,0.000000000000000000e+00,-8.100000000000000255e-02,1.000000000000000000e+00,0.000000000000000000e+00,1.900000000000000000e+01,8.210000000000000000e+03
4.538310600999993767e+02,4.600210000000000000e+05,2.429999999999999938e-01,8.589999999999999858e-01,-2.160000000000000142e+00,8.800000000000000000e+01,1.409999999999999865e-01,4.350000000000000000e+02,0.000000000000000000e+00,0.000000000000000000e+00,0.000000000000000000e+00,1.149999999999999911e+00,-6.190000000000000000e+02,-6.190000000000000000e+02,-3.410000000000000000e+02,0.000000000000000000e+00,0.000000000000000000e+00,0.000000000000000000e+00,0.000000000000000000e+00,0.000000000000000000e+00,0.000000000000000000e+00,-1.029999999999999943e-01,1.000000000000000000e+00,0.000000000000000000e+00,1.900000000000000000e+01,8.210000000000000000e+03
4.538523273999999219e+02,4.600410000000000000e+05,1.859999999999999987e-01,9.519999999999999574e-01,1.000000000000000021e-02,3.000000000000000000e+01,4.800000000000000100e-02,5.040000000000000000e+02,0.000000000000000000e+00,0.000000000000000000e+00,0.000000000000000000e+00,8.699999999999999956e-01,-6.040000000000000000e+02,-6.040000000000000000e+02,-3.460000000000000000e+02,0.000000000000000000e+00,0.000000000000000000e+00,0.000000000000000000e+00,0.000000000000000000e+00,0.000000000000000000e+00,0.000000000000000000e+00,-1.199999999999999956e-01,1.000000000000000000e+00,0.000000000000000000e+00,1.900000000000000000e+01,8.210000000000000000e+03
4.538680702999990899e+02,4.600610000000000000e+05,1.439999999999999891e-01,1.062000000000000055e+00,2.729999999999999982e+00,-3.900000000000000000e+01,-6.199999999999999956e-02,5.460000000000000000e+02,0.000000000000000000e+00,0.000000000000000000e+00,0.000000000000000000e+00,1.080000000000000071e+00,-6.130000000000000000e+02,-6.130000000000000000e+02,-3.490000000000000000e+02,0.000000000000000000e+00,3.850000000000000089e-01,-2.669999999999999929e+01,-1.000000000000000000e+00,0.000000000000000000e+00,0.000000000000000000e+00,-1.449999999999999900e-01,1.000000000000000000e+00,2.299999999999999961e-02,1.700000000000000000e+01,8.214000000000000000e+03
4.539293821999999636e+02,4.601010000000000000e+05,2.680000000000000160e-01,1.274999999999999911e+00,7.559999999999999609e+00,-1.720000000000000000e+02,-2.750000000000000222e-01,5.120000000000000000e+02,0.000000000000000000e+00,0.000000000000000000e+00,0.000000000000000000e+00,1.500000000000000000e+00,-6.540000000000000000e+02,-6.540000000000000000e+02,-3.580000000000000000e+02,0.000000000000000000e+00,0.000000000000000000e+00,0.000000000000000000e+00,0.000000000000000000e+00,0.000000000000000000e+00,0.000000000000000000e+00,-1.749999999999999889e-01,1.000000000000000000e+00,0.000000000000000000e+00,1.900000000000000000e+01,8.210000000000000000e+03
4.539352211000004900e+02,4.601210000000000000e+05,3.840000000000000080e-01,1.377999999999999892e+00,9.730000000000000426e+00,-2.360000000000000000e+02,-3.780000000000000027e-01,4.650000000000000000e+02,0.000000000000000000e+00,0.000000000000000000e+00,0.000000000000000000e+00,7.299999999999999822e-01,-6.310000000000000000e+02,-6.310000000000000000e+02,-3.660000000000000000e+02,0.000000000000000000e+00,4.030000000000000249e-01,-4.230000000000000426e+00,-1.000000000000000000e+00,0.000000000000000000e+00,0.000000000000000000e+00,-1.499999999999999944e-01,1.000000000000000000e+00,7.299999999999999545e-02,1.300000000000000000e+01,8.214000000000000000e+03
4.539546221000000514e+02,4.601410000000000000e+05,5.789999999999999591e-01,1.461000000000000076e+00,7.980000000000000426e+00,-2.880000000000000000e+02,-4.610000000000000209e-01,4.270000000000000000e+02,0.000000000000000000e+00,0.000000000000000000e+00,0.000000000000000000e+00,1.500000000000000000e+00,-6.660000000000000000e+02,-6.660000000000000000e+02,-3.700000000000000000e+02,0.000000000000000000e+00,6.059999999999999831e-01,1.937000000000000099e+01,-2.069999999999999965e-02,0.000000000000000000e+00,0.000000000000000000e+00,-1.409999999999999865e-01,1.000000000000000000e+00,8.920000000000000151e-01,7.000000000000000000e+00,8.214000000000000000e+03
4.539709466999993310e+02,4.601610000000000000e+05,7.640000000000000124e-01,1.514999999999999902e+00,9.660000000000000142e+00,-3.220000000000000000e+02,-5.150000000000000133e-01,3.180000000000000000e+02,0.000000000000000000e+00,0.000000000000000000e+00,0.000000000000000000e+00,1.919999999999999929e+00,-6.840000000000000000e+02,-6.840000000000000000e+02,-3.750000000000000000e+02,0.000000000000000000e+00,4.000000000000000222e-01,-1.510000000000000009e+00,-1.000000000000000000e+00,0.000000000000000000e+00,0.000000000000000000e+00,-1.620000000000000051e-01,1.000000000000000000e+00,9.099999999999999756e-02,1.200000000000000000e+01,8.214000000000000000e+03
4.540150985999989643e+02,4.602010000000000000e+05,1.179999999999999938e+00,1.570999999999999952e+00,1.000999999999999979e+01,-3.570000000000000000e+02,-5.709999999999999520e-01,7.200000000000000000e+01,0.000000000000000000e+00,0.000000000000000000e+00,0.000000000000000000e+00,1.360000000000000098e+00,-6.630000000000000000e+02,-6.630000000000000000e+02,-3.760000000000000000e+02,0.000000000000000000e+00,4.069999999999999729e-01,-3.160000000000000142e+00,-1.000000000000000000e+00,0.000000000000000000e+00,0.000000000000000000e+00,-1.620000000000000051e-01,1.000000000000000000e+00,1.429999999999999882e-01,9.000000000000000000e+00,8.214000000000000000e+03
4.540361166000002413e+02,4.602210000000000000e+05,1.387999999999999901e+00,1.560000000000000053e+00,8.330000000000000071e+00,-3.500000000000000000e+02,-5.600000000000000533e-01,-3.900000000000000000e+01,0.000000000000000000e+00,0.000000000000000000e+00,0.000000000000000000e+00,6.600000000000000311e-01,-6.200000000000000000e+02,-6.200000000000000000e+02,-3.760000000000000000e+02,0.000000000000000000e+00,4.079999999999999738e-01,-6.889999999999999680e+00,-1.000000000000000000e+00,0.000000000000000000e+00,0.000000000000000000e+00,-1.409999999999999865e-01,1.000000000000000000e+00,1.439999999999999891e-01,9.000000000000000000e+00,8.214000000000000000e+03
4.540514149999999063e+02,4.602410000000000000e+05,1.580000000000000071e+00,1.532999999999999918e+00,8.609999999999999432e+00,-3.330000000000000000e+02,-5.330000000000000293e-01,-1.930000000000000000e+02,0.000000000000000000e+00,0.000000000000000000e+00,0.000000000000000000e+00,-5.300000000000000266e-01,-5.520000000000000000e+02,-5.520000000000000000e+02,-3.780000000000000000e+02,0.000000000000000000e+00,4.119999999999999774e-01,-7.399999999999999911e-01,-7.165000000000000258e-01,0.000000000000000000e+00,0.000000000000000000e+00,-3.799999999999999906e-02,1.000000000000000000e+00,1.789999999999999925e-01,7.000000000000000000e+00,8.214000000000000000e+03
4.540703840999995009e+02,4.602610000000000000e+05,1.737999999999999989e+00,1.463999999999999968e+00,3.640000000000000124e+00,-2.900000000000000000e+02,-4.640000000000000235e-01,-2.400000000000000000e+02,0.000000000000000000e+00,0.000000000000000000e+00,0.000000000000000000e+00,-5.300000000000000266e-01,-5.460000000000000000e+02,-5.460000000000000000e+02,-3.790000000000000000e+02,0.000000000000000000e+00,4.119999999999999774e-01,-5.400000000000000355e-01,-7.005000000000000115e-01,0.000000000000000000e+00,0.000000000000000000e+00,2.100000000000000130e-02,1.000000000000000000e+00,1.719999999999999862e-01,8.000000000000000000e+00,8.214000000000000000e+03
4.541173211999994237e+02,4.603010000000000000e+05,1.903000000000000025e+00,1.274999999999999911e+00,1.000000000000000021e-02,-1.720000000000000000e+02,-2.750000000000000222e-01,-4.030000000000000000e+02,0.000000000000000000e+00,0.000000000000000000e+00,0.000000000000000000e+00,-2.500000000000000000e-01,-5.640000000000000000e+02,-5.640000000000000000e+02,-3.730000000000000000e+02,0.000000000000000000e+00,4.079999999999999738e-01,4.500000000000000111e-01,-4.951999999999999735e-01,0.000000000000000000e+00,0.000000000000000000e+00,-4.000000000000000083e-03,1.000000000000000000e+00,1.759999999999999898e-01,8.000000000000000000e+00,8.214000000000000000e+03
4.541399978999997984e+02,4.603210000000000000e+05,1.889000000000000012e+00,1.171000000000000041e+00,-3.629999999999999893e+00,-1.070000000000000000e+02,-1.710000000000000131e-01,-3.910000000000000000e+02,0.000000000000000000e+00,0.000000000000000000e+00,0.000000000000000000e+00,-1.370000000000000107e+00,-5.190000000000000000e+02,-5.190000000000000000e+02,-3.710000000000000000e+02,0.000000000000000000e+00,4.020000000000000240e-01,-7.730000000000000426e+00,-1.000000000000000000e+00,0.000000000000000000e+00,0.000000000000000000e+00,-4.700000000000000011e-02,1.000000000000000000e+00,1.859999999999999987e-01,7.000000000000000000e+00,8.214000000000000000e+03
4.541550042999988364e+02,4.603410000000000000e+05,1.832000000000000073e+00,1.066999999999999948e+00,-4.259999999999999787e+00,-4.200000000000000000e+01,-6.700000000000000400e-02,-4.250000000000000000e+02,0.000000000000000000e+00,0.000000000000000000e+00,0.000000000000000000e+00,-8.800000000000000044e-01,-5.330000000000000000e+02,-5.330000000000000000e+02,-3.660000000000000000e+02,0.000000000000000000e+00,4.209999999999999853e-01,-1.340000000000000080e+00,-7.926999999999999602e-01,0.000000000000000000e+00,0.000000000000000000e+00,-2.089999999999999913e-01,1.000000000000000000e+00,1.739999999999999880e-01,9.000000000000000000e+00,8.214000000000000000e+03
4.541766138999992108e+02,4.603610000000000000e+05,1.665999999999999925e+00,1.010000000000000009e+00,-5.169999999999999929e+00,-6.000000000000000000e+00,-1.000000000000000021e-02,-3.380000000000000000e+02,0.000000000000000000e+00,0.000000000000000000e+00,0.000000000000000000e+00,-1.799999999999999933e-01,-5.530000000000000000e+02,-5.530000000000000000e+02,-3.640000000000000000e+02,0.000000000000000000e+00,3.920000000000000151e-01,-1.352999999999999936e+01,-1.000000000000000000e+00,0.000000000000000000e+00,0.000000000000000000e+00,-7.299999999999999545e-02,1.000000000000000000e+00,1.779999999999999916e-01,7.000000000000000000e+00,8.214000000000000000e+03
4.542147786999994423e+02,4.604010000000000000e+05,1.342999999999999972e+00,8.559999999999999831e-01,-8.669999999999999929e+00,9.000000000000000000e+01,1.439999999999999891e-01,-1.640000000000000000e+02,0.000000000000000000e+00,0.000000000000000000e+00,0.000000000000000000e+00,-3.200000000000000067e-01,-5.210000000000000000e+02,-5.210000000000000000e+02,-3.630000000000000000e+02,0.000000000000000000e+00,4.209999999999999853e-01,1.159999999999999920e+00,-7.177999999999999936e-01,0.000000000000000000e+00,0.000000000000000000e+00,4.000000000000000083e-03,1.000000000000000000e+00,1.859999999999999987e-01,7.000000000000000000e+00,8.214000000000000000e+03
4.542328565999996499e+02,4.604210000000000000e+05,1.195999999999999952e+00,8.110000000000000542e-01,-9.369999999999999218e+00,1.180000000000000000e+02,1.890000000000000013e-01,-7.800000000000000000e+01,0.000000000000000000e+00,0.000000000000000000e+00,0.000000000000000000e+00,-6.700000000000000400e-01,-4.870000000000000000e+02,-4.870000000000000000e+02,-3.600000000000000000e+02,0.000000000000000000e+00,4.239999999999999880e-01,8.960000000000000853e+00,9.979999999999999982e-02,0.000000000000000000e+00,0.000000000000000000e+00,4.700000000000000011e-02,1.000000000000000000e+00,1.990000000000000102e-01,5.000000000000000000e+00,8.214000000000000000e+03
4.542543531999999686e+02,4.604410000000000000e+05,1.026000000000000023e+00,7.920000000000000373e-01,-7.830000000000000071e+00,1.300000000000000000e+02,2.079999999999999905e-01,-9.000000000000000000e+00,0.000000000000000000e+00,0.000000000000000000e+00,0.000000000000000000e+00,2.399999999999999911e-01,-5.400000000000000000e+02,-5.400000000000000000e+02,-3.550000000000000000e+02,0.000000000000000000e+00,4.239999999999999880e-01,9.380000000000000782e+00,2.958000000000000074e-01,0.000000000000000000e+00,0.000000000000000000e+00,-1.700000000000000122e-02,1.000000000000000000e+00,2.129999999999999949e-01,4.000000000000000000e+00,8.214000000000000000e+03
4.542686589000004460e+02,4.604610000000000000e+05,8.469999999999999751e-01,7.890000000000000346e-01,-6.990000000000000213e+00,1.320000000000000000e+02,2.109999999999999931e-01,8.600000000000000000e+01,0.000000000000000000e+00,0.000000000000000000e+00,0.000000000000000000e+00,1.080000000000000071e+00,-5.840000000000000000e+02,-5.840000000000000000e+02,-3.520000000000000000e+02,0.000000000000000000e+00,4.749999999999999778e-01,1.317999999999999972e+01,2.245000000000000051e-01,0.000000000000000000e+00,0.000000000000000000e+00,0.000000000000000000e+00,1.000000000000000000e+00,9.529999999999999583e-01,0.000000000000000000e+00,8.214000000000000000e+03
4.543326713999995263e+02,4.605010000000000000e+05,4.989999999999999991e-01,8.179999999999999494e-01,-6.150000000000000355e+00,1.140000000000000000e+02,1.819999999999999951e-01,3.130000000000000000e+02,0.000000000000000000e+00,0.000000000000000000e+00,0.000000000000000000e+00,1.639999999999999902e+00,-6.410000000000000000e+02,-6.410000000000000000e+02,-3.460000000000000000e+02,0.000000000000000000e+00,4.089999999999999747e-01,4.700000000000000178e+00,-1.724999999999999867e-01,0.000000000000000000e+00,0.000000000000000000e+00,2.100000000000000130e-02,1.000000000000000000e+00,1.950000000000000067e-01,2.300000000000000000e+01,8.214000000000000000e+03
4.543333569999995234e+02,4.605210000000000000e+05,3.719999999999999973e-01,8.739999999999999991e-01,-4.679999999999999716e+00,7.900000000000000000e+01,1.260000000000000009e-01,4.150000000000000000e+02,0.000000000000000000e+00,0.000000000000000000e+00,0.000000000000000000e+00,1.219999999999999973e+00,-6.210000000000000000e+02,-6.210000000000000000e+02,-3.510000000000000000e+02,0.000000000000000000e+00,4.199999999999999845e-01,8.300000000000000711e+00,-3.919999999999999873e-02,0.000000000000000000e+00,0.000000000000000000e+00,2.999999999999999889e-02,1.000000000000000000e+00,2.039999999999999869e-01,0.000000000000000000e+00,8.214000000000000000e+03
4.543509384999997565e+02,4.605410000000000000e+05,2.720000000000000195e-01,9.499999999999999556e-01,-2.370000000000000107e+00,3.100000000000000000e+01,5.000000000000000278e-02,4.810000000000000000e+02,0.000000000000000000e+00,0.000000000000000000e+00,0.000000000000000000e+00,8.000000000000000444e-01,-6.080000000000000000e+02,-6.080000000000000000e+02,-3.540000000000000000e+02,0.000000000000000000e+00,4.010000000000000231e-01,-2.200000000000000011e-01,-5.825000000000000178e-01,0.000000000000000000e+00,0.000000000000000000e+00,5.999999999999999778e-02,1.000000000000000000e+00,2.099999999999999922e-01,2.000000000000000000e+00,8.214000000000000000e+03
4.543696655000003375e+02,4.605610000000000000e+05,2.139999999999999958e-01,1.034999999999999920e+00,-5.500000000000000444e-01,-2.200000000000000000e+01,-3.500000000000000333e-02,5.400000000000000000e+02,0.000000000000000000e+00,0.000000000000000000e+00,0.000000000000000000e+00,6.600000000000000311e-01,-6.020000000000000000e+02,-6.020000000000000000e+02,-3.590000000000000000e+02,0.000000000000000000e+00,4.030000000000000249e-01,8.000000000000000167e-02,-7.177000000000000046e-01,0.000000000000000000e+00,0.000000000000000000e+00,8.599999999999999312e-02,1.000000000000000000e+00,1.930000000000000049e-01,7.000000000000000000e+00,8.214000000000000000e+03
4.544141385000002629e+02,4.606010000000000000e+05,2.459999999999999964e-01,1.241999999999999993e+00,2.450000000000000178e+00,-1.510000000000000000e+02,-2.419999999999999929e-01,6.010000000000000000e+02,0.000000000000000000e+00,0.000000000000000000e+00,0.000000000000000000e+00,1.850000000000000089e+00,-6.630000000000000000e+02,-6.630000000000000000e+02,-3.700000000000000000e+02,0.000000000000000000e+00,4.079999999999999738e-01,1.001999999999999957e+01,1.158000000000000002e-01,0.000000000000000000e+00,0.000000000000000000e+00,1.239999999999999991e-01,1.000000000000000000e+00,1.700000000000000122e-01,4.000000000000000000e+00,8.214000000000000000e+03
4.544316460999998526e+02,4.606210000000000000e+05,2.979999999999999871e-01,1.342000000000000082e+00,5.250000000000000000e+00,-2.140000000000000000e+02,-3.420000000000000262e-01,5.890000000000000000e+02,0.000000000000000000e+00,0.000000000000000000e+00,0.000000000000000000e+00,5.200000000000000178e-01,-5.970000000000000000e+02,-5.970000000000000000e+02,-3.740000000000000000e+02,0.000000000000000000e+00,4.079999999999999738e-01,1.001999999999999957e+01,1.158000000000000002e-01,0.000000000000000000e+00,0.000000000000000000e+00,8.999999999999999667e-02,1.000000000000000000e+00,1.700000000000000122e-01,2.400000000000000000e+01,8.214000000000000000e+03
4.544505208999999013e+02,4.606410000000000000e+05,3.709999999999999964e-01,1.439999999999999947e+00,5.320000000000000284e+00,-2.750000000000000000e+02,-4.400000000000000022e-01,5.980000000000000000e+02,0.000000000000000000e+00,0.000000000000000000e+00,0.000000000000000000e+00,1.500000000000000000e+00,-6.530000000000000000e+02,-6.530000000000000000e+02,-3.770000000000000000e+02,0.000000000000000000e+00,3.820000000000000062e-01,-8.480000000000000426e+00,-9.655000000000000249e-01,0.000000000000000000e+00,0.000000000000000000e+00,1.110000000000000014e-01,1.000000000000000000e+00,1.890000000000000013e-01,3.000000000000000000e+00,8.214000000000000000e+03
4.544683841999994911e+02,4.606610000000000000e+05,4.809999999999999831e-01,1.524999999999999911e+00,7.980000000000000426e+00,-3.280000000000000000e+02,-5.250000000000000222e-01,5.340000000000000000e+02,0.000000000000000000e+00,0.000000000000000000e+00,0.000000000000000000e+00,3.099999999999999978e-01,-5.950000000000000000e+02,-5.950000000000000000e+02,-3.790000000000000000e+02,0.000000000000000000e+00,4.139999999999999791e-01,1.141999999999999993e+01,2.501999999999999780e-01,0.000000000000000000e+00,0.000000000000000000e+00,8.100000000000000255e-02,1.000000000000000000e+00,1.529999999999999971e-01,9.000000000000000000e+00,8.214000000000000000e+03
4.545316996000001382e+02,4.607010000000000000e+05,7.900000000000000355e-01,1.556999999999999940e+00,8.470000000000000639e+00,-3.480000000000000000e+02,-5.570000000000000506e-01,3.480000000000000000e+02,0.000000000000000000e+00,0.000000000000000000e+00,0.000000000000000000e+00,-1.439999999999999947e+00,-5.090000000000000000e+02,-5.090000000000000000e+02,-4.090000000000000000e+02,0.000000000000000000e+00,4.020000000000000240e-01,-3.890000000000000124e+00,-1.000000000000000000e+00,0.000000000000000000e+00,0.000000000000000000e+00,1.580000000000000016e-01,1.000000000000000000e+00,1.509999999999999953e-01,1.000000000000000000e+01,8.214000000000000000e+03
4.545355364999995800e+02,4.607210000000000000e+05,9.429999999999999494e-01,1.558000000000000052e+00,8.750000000000000000e+00,-3.490000000000000000e+02,-5.580000000000000515e-01,2.320000000000000000e+02,0.000000000000000000e+00,0.000000000000000000e+00,0.000000000000000000e+00,1.000000000000000056e-01,-5.880000000000000000e+02,-5.880000000000000000e+02,-4.220000000000000000e+02,0.000000000000000000e+00,4.079999999999999738e-01,-0.000000000000000000e+00,-7.415000000000000480e-01,0.000000000000000000e+00,0.000000000000000000e+00,7.699999999999999900e-02,1.000000000000000000e+00,1.650000000000000078e-01,9.000000000000000000e+00,8.214000000000000000e+03
4.545556447999988450e+02,4.607410000000000000e+05,1.084999999999999964e+00,1.590000000000000080e+00,7.349999999999999645e+00,-3.690000000000000000e+02,-5.899999999999999689e-01,1.970000000000000000e+02,0.000000000000000000e+00,0.000000000000000000e+00,0.000000000000000000e+00,1.149999999999999911e+00,-6.470000000000000000e+02,-6.470000000000000000e+02,-4.130000000000000000e+02,0.000000000000000000e+00,4.119999999999999774e-01,1.800000000000000044e+00,-6.519000000000000350e-01,0.000000000000000000e+00,0.000000000000000000e+00,1.330000000000000071e-01,1.000000000000000000e+00,1.570000000000000007e-01,8.000000000000000000e+00,8.214000000000000000e+03
4.545756113999996160e+02,4.607610000000000000e+05,1.223999999999999977e+00,1.612999999999999989e+00,6.440000000000000391e+00,-3.830000000000000000e+02,-6.129999999999999893e-01,1.360000000000000000e+02,0.000000000000000000e+00,0.000000000000000000e+00,0.000000000000000000e+00,5.200000000000000178e-01,-6.170000000000000000e+02,-6.170000000000000000e+02,-4.040000000000000000e+02,0.000000000000000000e+00,5.300000000000000266e-01,1.707000000000000028e+01,1.960999999999999965e-01,0.000000000000000000e+00,0.000000000000000000e+00,6.800000000000000488e-02,1.000000000000000000e+00,8.389999999999999680e-01,2.000000000000000000e+00,8.214000000000000000e+03
4.546138332999998966e+02,4.608010000000000000e+05,1.461999999999999966e+00,1.602000000000000091e+00,5.250000000000000000e+00,-3.760000000000000000e+02,-6.019999999999999796e-01,-3.000000000000000000e+00,0.000000000000000000e+00,0.000000000000000000e+00,0.000000000000000000e+00,-1.370000000000000107e+00,-5.240000000000000000e+02,-5.240000000000000000e+02,-3.840000000000000000e+02,0.000000000000000000e+00,4.069999999999999729e-01,-8.369999999999999218e+00,-1.000000000000000000e+00,0.000000000000000000e+00,0.000000000000000000e+00,1.029999999999999943e-01,1.000000000000000000e+00,1.170000000000000068e-01,1.000000000000000000e+01,8.214000000000000000e+03
4.546344704000002821e+02,4.608210000000000000e+05,1.550000000000000044e+00,1.600000000000000089e+00,2.029999999999999805e+00,-3.750000000000000000e+02,-5.999999999999999778e-01,-5.000000000000000000e+00,0.000000000000000000e+00,0.000000000000000000e+00,0.000000000000000000e+00,2.999999999999999889e-02,-5.910000000000000000e+02,-5.910000000000000000e+02,-3.690000000000000000e+02,0.000000000000000000e+00,4.050000000000000266e-01,-1.226999999999999957e+01,-1.000000000000000000e+00,0.000000000000000000e+00,0.000000000000000000e+00,1.409999999999999865e-01,1.000000000000000000e+00,1.069999999999999979e-01,1.100000000000000000e+01,8.214000000000000000e+03
4.546564345999995567e+02,4.608410000000000000e+05,1.629999999999999893e+00,1.548999999999999932e+00,9.100000000000000311e-01,-3.430000000000000000e+02,-5.490000000000000435e-01,-6.500000000000000000e+01,0.000000000000000000e+00,0.000000000000000000e+00,0.000000000000000000e+00,-1.300000000000000044e+00,-5.280000000000000000e+02,-5.280000000000000000e+02,-3.590000000000000000e+02,0.000000000000000000e+00,3.970000000000000195e-01,-1.683999999999999986e+01,-1.000000000000000000e+00,0.000000000000000000e+00,0.000000000000000000e+00,1.299999999999999940e-02,1.000000000000000000e+00,1.130000000000000032e-01,1.100000000000000000e+01,8.214000000000000000e+03
4.546710671000000730e+02,4.608610000000000000e+05,1.663000000000000034e+00,1.491000000000000103e+00,9.799999999999999822e-01,-3.070000000000000000e+02,-4.909999999999999920e-01,-1.310000000000000000e+02,0.000000000000000000e+00,0.000000000000000000e+00,0.000000000000000000e+00,-1.300000000000000044e+00,-5.280000000000000000e+02,-5.280000000000000000e+02,-3.570000000000000000e+02,0.000000000000000000e+00,4.129999999999999782e-01,-5.099999999999999645e+00,-1.000000000000000000e+00,0.000000000000000000e+00,0.000000000000000000e+00,-4.000000000000000083e-03,1.000000000000000000e+00,8.999999999999999667e-02,1.200000000000000000e+01,8.214000000000000000e+03
4.547304218999997829e+02,4.609010000000000000e+05,1.689999999999999947e+00,1.348999999999999977e+00,-1.320000000000000062e+00,-2.180000000000000000e+02,-3.489999999999999769e-01,-1.990000000000000000e+02,0.000000000000000000e+00,0.000000000000000000e+00,0.000000000000000000e+00,5.899999999999999689e-01,-5.960000000000000000e+02,-5.960000000000000000e+02,-3.520000000000000000e+02,0.000000000000000000e+00,4.199999999999999845e-01,-3.959999999999999964e+00,-1.000000000000000000e+00,0.000000000000000000e+00,0.000000000000000000e+00,1.150000000000000050e-01,1.000000000000000000e+00,8.699999999999999400e-02,1.300000000000000000e+01,8.214000000000000000e+03
4.547365279000005103e+02,4.609210000000000000e+05,1.614999999999999991e+00,1.270000000000000018e+00,8.539999999999999147e+00,-1.690000000000000000e+02,-2.700000000000000178e-01,-4.230000000000000000e+02,0.000000000000000000e+00,0.000000000000000000e+00,0.000000000000000000e+00,-3.680000000000000160e+00,-3.650000000000000000e+02,-3.650000000000000000e+02,-3.510000000000000000e+02,0.000000000000000000e+00,4.139999999999999791e-01,-2.750000000000000000e+00,-1.000000000000000000e+00,0.000000000000000000e+00,0.000000000000000000e+00,2.859999999999999765e-01,1.000000000000000000e+00,8.899999999999999578e-02,1.300000000000000000e+01,8.214000000000000000e+03
4.547556196000005002e+02,4.609410000000000000e+05,1.526000000000000023e+00,1.223999999999999977e+00,-1.459999999999999964e+00,-1.400000000000000000e+02,-2.240000000000000047e-01,-1.730000000000000000e+02,0.000000000000000000e+00,0.000000000000000000e+00,0.000000000000000000e+00,1.290000000000000036e+00,-6.180000000000000000e+02,-6.180000000000000000e+02,-3.500000000000000000e+02,0.000000000000000000e+00,4.119999999999999774e-01,-9.869999999999999218e+00,-1.000000000000000000e+00,0.000000000000000000e+00,0.000000000000000000e+00,8.999999999999999667e-02,1.000000000000000000e+00,9.099999999999999756e-02,1.200000000000000000e+01,8.214000000000000000e+03
4.547719575999999506e+02,4.609610000000000000e+05,1.427999999999999936e+00,1.161999999999999922e+00,-6.290000000000000036e+00,-1.010000000000000000e+02,-1.620000000000000051e-01,-6.400000000000000000e+01,0.000000000000000000e+00,0.000000000000000000e+00,0.000000000000000000e+00,-5.999999999999999778e-01,-5.390000000000000000e+02,-5.390000000000000000e+02,-3.500000000000000000e+02,0.000000000000000000e+00,4.060000000000000275e-01,-1.607000000000000028e+01,-1.000000000000000000e+00,0.000000000000000000e+00,0.000000000000000000e+00,1.539999999999999980e-01,1.000000000000000000e+00,6.099999999999999867e-02,1.400000000000000000e+01,8.214000000000000000e+03
4.548159261999990122e+02,4.610010000000000000e+05,1.352000000000000091e+00,1.050999999999999934e+00,-4.190000000000000391e+00,-3.200000000000000000e+01,-5.099999999999999672e-02,-1.210000000000000000e+02,0.000000000000000000e+00,0.000000000000000000e+00,0.000000000000000000e+00,6.600000000000000311e-01,-6.140000000000000000e+02,-6.140000000000000000e+02,-3.430000000000000000e+02,0.000000000000000000e+00,4.269999999999999907e-01,1.168999999999999950e+01,-1.233000000000000068e-01,0.000000000000000000e+00,0.000000000000000000e+00,0.000000000000000000e+00,1.000000000000000000e+00,3.599999999999999728e-02,1.600000000000000000e+01,8.214000000000000000e+03
4.548306869999996707e+02,4.610210000000000000e+05,1.284000000000000030e+00,1.018000000000000016e+00,-2.509999999999999787e+00,-1.100000000000000000e+01,-1.799999999999999864e-02,-1.310000000000000000e+02,0.000000000000000000e+00,0.000000000000000000e+00,0.000000000000000000e+00,3.800000000000000044e-01,-5.820000000000000000e+02,-5.820000000000000000e+02,-3.450000000000000000e+02,0.000000000000000000e+00,4.239999999999999880e-01,2.123999999999999844e+01,4.267000000000000237e-01,0.000000000000000000e+00,0.000000000000000000e+00,3.799999999999999906e-02,1.000000000000000000e+00,2.000000000000000042e-02,1.700000000000000000e+01,8.214000000000000000e+03
4.548496704999997746e+02,4.610410000000000000e+05,1.233000000000000096e+00,9.899999999999999911e-01,-1.040000000000000036e+00,6.000000000000000000e+00,1.000000000000000021e-02,-1.350000000000000000e+02,0.000000000000000000e+00,0.000000000000000000e+00,0.000000000000000000e+00,7.299999999999999822e-01,-5.860000000000000000e+02,-5.860000000000000000e+02,-3.440000000000000000e+02,0.000000000000000000e+00,3.960000000000000187e-01,-3.634000000000000341e+01,-1.000000000000000000e+00,0.000000000000000000e+00,0.000000000000000000e+00,2.100000000000000130e-02,1.000000000000000000e+00,3.099999999999999978e-02,1.700000000000000000e+01,8.214000000000000000e+03
4.548673562000003585e+02,4.610610000000000000e+05,1.104999999999999982e+00,9.659999999999999698e-01,-2.229999999999999982e+00,2.100000000000000000e+01,3.400000000000000244e-02,-6.600000000000000000e+01,0.000000000000000000e+00,0.000000000000000000e+00,0.000000000000000000e+00,3.099999999999999978e-01,-5.620000000000000000e+02,-5.620000000000000000e+02,-3.440000000000000000e+02,0.000000000000000000e+00,4.189999999999999836e-01,-4.599999999999999645e+00,-1.000000000000000000e+00,0.000000000000000000e+00,0.000000000000000000e+00,2.740000000000000213e-01,1.000000000000000000e+00,4.100000000000000172e-02,1.600000000000000000e+01,8.214000000000000000e+03
4.549307360000002518e+02,4.611010000000000000e+05,1.149000000000000021e+00,9.360000000000000542e-01,-3.209999999999999964e+00,4.000000000000000000e+01,6.400000000000000133e-02,-8.100000000000000000e+01,0.000000000000000000e+00,0.000000000000000000e+00,0.000000000000000000e+00,-4.000000000000000083e-02,-5.550000000000000000e+02,-5.550000000000000000e+02,-3.420000000000000000e+02,0.000000000000000000e+00,0.000000000000000000e+00,0.000000000000000000e+00,0.000000000000000000e+00,0.000000000000000000e+00,0.000000000000000000e+00,1.700000000000000122e-02,1.000000000000000000e+00,0.000000000000000000e+00,0.000000000000000000e+00,8.210000000000000000e+03
4.549339214999999967e+02,4.611210000000000000e+05,1.185999999999999943e+00,9.150000000000000355e-01,3.499999999999999778e-01,5.300000000000000000e+01,8.500000000000000611e-02,-1.740000000000000000e+02,0.000000000000000000e+00,0.000000000000000000e+00,0.000000000000000000e+00,-1.100000000000000006e-01,-5.590000000000000000e+02,-5.590000000000000000e+02,-3.400000000000000000e+02,0.000000000000000000e+00,0.000000000000000000e+00,0.000000000000000000e+00,0.000000000000000000e+00,0.000000000000000000e+00,0.000000000000000000e+00,-1.700000000000000122e-02,1.000000000000000000e+00,0.000000000000000000e+00,0.000000000000000000e+00,8.210000000000000000e+03
4.549526776000002428e+02,4.611410000000000000e+05,1.175999999999999934e+00,9.020000000000000240e-01,-6.899999999999999467e-01,6.100000000000000000e+01,9.800000000000000377e-02,-1.630000000000000000e+02,0.000000000000000000e+00,0.000000000000000000e+00,0.000000000000000000e+00,1.000000000000000056e-01,-5.740000000000000000e+02,-5.740000000000000000e+02,-3.420000000000000000e+02,0.000000000000000000e+00,0.000000000000000000e+00,0.000000000000000000e+00,0.000000000000000000e+00,0.000000000000000000e+00,0.000000000000000000e+00,-2.100000000000000130e-02,1.000000000000000000e+00,0.000000000000000000e+00,0.000000000000000000e+00,8.210000000000000000e+03
4.549743017000000691e+02,4.611610000000000000e+05,1.191999999999999948e+00,8.770000000000000018e-01,1.750000000000000000e+00,7.700000000000000000e+01,1.229999999999999982e-01,-2.360000000000000000e+02,0.000000000000000000e+00,0.000000000000000000e+00,0.000000000000000000e+00,1.700000000000000122e-01,-5.670000000000000000e+02,-5.670000000000000000e+02,-3.420000000000000000e+02,0.000000000000000000e+00,0.000000000000000000e+00,0.000000000000000000e+00,0.000000000000000000e+00,0.000000000000000000e+00,0.000000000000000000e+00,-4.000000000000000083e-03,1.000000000000000000e+00,0.000000000000000000e+00,0.000000000000000000e+00,8.210000000000000000e+03
4.550137622000002011e+02,4.612010000000000000e+05,1.223999999999999977e+00,8.429999999999999716e-01,2.100000000000000089e+00,9.800000000000000000e+01,1.570000000000000007e-01,-2.860000000000000000e+02,0.000000000000000000e+00,0.000000000000000000e+00,0.000000000000000000e+00,-5.300000000000000266e-01,-5.250000000000000000e+02,-5.250000000000000000e+02,-3.450000000000000000e+02,0.000000000000000000e+00,0.000000000000000000e+00,0.000000000000000000e+00,0.000000000000000000e+00,0.000000000000000000e+00,0.000000000000000000e+00,0.000000000000000000e+00,1.000000000000000000e+00,0.000000000000000000e+00,0.000000000000000000e+00,8.210000000000000000e+03
4.550325211999988824e+02,4.612210000000000000e+05,1.250000000000000000e+00,8.159999999999999476e-01,2.379999999999999893e+00,1.150000000000000000e+02,1.839999999999999969e-01,-3.250000000000000000e+02,0.000000000000000000e+00,0.000000000000000000e+00,0.000000000000000000e+00,2.399999999999999911e-01,-5.660000000000000000e+02,-5.660000000000000000e+02,-3.460000000000000000e+02,0.000000000000000000e+00,0.000000000000000000e+00,0.000000000000000000e+00,0.000000000000000000e+00,0.000000000000000000e+00,0.000000000000000000e+00,0.000000000000000000e+00,1.000000000000000000e+00,0.000000000000000000e+00,0.000000000000000000e+00,8.210000000000000000e+03
4.550505510999992111e+02,4.612410000000000000e+05,1.278999999999999915e+00,7.840000000000000302e-01,1.679999999999999938e+00,1.350000000000000000e+02,2.159999999999999976e-01,-3.480000000000000000e+02,0.000000000000000000e+00,0.000000000000000000e+00,0.000000000000000000e+00,1.700000000000000122e-01,-5.690000000000000000e+02,-5.690000000000000000e+02,-3.470000000000000000e+02,0.000000000000000000e+00,0.000000000000000000e+00,0.000000000000000000e+00,0.000000000000000000e+00,0.000000000000000000e+00,0.000000000000000000e+00,-1.299999999999999940e-02,1.000000000000000000e+00,0.000000000000000000e+00,0.000000000000000000e+00,8.210000000000000000e+03
4.550687679999991815e+02,4.612610000000000000e+05,1.290999999999999925e+00,7.489999999999999991e-01,1.050000000000000044e+00,1.570000000000000000e+02,2.510000000000000009e-01,-3.690000000000000000e+02,0.000000000000000000e+00,0.000000000000000000e+00,0.000000000000000000e+00,7.299999999999999822e-01,-6.030000000000000000e+02,-6.030000000000000000e+02,-3.460000000000000000e+02,0.000000000000000000e+00,0.000000000000000000e+00,0.000000000000000000e+00,0.000000000000000000e+00,0.000000000000000000e+00,0.000000000000000000e+00,-3.400000000000000244e-02,1.000000000000000000e+00,0.000000000000000000e+00,0.000000000000000000e+00,8.210000000000000000e+03
4.551308876999992208e+02,4.613010000000000000e+05,1.326999999999999957e+00,6.660000000000000364e-01,9.100000000000000311e-01,2.090000000000000000e+02,3.340000000000000191e-01,-4.450000000000000000e+02,0.000000000000000000e+00,0.000000000000000000e+00,0.000000000000000000e+00,-3.200000000000000067e-01,-5.490000000000000000e+02,-5.490000000000000000e+02,-3.490000000000000000e+02,0.000000000000000000e+00,0.000000000000000000e+00,0.000000000000000000e+00,0.000000000000000000e+00,0.000000000000000000e+00,0.000000000000000000e+00,-4.299999999999999656e-02,1.000000000000000000e+00,0.000000000000000000e+00,0.000000000000000000e+00,8.210000000000000000e+03
4.551337614999993093e+02,4.613210000000000000e+05,1.320000000000000062e+00,6.189999999999999947e-01,-4.099999999999999756e-01,2.380000000000000000e+02,3.810000000000000053e-01,-4.510000000000000000e+02,0.000000000000000000e+00,0.000000000000000000e+00,0.000000000000000000e+00,-2.500000000000000000e-01,-5.470000000000000000e+02,-5.470000000000000000e+02,-3.500000000000000000e+02,0.000000000000000000e+00,0.000000000000000000e+00,0.000000000000000000e+00,0.000000000000000000e+00,0.000000000000000000e+00,0.000000000000000000e+00,-6.800000000000000488e-02,1.000000000000000000e+00,0.000000000000000000e+00,0.000000000000000000e+00,8.210000000000000000e+03
4.551540243999988888e+02,4.613410000000000000e+05,1.308000000000000052e+00,5.729999999999999538e-01,-9.000000000000000222e-01,2.670000000000000000e+02,4.269999999999999907e-01,-4.590000000000000000e+02,0.000000000000000000e+00,0.000000000000000000e+00,0.000000000000000000e+00,3.099999999999999978e-01,-5.730000000000000000e+02,-5.730000000000000000e+02,-3.510000000000000000e+02,0.000000000000000000e+00,0.000000000000000000e+00,0.000000000000000000e+00,0.000000000000000000e+00,0.000000000000000000e+00,0.000000000000000000e+00,-7.699999999999999900e-02,1.000000000000000000e+00,0.000000000000000000e+00,0.000000000000000000e+00,8.210000000000000000e+03
4.551712368999997125e+02,4.613610000000000000e+05,1.310000000000000053e+00,5.300000000000000266e-01,-2.509999999999999787e+00,2.940000000000000000e+02,4.699999999999999734e-01,-4.600000000000000000e+02,0.000000000000000000e+00,0.000000000000000000e+00,0.000000000000000000e+00,-1.580000000000000071e+00,-4.740000000000000000e+02,-4.740000000000000000e+02,-3.510000000000000000e+02,0.000000000000000000e+00,0.000000000000000000e+00,0.000000000000000000e+00,0.000000000000000000e+00,0.000000000000000000e+00,0.000000000000000000e+00,-1.069999999999999979e-01,1.000000000000000000e+00,0.000000000000000000e+00,0.000000000000000000e+00,8.210000000000000000e+03
4.552132349000003160e+02,4.614010000000000000e+05,1.266000000000000014e+00,4.739999999999999769e-01,-3.910000000000000142e+00,3.290000000000000000e+02,5.260000000000000231e-01,-4.320000000000000000e+02,0.000000000000000000e+00,0.000000000000000000e+00,0.000000000000000000e+00,1.000000000000000056e-01,-5.500000000000000000e+02,-5.500000000000000000e+02,-3.590000000000000000e+02,0.000000000000000000e+00,0.000000000000000000e+00,0.000000000000000000e+00,0.000000000000000000e+00,0.000000000000000000e+00,0.000000000000000000e+00,-1.280000000000000027e-01,1.000000000000000000e+00,0.000000000000000000e+00,0.000000000000000000e+00,8.210000000000000000e+03
4.552317573000000266e+02,4.614210000000000000e+05,1.235000000000000098e+00,4.620000000000000218e-01,-2.229999999999999982e+00,3.360000000000000000e+02,5.380000000000000338e-01,-4.650000000000000000e+02,0.000000000000000000e+00,0.000000000000000000e+00,0.000000000000000000e+00,-1.799999999999999933e-01,-5.290000000000000000e+02,-5.290000000000000000e+02,-3.650000000000000000e+02,0.000000000000000000e+00,0.000000000000000000e+00,0.000000000000000000e+00,0.000000000000000000e+00,0.000000000000000000e+00,0.000000000000000000e+00,-1.280000000000000027e-01,1.000000000000000000e+00,0.000000000000000000e+00,0.000000000000000000e+00,8.210000000000000000e+03
4.552506825000000390e+02,4.614410000000000000e+05,1.213999999999999968e+00,4.699999999999999734e-01,-3.140000000000000124e+00,3.310000000000000000e+02,5.300000000000000266e-01,-4.170000000000000000e+02,0.000000000000000000e+00,0.000000000000000000e+00,0.000000000000000000e+00,-7.399999999999999911e-01,-4.920000000000000000e+02,-4.920000000000000000e+02,-3.790000000000000000e+02,0.000000000000000000e+00,0.000000000000000000e+00,0.000000000000000000e+00,0.000000000000000000e+00,0.000000000000000000e+00,0.000000000000000000e+00,-1.539999999999999980e-01,1.000000000000000000e+00,0.000000000000000000e+00,0.000000000000000000e+00,8.210000000000000000e+03
4.552689945999991323e+02,4.614610000000000000e+05,1.131000000000000005e+00,4.269999999999999907e-01,-5.500000000000000444e-01,3.580000000000000000e+02,5.729999999999999538e-01,-4.560000000000000000e+02,0.000000000000000000e+00,0.000000000000000000e+00,0.000000000000000000e+00,-1.020000000000000018e+00,-4.730000000000000000e+02,-4.730000000000000000e+02,-3.730000000000000000e+02,0.000000000000000000e+00,0.000000000000000000e+00,0.000000000000000000e+00,0.000000000000000000e+00,0.000000000000000000e+00,0.000000000000000000e+00,-1.499999999999999944e-01,1.000000000000000000e+00,0.000000000000000000e+00,2.000000000000000000e+01,8.210000000000000000e+03
4.553293402999988757e+02,4.615010000000000000e+05,1.062999999999999945e+00,4.289999999999999925e-01,-1.530000000000000027e+00,3.570000000000000000e+02,5.709999999999999520e-01,-3.920000000000000000e+02,0.000000000000000000e+00,0.000000000000000000e+00,0.000000000000000000e+00,-7.399999999999999911e-01,-4.690000000000000000e+02,-4.690000000000000000e+02,-3.770000000000000000e+02,0.000000000000000000e+00,3.880000000000000115e-01,-1.764000000000000057e+01,-1.000000000000000000e+00,0.000000000000000000e+00,0.000000000000000000e+00,-1.880000000000000004e-01,1.000000000000000000e+00,7.000000000000000666e-02,1.500000000000000000e+01,8.214000000000000000e+03
4.553324350999992021e+02,4.615210000000000000e+05,1.020000000000000018e+00,3.410000000000000253e-01,-1.389999999999999902e+00,4.120000000000000000e+02,6.590000000000000302e-01,-4.230000000000000000e+02,0.000000000000000000e+00,0.000000000000000000e+00,0.000000000000000000e+00,1.700000000000000122e-01,-5.100000000000000000e+02,-5.100000000000000000e+02,-3.460000000000000000e+02,0.000000000000000000e+00,4.010000000000000231e-01,-7.360000000000000320e+00,-1.000000000000000000e+00,0.000000000000000000e+00,0.000000000000000000e+00,-1.239999999999999991e-01,1.000000000000000000e+00,8.899999999999999578e-02,1.300000000000000000e+01,8.214000000000000000e+03
4.553512059000004228e+02,4.615410000000000000e+05,9.949999999999999956e-01,3.380000000000000226e-01,-3.400000000000000244e-01,4.140000000000000000e+02,6.620000000000000329e-01,-4.160000000000000000e+02,0.000000000000000000e+00,0.000000000000000000e+00,0.000000000000000000e+00,-1.229999999999999982e+00,-4.340000000000000000e+02,-4.340000000000000000e+02,-3.450000000000000000e+02,0.000000000000000000e+00,4.209999999999999853e-01,7.360000000000000320e+00,-2.253000000000000003e-01,0.000000000000000000e+00,0.000000000000000000e+00,-1.710000000000000131e-01,1.000000000000000000e+00,1.079999999999999988e-01,1.100000000000000000e+01,8.214000000000000000e+03
4.553682286999992357e+02,4.615610000000000000e+05,9.300000000000000488e-01,2.989999999999999880e-01,-1.669999999999999929e+00,4.380000000000000000e+02,7.009999999999999565e-01,-3.840000000000000000e+02,0.000000000000000000e+00,0.000000000000000000e+00,0.000000000000000000e+00,-9.499999999999999556e-01,-4.380000000000000000e+02,-4.380000000000000000e+02,-3.310000000000000000e+02,0.000000000000000000e+00,4.099999999999999756e-01,-4.139999999999999680e+00,-1.000000000000000000e+00,0.000000000000000000e+00,0.000000000000000000e+00,-8.999999999999999667e-02,1.000000000000000000e+00,1.179999999999999938e-01,1.100000000000000000e+01,8.214000000000000000e+03
4.554145427000003110e+02,4.616010000000000000e+05,8.800000000000000044e-01,2.429999999999999938e-01,-2.229999999999999982e+00,4.730000000000000000e+02,7.570000000000000062e-01,-3.720000000000000000e+02,0.000000000000000000e+00,0.000000000000000000e+00,0.000000000000000000e+00,-4.600000000000000200e-01,-4.510000000000000000e+02,-4.510000000000000000e+02,-3.100000000000000000e+02,0.000000000000000000e+00,4.089999999999999747e-01,-1.409999999999999920e+00,-9.892999999999999572e-01,0.000000000000000000e+00,0.000000000000000000e+00,4.000000000000000083e-03,1.000000000000000000e+00,1.489999999999999936e-01,9.000000000000000000e+00,8.214000000000000000e+03
4.554333563000000140e+02,4.616210000000000000e+05,8.559999999999999831e-01,2.750000000000000222e-01,-1.459999999999999964e+00,4.530000000000000000e+02,7.249999999999999778e-01,-3.390000000000000000e+02,0.000000000000000000e+00,0.000000000000000000e+00,0.000000000000000000e+00,1.919999999999999929e+00,-5.750000000000000000e+02,-5.750000000000000000e+02,-3.160000000000000000e+02,0.000000000000000000e+00,3.900000000000000133e-01,-1.225999999999999979e+01,-1.000000000000000000e+00,0.000000000000000000e+00,0.000000000000000000e+00,-9.800000000000000377e-02,1.000000000000000000e+00,1.680000000000000104e-01,9.000000000000000000e+00,8.214000000000000000e+03
4.554513618999990285e+02,4.616410000000000000e+05,8.289999999999999591e-01,2.780000000000000249e-01,-1.879999999999999893e+00,4.510000000000000000e+02,7.219999999999999751e-01,-3.210000000000000000e+02,0.000000000000000000e+00,0.000000000000000000e+00,0.000000000000000000e+00,3.800000000000000044e-01,-4.980000000000000000e+02,-4.980000000000000000e+02,-3.110000000000000000e+02,0.000000000000000000e+00,4.079999999999999738e-01,1.310000000000000053e+00,-6.437000000000000499e-01,0.000000000000000000e+00,0.000000000000000000e+00,-1.749999999999999889e-01,1.000000000000000000e+00,1.580000000000000016e-01,9.000000000000000000e+00,8.214000000000000000e+03
4.554701748999996198e+02,4.616610000000000000e+05,7.810000000000000275e-01,2.929999999999999827e-01,-3.209999999999999964e+00,4.420000000000000000e+02,7.069999999999999618e-01,-2.570000000000000000e+02,0.000000000000000000e+00,0.000000000000000000e+00,0.000000000000000000e+00,1.700000000000000122e-01,-4.850000000000000000e+02,-4.850000000000000000e+02,-3.120000000000000000e+02,0.000000000000000000e+00,4.299999999999999933e-01,1.646000000000000085e+01,8.268999999999999684e-01,0.000000000000000000e+00,0.000000000000000000e+00,-1.150000000000000050e-01,1.000000000000000000e+00,1.459999999999999909e-01,1.200000000000000000e+01,8.214000000000000000e+03
4.555311337000002823e+02,4.617010000000000000e+05,6.939999999999999503e-01,3.170000000000000040e-01,-1.810000000000000053e+00,4.270000000000000000e+02,6.830000000000000515e-01,-2.080000000000000000e+02,0.000000000000000000e+00,0.000000000000000000e+00,0.000000000000000000e+00,-1.799999999999999933e-01,-4.680000000000000000e+02,-4.680000000000000000e+02,-3.140000000000000000e+02,0.000000000000000000e+00,4.129999999999999782e-01,2.350000000000000089e+00,-6.287000000000000366e-01,0.000000000000000000e+00,0.000000000000000000e+00,8.999999999999999320e-03,1.000000000000000000e+00,1.729999999999999871e-01,9.000000000000000000e+00,8.214000000000000000e+03
4.555342246999989584e+02,4.617210000000000000e+05,6.610000000000000320e-01,3.820000000000000062e-01,-1.320000000000000062e+00,3.860000000000000000e+02,6.179999999999999938e-01,-1.610000000000000000e+02,0.000000000000000000e+00,0.000000000000000000e+00,0.000000000000000000e+00,1.010000000000000009e+00,-5.330000000000000000e+02,-5.330000000000000000e+02,-3.250000000000000000e+02,0.000000000000000000e+00,3.940000000000000169e-01,-3.799999999999999822e+00,-7.997999999999999554e-01,0.000000000000000000e+00,0.000000000000000000e+00,-2.100000000000000130e-02,1.000000000000000000e+00,1.729999999999999871e-01,9.000000000000000000e+00,8.214000000000000000e+03
4.555540220999992016e+02,4.617410000000000000e+05,6.290000000000000036e-01,4.209999999999999853e-01,2.800000000000000266e-01,3.620000000000000000e+02,5.789999999999999591e-01,-1.420000000000000000e+02,0.000000000000000000e+00,0.000000000000000000e+00,0.000000000000000000e+00,3.800000000000000044e-01,-5.040000000000000000e+02,-5.040000000000000000e+02,-3.300000000000000000e+02,0.000000000000000000e+00,4.079999999999999738e-01,9.560000000000000497e+00,2.467000000000000026e-01,0.000000000000000000e+00,0.000000000000000000e+00,-5.600000000000000117e-02,1.000000000000000000e+00,1.650000000000000078e-01,9.000000000000000000e+00,8.214000000000000000e+03
4.555749992000000930e+02,4.617610000000000000e+05,6.069999999999999840e-01,4.610000000000000209e-01,9.799999999999999822e-01,3.370000000000000000e+02,5.390000000000000346e-01,-1.290000000000000000e+02,0.000000000000000000e+00,0.000000000000000000e+00,0.000000000000000000e+00,5.200000000000000178e-01,-5.240000000000000000e+02,-5.240000000000000000e+02,-3.330000000000000000e+02,0.000000000000000000e+00,3.860000000000000098e-01,-6.799999999999999822e+00,-1.000000000000000000e+00,0.000000000000000000e+00,0.000000000000000000e+00,-2.479999999999999982e-01,1.000000000000000000e+00,1.729999999999999871e-01,8.000000000000000000e+00,8.214000000000000000e+03
4.556138979999996081e+02,4.618010000000000000e+05,5.420000000000000373e-01,6.640000000000000346e-01,1.540000000000000036e+00,2.100000000000000000e+02,3.360000000000000209e-01,4.100000000000000000e+01,0.000000000000000000e+00,0.000000000000000000e+00,0.000000000000000000e+00,-7.399999999999999911e-01,-4.570000000000000000e+02,-4.570000000000000000e+02,-3.750000000000000000e+02,0.000000000000000000e+00,3.950000000000000178e-01,-3.300000000000000155e-01,-7.258999999999999897e-01,0.000000000000000000e+00,0.000000000000000000e+00,-2.999999999999999889e-02,1.000000000000000000e+00,1.580000000000000016e-01,1.100000000000000000e+01,8.214000000000000000e+03
4.556336568999995507e+02,4.618210000000000000e+05,5.889999999999999680e-01,5.979999999999999760e-01,2.939999999999999947e+00,2.510000000000000000e+02,4.020000000000000240e-01,-4.100000000000000000e+01,0.000000000000000000e+00,0.000000000000000000e+00,0.000000000000000000e+00,-2.500000000000000000e-01,-4.780000000000000000e+02,-4.780000000000000000e+02,-3.410000000000000000e+02,0.000000000000000000e+00,5.230000000000000204e-01,1.832999999999999829e+01,1.749999999999999889e-01,0.000000000000000000e+00,0.000000000000000000e+00,2.999999999999999889e-02,1.000000000000000000e+00,7.990000000000000435e-01,3.000000000000000000e+00,8.214000000000000000e+03
4.556540867000003345e+02,4.618410000000000000e+05,6.250000000000000000e-01,6.270000000000000018e-01,3.850000000000000089e+00,2.330000000000000000e+02,3.729999999999999982e-01,-6.800000000000000000e+01,0.000000000000000000e+00,0.000000000000000000e+00,0.000000000000000000e+00,-4.600000000000000200e-01,-4.680000000000000000e+02,-4.680000000000000000e+02,-3.320000000000000000e+02,0.000000000000000000e+00,4.040000000000000258e-01,1.879999999999999893e+00,-3.225999999999999979e-01,0.000000000000000000e+00,0.000000000000000000e+00,2.599999999999999881e-02,1.000000000000000000e+00,2.069999999999999896e-01,5.000000000000000000e+00,8.214000000000000000e+03
4.556684616999991704e+02,4.618610000000000000e+05,6.800000000000000488e-01,6.510000000000000231e-01,4.059999999999999609e+00,2.180000000000000000e+02,3.489999999999999769e-01,-9.200000000000000000e+01,0.000000000000000000e+00,0.000000000000000000e+00,0.000000000000000000e+00,1.700000000000000122e-01,-5.030000000000000000e+02,-5.030000000000000000e+02,-3.230000000000000000e+02,0.000000000000000000e+00,4.040000000000000258e-01,1.879999999999999893e+00,-3.225999999999999979e-01,0.000000000000000000e+00,0.000000000000000000e+00,-1.700000000000000122e-02,1.000000000000000000e+00,2.069999999999999896e-01,2.500000000000000000e+01,8.214000000000000000e+03
4.557314232999997330e+02,4.619010000000000000e+05,8.020000000000000462e-01,6.540000000000000258e-01,1.889999999999999902e+00,2.160000000000000000e+02,3.459999999999999742e-01,-1.270000000000000000e+02,0.000000000000000000e+00,0.000000000000000000e+00,0.000000000000000000e+00,1.700000000000000122e-01,-5.040000000000000000e+02,-5.040000000000000000e+02,-3.030000000000000000e+02,0.000000000000000000e+00,4.050000000000000266e-01,6.099999999999999867e-01,-4.973000000000000198e-01,0.000000000000000000e+00,0.000000000000000000e+00,1.299999999999999940e-02,1.000000000000000000e+00,2.099999999999999922e-01,2.000000000000000000e+01,8.214000000000000000e+03
4.557360429999989719e+02,4.619210000000000000e+05,8.659999999999999920e-01,6.690000000000000391e-01,1.820000000000000062e+00,2.070000000000000000e+02,3.310000000000000164e-01,-1.580000000000000000e+02,0.000000000000000000e+00,0.000000000000000000e+00,0.000000000000000000e+00,2.399999999999999911e-01,-5.070000000000000000e+02,-5.070000000000000000e+02,-3.030000000000000000e+02,0.000000000000000000e+00,4.089999999999999747e-01,3.990000000000000213e+00,-1.771999999999999964e-01,0.000000000000000000e+00,0.000000000000000000e+00,2.100000000000000130e-02,1.000000000000000000e+00,2.089999999999999913e-01,1.000000000000000000e+00,8.214000000000000000e+03
4.557549622999995336e+02,4.619410000000000000e+05,9.100000000000000311e-01,6.750000000000000444e-01,1.889999999999999902e+00,2.030000000000000000e+02,3.250000000000000111e-01,-1.860000000000000000e+02,0.000000000000000000e+00,0.000000000000000000e+00,0.000000000000000000e+00,-3.900000000000000133e-01,-4.750000000000000000e+02,-4.750000000000000000e+02,-3.030000000000000000e+02,0.000000000000000000e+00,4.209999999999999853e-01,5.259999999999999787e+00,-2.011999999999999900e-01,0.000000000000000000e+00,0.000000000000000000e+00,2.100000000000000130e-02,1.000000000000000000e+00,2.119999999999999940e-01,3.000000000000000000e+00,8.214000000000000000e+03
4.557716364999996586e+02,4.619610000000000000e+05,9.469999999999999529e-01,6.770000000000000462e-01,1.399999999999999911e+00,2.020000000000000000e+02,3.230000000000000093e-01,-1.980000000000000000e+02,0.000000000000000000e+00,0.000000000000000000e+00,0.000000000000000000e+00,-3.900000000000000133e-01,-4.760000000000000000e+02,-4.760000000000000000e+02,-3.030000000000000000e+02,0.000000000000000000e+00,4.719999999999999751e-01,1.292999999999999972e+01,2.149999999999999967e-01,0.000000000000000000e+00,0.000000000000000000e+00,3.400000000000000244e-02,1.000000000000000000e+00,9.310000000000000497e-01,2.000000000000000000e+00,8.214000000000000000e+03
4.558159944999988511e+02,4.620010000000000000e+05,9.969999999999999973e-01,6.740000000000000435e-01,9.799999999999999822e-01,2.040000000000000000e+02,3.260000000000000120e-01,-2.290000000000000000e+02,0.000000000000000000e+00,0.000000000000000000e+00,0.000000000000000000e+00,-4.000000000000000083e-02,-5.060000000000000000e+02,-5.060000000000000000e+02,-3.010000000000000000e+02,0.000000000000000000e+00,5.020000000000000018e-01,1.592999999999999972e+01,1.817999999999999894e-01,0.000000000000000000e+00,0.000000000000000000e+00,8.999999999999999667e-02,1.000000000000000000e+00,9.090000000000000302e-01,1.600000000000000000e+01,8.214000000000000000e+03
4.558347756000002846e+02,4.620210000000000000e+05,9.939999999999999947e-01,6.750000000000000444e-01,1.000000000000000021e-02,2.030000000000000000e+02,3.250000000000000111e-01,-2.090000000000000000e+02,0.000000000000000000e+00,0.000000000000000000e+00,0.000000000000000000e+00,1.290000000000000036e+00,-5.730000000000000000e+02,-5.730000000000000000e+02,-3.010000000000000000e+02,0.000000000000000000e+00,4.069999999999999729e-01,-1.719999999999999973e+00,-6.197000000000000286e-01,0.000000000000000000e+00,0.000000000000000000e+00,8.599999999999999312e-02,1.000000000000000000e+00,2.129999999999999949e-01,1.600000000000000000e+01,8.214000000000000000e+03
4.558527027000000089e+02,4.620410000000000000e+05,9.729999999999999760e-01,6.620000000000000329e-01,-1.389999999999999902e+00,2.110000000000000000e+02,3.380000000000000226e-01,-1.760000000000000000e+02,0.000000000000000000e+00,0.000000000000000000e+00,0.000000000000000000e+00,5.899999999999999689e-01,-5.460000000000000000e+02,-5.460000000000000000e+02,-3.000000000000000000e+02,0.000000000000000000e+00,4.119999999999999774e-01,2.160000000000000142e+00,-3.211999999999999855e-01,0.000000000000000000e+00,0.000000000000000000e+00,1.330000000000000071e-01,1.000000000000000000e+00,2.159999999999999976e-01,1.900000000000000000e+01,8.214000000000000000e+03
4.558733388000000559e+02,4.620610000000000000e+05,9.449999999999999512e-01,6.540000000000000258e-01,-3.490000000000000213e+00,2.160000000000000000e+02,3.459999999999999742e-01,-1.270000000000000000e+02,0.000000000000000000e+00,0.000000000000000000e+00,0.000000000000000000e+00,1.290000000000000036e+00,-5.820000000000000000e+02,-5.820000000000000000e+02,-3.000000000000000000e+02,0.000000000000000000e+00,3.950000000000000178e-01,-6.610000000000000320e+00,-1.000000000000000000e+00,0.000000000000000000e+00,0.000000000000000000e+00,1.110000000000000014e-01,1.000000000000000000e+00,1.769999999999999907e-01,0.000000000000000000e+00,8.214000000000000000e+03
4.559282753999996203e+02,4.621010000000000000e+05,8.960000000000000187e-01,6.480000000000000204e-01,-2.649999999999999911e+00,2.200000000000000000e+02,3.519999999999999796e-01,-1.100000000000000000e+02,0.000000000000000000e+00,0.000000000000000000e+00,0.000000000000000000e+00,1.000000000000000056e-01,-5.270000000000000000e+02,-5.270000000000000000e+02,-3.000000000000000000e+02,0.000000000000000000e+00,4.030000000000000249e-01,-1.209999999999999964e+00,-6.199000000000000066e-01,0.000000000000000000e+00,0.000000000000000000e+00,8.100000000000000255e-02,1.000000000000000000e+00,1.829999999999999960e-01,8.000000000000000000e+00,8.214000000000000000e+03
4.559329808000002231e+02,4.621210000000000000e+05,8.469999999999999751e-01,6.460000000000000187e-01,-7.600000000000000089e-01,2.210000000000000000e+02,3.539999999999999813e-01,-1.280000000000000000e+02,0.000000000000000000e+00,0.000000000000000000e+00,0.000000000000000000e+00,-3.200000000000000067e-01,-5.050000000000000000e+02,-5.050000000000000000e+02,-3.020000000000000000e+02,0.000000000000000000e+00,4.129999999999999782e-01,7.209999999999999964e+00,-8.019999999999999352e-02,0.000000000000000000e+00,0.000000000000000000e+00,1.670000000000000095e-01,1.000000000000000000e+00,1.449999999999999900e-01,1.000000000000000000e+01,8.214000000000000000e+03
4.559500943000002735e+02,4.621410000000000000e+05,7.900000000000000355e-01,6.530000000000000249e-01,-3.490000000000000213e+00,2.170000000000000000e+02,3.469999999999999751e-01,-1.200000000000000000e+01,0.000000000000000000e+00,0.000000000000000000e+00,0.000000000000000000e+00,2.399999999999999911e-01,-5.330000000000000000e+02,-5.330000000000000000e+02,-3.040000000000000000e+02,0.000000000000000000e+00,4.129999999999999782e-01,2.149999999999999911e+00,-8.396000000000000130e-01,0.000000000000000000e+00,0.000000000000000000e+00,9.800000000000000377e-02,1.000000000000000000e+00,1.539999999999999980e-01,1.000000000000000000e+01,8.214000000000000000e+03
4.559715481000002910e+02,4.621610000000000000e+05,7.409999999999999920e-01,6.590000000000000302e-01,-3.910000000000000142e+00,2.130000000000000000e+02,3.410000000000000253e-01,2.300000000000000000e+01,0.000000000000000000e+00,0.000000000000000000e+00,0.000000000000000000e+00,1.010000000000000009e+00,-5.770000000000000000e+02,-5.770000000000000000e+02,-3.040000000000000000e+02,0.000000000000000000e+00,4.069999999999999729e-01,7.500000000000000000e-01,-7.990000000000000435e-01,0.000000000000000000e+00,0.000000000000000000e+00,1.370000000000000107e-01,1.000000000000000000e+00,1.479999999999999927e-01,1.000000000000000000e+01,8.214000000000000000e+03
4.560155586000000767e+02,4.622010000000000000e+05,6.129999999999999893e-01,7.019999999999999574e-01,-1.459999999999999964e+00,1.860000000000000000e+02,2.979999999999999871e-01,7.700000000000000000e+01,0.000000000000000000e+00,0.000000000000000000e+00,0.000000000000000000e+00,-1.090000000000000080e+00,-4.760000000000000000e+02,-4.760000000000000000e+02,-3.040000000000000000e+02,0.000000000000000000e+00,4.149999999999999800e-01,8.500000000000000000e+00,-1.021999999999999992e-01,0.000000000000000000e+00,0.000000000000000000e+00,2.310000000000000109e-01,1.000000000000000000e+00,1.270000000000000018e-01,1.000000000000000000e+01,8.214000000000000000e+03
4.560311615999999049e+02,4.622210000000000000e+05,5.799999999999999600e-01,7.389999999999999902e-01,1.400000000000000133e-01,1.630000000000000000e+02,2.610000000000000098e-01,9.700000000000000000e+01,0.000000000000000000e+00,0.000000000000000000e+00,0.000000000000000000e+00,2.399999999999999911e-01,-5.470000000000000000e+02,-5.470000000000000000e+02,-3.100000000000000000e+02,0.000000000000000000e+00,4.149999999999999800e-01,5.459999999999999964e+00,-7.158999999999999808e-01,0.000000000000000000e+00,0.000000000000000000e+00,1.499999999999999944e-01,1.000000000000000000e+00,1.170000000000000068e-01,1.100000000000000000e+01,8.214000000000000000e+03
4.560500919999994949e+02,4.622410000000000000e+05,5.679999999999999494e-01,7.730000000000000204e-01,-6.199999999999999956e-01,1.420000000000000000e+02,2.270000000000000073e-01,1.460000000000000000e+02,0.000000000000000000e+00,0.000000000000000000e+00,0.000000000000000000e+00,1.000000000000000056e-01,-5.420000000000000000e+02,-5.420000000000000000e+02,-3.120000000000000000e+02,0.000000000000000000e+00,4.119999999999999774e-01,1.174000000000000021e+01,4.939999999999999947e-01,0.000000000000000000e+00,0.000000000000000000e+00,4.299999999999999656e-02,1.000000000000000000e+00,8.999999999999999667e-02,1.300000000000000000e+01,8.214000000000000000e+03
4.560680596999991394e+02,4.622610000000000000e+05,5.629999999999999449e-01,8.110000000000000542e-01,1.610000000000000098e+00,1.180000000000000000e+02,1.890000000000000013e-01,1.330000000000000000e+02,0.000000000000000000e+00,0.000000000000000000e+00,0.000000000000000000e+00,3.800000000000000044e-01,-5.560000000000000000e+02,-5.560000000000000000e+02,-3.150000000000000000e+02,0.000000000000000000e+00,4.129999999999999782e-01,7.799999999999999822e+00,-3.200000000000000067e-01,0.000000000000000000e+00,0.000000000000000000e+00,1.700000000000000122e-02,1.000000000000000000e+00,8.300000000000000433e-02,1.300000000000000000e+01,8.214000000000000000e+03
4.561318809999993391e+02,4.623010000000000000e+05,6.199999999999999956e-01,9.090000000000000302e-01,2.870000000000000107e+00,5.700000000000000000e+01,9.099999999999999756e-02,1.380000000000000000e+02,0.000000000000000000e+00,0.000000000000000000e+00,0.000000000000000000e+00,-3.200000000000000067e-01,-5.230000000000000000e+02,-5.230000000000000000e+02,-3.200000000000000000e+02,0.000000000000000000e+00,3.930000000000000160e-01,-2.042000000000000171e+01,-1.000000000000000000e+00,0.000000000000000000e+00,0.000000000000000000e+00,1.880000000000000004e-01,1.000000000000000000e+00,7.299999999999999545e-02,1.400000000000000000e+01,8.214000000000000000e+03
4.561351415999997698e+02,4.623210000000000000e+05,6.700000000000000400e-01,9.409999999999999476e-01,2.870000000000000107e+00,3.700000000000000000e+01,5.899999999999999689e-02,1.210000000000000000e+02,0.000000000000000000e+00,0.000000000000000000e+00,0.000000000000000000e+00,7.299999999999999822e-01,-5.770000000000000000e+02,-5.770000000000000000e+02,-3.220000000000000000e+02,0.000000000000000000e+00,4.069999999999999729e-01,-1.580000000000000071e+00,-1.000000000000000000e+00,0.000000000000000000e+00,0.000000000000000000e+00,1.199999999999999956e-01,1.000000000000000000e+00,6.800000000000000488e-02,1.400000000000000000e+01,8.214000000000000000e+03
4.561545115999997506e+02,4.623410000000000000e+05,7.279999999999999805e-01,9.789999999999999813e-01,3.009999999999999787e+00,1.300000000000000000e+01,2.100000000000000130e-02,1.170000000000000000e+02,0.000000000000000000e+00,0.000000000000000000e+00,0.000000000000000000e+00,9.399999999999999467e-01,-5.900000000000000000e+02,-5.900000000000000000e+02,-3.220000000000000000e+02,0.000000000000000000e+00,3.920000000000000151e-01,-1.323000000000000043e+01,-1.000000000000000000e+00,0.000000000000000000e+00,0.000000000000000000e+00,1.970000000000000084e-01,1.000000000000000000e+00,7.299999999999999545e-02,1.400000000000000000e+01,8.214000000000000000e+03
4.561799121000003652e+02,4.623610000000000000e+05,7.950000000000000400e-01,1.008000000000000007e+00,3.500000000000000000e+00,-5.000000000000000000e+00,-8.000000000000000167e-03,7.800000000000000000e+01,0.000000000000000000e+00,0.000000000000000000e+00,0.000000000000000000e+00,6.600000000000000311e-01,-5.790000000000000000e+02,-5.790000000000000000e+02,-3.250000000000000000e+02,0.000000000000000000e+00,0.000000000000000000e+00,0.000000000000000000e+00,0.000000000000000000e+00,0.000000000000000000e+00,0.000000000000000000e+00,1.580000000000000016e-01,1.000000000000000000e+00,0.000000000000000000e+00,0.000000000000000000e+00,8.210000000000000000e+03
4.562137886999989860e+02,4.624010000000000000e+05,9.469999999999999529e-01,1.036999999999999922e+00,4.410000000000000142e+00,-2.300000000000000000e+01,-3.699999999999999817e-02,-1.800000000000000000e+01,0.000000000000000000e+00,0.000000000000000000e+00,0.000000000000000000e+00,-1.100000000000000006e-01,-5.440000000000000000e+02,-5.440000000000000000e+02,-3.250000000000000000e+02,0.000000000000000000e+00,0.000000000000000000e+00,0.000000000000000000e+00,0.000000000000000000e+00,0.000000000000000000e+00,0.000000000000000000e+00,-2.999999999999999889e-02,1.000000000000000000e+00,0.000000000000000000e+00,0.000000000000000000e+00,8.210000000000000000e+03
4.562314676999994845e+02,4.624210000000000000e+05,1.046000000000000041e+00,1.040000000000000036e+00,5.669999999999999929e+00,-2.500000000000000000e+01,-4.000000000000000083e-02,-1.100000000000000000e+02,0.000000000000000000e+00,0.000000000000000000e+00,0.000000000000000000e+00,-5.300000000000000266e-01,-5.100000000000000000e+02,-5.100000000000000000e+02,-3.270000000000000000e+02,0.000000000000000000e+00,0.000000000000000000e+00,0.000000000000000000e+00,0.000000000000000000e+00,0.000000000000000000e+00,0.000000000000000000e+00,1.700000000000000122e-02,1.000000000000000000e+00,0.000000000000000000e+00,0.000000000000000000e+00,8.210000000000000000e+03
4.562494843000004039e+02,4.624410000000000000e+05,1.169000000000000039e+00,1.036999999999999922e+00,5.879999999999999893e+00,-2.300000000000000000e+01,-3.699999999999999817e-02,-1.910000000000000000e+02,0.000000000000000000e+00,0.000000000000000000e+00,0.000000000000000000e+00,1.000000000000000056e-01,-5.280000000000000000e+02,-5.280000000000000000e+02,-3.270000000000000000e+02,0.000000000000000000e+00,0.000000000000000000e+00,0.000000000000000000e+00,0.000000000000000000e+00,0.000000000000000000e+00,0.000000000000000000e+00,1.299999999999999940e-02,1.000000000000000000e+00,0.000000000000000000e+00,0.000000000000000000e+00,8.210000000000000000e+03
4.562718680999987555e+02,4.624610000000000000e+05,1.231000000000000094e+00,1.024000000000000021e+00,2.169999999999999929e+00,-1.500000000000000000e+01,-2.400000000000000050e-02,-1.430000000000000000e+02,0.000000000000000000e+00,0.000000000000000000e+00,0.000000000000000000e+00,-3.330000000000000071e+00,-3.490000000000000000e+02,-3.490000000000000000e+02,-3.270000000000000000e+02,0.000000000000000000e+00,0.000000000000000000e+00,0.000000000000000000e+00,0.000000000000000000e+00,0.000000000000000000e+00,0.000000000000000000e+00,2.139999999999999958e-01,1.000000000000000000e+00,0.000000000000000000e+00,2.000000000000000000e+01,8.210000000000000000e+03
4.563342572000001383e+02,4.625010000000000000e+05,1.461999999999999966e+00,9.539999999999999591e-01,8.189999999999999503e+00,2.900000000000000000e+01,4.599999999999999922e-02,-4.670000000000000000e+02,0.000000000000000000e+00,0.000000000000000000e+00,0.000000000000000000e+00,-2.500000000000000000e-01,-5.170000000000000000e+02,-5.170000000000000000e+02,-3.280000000000000000e+02,0.000000000000000000e+00,0.000000000000000000e+00,0.000000000000000000e+00,0.000000000000000000e+00,0.000000000000000000e+00,0.000000000000000000e+00,4.299999999999999656e-02,1.000000000000000000e+00,0.000000000000000000e+00,0.000000000000000000e+00,8.210000000000000000e+03
4.563370233999994525e+02,4.625210000000000000e+05,1.449000000000000066e+00,8.980000000000000204e-01,5.669999999999999929e+00,6.400000000000000000e+01,1.019999999999999934e-01,-4.610000000000000000e+02,0.000000000000000000e+00,0.000000000000000000e+00,0.000000000000000000e+00,-3.900000000000000133e-01,-5.170000000000000000e+02,-5.170000000000000000e+02,-3.260000000000000000e+02,0.000000000000000000e+00,0.000000000000000000e+00,0.000000000000000000e+00,0.000000000000000000e+00,0.000000000000000000e+00,0.000000000000000000e+00,-8.999999999999999320e-03,1.000000000000000000e+00,0.000000000000000000e+00,0.000000000000000000e+00,8.210000000000000000e+03
4.563554526999996597e+02,4.625410000000000000e+05,1.487999999999999989e+00,8.429999999999999716e-01,5.040000000000000036e+00,9.800000000000000000e+01,1.570000000000000007e-01,-5.140000000000000000e+02,0.000000000000000000e+00,0.000000000000000000e+00,0.000000000000000000e+00,-3.900000000000000133e-01,-5.220000000000000000e+02,-5.220000000000000000e+02,-3.280000000000000000e+02,0.000000000000000000e+00,0.000000000000000000e+00,0.000000000000000000e+00,0.000000000000000000e+00,0.000000000000000000e+00,0.000000000000000000e+00,-2.100000000000000130e-02,1.000000000000000000e+00,0.000000000000000000e+00,0.000000000000000000e+00,8.210000000000000000e+03
4.563748649999997724e+02,4.625610000000000000e+05,1.526000000000000023e+00,7.700000000000000178e-01,3.640000000000000124e+00,1.440000000000000000e+02,2.300000000000000100e-01,-5.600000000000000000e+02,0.000000000000000000e+00,0.000000000000000000e+00,0.000000000000000000e+00,-1.090000000000000080e+00,-4.750000000000000000e+02,-4.750000000000000000e+02,-3.300000000000000000e+02,0.000000000000000000e+00,0.000000000000000000e+00,0.000000000000000000e+00,0.000000000000000000e+00,0.000000000000000000e+00,0.000000000000000000e+00,0.000000000000000000e+00,1.000000000000000000e+00,0.000000000000000000e+00,0.000000000000000000e+00,8.210000000000000000e+03
4.564129809999994905e+02,4.626010000000000000e+05,1.554999999999999938e+00,6.270000000000000018e-01,1.050000000000000044e+00,2.330000000000000000e+02,3.729999999999999982e-01,-6.260000000000000000e+02,0.000000000000000000e+00,0.000000000000000000e+00,0.000000000000000000e+00,-1.159999999999999920e+00,-4.540000000000000000e+02,-4.540000000000000000e+02,-3.320000000000000000e+02,0.000000000000000000e+00,0.000000000000000000e+00,0.000000000000000000e+00,0.000000000000000000e+00,0.000000000000000000e+00,0.000000000000000000e+00,0.000000000000000000e+00,1.000000000000000000e+00,0.000000000000000000e+00,0.000000000000000000e+00,8.210000000000000000e+03
4.564344646999998076e+02,4.626210000000000000e+05,1.576000000000000068e+00,5.649999999999999467e-01,-4.099999999999999756e-01,2.720000000000000000e+02,4.349999999999999978e-01,-6.510000000000000000e+02,0.000000000000000000e+00,0.000000000000000000e+00,0.000000000000000000e+00,-5.300000000000000266e-01,-4.780000000000000000e+02,-4.780000000000000000e+02,-3.360000000000000000e+02,0.000000000000000000e+00,0.000000000000000000e+00,0.000000000000000000e+00,0.000000000000000000e+00,0.000000000000000000e+00,0.000000000000000000e+00,0.000000000000000000e+00,1.000000000000000000e+00,0.000000000000000000e+00,1.000000000000000000e+00,8.210000000000000000e+03
4.564496657999989111e+02,4.626410000000000000e+05,1.592000000000000082e+00,5.180000000000000160e-01,-6.899999999999999467e-01,3.010000000000000000e+02,4.819999999999999840e-01,-6.840000000000000000e+02,0.000000000000000000e+00,0.000000000000000000e+00,0.000000000000000000e+00,-5.300000000000000266e-01,-4.790000000000000000e+02,-4.790000000000000000e+02,-3.440000000000000000e+02,0.000000000000000000e+00,0.000000000000000000e+00,0.000000000000000000e+00,0.000000000000000000e+00,0.000000000000000000e+00,0.000000000000000000e+00,0.000000000000000000e+00,1.000000000000000000e+00,0.000000000000000000e+00,2.100000000000000000e+01,8.210000000000000000e+03
4.564713584000000992e+02,4.626610000000000000e+05,1.560999999999999943e+00,5.140000000000000124e-01,-2.160000000000000142e+00,3.040000000000000000e+02,4.859999999999999876e-01,-6.390000000000000000e+02,0.000000000000000000e+00,0.000000000000000000e+00,0.000000000000000000e+00,1.700000000000000122e-01,-5.170000000000000000e+02,-5.170000000000000000e+02,-3.640000000000000000e+02,0.000000000000000000e+00,0.000000000000000000e+00,0.000000000000000000e+00,0.000000000000000000e+00,0.000000000000000000e+00,0.000000000000000000e+00,-4.000000000000000083e-03,1.000000000000000000e+00,0.000000000000000000e+00,1.000000000000000000e+00,8.210000000000000000e+03
4.565294749000004231e+02,4.627010000000000000e+05,1.447999999999999954e+00,3.599999999999999867e-01,-1.949999999999999956e+00,4.000000000000000000e+02,6.400000000000000133e-01,-6.690000000000000000e+02,0.000000000000000000e+00,0.000000000000000000e+00,0.000000000000000000e+00,-5.300000000000000266e-01,-4.890000000000000000e+02,-4.890000000000000000e+02,-3.520000000000000000e+02,0.000000000000000000e+00,0.000000000000000000e+00,0.000000000000000000e+00,0.000000000000000000e+00,0.000000000000000000e+00,0.000000000000000000e+00,0.000000000000000000e+00,1.000000000000000000e+00,0.000000000000000000e+00,1.000000000000000000e+00,8.210000000000000000e+03
4.565365443999999115e+02,4.627210000000000000e+05,1.379999999999999893e+00,2.079999999999999905e-01,-1.669999999999999929e+00,4.950000000000000000e+02,7.920000000000000373e-01,-7.310000000000000000e+02,0.000000000000000000e+00,0.000000000000000000e+00,0.000000000000000000e+00,-1.100000000000000006e-01,-5.120000000000000000e+02,-5.120000000000000000e+02,-3.220000000000000000e+02,0.000000000000000000e+00,0.000000000000000000e+00,0.000000000000000000e+00,0.000000000000000000e+00,0.000000000000000000e+00,0.000000000000000000e+00,-4.000000000000000083e-03,1.000000000000000000e+00,0.000000000000000000e+00,1.000000000000000000e+00,8.210000000000000000e+03
4.565543087999994896e+02,4.627410000000000000e+05,1.306999999999999940e+00,1.059999999999999970e-01,-2.299999999999999822e+00,5.590000000000000000e+02,8.940000000000000169e-01,-7.390000000000000000e+02,0.000000000000000000e+00,0.000000000000000000e+00,0.000000000000000000e+00,-1.799999999999999933e-01,-5.110000000000000000e+02,-5.110000000000000000e+02,-3.050000000000000000e+02,0.000000000000000000e+00,0.000000000000000000e+00,0.000000000000000000e+00,0.000000000000000000e+00,0.000000000000000000e+00,0.000000000000000000e+00,-4.000000000000000083e-03,1.000000000000000000e+00,0.000000000000000000e+00,1.000000000000000000e+00,8.210000000000000000e+03
4.565747640999998112e+02,4.627610000000000000e+05,1.247999999999999998e+00,1.920000000000000040e-01,-2.439999999999999947e+00,5.050000000000000000e+02,8.080000000000000515e-01,-6.460000000000000000e+02,0.000000000000000000e+00,0.000000000000000000e+00,0.000000000000000000e+00,2.999999999999999889e-02,-5.240000000000000000e+02,-5.240000000000000000e+02,-3.480000000000000000e+02,0.000000000000000000e+00,0.000000000000000000e+00,0.000000000000000000e+00,0.000000000000000000e+00,0.000000000000000000e+00,0.000000000000000000e+00,-8.999999999999999320e-03,1.000000000000000000e+00,0.000000000000000000e+00,1.000000000000000000e+00,8.210000000000000000e+03
4.566170753999995213e+02,4.628010000000000000e+05,1.118999999999999995e+00,5.399999999999999939e-02,-2.089999999999999858e+00,5.910000000000000000e+02,9.459999999999999520e-01,-6.580000000000000000e+02,0.000000000000000000e+00,0.000000000000000000e+00,0.000000000000000000e+00,-5.300000000000000266e-01,-5.030000000000000000e+02,-5.030000000000000000e+02,-3.360000000000000000e+02,0.000000000000000000e+00,0.000000000000000000e+00,0.000000000000000000e+00,0.000000000000000000e+00,0.000000000000000000e+00,0.000000000000000000e+00,-3.400000000000000244e-02,1.000000000000000000e+00,0.000000000000000000e+00,1.000000000000000000e+00,8.210000000000000000e+03
4.566319330999995145e+02,4.628210000000000000e+05,1.076999999999999957e+00,2.000000000000000042e-03,-1.389999999999999902e+00,6.240000000000000000e+02,9.979999999999999982e-01,-6.740000000000000000e+02,0.000000000000000000e+00,0.000000000000000000e+00,0.000000000000000000e+00,-1.100000000000000006e-01,-5.270000000000000000e+02,-5.270000000000000000e+02,-3.260000000000000000e+02,0.000000000000000000e+00,0.000000000000000000e+00,0.000000000000000000e+00,0.000000000000000000e+00,0.000000000000000000e+00,0.000000000000000000e+00,-2.999999999999999889e-02,1.000000000000000000e+00,0.000000000000000000e+00,1.000000000000000000e+00,8.210000000000000000e+03
4.566512043000002450e+02,4.628410000000000000e+05,1.058999999999999941e+00,-1.620000000000000051e-01,-1.459999999999999964e+00,7.260000000000000000e+02,1.161999999999999922e+00,-7.640000000000000000e+02,0.000000000000000000e+00,0.000000000000000000e+00,0.000000000000000000e+00,1.700000000000000122e-01,-5.360000000000000000e+02,-5.360000000000000000e+02,-2.850000000000000000e+02,0.000000000000000000e+00,0.000000000000000000e+00,0.000000000000000000e+00,0.000000000000000000e+00,0.000000000000000000e+00,0.000000000000000000e+00,-7.299999999999999545e-02,1.000000000000000000e+00,0.000000000000000000e+00,1.000000000000000000e+00,8.210000000000000000e+03
4.566671687999987626e+02,4.628610000000000000e+05,1.018999999999999906e+00,-1.759999999999999898e-01,-1.669999999999999929e+00,7.350000000000000000e+02,1.175999999999999934e+00,-7.390000000000000000e+02,0.000000000000000000e+00,0.000000000000000000e+00,0.000000000000000000e+00,-1.020000000000000018e+00,-4.720000000000000000e+02,-4.720000000000000000e+02,-2.870000000000000000e+02,0.000000000000000000e+00,0.000000000000000000e+00,0.000000000000000000e+00,0.000000000000000000e+00,0.000000000000000000e+00,0.000000000000000000e+00,-7.699999999999999900e-02,1.000000000000000000e+00,0.000000000000000000e+00,1.000000000000000000e+00,8.210000000000000000e+03
4.567298458000004757e+02,4.629010000000000000e+05,9.419999999999999485e-01,-1.809999999999999942e-01,-8.299999999999999600e-01,7.380000000000000000e+02,1.181000000000000050e+00,-7.130000000000000000e+02,0.000000000000000000e+00,0.000000000000000000e+00,0.000000000000000000e+00,-1.790000000000000036e+00,-4.060000000000000000e+02,-4.060000000000000000e+02,-3.050000000000000000e+02,0.000000000000000000e+00,0.000000000000000000e+00,0.000000000000000000e+00,0.000000000000000000e+00,0.000000000000000000e+00,0.000000000000000000e+00,-1.199999999999999956e-01,1.000000000000000000e+00,0.000000000000000000e+00,1.000000000000000000e+00,8.210000000000000000e+03
4.567329338999988977e+02,4.629210000000000000e+05,9.070000000000000284e-01,-2.030000000000000138e-01,-2.089999999999999858e+00,7.520000000000000000e+02,1.203000000000000069e+00,-6.810000000000000000e+02,0.000000000000000000e+00,0.000000000000000000e+00,0.000000000000000000e+00,-7.399999999999999911e-01,-4.410000000000000000e+02,-4.410000000000000000e+02,-2.990000000000000000e+02,0.000000000000000000e+00,0.000000000000000000e+00,0.000000000000000000e+00,0.000000000000000000e+00,0.000000000000000000e+00,0.000000000000000000e+00,-1.370000000000000107e-01,1.000000000000000000e+00,0.000000000000000000e+00,2.100000000000000000e+01,8.210000000000000000e+03
4.567538098000004538e+02,4.629410000000000000e+05,8.760000000000000009e-01,-2.640000000000000124e-01,-2.089999999999999858e+00,7.900000000000000000e+02,1.264000000000000012e+00,-7.100000000000000000e+02,0.000000000000000000e+00,0.000000000000000000e+00,0.000000000000000000e+00,-8.100000000000000533e-01,-4.330000000000000000e+02,-4.330000000000000000e+02,-2.810000000000000000e+02,0.000000000000000000e+00,0.000000000000000000e+00,0.000000000000000000e+00,0.000000000000000000e+00,0.000000000000000000e+00,0.000000000000000000e+00,-1.330000000000000071e-01,1.000000000000000000e+00,0.000000000000000000e+00,1.000000000000000000e+00,8.210000000000000000e+03
4.567739918999996007e+02,4.629610000000000000e+05,8.549999999999999822e-01,-3.009999999999999898e-01,-2.930000000000000160e+00,8.130000000000000000e+02,1.300999999999999934e+00,-6.940000000000000000e+02,0.000000000000000000e+00,0.000000000000000000e+00,0.000000000000000000e+00,-2.629999999999999893e+00,-3.310000000000000000e+02,-3.310000000000000000e+02,-2.720000000000000000e+02,0.000000000000000000e+00,0.000000000000000000e+00,0.000000000000000000e+00,0.000000000000000000e+00,0.000000000000000000e+00,0.000000000000000000e+00,-1.620000000000000051e-01,1.000000000000000000e+00,0.000000000000000000e+00,1.000000000000000000e+00,8.210000000000000000e+03
4.568296744999988732e+02,4.630010000000000000e+05,7.960000000000000409e-01,-4.050000000000000266e-01,-2.859999999999999876e+00,8.780000000000000000e+02,1.405000000000000027e+00,-7.170000000000000000e+02,0.000000000000000000e+00,0.000000000000000000e+00,0.000000000000000000e+00,-1.790000000000000036e+00,-3.220000000000000000e+02,-3.220000000000000000e+02,-2.410000000000000000e+02,0.000000000000000000e+00,3.980000000000000204e-01,-1.265000000000000036e+01,-1.000000000000000000e+00,0.000000000000000000e+00,0.000000000000000000e+00,-1.370000000000000107e-01,1.000000000000000000e+00,6.199999999999999956e-02,1.600000000000000000e+01,8.214000000000000000e+03
4.568336355999999796e+02,4.630210000000000000e+05,7.379999999999999893e-01,-3.870000000000000107e-01,-2.720000000000000195e+00,8.670000000000000000e+02,1.387000000000000011e+00,-6.650000000000000000e+02,0.000000000000000000e+00,0.000000000000000000e+00,0.000000000000000000e+00,-1.860000000000000098e+00,-3.080000000000000000e+02,-3.080000000000000000e+02,-2.430000000000000000e+02,0.000000000000000000e+00,4.139999999999999791e-01,6.440000000000000391e+00,-2.686000000000000054e-01,0.000000000000000000e+00,0.000000000000000000e+00,-1.620000000000000051e-01,1.000000000000000000e+00,6.800000000000000488e-02,1.500000000000000000e+01,8.214000000000000000e+03
4.568539569999993546e+02,4.630410000000000000e+05,6.959999999999999520e-01,-3.760000000000000009e-01,-1.179999999999999938e+00,8.600000000000000000e+02,1.375999999999999890e+00,-6.800000000000000000e+02,0.000000000000000000e+00,0.000000000000000000e+00,0.000000000000000000e+00,-8.800000000000000044e-01,-3.530000000000000000e+02,-3.530000000000000000e+02,-2.430000000000000000e+02,0.000000000000000000e+00,4.030000000000000249e-01,-1.366000000000000014e+01,-1.000000000000000000e+00,0.000000000000000000e+00,0.000000000000000000e+00,-1.239999999999999991e-01,1.000000000000000000e+00,8.999999999999999667e-02,1.300000000000000000e+01,8.214000000000000000e+03
4.568705365999994683e+02,4.630610000000000000e+05,6.169999999999999929e-01,-3.739999999999999991e-01,-3.279999999999999805e+00,8.590000000000000000e+02,1.374000000000000110e+00,-5.800000000000000000e+02,0.000000000000000000e+00,0.000000000000000000e+00,0.000000000000000000e+00,-5.999999999999999778e-01,-3.580000000000000000e+02,-3.580000000000000000e+02,-2.430000000000000000e+02,0.000000000000000000e+00,3.880000000000000115e-01,-2.232000000000000028e+01,-1.000000000000000000e+00,0.000000000000000000e+00,0.000000000000000000e+00,-1.670000000000000095e-01,1.000000000000000000e+00,1.170000000000000068e-01,1.100000000000000000e+01,8.214000000000000000e+03
4.569296264000004157e+02,4.631010000000000000e+05,5.270000000000000240e-01,-3.900000000000000133e-01,-1.389999999999999902e+00,8.690000000000000000e+02,1.389999999999999902e+00,-5.650000000000000000e+02,0.000000000000000000e+00,0.000000000000000000e+00,0.000000000000000000e+00,-1.510000000000000009e+00,-2.720000000000000000e+02,-2.720000000000000000e+02,-2.200000000000000000e+02,0.000000000000000000e+00,4.199999999999999845e-01,4.009999999999999787e+00,-7.024000000000000243e-01,0.000000000000000000e+00,0.000000000000000000e+00,-1.330000000000000071e-01,1.000000000000000000e+00,1.340000000000000080e-01,1.100000000000000000e+01,8.214000000000000000e+03
4.569336260999989463e+02,4.631210000000000000e+05,4.769999999999999796e-01,-3.499999999999999778e-01,-2.930000000000000160e+00,8.440000000000000000e+02,1.350000000000000089e+00,-4.900000000000000000e+02,0.000000000000000000e+00,0.000000000000000000e+00,0.000000000000000000e+00,-3.900000000000000133e-01,-3.250000000000000000e+02,-3.250000000000000000e+02,-2.220000000000000000e+02,0.000000000000000000e+00,4.109999999999999765e-01,-4.410000000000000142e+00,-1.000000000000000000e+00,0.000000000000000000e+00,0.000000000000000000e+00,8.999999999999999320e-03,1.000000000000000000e+00,1.380000000000000115e-01,1.000000000000000000e+01,8.214000000000000000e+03
4.569515630000005331e+02,4.631410000000000000e+05,4.239999999999999880e-01,-3.410000000000000253e-01,-2.089999999999999858e+00,8.380000000000000000e+02,1.340999999999999970e+00,-4.620000000000000000e+02,0.000000000000000000e+00,0.000000000000000000e+00,0.000000000000000000e+00,2.399999999999999911e-01,-3.580000000000000000e+02,-3.580000000000000000e+02,-2.130000000000000000e+02,0.000000000000000000e+00,4.069999999999999729e-01,-0.000000000000000000e+00,-6.823000000000000176e-01,0.000000000000000000e+00,0.000000000000000000e+00,4.000000000000000083e-03,1.000000000000000000e+00,1.590000000000000024e-01,9.000000000000000000e+00,8.214000000000000000e+03
4.569705431000002136e+02,4.631610000000000000e+05,3.729999999999999982e-01,-3.069999999999999951e-01,-1.949999999999999956e+00,8.170000000000000000e+02,1.306999999999999940e+00,-4.050000000000000000e+02,0.000000000000000000e+00,0.000000000000000000e+00,0.000000000000000000e+00,1.080000000000000071e+00,-4.040000000000000000e+02,-4.040000000000000000e+02,-2.100000000000000000e+02,0.000000000000000000e+00,4.119999999999999774e-01,1.469999999999999973e+00,-7.286000000000000254e-01,0.000000000000000000e+00,0.000000000000000000e+00,-4.299999999999999656e-02,1.000000000000000000e+00,1.489999999999999936e-01,9.000000000000000000e+00,8.214000000000000000e+03
4.570155127999987599e+02,4.632010000000000000e+05,2.949999999999999845e-01,-2.590000000000000080e-01,2.099999999999999922e-01,7.870000000000000000e+02,1.258999999999999897e+00,-3.610000000000000000e+02,0.000000000000000000e+00,0.000000000000000000e+00,0.000000000000000000e+00,3.099999999999999978e-01,-4.030000000000000000e+02,-4.030000000000000000e+02,-2.070000000000000000e+02,0.000000000000000000e+00,3.980000000000000204e-01,-6.309999999999999609e+00,-1.000000000000000000e+00,0.000000000000000000e+00,0.000000000000000000e+00,-1.970000000000000084e-01,1.000000000000000000e+00,1.660000000000000087e-01,9.000000000000000000e+00,8.214000000000000000e+03
4.570336678000003303e+02,4.632210000000000000e+05,2.879999999999999782e-01,-1.869999999999999996e-01,-1.879999999999999893e+00,7.420000000000000000e+02,1.187000000000000055e+00,-2.750000000000000000e+02,0.000000000000000000e+00,0.000000000000000000e+00,0.000000000000000000e+00,1.639999999999999902e+00,-4.860000000000000000e+02,-4.860000000000000000e+02,-2.200000000000000000e+02,0.000000000000000000e+00,4.089999999999999747e-01,5.509999999999999787e+00,-1.686999999999999889e-01,0.000000000000000000e+00,0.000000000000000000e+00,-8.100000000000000255e-02,1.000000000000000000e+00,1.350000000000000089e-01,1.100000000000000000e+01,8.214000000000000000e+03
4.570516709000003175e+02,4.632410000000000000e+05,2.790000000000000258e-01,-1.469999999999999918e-01,8.000000000000000167e-02,7.170000000000000000e+02,1.147000000000000020e+00,-2.750000000000000000e+02,0.000000000000000000e+00,0.000000000000000000e+00,0.000000000000000000e+00,1.700000000000000122e-01,-4.180000000000000000e+02,-4.180000000000000000e+02,-2.230000000000000000e+02,0.000000000000000000e+00,4.209999999999999853e-01,1.653000000000000114e+01,5.460000000000000409e-01,0.000000000000000000e+00,0.000000000000000000e+00,-2.999999999999999889e-02,1.000000000000000000e+00,1.160000000000000059e-01,1.200000000000000000e+01,8.214000000000000000e+03
4.570742990999988251e+02,4.632610000000000000e+05,2.570000000000000062e-01,-4.299999999999999656e-02,6.300000000000000044e-01,6.520000000000000000e+02,1.042999999999999927e+00,-2.070000000000000000e+02,0.000000000000000000e+00,0.000000000000000000e+00,0.000000000000000000e+00,-1.580000000000000071e+00,-3.300000000000000000e+02,-3.300000000000000000e+02,-2.490000000000000000e+02,0.000000000000000000e+00,4.000000000000000222e-01,-1.989999999999999991e+00,-8.627000000000000224e-01,0.000000000000000000e+00,0.000000000000000000e+00,-3.400000000000000244e-02,1.000000000000000000e+00,1.549999999999999989e-01,1.000000000000000000e+01,8.214000000000000000e+03
4.571304170999992493e+02,4.633010000000000000e+05,2.690000000000000169e-01,1.140000000000000041e-01,2.029999999999999805e+00,5.540000000000000000e+02,8.860000000000000098e-01,-1.380000000000000000e+02,0.000000000000000000e+00,0.000000000000000000e+00,0.000000000000000000e+00,-3.900000000000000133e-01,-3.870000000000000000e+02,-3.870000000000000000e+02,-2.680000000000000000e+02,0.000000000000000000e+00,4.010000000000000231e-01,4.600000000000000200e-01,-5.685000000000000053e-01,0.000000000000000000e+00,0.000000000000000000e+00,1.700000000000000122e-02,1.000000000000000000e+00,1.660000000000000087e-01,1.100000000000000000e+01,8.214000000000000000e+03
4.571360753999997542e+02,4.633210000000000000e+05,3.069999999999999951e-01,1.549999999999999989e-01,1.679999999999999938e+00,5.280000000000000000e+02,8.449999999999999734e-01,-1.270000000000000000e+02,0.000000000000000000e+00,0.000000000000000000e+00,0.000000000000000000e+00,5.200000000000000178e-01,-4.330000000000000000e+02,-4.330000000000000000e+02,-2.610000000000000000e+02,0.000000000000000000e+00,3.890000000000000124e-01,-1.053999999999999915e+01,-1.000000000000000000e+00,0.000000000000000000e+00,0.000000000000000000e+00,4.000000000000000083e-03,1.000000000000000000e+00,1.930000000000000049e-01,7.000000000000000000e+00,8.214000000000000000e+03
4.571516721999996662e+02,4.633410000000000000e+05,3.669999999999999929e-01,1.900000000000000022e-01,2.870000000000000107e+00,5.060000000000000000e+02,8.100000000000000533e-01,-1.690000000000000000e+02,0.000000000000000000e+00,0.000000000000000000e+00,0.000000000000000000e+00,1.360000000000000098e+00,-4.770000000000000000e+02,-4.770000000000000000e+02,-2.520000000000000000e+02,0.000000000000000000e+00,4.219999999999999862e-01,9.349999999999999645e+00,8.500000000000000611e-02,0.000000000000000000e+00,0.000000000000000000e+00,0.000000000000000000e+00,1.000000000000000000e+00,1.779999999999999916e-01,1.000000000000000000e+01,8.214000000000000000e+03
4.571691141999999672e+02,4.633610000000000000e+05,4.259999999999999898e-01,1.140000000000000041e-01,2.660000000000000142e+00,5.540000000000000000e+02,8.860000000000000098e-01,-2.490000000000000000e+02,0.000000000000000000e+00,0.000000000000000000e+00,0.000000000000000000e+00,1.149999999999999911e+00,-4.670000000000000000e+02,-4.670000000000000000e+02,-2.120000000000000000e+02,0.000000000000000000e+00,4.099999999999999756e-01,2.979999999999999982e+00,-4.963000000000000189e-01,0.000000000000000000e+00,0.000000000000000000e+00,0.000000000000000000e+00,1.000000000000000000e+00,1.719999999999999862e-01,9.000000000000000000e+00,8.214000000000000000e+03
4.572136515999991389e+02,4.634010000000000000e+05,5.460000000000000409e-01,3.739999999999999991e-01,2.939999999999999947e+00,3.910000000000000000e+02,6.260000000000000009e-01,-1.630000000000000000e+02,0.000000000000000000e+00,0.000000000000000000e+00,0.000000000000000000e+00,3.800000000000000044e-01,-4.270000000000000000e+02,-4.270000000000000000e+02,-2.750000000000000000e+02,0.000000000000000000e+00,4.179999999999999827e-01,1.422000000000000064e+01,5.019000000000000128e-01,0.000000000000000000e+00,0.000000000000000000e+00,1.299999999999999940e-02,1.000000000000000000e+00,1.559999999999999998e-01,1.000000000000000000e+01,8.214000000000000000e+03
4.572335309999998572e+02,4.634210000000000000e+05,5.999999999999999778e-01,4.159999999999999809e-01,3.149999999999999911e+00,3.650000000000000000e+02,5.839999999999999636e-01,-1.740000000000000000e+02,0.000000000000000000e+00,0.000000000000000000e+00,0.000000000000000000e+00,4.500000000000000111e-01,-4.290000000000000000e+02,-4.290000000000000000e+02,-2.800000000000000000e+02,0.000000000000000000e+00,4.030000000000000249e-01,-2.899999999999999911e+00,-7.286000000000000254e-01,0.000000000000000000e+00,0.000000000000000000e+00,8.999999999999999320e-03,1.000000000000000000e+00,1.930000000000000049e-01,7.000000000000000000e+00,8.214000000000000000e+03
4.572532859999992070e+02,4.634410000000000000e+05,6.470000000000000195e-01,4.289999999999999925e-01,3.850000000000000089e+00,3.570000000000000000e+02,5.709999999999999520e-01,-2.110000000000000000e+02,0.000000000000000000e+00,0.000000000000000000e+00,0.000000000000000000e+00,5.200000000000000178e-01,-4.310000000000000000e+02,-4.310000000000000000e+02,-2.760000000000000000e+02,0.000000000000000000e+00,4.129999999999999782e-01,5.389999999999999680e+00,-1.585999999999999910e-01,0.000000000000000000e+00,0.000000000000000000e+00,1.299999999999999940e-02,1.000000000000000000e+00,1.880000000000000004e-01,7.000000000000000000e+00,8.214000000000000000e+03
4.572727845999997953e+02,4.634610000000000000e+05,6.720000000000000417e-01,4.540000000000000147e-01,2.870000000000000107e+00,3.410000000000000000e+02,5.460000000000000409e-01,-1.920000000000000000e+02,0.000000000000000000e+00,0.000000000000000000e+00,0.000000000000000000e+00,3.800000000000000044e-01,-4.230000000000000000e+02,-4.230000000000000000e+02,-2.740000000000000000e+02,0.000000000000000000e+00,4.159999999999999809e-01,4.620000000000000107e+00,-4.199999999999999845e-01,0.000000000000000000e+00,0.000000000000000000e+00,1.700000000000000122e-02,1.000000000000000000e+00,1.759999999999999898e-01,9.000000000000000000e+00,8.214000000000000000e+03
4.573320788999990327e+02,4.635010000000000000e+05,7.199999999999999734e-01,5.520000000000000462e-01,1.330000000000000071e+00,2.800000000000000000e+02,4.480000000000000093e-01,-1.350000000000000000e+02,0.000000000000000000e+00,0.000000000000000000e+00,0.000000000000000000e+00,8.699999999999999956e-01,-4.480000000000000000e+02,-4.480000000000000000e+02,-2.910000000000000000e+02,0.000000000000000000e+00,4.239999999999999880e-01,4.389999999999999680e+00,-2.743999999999999773e-01,0.000000000000000000e+00,0.000000000000000000e+00,5.600000000000000117e-02,1.000000000000000000e+00,1.970000000000000084e-01,8.000000000000000000e+00,8.214000000000000000e+03
4.573335446000000957e+02,4.635210000000000000e+05,7.750000000000000222e-01,5.919999999999999707e-01,1.120000000000000107e+00,2.550000000000000000e+02,4.079999999999999738e-01,-1.370000000000000000e+02,0.000000000000000000e+00,0.000000000000000000e+00,0.000000000000000000e+00,2.999999999999999889e-02,-4.130000000000000000e+02,-4.130000000000000000e+02,-2.990000000000000000e+02,0.000000000000000000e+00,4.829999999999999849e-01,1.355000000000000071e+01,2.258999999999999897e-01,0.000000000000000000e+00,0.000000000000000000e+00,1.110000000000000014e-01,1.000000000000000000e+00,9.569999999999999618e-01,3.000000000000000000e+00,8.214000000000000000e+03
4.573522441999994044e+02,4.635410000000000000e+05,8.149999999999999467e-01,6.530000000000000249e-01,2.100000000000000089e+00,2.170000000000000000e+02,3.469999999999999751e-01,-1.440000000000000000e+02,0.000000000000000000e+00,0.000000000000000000e+00,0.000000000000000000e+00,1.429999999999999938e+00,-4.860000000000000000e+02,-4.860000000000000000e+02,-3.130000000000000000e+02,0.000000000000000000e+00,4.129999999999999782e-01,-8.900000000000000133e-01,-6.756999999999999673e-01,0.000000000000000000e+00,0.000000000000000000e+00,1.110000000000000014e-01,1.000000000000000000e+00,1.930000000000000049e-01,7.000000000000000000e+00,8.214000000000000000e+03
4.573718265999996220e+02,4.635610000000000000e+05,8.549999999999999822e-01,7.409999999999999920e-01,2.100000000000000089e+00,1.620000000000000000e+02,2.590000000000000080e-01,-1.100000000000000000e+02,0.000000000000000000e+00,0.000000000000000000e+00,0.000000000000000000e+00,6.600000000000000311e-01,-4.540000000000000000e+02,-4.540000000000000000e+02,-3.330000000000000000e+02,0.000000000000000000e+00,4.149999999999999800e-01,-6.300000000000000044e-01,-6.212999999999999634e-01,0.000000000000000000e+00,0.000000000000000000e+00,1.409999999999999865e-01,1.000000000000000000e+00,1.980000000000000093e-01,6.000000000000000000e+00,8.214000000000000000e+03
4.574133342000004632e+02,4.636010000000000000e+05,9.389999999999999458e-01,6.959999999999999520e-01,3.080000000000000071e+00,1.900000000000000000e+02,3.039999999999999925e-01,-2.130000000000000000e+02,0.000000000000000000e+00,0.000000000000000000e+00,0.000000000000000000e+00,1.219999999999999973e+00,-4.980000000000000000e+02,-4.980000000000000000e+02,-3.090000000000000000e+02,0.000000000000000000e+00,4.249999999999999889e-01,7.400000000000000355e+00,-2.222000000000000086e-01,0.000000000000000000e+00,0.000000000000000000e+00,1.409999999999999865e-01,1.000000000000000000e+00,1.610000000000000042e-01,9.000000000000000000e+00,8.214000000000000000e+03
4.574312212999993790e+02,4.636210000000000000e+05,9.879999999999999893e-01,6.740000000000000435e-01,3.290000000000000036e+00,2.040000000000000000e+02,3.260000000000000120e-01,-2.650000000000000000e+02,0.000000000000000000e+00,0.000000000000000000e+00,0.000000000000000000e+00,1.570000000000000062e+00,-5.300000000000000000e+02,-5.300000000000000000e+02,-2.990000000000000000e+02,0.000000000000000000e+00,4.229999999999999871e-01,2.839999999999999858e+00,-8.051000000000000378e-01,0.000000000000000000e+00,0.000000000000000000e+00,1.670000000000000095e-01,1.000000000000000000e+00,1.380000000000000115e-01,1.000000000000000000e+01,8.214000000000000000e+03
4.574501557999992656e+02,4.636410000000000000e+05,1.042000000000000037e+00,7.069999999999999618e-01,2.870000000000000107e+00,1.830000000000000000e+02,2.929999999999999827e-01,-2.700000000000000000e+02,0.000000000000000000e+00,0.000000000000000000e+00,0.000000000000000000e+00,7.299999999999999822e-01,-4.920000000000000000e+02,-4.920000000000000000e+02,-3.110000000000000000e+02,0.000000000000000000e+00,4.069999999999999729e-01,-3.810000000000000053e+00,-1.000000000000000000e+00,0.000000000000000000e+00,0.000000000000000000e+00,1.239999999999999991e-01,1.000000000000000000e+00,1.380000000000000115e-01,1.000000000000000000e+01,8.214000000000000000e+03
4.574682714999999007e+02,4.636610000000000000e+05,1.104000000000000092e+00,7.419999999999999929e-01,1.750000000000000000e+00,1.610000000000000000e+02,2.580000000000000071e-01,-2.600000000000000000e+02,0.000000000000000000e+00,0.000000000000000000e+00,0.000000000000000000e+00,9.399999999999999467e-01,-5.090000000000000000e+02,-5.090000000000000000e+02,-3.250000000000000000e+02,0.000000000000000000e+00,4.060000000000000275e-01,-6.379999999999999893e+00,-1.000000000000000000e+00,0.000000000000000000e+00,0.000000000000000000e+00,1.920000000000000040e-01,1.000000000000000000e+00,1.270000000000000018e-01,1.100000000000000000e+01,8.214000000000000000e+03
4.575327598999992915e+02,4.637010000000000000e+05,1.189999999999999947e+00,7.059999999999999609e-01,2.240000000000000213e+00,1.840000000000000000e+02,2.939999999999999836e-01,-3.570000000000000000e+02,0.000000000000000000e+00,0.000000000000000000e+00,0.000000000000000000e+00,-1.799999999999999933e-01,-4.630000000000000000e+02,-4.630000000000000000e+02,-3.210000000000000000e+02,0.000000000000000000e+00,4.119999999999999774e-01,-5.339999999999999858e+00,-1.000000000000000000e+00,0.000000000000000000e+00,0.000000000000000000e+00,8.100000000000000255e-02,1.000000000000000000e+00,9.800000000000000377e-02,1.300000000000000000e+01,8.214000000000000000e+03
4.575329082999996899e+02,4.637210000000000000e+05,1.231000000000000094e+00,7.009999999999999565e-01,1.820000000000000062e+00,1.870000000000000000e+02,2.989999999999999880e-01,-3.780000000000000000e+02,0.000000000000000000e+00,0.000000000000000000e+00,0.000000000000000000e+00,-8.800000000000000044e-01,-4.300000000000000000e+02,-4.300000000000000000e+02,-3.250000000000000000e+02,0.000000000000000000e+00,4.189999999999999836e-01,-9.899999999999999911e-01,-1.000000000000000000e+00,0.000000000000000000e+00,0.000000000000000000e+00,1.280000000000000027e-01,1.000000000000000000e+00,8.300000000000000433e-02,1.400000000000000000e+01,8.214000000000000000e+03
4.575535108999993099e+02,4.637410000000000000e+05,1.268999999999999906e+00,6.260000000000000009e-01,1.820000000000000062e+00,2.340000000000000000e+02,3.739999999999999991e-01,-4.490000000000000000e+02,0.000000000000000000e+00,0.000000000000000000e+00,0.000000000000000000e+00,2.399999999999999911e-01,-4.900000000000000000e+02,-4.900000000000000000e+02,-3.110000000000000000e+02,0.000000000000000000e+00,4.219999999999999862e-01,-4.600000000000000200e-01,-1.000000000000000000e+00,0.000000000000000000e+00,0.000000000000000000e+00,2.220000000000000029e-01,1.000000000000000000e+00,8.899999999999999578e-02,1.400000000000000000e+01,8.214000000000000000e+03
4.575691449999994802e+02,4.637610000000000000e+05,1.296999999999999931e+00,6.780000000000000471e-01,1.189999999999999947e+00,2.010000000000000000e+02,3.220000000000000084e-01,-4.220000000000000000e+02,0.000000000000000000e+00,0.000000000000000000e+00,0.000000000000000000e+00,4.500000000000000111e-01,-5.050000000000000000e+02,-5.050000000000000000e+02,-3.370000000000000000e+02,0.000000000000000000e+00,4.339999999999999969e-01,6.679999999999999716e+00,-1.000000000000000000e+00,0.000000000000000000e+00,0.000000000000000000e+00,1.539999999999999980e-01,1.000000000000000000e+00,5.999999999999999778e-02,1.600000000000000000e+01,8.214000000000000000e+03
4.576146169000003283e+02,4.638010000000000000e+05,1.340999999999999970e+00,6.989999999999999547e-01,1.260000000000000009e+00,1.880000000000000000e+02,3.009999999999999898e-01,-4.400000000000000000e+02,0.000000000000000000e+00,0.000000000000000000e+00,0.000000000000000000e+00,-1.100000000000000006e-01,-4.840000000000000000e+02,-4.840000000000000000e+02,-3.690000000000000000e+02,0.000000000000000000e+00,4.219999999999999862e-01,2.189999999999999947e+00,-8.070000000000000506e-01,0.000000000000000000e+00,0.000000000000000000e+00,4.000000000000000083e-03,1.000000000000000000e+00,5.000000000000000278e-02,1.700000000000000000e+01,8.214000000000000000e+03
4.576331215999998676e+02,4.638210000000000000e+05,1.356000000000000094e+00,6.179999999999999938e-01,2.240000000000000213e+00,2.390000000000000000e+02,3.820000000000000062e-01,-5.180000000000000000e+02,0.000000000000000000e+00,0.000000000000000000e+00,0.000000000000000000e+00,-1.090000000000000080e+00,-4.300000000000000000e+02,-4.300000000000000000e+02,-3.560000000000000000e+02,0.000000000000000000e+00,0.000000000000000000e+00,0.000000000000000000e+00,0.000000000000000000e+00,0.000000000000000000e+00,0.000000000000000000e+00,-2.999999999999999889e-02,1.000000000000000000e+00,0.000000000000000000e+00,1.000000000000000000e+00,8.210000000000000000e+03
4.576514657999996416e+02,4.638410000000000000e+05,1.407999999999999918e+00,6.700000000000000400e-01,1.120000000000000107e+00,2.060000000000000000e+02,3.300000000000000155e-01,-4.950000000000000000e+02,0.000000000000000000e+00,0.000000000000000000e+00,0.000000000000000000e+00,-3.900000000000000133e-01,-4.440000000000000000e+02,-4.440000000000000000e+02,-3.750000000000000000e+02,0.000000000000000000e+00,0.000000000000000000e+00,0.000000000000000000e+00,0.000000000000000000e+00,0.000000000000000000e+00,0.000000000000000000e+00,4.299999999999999656e-02,1.000000000000000000e+00,0.000000000000000000e+00,1.000000000000000000e+00,8.210000000000000000e+03
4.576696173000000272e+02,4.638610000000000000e+05,1.370000000000000107e+00,5.739999999999999547e-01,-6.899999999999999467e-01,2.660000000000000000e+02,4.259999999999999898e-01,-5.070000000000000000e+02,0.000000000000000000e+00,0.000000000000000000e+00,0.000000000000000000e+00,-2.140000000000000124e+00,-3.420000000000000000e+02,-3.420000000000000000e+02,-3.570000000000000000e+02,0.000000000000000000e+00,0.000000000000000000e+00,0.000000000000000000e+00,0.000000000000000000e+00,0.000000000000000000e+00,0.000000000000000000e+00,3.160000000000000031e-01,1.000000000000000000e+00,0.000000000000000000e+00,1.000000000000000000e+00,8.210000000000000000e+03
4.577292925999990985e+02,4.639010000000000000e+05,1.417000000000000037e+00,3.119999999999999996e-01,-2.299999999999999822e+00,4.300000000000000000e+02,6.879999999999999449e-01,-6.810000000000000000e+02,0.000000000000000000e+00,0.000000000000000000e+00,0.000000000000000000e+00,-1.799999999999999933e-01,-4.480000000000000000e+02,-4.480000000000000000e+02,-2.980000000000000000e+02,0.000000000000000000e+00,0.000000000000000000e+00,0.000000000000000000e+00,0.000000000000000000e+00,0.000000000000000000e+00,0.000000000000000000e+00,1.110000000000000014e-01,1.000000000000000000e+00,0.000000000000000000e+00,1.000000000000000000e+00,8.210000000000000000e+03
4.577389825999998720e+02,4.639210000000000000e+05,1.447999999999999954e+00,1.970000000000000084e-01,8.399999999999999689e-01,5.020000000000000000e+02,8.030000000000000471e-01,-8.190000000000000000e+02,0.000000000000000000e+00,0.000000000000000000e+00,0.000000000000000000e+00,1.700000000000000122e-01,-4.740000000000000000e+02,-4.740000000000000000e+02,-2.810000000000000000e+02,0.000000000000000000e+00,0.000000000000000000e+00,0.000000000000000000e+00,0.000000000000000000e+00,0.000000000000000000e+00,0.000000000000000000e+00,-4.000000000000000083e-03,1.000000000000000000e+00,0.000000000000000000e+00,1.000000000000000000e+00,8.210000000000000000e+03
4.577533478000004834e+02,4.639410000000000000e+05,1.399000000000000021e+00,1.280000000000000027e-01,-5.999999999999999778e-02,5.450000000000000000e+02,8.719999999999999973e-01,-8.240000000000000000e+02,0.000000000000000000e+00,0.000000000000000000e+00,0.000000000000000000e+00,-1.020000000000000018e+00,-4.150000000000000000e+02,-4.150000000000000000e+02,-2.830000000000000000e+02,0.000000000000000000e+00,0.000000000000000000e+00,0.000000000000000000e+00,0.000000000000000000e+00,0.000000000000000000e+00,0.000000000000000000e+00,-4.000000000000000083e-03,1.000000000000000000e+00,0.000000000000000000e+00,1.000000000000000000e+00,8.210000000000000000e+03
4.577708438999998179e+02,4.639610000000000000e+05,1.368999999999999995e+00,2.210000000000000020e-01,-9.000000000000000222e-01,4.870000000000000000e+02,7.790000000000000258e-01,-7.290000000000000000e+02,0.000000000000000000e+00,0.000000000000000000e+00,0.000000000000000000e+00,-1.159999999999999920e+00,-3.900000000000000000e+02,-3.900000000000000000e+02,-3.350000000000000000e+02,0.000000000000000000e+00,0.000000000000000000e+00,0.000000000000000000e+00,0.000000000000000000e+00,0.000000000000000000e+00,0.000000000000000000e+00,3.799999999999999906e-02,1.000000000000000000e+00,0.000000000000000000e+00,1.000000000000000000e+00,8.210000000000000000e+03
4.578131386999993993e+02,4.640010000000000000e+05,1.147000000000000020e+00,-1.039999999999999952e-01,-2.089999999999999858e+00,6.900000000000000000e+02,1.104000000000000092e+00,-7.950000000000000000e+02,0.000000000000000000e+00,0.000000000000000000e+00,0.000000000000000000e+00,-2.069999999999999840e+00,-3.110000000000000000e+02,-3.110000000000000000e+02,-2.690000000000000000e+02,0.000000000000000000e+00,0.000000000000000000e+00,0.000000000000000000e+00,0.000000000000000000e+00,0.000000000000000000e+00,0.000000000000000000e+00,2.819999999999999729e-01,1.000000000000000000e+00,0.000000000000000000e+00,1.000000000000000000e+00,8.210000000000000000e+03
4.578358047000001534e+02,4.640210000000000000e+05,1.020000000000000018e+00,-1.499999999999999944e-01,-4.049999999999999822e+00,7.190000000000000000e+02,1.149999999999999911e+00,-7.180000000000000000e+02,0.000000000000000000e+00,0.000000000000000000e+00,0.000000000000000000e+00,-4.600000000000000200e-01,-3.880000000000000000e+02,-3.880000000000000000e+02,-2.620000000000000000e+02,0.000000000000000000e+00,0.000000000000000000e+00,0.000000000000000000e+00,0.000000000000000000e+00,0.000000000000000000e+00,0.000000000000000000e+00,8.599999999999999312e-02,1.000000000000000000e+00,0.000000000000000000e+00,1.000000000000000000e+00,8.210000000000000000e+03
4.578496679999989283e+02,4.640410000000000000e+05,9.919999999999999929e-01,-2.770000000000000240e-01,-7.339999999999999858e+00,7.980000000000000000e+02,1.276999999999999913e+00,-6.890000000000000000e+02,0.000000000000000000e+00,0.000000000000000000e+00,0.000000000000000000e+00,1.290000000000000036e+00,-4.970000000000000000e+02,-4.970000000000000000e+02,-2.320000000000000000e+02,0.000000000000000000e+00,0.000000000000000000e+00,0.000000000000000000e+00,0.000000000000000000e+00,0.000000000000000000e+00,0.000000000000000000e+00,2.100000000000000130e-02,1.000000000000000000e+00,0.000000000000000000e+00,1.000000000000000000e+00,8.210000000000000000e+03
4.578685114999989310e+02,4.640610000000000000e+05,9.799999999999999822e-01,-3.629999999999999893e-01,-6.080000000000000071e+00,8.520000000000000000e+02,1.362999999999999989e+00,-7.610000000000000000e+02,0.000000000000000000e+00,0.000000000000000000e+00,0.000000000000000000e+00,1.290000000000000036e+00,-5.130000000000000000e+02,-5.130000000000000000e+02,-2.190000000000000000e+02,0.000000000000000000e+00,0.000000000000000000e+00,0.000000000000000000e+00,0.000000000000000000e+00,0.000000000000000000e+00,0.000000000000000000e+00,-2.599999999999999881e-02,1.000000000000000000e+00,0.000000000000000000e+00,1.000000000000000000e+00,8.210000000000000000e+03
4.579306711999997788e+02,4.641010000000000000e+05,8.699999999999999956e-01,-5.150000000000000133e-01,-4.049999999999999822e+00,9.470000000000000000e+02,1.514999999999999902e+00,-8.220000000000000000e+02,0.000000000000000000e+00,0.000000000000000000e+00,0.000000000000000000e+00,-1.020000000000000018e+00,-4.130000000000000000e+02,-4.130000000000000000e+02,-2.040000000000000000e+02,0.000000000000000000e+00,0.000000000000000000e+00,0.000000000000000000e+00,0.000000000000000000e+00,0.000000000000000000e+00,0.000000000000000000e+00,0.000000000000000000e+00,1.000000000000000000e+00,0.000000000000000000e+00,1.000000000000000000e+00,8.210000000000000000e+03
4.579337414999990870e+02,4.641210000000000000e+05,8.219999999999999529e-01,-5.310000000000000275e-01,-2.930000000000000160e+00,9.570000000000000000e+02,1.530999999999999917e+00,-8.260000000000000000e+02,0.000000000000000000e+00,0.000000000000000000e+00,0.000000000000000000e+00,-1.929999999999999938e+00,-3.490000000000000000e+02,-3.490000000000000000e+02,-2.150000000000000000e+02,0.000000000000000000e+00,0.000000000000000000e+00,0.000000000000000000e+00,0.000000000000000000e+00,0.000000000000000000e+00,0.000000000000000000e+00,4.000000000000000083e-03,1.000000000000000000e+00,0.000000000000000000e+00,1.000000000000000000e+00,8.210000000000000000e+03
4.579512954999991052e+02,4.641410000000000000e+05,7.860000000000000320e-01,-5.709999999999999520e-01,-2.790000000000000036e+00,9.820000000000000000e+02,1.570999999999999952e+00,-8.270000000000000000e+02,0.000000000000000000e+00,0.000000000000000000e+00,0.000000000000000000e+00,-7.399999999999999911e-01,-4.000000000000000000e+02,-4.000000000000000000e+02,-2.070000000000000000e+02,0.000000000000000000e+00,0.000000000000000000e+00,0.000000000000000000e+00,0.000000000000000000e+00,0.000000000000000000e+00,0.000000000000000000e+00,0.000000000000000000e+00,1.000000000000000000e+00,0.000000000000000000e+00,1.000000000000000000e+00,8.210000000000000000e+03
4.579690339999997377e+02,4.641610000000000000e+05,7.219999999999999751e-01,-5.709999999999999520e-01,-2.720000000000000195e+00,9.820000000000000000e+02,1.570999999999999952e+00,-7.890000000000000000e+02,0.000000000000000000e+00,0.000000000000000000e+00,0.000000000000000000e+00,1.700000000000000122e-01,-4.450000000000000000e+02,-4.450000000000000000e+02,-2.140000000000000000e+02,0.000000000000000000e+00,0.000000000000000000e+00,0.000000000000000000e+00,0.000000000000000000e+00,0.000000000000000000e+00,0.000000000000000000e+00,0.000000000000000000e+00,1.000000000000000000e+00,0.000000000000000000e+00,1.000000000000000000e+00,8.210000000000000000e+03
4.580135892999987846e+02,4.642010000000000000e+05,5.939999999999999725e-01,-5.170000000000000151e-01,-2.089999999999999858e+00,9.480000000000000000e+02,1.516999999999999904e+00,-6.820000000000000000e+02,0.000000000000000000e+00,0.000000000000000000e+00,0.000000000000000000e+00,-1.159999999999999920e+00,-3.790000000000000000e+02,-3.790000000000000000e+02,-2.390000000000000000e+02,0.000000000000000000e+00,0.000000000000000000e+00,0.000000000000000000e+00,0.000000000000000000e+00,0.000000000000000000e+00,0.000000000000000000e+00,0.000000000000000000e+00,1.000000000000000000e+00,0.000000000000000000e+00,1.000000000000000000e+00,8.210000000000000000e+03
4.580319442999989406e+02,4.642210000000000000e+05,5.560000000000000497e-01,-4.369999999999999996e-01,-1.320000000000000062e+00,8.980000000000000000e+02,1.437000000000000055e+00,-6.210000000000000000e+02,0.000000000000000000e+00,0.000000000000000000e+00,0.000000000000000000e+00,4.500000000000000111e-01,-4.620000000000000000e+02,-4.620000000000000000e+02,-2.640000000000000000e+02,0.000000000000000000e+00,0.000000000000000000e+00,0.000000000000000000e+00,0.000000000000000000e+00,0.000000000000000000e+00,0.000000000000000000e+00,0.000000000000000000e+00,1.000000000000000000e+00,0.000000000000000000e+00,1.000000000000000000e+00,8.210000000000000000e+03
4.580505209000002651e+02,4.642410000000000000e+05,5.190000000000000169e-01,-4.530000000000000138e-01,-1.879999999999999893e+00,9.080000000000000000e+02,1.453000000000000069e+00,-5.960000000000000000e+02,0.000000000000000000e+00,0.000000000000000000e+00,0.000000000000000000e+00,2.339999999999999858e+00,-5.670000000000000000e+02,-5.670000000000000000e+02,-2.550000000000000000e+02,0.000000000000000000e+00,0.000000000000000000e+00,0.000000000000000000e+00,0.000000000000000000e+00,0.000000000000000000e+00,0.000000000000000000e+00,-4.000000000000000083e-03,1.000000000000000000e+00,0.000000000000000000e+00,1.000000000000000000e+00,8.210000000000000000e+03
4.580673179000004893e+02,4.642610000000000000e+05,5.000000000000000000e-01,-4.380000000000000004e-01,-1.040000000000000036e+00,8.990000000000000000e+02,1.437999999999999945e+00,-5.910000000000000000e+02,0.000000000000000000e+00,0.000000000000000000e+00,0.000000000000000000e+00,1.639999999999999902e+00,-5.680000000000000000e+02,-5.680000000000000000e+02,-2.600000000000000000e+02,0.000000000000000000e+00,0.000000000000000000e+00,0.000000000000000000e+00,0.000000000000000000e+00,0.000000000000000000e+00,0.000000000000000000e+00,-2.100000000000000130e-02,1.000000000000000000e+00,0.000000000000000000e+00,1.000000000000000000e+00,8.210000000000000000e+03
4.581316499000004114e+02,4.643010000000000000e+05,5.200000000000000178e-01,-4.829999999999999849e-01,1.120000000000000107e+00,9.270000000000000000e+02,1.483000000000000096e+00,-6.700000000000000000e+02,0.000000000000000000e+00,0.000000000000000000e+00,0.000000000000000000e+00,1.010000000000000009e+00,-5.530000000000000000e+02,-5.530000000000000000e+02,-2.480000000000000000e+02,0.000000000000000000e+00,0.000000000000000000e+00,0.000000000000000000e+00,0.000000000000000000e+00,0.000000000000000000e+00,0.000000000000000000e+00,-1.580000000000000016e-01,1.000000000000000000e+00,0.000000000000000000e+00,1.000000000000000000e+00,8.210000000000000000e+03
4.581363325000002078e+02,4.643210000000000000e+05,5.140000000000000124e-01,-6.850000000000000533e-01,-1.530000000000000027e+00,1.053000000000000000e+03,1.685000000000000053e+00,-7.510000000000000000e+02,0.000000000000000000e+00,0.000000000000000000e+00,0.000000000000000000e+00,-1.100000000000000006e-01,-4.960000000000000000e+02,-4.960000000000000000e+02,-1.860000000000000000e+02,0.000000000000000000e+00,0.000000000000000000e+00,0.000000000000000000e+00,0.000000000000000000e+00,0.000000000000000000e+00,0.000000000000000000e+00,-5.600000000000000117e-02,1.000000000000000000e+00,0.000000000000000000e+00,1.000000000000000000e+00,8.210000000000000000e+03
4.581537781999995786e+02,4.643410000000000000e+05,5.470000000000000417e-01,-7.249999999999999778e-01,1.260000000000000009e+00,1.078000000000000000e+03,1.725000000000000089e+00,-8.500000000000000000e+02,0.000000000000000000e+00,0.000000000000000000e+00,0.000000000000000000e+00,1.219999999999999973e+00,-5.630000000000000000e+02,-5.630000000000000000e+02,-1.760000000000000000e+02,0.000000000000000000e+00,0.000000000000000000e+00,0.000000000000000000e+00,0.000000000000000000e+00,0.000000000000000000e+00,0.000000000000000000e+00,-6.400000000000000133e-02,1.000000000000000000e+00,0.000000000000000000e+00,1.000000000000000000e+00,8.210000000000000000e+03
4.581714646000000357e+02,4.643610000000000000e+05,5.949999999999999734e-01,-6.380000000000000115e-01,6.999999999999999556e-01,1.024000000000000000e+03,1.637999999999999901e+00,-8.130000000000000000e+02,0.000000000000000000e+00,0.000000000000000000e+00,0.000000000000000000e+00,-9.499999999999999556e-01,-4.520000000000000000e+02,-4.520000000000000000e+02,-2.080000000000000000e+02,0.000000000000000000e+00,0.000000000000000000e+00,0.000000000000000000e+00,0.000000000000000000e+00,0.000000000000000000e+00,0.000000000000000000e+00,-1.199999999999999956e-01,1.000000000000000000e+00,0.000000000000000000e+00,1.000000000000000000e+00,8.210000000000000000e+03
4.582144047000001592e+02,4.644010000000000000e+05,5.899999999999999689e-01,-6.530000000000000249e-01,1.400000000000000133e-01,1.033000000000000000e+03,1.653000000000000025e+00,-8.100000000000000000e+02,0.000000000000000000e+00,0.000000000000000000e+00,0.000000000000000000e+00,-3.900000000000000133e-01,-4.740000000000000000e+02,-4.740000000000000000e+02,-2.150000000000000000e+02,0.000000000000000000e+00,0.000000000000000000e+00,0.000000000000000000e+00,0.000000000000000000e+00,0.000000000000000000e+00,0.000000000000000000e+00,-1.370000000000000107e-01,1.000000000000000000e+00,0.000000000000000000e+00,1.000000000000000000e+00,8.210000000000000000e+03
4.582339613000003737e+02,4.644210000000000000e+05,5.989999999999999769e-01,-6.580000000000000293e-01,2.800000000000000266e-01,1.036000000000000000e+03,1.657999999999999918e+00,-8.240000000000000000e+02,0.000000000000000000e+00,0.000000000000000000e+00,0.000000000000000000e+00,-1.020000000000000018e+00,-4.380000000000000000e+02,-4.380000000000000000e+02,-2.200000000000000000e+02,0.000000000000000000e+00,0.000000000000000000e+00,0.000000000000000000e+00,0.000000000000000000e+00,0.000000000000000000e+00,0.000000000000000000e+00,-1.710000000000000131e-01,1.000000000000000000e+00,0.000000000000000000e+00,1.000000000000000000e+00,8.210000000000000000e+03
4.582532178999990720e+02,4.644410000000000000e+05,5.520000000000000462e-01,-6.530000000000000249e-01,-2.700000000000000178e-01,1.033000000000000000e+03,1.653000000000000025e+00,-7.780000000000000000e+02,0.000000000000000000e+00,0.000000000000000000e+00,0.000000000000000000e+00,-2.419999999999999929e+00,-3.410000000000000000e+02,-3.410000000000000000e+02,-2.250000000000000000e+02,0.000000000000000000e+00,0.000000000000000000e+00,0.000000000000000000e+00,0.000000000000000000e+00,0.000000000000000000e+00,0.000000000000000000e+00,-1.970000000000000084e-01,1.000000000000000000e+00,0.000000000000000000e+00,1.000000000000000000e+00,8.210000000000000000e+03
4.582684933999989880e+02,4.644610000000000000e+05,5.150000000000000133e-01,-6.540000000000000258e-01,-2.930000000000000160e+00,1.034000000000000000e+03,1.653999999999999915e+00,-7.160000000000000000e+02,0.000000000000000000e+00,0.000000000000000000e+00,0.000000000000000000e+00,-3.330000000000000071e+00,-2.540000000000000000e+02,-2.540000000000000000e+02,-2.260000000000000000e+02,0.000000000000000000e+00,0.000000000000000000e+00,0.000000000000000000e+00,0.000000000000000000e+00,0.000000000000000000e+00,0.000000000000000000e+00,-2.049999999999999878e-01,1.000000000000000000e+00,0.000000000000000000e+00,1.000000000000000000e+00,8.210000000000000000e+03
4.583174472999999125e+02,4.645010000000000000e+05,5.010000000000000009e-01,-5.040000000000000036e-01,-2.229999999999999982e+00,9.400000000000000000e+02,1.504000000000000004e+00,-6.100000000000000000e+02,0.000000000000000000e+00,0.000000000000000000e+00,0.000000000000000000e+00,-7.399999999999999911e-01,-3.450000000000000000e+02,-3.450000000000000000e+02,-2.620000000000000000e+02,0.000000000000000000e+00,0.000000000000000000e+00,0.000000000000000000e+00,0.000000000000000000e+00,0.000000000000000000e+00,0.000000000000000000e+00,-1.880000000000000004e-01,1.000000000000000000e+00,0.000000000000000000e+00,2.100000000000000000e+01,8.210000000000000000e+03
4.583352758000000904e+02,4.645210000000000000e+05,5.170000000000000151e-01,-4.590000000000000191e-01,1.820000000000000062e+00,9.120000000000000000e+02,1.459000000000000075e+00,-6.630000000000000000e+02,0.000000000000000000e+00,0.000000000000000000e+00,0.000000000000000000e+00,-2.279999999999999805e+00,-2.430000000000000000e+02,-2.430000000000000000e+02,-2.640000000000000000e+02,0.000000000000000000e+00,4.159999999999999809e-01,1.820000000000000062e+00,-1.000000000000000000e+00,0.000000000000000000e+00,0.000000000000000000e+00,-2.570000000000000062e-01,1.000000000000000000e+00,5.899999999999999689e-02,1.600000000000000000e+01,8.214000000000000000e+03
4.583547121999999945e+02,4.645410000000000000e+05,4.989999999999999991e-01,-4.380000000000000004e-01,7.700000000000000178e-01,8.990000000000000000e+02,1.437999999999999945e+00,-6.230000000000000000e+02,0.000000000000000000e+00,0.000000000000000000e+00,0.000000000000000000e+00,-1.649999999999999911e+00,-2.380000000000000000e+02,-2.380000000000000000e+02,-2.610000000000000000e+02,0.000000000000000000e+00,4.149999999999999800e-01,-8.779999999999999361e+00,-1.000000000000000000e+00,0.000000000000000000e+00,0.000000000000000000e+00,-1.580000000000000016e-01,1.000000000000000000e+00,8.300000000000000433e-02,1.400000000000000000e+01,8.214000000000000000e+03
4.583733307999991666e+02,4.645610000000000000e+05,5.120000000000000107e-01,-4.129999999999999782e-01,1.679999999999999938e+00,8.830000000000000000e+02,1.413000000000000034e+00,-6.310000000000000000e+02,0.000000000000000000e+00,0.000000000000000000e+00,0.000000000000000000e+00,-2.069999999999999840e+00,-1.840000000000000000e+02,-1.840000000000000000e+02,-2.510000000000000000e+02,0.000000000000000000e+00,4.139999999999999791e-01,-2.470000000000000195e+00,-1.000000000000000000e+00,0.000000000000000000e+00,0.000000000000000000e+00,-1.799999999999999933e-01,1.000000000000000000e+00,9.900000000000000466e-02,1.300000000000000000e+01,8.214000000000000000e+03
4.584183622000000469e+02,4.646010000000000000e+05,5.460000000000000409e-01,-3.679999999999999938e-01,1.120000000000000107e+00,8.550000000000000000e+02,1.368000000000000105e+00,-6.150000000000000000e+02,0.000000000000000000e+00,0.000000000000000000e+00,0.000000000000000000e+00,-4.000000000000000083e-02,-2.670000000000000000e+02,-2.670000000000000000e+02,-2.320000000000000000e+02,0.000000000000000000e+00,4.279999999999999916e-01,1.302999999999999936e+01,2.472000000000000031e-01,0.000000000000000000e+00,0.000000000000000000e+00,-1.029999999999999943e-01,1.000000000000000000e+00,1.179999999999999938e-01,1.200000000000000000e+01,8.214000000000000000e+03
4.584386412000003475e+02,4.646210000000000000e+05,6.099999999999999867e-01,-3.489999999999999769e-01,1.399999999999999911e+00,8.430000000000000000e+02,1.348999999999999977e+00,-6.460000000000000000e+02,0.000000000000000000e+00,0.000000000000000000e+00,0.000000000000000000e+00,-4.600000000000000200e-01,-2.460000000000000000e+02,-2.460000000000000000e+02,-2.230000000000000000e+02,0.000000000000000000e+00,4.159999999999999809e-01,-3.250000000000000000e+00,-1.000000000000000000e+00,0.000000000000000000e+00,0.000000000000000000e+00,-1.970000000000000084e-01,1.000000000000000000e+00,1.469999999999999918e-01,1.100000000000000000e+01,8.214000000000000000e+03
4.584542614000001777e+02,4.646410000000000000e+05,6.520000000000000240e-01,-3.300000000000000155e-01,5.600000000000000533e-01,8.310000000000000000e+02,1.330000000000000071e+00,-6.450000000000000000e+02,0.000000000000000000e+00,0.000000000000000000e+00,0.000000000000000000e+00,1.700000000000000122e-01,-2.770000000000000000e+02,-2.770000000000000000e+02,-2.190000000000000000e+02,0.000000000000000000e+00,4.199999999999999845e-01,-3.400000000000000244e-01,-9.633000000000000451e-01,0.000000000000000000e+00,0.000000000000000000e+00,-7.699999999999999900e-02,1.000000000000000000e+00,1.580000000000000016e-01,1.000000000000000000e+01,8.214000000000000000e+03
4.584742922000004910e+02,4.646610000000000000e+05,6.870000000000000551e-01,-3.230000000000000093e-01,5.600000000000000533e-01,8.270000000000000000e+02,1.322999999999999954e+00,-6.650000000000000000e+02,0.000000000000000000e+00,0.000000000000000000e+00,0.000000000000000000e+00,1.080000000000000071e+00,-3.230000000000000000e+02,-3.230000000000000000e+02,-2.160000000000000000e+02,0.000000000000000000e+00,4.069999999999999729e-01,-5.559999999999999609e+00,-1.000000000000000000e+00,0.000000000000000000e+00,0.000000000000000000e+00,-2.599999999999999881e-02,1.000000000000000000e+00,1.769999999999999907e-01,9.000000000000000000e+00,8.214000000000000000e+03
4.585314848999987589e+02,4.647010000000000000e+05,7.520000000000000018e-01,-3.180000000000000049e-01,4.899999999999999911e-01,8.240000000000000000e+02,1.318000000000000060e+00,-6.970000000000000000e+02,0.000000000000000000e+00,0.000000000000000000e+00,0.000000000000000000e+00,1.149999999999999911e+00,-3.600000000000000000e+02,-3.600000000000000000e+02,-2.090000000000000000e+02,0.000000000000000000e+00,4.159999999999999809e-01,1.300000000000000044e+00,-7.724999999999999645e-01,0.000000000000000000e+00,0.000000000000000000e+00,-1.370000000000000107e-01,1.000000000000000000e+00,1.580000000000000016e-01,1.000000000000000000e+01,8.214000000000000000e+03
4.585329191999990144e+02,4.647210000000000000e+05,7.459999999999999964e-01,-3.220000000000000084e-01,3.499999999999999778e-01,8.260000000000000000e+02,1.322000000000000064e+00,-7.020000000000000000e+02,0.000000000000000000e+00,0.000000000000000000e+00,0.000000000000000000e+00,1.700000000000000122e-01,-3.160000000000000000e+02,-3.160000000000000000e+02,-2.100000000000000000e+02,0.000000000000000000e+00,4.089999999999999747e-01,-2.660000000000000142e+00,-1.000000000000000000e+00,0.000000000000000000e+00,0.000000000000000000e+00,-1.069999999999999979e-01,1.000000000000000000e+00,1.590000000000000024e-01,1.000000000000000000e+01,8.214000000000000000e+03
4.585510897999993176e+02,4.647410000000000000e+05,7.550000000000000044e-01,-3.200000000000000067e-01,-8.299999999999999600e-01,8.250000000000000000e+02,1.320000000000000062e+00,-6.790000000000000000e+02,0.000000000000000000e+00,0.000000000000000000e+00,0.000000000000000000e+00,-3.900000000000000133e-01,-2.860000000000000000e+02,-2.860000000000000000e+02,-2.140000000000000000e+02,0.000000000000000000e+00,3.940000000000000169e-01,-9.529999999999999361e+00,-1.000000000000000000e+00,0.000000000000000000e+00,0.000000000000000000e+00,-1.239999999999999991e-01,1.000000000000000000e+00,1.739999999999999880e-01,1.100000000000000000e+01,8.214000000000000000e+03
4.585698019999999815e+02,4.647610000000000000e+05,7.550000000000000044e-01,-3.200000000000000067e-01,-2.000000000000000111e-01,8.250000000000000000e+02,1.320000000000000062e+00,-6.940000000000000000e+02,0.000000000000000000e+00,0.000000000000000000e+00,0.000000000000000000e+00,-4.000000000000000083e-02,-3.010000000000000000e+02,-3.010000000000000000e+02,-2.150000000000000000e+02,0.000000000000000000e+00,4.229999999999999871e-01,9.769999999999999574e+00,1.365999999999999992e-01,0.000000000000000000e+00,0.000000000000000000e+00,-4.000000000000000083e-03,1.000000000000000000e+00,1.759999999999999898e-01,9.000000000000000000e+00,8.214000000000000000e+03
4.586147014999987732e+02,4.648010000000000000e+05,6.830000000000000515e-01,-3.150000000000000022e-01,-1.949999999999999956e+00,8.220000000000000000e+02,1.314999999999999947e+00,-6.140000000000000000e+02,0.000000000000000000e+00,0.000000000000000000e+00,0.000000000000000000e+00,-3.900000000000000133e-01,-2.840000000000000000e+02,-2.840000000000000000e+02,-2.110000000000000000e+02,0.000000000000000000e+00,3.850000000000000089e-01,-1.233999999999999986e+01,-1.000000000000000000e+00,0.000000000000000000e+00,0.000000000000000000e+00,-8.999999999999999320e-03,1.000000000000000000e+00,1.980000000000000093e-01,8.000000000000000000e+00,8.214000000000000000e+03
4.586331752999994933e+02,4.648210000000000000e+05,6.570000000000000284e-01,-3.119999999999999996e-01,-1.739999999999999991e+00,8.200000000000000000e+02,1.312000000000000055e+00,-5.960000000000000000e+02,0.000000000000000000e+00,0.000000000000000000e+00,0.000000000000000000e+00,1.000000000000000056e-01,-3.130000000000000000e+02,-3.130000000000000000e+02,-2.100000000000000000e+02,0.000000000000000000e+00,5.050000000000000044e-01,1.739000000000000057e+01,2.968000000000000083e-01,0.000000000000000000e+00,0.000000000000000000e+00,-8.999999999999999320e-03,1.000000000000000000e+00,8.629999999999999893e-01,0.000000000000000000e+00,8.214000000000000000e+03
4.586542066000001796e+02,4.648410000000000000e+05,6.069999999999999840e-01,-2.979999999999999871e-01,-2.299999999999999822e+00,8.110000000000000000e+02,1.298000000000000043e+00,-5.460000000000000000e+02,0.000000000000000000e+00,0.000000000000000000e+00,0.000000000000000000e+00,1.010000000000000009e+00,-3.600000000000000000e+02,-3.600000000000000000e+02,-2.090000000000000000e+02,0.000000000000000000e+00,5.050000000000000044e-01,1.739000000000000057e+01,2.968000000000000083e-01,0.000000000000000000e+00,0.000000000000000000e+00,0.000000000000000000e+00,1.000000000000000000e+00,8.629999999999999893e-01,2.000000000000000000e+01,8.214000000000000000e+03
4.586693973999990703e+02,4.648610000000000000e+05,5.620000000000000551e-01,-2.859999999999999765e-01,-3.490000000000000213e+00,8.040000000000000000e+02,1.286000000000000032e+00,-4.890000000000000000e+02,0.000000000000000000e+00,0.000000000000000000e+00,0.000000000000000000e+00,2.060000000000000053e+00,-4.270000000000000000e+02,-4.270000000000000000e+02,-2.070000000000000000e+02,0.000000000000000000e+00,4.089999999999999747e-01,1.949999999999999956e+00,-5.535999999999999810e-01,0.000000000000000000e+00,0.000000000000000000e+00,4.000000000000000083e-03,1.000000000000000000e+00,1.749999999999999889e-01,4.000000000000000000e+00,8.214000000000000000e+03
4.587326632999993308e+02,4.649010000000000000e+05,4.309999999999999942e-01,-2.690000000000000169e-01,-4.190000000000000391e+00,7.930000000000000000e+02,1.268999999999999906e+00,-3.750000000000000000e+02,0.000000000000000000e+00,0.000000000000000000e+00,0.000000000000000000e+00,-2.500000000000000000e-01,-3.360000000000000000e+02,-3.360000000000000000e+02,-2.040000000000000000e+02,0.000000000000000000e+00,4.079999999999999738e-01,4.660000000000000142e+00,-2.632999999999999785e-01,0.000000000000000000e+00,0.000000000000000000e+00,4.000000000000000083e-03,1.000000000000000000e+00,1.739999999999999880e-01,9.000000000000000000e+00,8.214000000000000000e+03
4.587366081000000122e+02,4.649210000000000000e+05,3.880000000000000115e-01,-2.959999999999999853e-01,-3.140000000000000124e+00,8.100000000000000000e+02,1.296000000000000041e+00,-3.850000000000000000e+02,0.000000000000000000e+00,0.000000000000000000e+00,0.000000000000000000e+00,-1.229999999999999982e+00,-2.860000000000000000e+02,-2.860000000000000000e+02,-1.890000000000000000e+02,0.000000000000000000e+00,4.089999999999999747e-01,3.310000000000000053e+00,-3.957999999999999852e-01,0.000000000000000000e+00,0.000000000000000000e+00,0.000000000000000000e+00,1.000000000000000000e+00,1.749999999999999889e-01,9.000000000000000000e+00,8.214000000000000000e+03
4.587522473999997601e+02,4.649410000000000000e+05,3.499999999999999778e-01,-3.220000000000000084e-01,-2.790000000000000036e+00,8.260000000000000000e+02,1.322000000000000064e+00,-3.800000000000000000e+02,0.000000000000000000e+00,0.000000000000000000e+00,0.000000000000000000e+00,-3.200000000000000067e-01,-3.310000000000000000e+02,-3.310000000000000000e+02,-1.670000000000000000e+02,0.000000000000000000e+00,3.820000000000000062e-01,-8.029999999999999361e+00,-8.951000000000000068e-01,0.000000000000000000e+00,0.000000000000000000e+00,4.000000000000000083e-03,1.000000000000000000e+00,1.950000000000000067e-01,7.000000000000000000e+00,8.214000000000000000e+03
4.587702986000003875e+02,4.649610000000000000e+05,3.190000000000000058e-01,-2.610000000000000098e-01,-1.949999999999999956e+00,7.880000000000000000e+02,1.260999999999999899e+00,-3.390000000000000000e+02,0.000000000000000000e+00,0.000000000000000000e+00,0.000000000000000000e+00,5.200000000000000178e-01,-3.720000000000000000e+02,-3.720000000000000000e+02,-1.730000000000000000e+02,0.000000000000000000e+00,3.950000000000000178e-01,-3.169999999999999929e+00,-7.500999999999999890e-01,0.000000000000000000e+00,0.000000000000000000e+00,8.999999999999999320e-03,1.000000000000000000e+00,1.859999999999999987e-01,1.000000000000000000e+01,8.214000000000000000e+03
4.588133440000001428e+02,4.650010000000000000e+05,2.340000000000000135e-01,-1.980000000000000093e-01,-1.530000000000000027e+00,7.490000000000000000e+02,1.197999999999999954e+00,-2.520000000000000000e+02,0.000000000000000000e+00,0.000000000000000000e+00,0.000000000000000000e+00,-4.600000000000000200e-01,-3.220000000000000000e+02,-3.220000000000000000e+02,-1.760000000000000000e+02,0.000000000000000000e+00,5.070000000000000062e-01,1.626999999999999957e+01,2.031999999999999917e-01,0.000000000000000000e+00,0.000000000000000000e+00,2.100000000000000130e-02,1.000000000000000000e+00,9.060000000000000275e-01,1.000000000000000000e+00,8.214000000000000000e+03
4.588323975999992399e+02,4.650210000000000000e+05,1.910000000000000031e-01,-9.600000000000000200e-02,-1.810000000000000053e+00,6.850000000000000000e+02,1.096000000000000085e+00,-1.520000000000000000e+02,0.000000000000000000e+00,0.000000000000000000e+00,0.000000000000000000e+00,-5.999999999999999778e-01,-3.150000000000000000e+02,-3.150000000000000000e+02,-1.940000000000000000e+02,0.000000000000000000e+00,4.199999999999999845e-01,6.070000000000000284e+00,-3.235000000000000098e-01,0.000000000000000000e+00,0.000000000000000000e+00,2.999999999999999889e-02,1.000000000000000000e+00,1.849999999999999978e-01,5.000000000000000000e+00,8.214000000000000000e+03
4.588504842999991524e+02,4.650410000000000000e+05,1.570000000000000007e-01,-1.600000000000000033e-02,8.000000000000000167e-02,6.350000000000000000e+02,1.016000000000000014e+00,-1.190000000000000000e+02,0.000000000000000000e+00,0.000000000000000000e+00,0.000000000000000000e+00,2.999999999999999889e-02,-3.460000000000000000e+02,-3.460000000000000000e+02,-2.040000000000000000e+02,0.000000000000000000e+00,5.130000000000000115e-01,1.705000000000000071e+01,2.096999999999999975e-01,0.000000000000000000e+00,0.000000000000000000e+00,4.700000000000000011e-02,1.000000000000000000e+00,9.320000000000000506e-01,5.000000000000000000e+00,8.214000000000000000e+03
4.588719366999994236e+02,4.650610000000000000e+05,1.559999999999999998e-01,5.099999999999999672e-02,-5.500000000000000444e-01,5.930000000000000000e+02,9.489999999999999547e-01,-5.400000000000000000e+01,0.000000000000000000e+00,0.000000000000000000e+00,0.000000000000000000e+00,6.600000000000000311e-01,-3.790000000000000000e+02,-3.790000000000000000e+02,-2.050000000000000000e+02,0.000000000000000000e+00,4.209999999999999853e-01,7.879999999999999893e+00,-4.440000000000000197e-02,0.000000000000000000e+00,0.000000000000000000e+00,1.029999999999999943e-01,1.000000000000000000e+00,2.030000000000000138e-01,6.000000000000000000e+00,8.214000000000000000e+03
4.589292277000004106e+02,4.651010000000000000e+05,2.320000000000000118e-01,2.510000000000000009e-01,1.959999999999999964e+00,4.680000000000000000e+02,7.489999999999999991e-01,-1.400000000000000000e+01,0.000000000000000000e+00,0.000000000000000000e+00,0.000000000000000000e+00,1.219999999999999973e+00,-4.220000000000000000e+02,-4.220000000000000000e+02,-2.230000000000000000e+02,0.000000000000000000e+00,5.390000000000000346e-01,1.828000000000000114e+01,1.540999999999999870e-01,0.000000000000000000e+00,0.000000000000000000e+00,1.539999999999999980e-01,1.000000000000000000e+00,8.549999999999999822e-01,0.000000000000000000e+00,8.214000000000000000e+03
4.589320575999990979e+02,4.651210000000000000e+05,2.650000000000000133e-01,2.909999999999999809e-01,5.110000000000000320e+00,4.430000000000000000e+02,7.089999999999999636e-01,-7.500000000000000000e+01,0.000000000000000000e+00,0.000000000000000000e+00,0.000000000000000000e+00,8.699999999999999956e-01,-4.190000000000000000e+02,-4.190000000000000000e+02,-2.180000000000000000e+02,0.000000000000000000e+00,4.129999999999999782e-01,2.870000000000000107e+00,-3.881999999999999895e-01,0.000000000000000000e+00,0.000000000000000000e+00,1.330000000000000071e-01,1.000000000000000000e+00,1.849999999999999978e-01,4.000000000000000000e+00,8.214000000000000000e+03
4.589509558999998262e+02,4.651410000000000000e+05,3.290000000000000147e-01,1.710000000000000131e-01,3.430000000000000160e+00,5.180000000000000000e+02,8.289999999999999591e-01,-1.550000000000000000e+02,0.000000000000000000e+00,0.000000000000000000e+00,0.000000000000000000e+00,1.500000000000000000e+00,-4.530000000000000000e+02,-4.530000000000000000e+02,-1.620000000000000000e+02,0.000000000000000000e+00,4.000000000000000222e-01,-9.589999999999999858e+00,-1.000000000000000000e+00,0.000000000000000000e+00,0.000000000000000000e+00,1.620000000000000051e-01,1.000000000000000000e+00,1.819999999999999951e-01,9.000000000000000000e+00,8.214000000000000000e+03
4.589675207000000228e+02,4.651610000000000000e+05,4.040000000000000258e-01,4.159999999999999809e-01,4.620000000000000107e+00,3.650000000000000000e+02,5.839999999999999636e-01,-8.100000000000000000e+01,0.000000000000000000e+00,0.000000000000000000e+00,0.000000000000000000e+00,3.099999999999999978e-01,-3.950000000000000000e+02,-3.950000000000000000e+02,-2.260000000000000000e+02,0.000000000000000000e+00,4.119999999999999774e-01,2.600000000000000089e-01,-8.416000000000000147e-01,0.000000000000000000e+00,0.000000000000000000e+00,1.880000000000000004e-01,1.000000000000000000e+00,1.600000000000000033e-01,1.000000000000000000e+01,8.214000000000000000e+03
4.590129328000002715e+02,4.652010000000000000e+05,5.689999999999999503e-01,5.390000000000000346e-01,4.059999999999999609e+00,2.880000000000000000e+02,4.610000000000000209e-01,-9.800000000000000000e+01,0.000000000000000000e+00,0.000000000000000000e+00,0.000000000000000000e+00,7.299999999999999822e-01,-4.340000000000000000e+02,-4.340000000000000000e+02,-2.520000000000000000e+02,0.000000000000000000e+00,4.139999999999999791e-01,2.089999999999999858e+00,-6.995999999999999996e-01,0.000000000000000000e+00,0.000000000000000000e+00,1.370000000000000107e-01,1.000000000000000000e+00,1.270000000000000018e-01,1.200000000000000000e+01,8.214000000000000000e+03
4.590323823999988235e+02,4.652210000000000000e+05,6.440000000000000169e-01,6.320000000000000062e-01,4.759999999999999787e+00,2.300000000000000000e+02,3.679999999999999938e-01,-9.200000000000000000e+01,0.000000000000000000e+00,0.000000000000000000e+00,0.000000000000000000e+00,1.360000000000000098e+00,-4.680000000000000000e+02,-4.680000000000000000e+02,-2.740000000000000000e+02,0.000000000000000000e+00,4.169999999999999818e-01,8.439999999999999503e+00,1.160999999999999949e-01,0.000000000000000000e+00,0.000000000000000000e+00,1.880000000000000004e-01,1.000000000000000000e+00,1.089999999999999997e-01,1.300000000000000000e+01,8.214000000000000000e+03
4.590497672999990755e+02,4.652410000000000000e+05,7.419999999999999929e-01,6.380000000000000115e-01,5.110000000000000320e+00,2.260000000000000000e+02,3.619999999999999885e-01,-1.600000000000000000e+02,0.000000000000000000e+00,0.000000000000000000e+00,0.000000000000000000e+00,1.010000000000000009e+00,-4.550000000000000000e+02,-4.550000000000000000e+02,-2.700000000000000000e+02,0.000000000000000000e+00,4.000000000000000222e-01,-1.335999999999999943e+01,-1.000000000000000000e+00,0.000000000000000000e+00,0.000000000000000000e+00,2.220000000000000029e-01,1.000000000000000000e+00,9.700000000000000289e-02,1.400000000000000000e+01,8.214000000000000000e+03
4.590676536999999371e+02,4.652610000000000000e+05,8.279999999999999583e-01,6.500000000000000222e-01,5.530000000000000249e+00,2.190000000000000000e+02,3.499999999999999778e-01,-2.180000000000000000e+02,0.000000000000000000e+00,0.000000000000000000e+00,0.000000000000000000e+00,1.010000000000000009e+00,-4.690000000000000000e+02,-4.690000000000000000e+02,-2.710000000000000000e+02,0.000000000000000000e+00,3.970000000000000195e-01,-1.318999999999999950e+01,-1.000000000000000000e+00,0.000000000000000000e+00,0.000000000000000000e+00,8.999999999999999667e-02,1.000000000000000000e+00,9.800000000000000377e-02,1.400000000000000000e+01,8.214000000000000000e+03
4.591294020000004821e+02,4.653010000000000000e+05,1.028000000000000025e+00,7.600000000000000089e-01,4.830000000000000071e+00,1.500000000000000000e+02,2.399999999999999911e-01,-2.630000000000000000e+02,0.000000000000000000e+00,0.000000000000000000e+00,0.000000000000000000e+00,3.800000000000000044e-01,-4.480000000000000000e+02,-4.480000000000000000e+02,-3.050000000000000000e+02,0.000000000000000000e+00,4.119999999999999774e-01,-1.008000000000000007e+01,-1.000000000000000000e+00,0.000000000000000000e+00,0.000000000000000000e+00,1.710000000000000131e-01,1.000000000000000000e+00,4.800000000000000100e-02,1.700000000000000000e+01,8.214000000000000000e+03
4.591349757999996655e+02,4.653210000000000000e+05,1.125999999999999890e+00,8.379999999999999671e-01,6.019999999999999574e+00,1.010000000000000000e+02,1.620000000000000051e-01,-2.970000000000000000e+02,0.000000000000000000e+00,0.000000000000000000e+00,0.000000000000000000e+00,2.399999999999999911e-01,-4.420000000000000000e+02,-4.420000000000000000e+02,-3.340000000000000000e+02,0.000000000000000000e+00,4.219999999999999862e-01,1.203999999999999915e+01,5.656999999999999806e-01,0.000000000000000000e+00,0.000000000000000000e+00,7.699999999999999900e-02,1.000000000000000000e+00,4.299999999999999656e-02,1.800000000000000000e+01,8.214000000000000000e+03
4.591498864999994112e+02,4.653410000000000000e+05,1.237000000000000099e+00,1.026000000000000023e+00,6.019999999999999574e+00,-1.600000000000000000e+01,-2.599999999999999881e-02,-2.460000000000000000e+02,0.000000000000000000e+00,0.000000000000000000e+00,0.000000000000000000e+00,-1.799999999999999933e-01,-4.220000000000000000e+02,-4.220000000000000000e+02,-3.990000000000000000e+02,0.000000000000000000e+00,4.040000000000000258e-01,-1.705999999999999872e+01,-1.000000000000000000e+00,0.000000000000000000e+00,0.000000000000000000e+00,1.239999999999999991e-01,1.000000000000000000e+00,3.699999999999999817e-02,1.800000000000000000e+01,8.214000000000000000e+03
4.591709387999999308e+02,4.653610000000000000e+05,1.364000000000000101e+00,9.759999999999999787e-01,6.929999999999999716e+00,1.500000000000000000e+01,2.400000000000000050e-02,-3.780000000000000000e+02,0.000000000000000000e+00,0.000000000000000000e+00,0.000000000000000000e+00,-4.600000000000000200e-01,-4.050000000000000000e+02,-4.050000000000000000e+02,-3.900000000000000000e+02,0.000000000000000000e+00,0.000000000000000000e+00,0.000000000000000000e+00,0.000000000000000000e+00,0.000000000000000000e+00,0.000000000000000000e+00,-4.000000000000000083e-03,1.000000000000000000e+00,0.000000000000000000e+00,2.000000000000000000e+00,8.210000000000000000e+03
4.592148299999989831e+02,4.654010000000000000e+05,1.649000000000000021e+00,8.299999999999999600e-01,7.419999999999999929e+00,1.060000000000000000e+02,1.700000000000000122e-01,-6.660000000000000000e+02,0.000000000000000000e+00,0.000000000000000000e+00,0.000000000000000000e+00,2.999999999999999889e-02,-3.940000000000000000e+02,-3.940000000000000000e+02,-3.570000000000000000e+02,0.000000000000000000e+00,0.000000000000000000e+00,0.000000000000000000e+00,0.000000000000000000e+00,0.000000000000000000e+00,0.000000000000000000e+00,1.710000000000000131e-01,1.000000000000000000e+00,0.000000000000000000e+00,2.000000000000000000e+00,8.210000000000000000e+03
4.592337557999999262e+02,4.654210000000000000e+05,1.802999999999999936e+00,6.219999999999999973e-01,1.497000000000000064e+01,2.360000000000000000e+02,3.780000000000000027e-01,-1.013000000000000000e+03,0.000000000000000000e+00,0.000000000000000000e+00,0.000000000000000000e+00,2.549999999999999822e+00,-5.150000000000000000e+02,-5.150000000000000000e+02,-3.040000000000000000e+02,0.000000000000000000e+00,0.000000000000000000e+00,0.000000000000000000e+00,0.000000000000000000e+00,0.000000000000000000e+00,0.000000000000000000e+00,2.349999999999999867e-01,1.000000000000000000e+00,0.000000000000000000e+00,2.000000000000000000e+00,8.210000000000000000e+03
4.592510339000000386e+02,4.654410000000000000e+05,1.747000000000000108e+00,4.939999999999999947e-01,6.719999999999999751e+00,3.160000000000000000e+02,5.060000000000000053e-01,-9.610000000000000000e+02,0.000000000000000000e+00,0.000000000000000000e+00,0.000000000000000000e+00,-1.719999999999999973e+00,-3.070000000000000000e+02,-3.070000000000000000e+02,-2.790000000000000000e+02,0.000000000000000000e+00,0.000000000000000000e+00,0.000000000000000000e+00,0.000000000000000000e+00,0.000000000000000000e+00,0.000000000000000000e+00,8.999999999999999667e-02,1.000000000000000000e+00,0.000000000000000000e+00,2.000000000000000000e+00,8.210000000000000000e+03
4.592708461000001989e+02,4.654610000000000000e+05,1.780999999999999917e+00,3.140000000000000013e-01,-2.299999999999999822e+00,4.290000000000000000e+02,6.860000000000000542e-01,-8.950000000000000000e+02,0.000000000000000000e+00,0.000000000000000000e+00,0.000000000000000000e+00,-5.999999999999999778e-01,-3.810000000000000000e+02,-3.810000000000000000e+02,-2.560000000000000000e+02,0.000000000000000000e+00,0.000000000000000000e+00,0.000000000000000000e+00,0.000000000000000000e+00,0.000000000000000000e+00,0.000000000000000000e+00,1.409999999999999865e-01,1.000000000000000000e+00,0.000000000000000000e+00,2.000000000000000000e+00,8.210000000000000000e+03
4.593310733999987860e+02,4.655010000000000000e+05,1.866000000000000103e+00,1.170000000000000068e-01,-3.979999999999999982e+00,5.520000000000000000e+02,8.830000000000000071e-01,-1.053000000000000000e+03,0.000000000000000000e+00,0.000000000000000000e+00,0.000000000000000000e+00,-6.700000000000000400e-01,-3.840000000000000000e+02,-3.840000000000000000e+02,-2.770000000000000000e+02,0.000000000000000000e+00,0.000000000000000000e+00,0.000000000000000000e+00,0.000000000000000000e+00,0.000000000000000000e+00,0.000000000000000000e+00,-8.999999999999999320e-03,1.000000000000000000e+00,0.000000000000000000e+00,2.000000000000000000e+00,8.210000000000000000e+03
4.593377065999993647e+02,4.655210000000000000e+05,1.814000000000000057e+00,-1.489999999999999936e-01,-6.080000000000000071e+00,7.180000000000000000e+02,1.149000000000000021e+00,-1.157000000000000000e+03,0.000000000000000000e+00,0.000000000000000000e+00,0.000000000000000000e+00,-2.839999999999999858e+00,-2.480000000000000000e+02,-2.480000000000000000e+02,-2.360000000000000000e+02,0.000000000000000000e+00,0.000000000000000000e+00,0.000000000000000000e+00,0.000000000000000000e+00,0.000000000000000000e+00,0.000000000000000000e+00,8.999999999999999667e-02,1.000000000000000000e+00,0.000000000000000000e+00,2.000000000000000000e+00,8.210000000000000000e+03
4.593531081000000995e+02,4.655410000000000000e+05,1.631000000000000005e+00,-2.979999999999999871e-01,3.500000000000000000e+00,8.110000000000000000e+02,1.298000000000000043e+00,-1.353000000000000000e+03,0.000000000000000000e+00,0.000000000000000000e+00,0.000000000000000000e+00,2.399999999999999911e-01,-3.760000000000000000e+02,-3.760000000000000000e+02,-2.270000000000000000e+02,0.000000000000000000e+00,0.000000000000000000e+00,0.000000000000000000e+00,0.000000000000000000e+00,0.000000000000000000e+00,0.000000000000000000e+00,2.859999999999999765e-01,1.000000000000000000e+00,0.000000000000000000e+00,2.000000000000000000e+00,8.210000000000000000e+03
4.593727978999995685e+02,4.655610000000000000e+05,1.443000000000000060e+00,-3.280000000000000138e-01,-3.910000000000000142e+00,8.300000000000000000e+02,1.328000000000000069e+00,-1.080000000000000000e+03,0.000000000000000000e+00,0.000000000000000000e+00,0.000000000000000000e+00,5.899999999999999689e-01,-3.930000000000000000e+02,-3.930000000000000000e+02,-2.310000000000000000e+02,0.000000000000000000e+00,0.000000000000000000e+00,0.000000000000000000e+00,0.000000000000000000e+00,0.000000000000000000e+00,0.000000000000000000e+00,7.299999999999999545e-02,1.000000000000000000e+00,0.000000000000000000e+00,2.000000000000000000e+00,8.210000000000000000e+03
4.594142352999988361e+02,4.656010000000000000e+05,1.173000000000000043e+00,-4.719999999999999751e-01,-7.759999999999999787e+00,9.200000000000000000e+02,1.471999999999999975e+00,-9.260000000000000000e+02,0.000000000000000000e+00,0.000000000000000000e+00,0.000000000000000000e+00,2.620000000000000107e+00,-5.630000000000000000e+02,-5.630000000000000000e+02,-2.400000000000000000e+02,0.000000000000000000e+00,0.000000000000000000e+00,0.000000000000000000e+00,0.000000000000000000e+00,0.000000000000000000e+00,0.000000000000000000e+00,2.100000000000000130e-02,1.000000000000000000e+00,0.000000000000000000e+00,2.000000000000000000e+00,8.210000000000000000e+03
4.594622655999992276e+02,4.656210000000000000e+05,9.899999999999999911e-01,-5.420000000000000373e-01,-1.048000000000000043e+01,9.640000000000000000e+02,1.542000000000000037e+00,-8.040000000000000000e+02,0.000000000000000000e+00,0.000000000000000000e+00,0.000000000000000000e+00,1.780000000000000027e+00,-5.660000000000000000e+02,-5.660000000000000000e+02,-2.420000000000000000e+02,0.000000000000000000e+00,0.000000000000000000e+00,0.000000000000000000e+00,0.000000000000000000e+00,0.000000000000000000e+00,0.000000000000000000e+00,-2.100000000000000130e-02,1.000000000000000000e+00,0.000000000000000000e+00,2.000000000000000000e+00,8.210000000000000000e+03
4.594660363999992114e+02,4.656410000000000000e+05,8.709999999999999964e-01,-5.869999999999999662e-01,-5.379999999999999893e+00,9.920000000000000000e+02,1.586999999999999966e+00,-8.470000000000000000e+02,0.000000000000000000e+00,0.000000000000000000e+00,0.000000000000000000e+00,-8.100000000000000533e-01,-4.450000000000000000e+02,-4.450000000000000000e+02,-2.470000000000000000e+02,0.000000000000000000e+00,0.000000000000000000e+00,0.000000000000000000e+00,0.000000000000000000e+00,0.000000000000000000e+00,0.000000000000000000e+00,0.000000000000000000e+00,1.000000000000000000e+00,0.000000000000000000e+00,2.000000000000000000e+00,8.210000000000000000e+03
4.594685355999990861e+02,4.656610000000000000e+05,7.349999999999999867e-01,-6.139999999999999902e-01,-6.080000000000000071e+00,1.009000000000000000e+03,1.614000000000000101e+00,-7.640000000000000000e+02,0.000000000000000000e+00,0.000000000000000000e+00,0.000000000000000000e+00,-1.090000000000000080e+00,-4.130000000000000000e+02,-4.130000000000000000e+02,-2.570000000000000000e+02,0.000000000000000000e+00,0.000000000000000000e+00,0.000000000000000000e+00,0.000000000000000000e+00,0.000000000000000000e+00,0.000000000000000000e+00,1.299999999999999940e-02,1.000000000000000000e+00,0.000000000000000000e+00,2.000000000000000000e+00,8.210000000000000000e+03
4.595321026000001439e+02,4.657010000000000000e+05,5.180000000000000160e-01,-6.059999999999999831e-01,-2.859999999999999876e+00,1.004000000000000000e+03,1.606000000000000094e+00,-6.790000000000000000e+02,0.000000000000000000e+00,0.000000000000000000e+00,0.000000000000000000e+00,-1.300000000000000044e+00,-4.010000000000000000e+02,-4.010000000000000000e+02,-2.630000000000000000e+02,0.000000000000000000e+00,0.000000000000000000e+00,0.000000000000000000e+00,0.000000000000000000e+00,0.000000000000000000e+00,0.000000000000000000e+00,-4.000000000000000083e-03,1.000000000000000000e+00,0.000000000000000000e+00,2.000000000000000000e+00,8.210000000000000000e+03
4.595363684000003559e+02,4.657210000000000000e+05,4.440000000000000058e-01,-5.869999999999999662e-01,-1.040000000000000036e+00,9.920000000000000000e+02,1.586999999999999966e+00,-6.470000000000000000e+02,0.000000000000000000e+00,0.000000000000000000e+00,0.000000000000000000e+00,-1.159999999999999920e+00,-4.090000000000000000e+02,-4.090000000000000000e+02,-2.610000000000000000e+02,0.000000000000000000e+00,0.000000000000000000e+00,0.000000000000000000e+00,0.000000000000000000e+00,0.000000000000000000e+00,0.000000000000000000e+00,-4.000000000000000083e-03,1.000000000000000000e+00,0.000000000000000000e+00,2.000000000000000000e+00,8.210000000000000000e+03
4.595530183999999281e+02,4.657410000000000000e+05,3.960000000000000187e-01,-5.699999999999999512e-01,-9.699999999999999734e-01,9.810000000000000000e+02,1.570000000000000062e+00,-6.050000000000000000e+02,0.000000000000000000e+00,0.000000000000000000e+00,0.000000000000000000e+00,6.600000000000000311e-01,-5.020000000000000000e+02,-5.020000000000000000e+02,-2.620000000000000000e+02,0.000000000000000000e+00,0.000000000000000000e+00,0.000000000000000000e+00,0.000000000000000000e+00,0.000000000000000000e+00,0.000000000000000000e+00,-3.400000000000000244e-02,1.000000000000000000e+00,0.000000000000000000e+00,2.000000000000000000e+00,8.210000000000000000e+03
4.595724110999999539e+02,4.657610000000000000e+05,3.719999999999999973e-01,-5.410000000000000364e-01,1.000000000000000021e-02,9.630000000000000000e+02,1.540999999999999925e+00,-5.900000000000000000e+02,0.000000000000000000e+00,0.000000000000000000e+00,0.000000000000000000e+00,1.360000000000000098e+00,-5.390000000000000000e+02,-5.390000000000000000e+02,-2.580000000000000000e+02,0.000000000000000000e+00,0.000000000000000000e+00,0.000000000000000000e+00,0.000000000000000000e+00,0.000000000000000000e+00,0.000000000000000000e+00,-5.099999999999999672e-02,1.000000000000000000e+00,0.000000000000000000e+00,2.000000000000000000e+00,8.210000000000000000e+03
4.596164549000004627e+02,4.658010000000000000e+05,4.030000000000000249e-01,-4.819999999999999840e-01,2.660000000000000142e+00,9.260000000000000000e+02,1.481999999999999984e+00,-6.220000000000000000e+02,0.000000000000000000e+00,0.000000000000000000e+00,0.000000000000000000e+00,-1.300000000000000044e+00,-4.140000000000000000e+02,-4.140000000000000000e+02,-2.640000000000000000e+02,0.000000000000000000e+00,0.000000000000000000e+00,0.000000000000000000e+00,0.000000000000000000e+00,0.000000000000000000e+00,0.000000000000000000e+00,-6.800000000000000488e-02,1.000000000000000000e+00,0.000000000000000000e+00,2.000000000000000000e+00,8.210000000000000000e+03
4.596315971000003628e+02,4.658210000000000000e+05,4.460000000000000075e-01,-4.769999999999999796e-01,3.500000000000000000e+00,9.230000000000000000e+02,1.477000000000000091e+00,-6.640000000000000000e+02,0.000000000000000000e+00,0.000000000000000000e+00,0.000000000000000000e+00,-1.020000000000000018e+00,-4.160000000000000000e+02,-4.160000000000000000e+02,-2.620000000000000000e+02,0.000000000000000000e+00,0.000000000000000000e+00,0.000000000000000000e+00,0.000000000000000000e+00,0.000000000000000000e+00,0.000000000000000000e+00,-8.999999999999999667e-02,1.000000000000000000e+00,0.000000000000000000e+00,2.000000000000000000e+00,8.210000000000000000e+03
4.596505266999993182e+02,4.658410000000000000e+05,5.290000000000000258e-01,-4.670000000000000262e-01,2.450000000000000178e+00,9.170000000000000000e+02,1.467000000000000082e+00,-6.910000000000000000e+02,0.000000000000000000e+00,0.000000000000000000e+00,0.000000000000000000e+00,-4.600000000000000200e-01,-4.410000000000000000e+02,-4.410000000000000000e+02,-2.560000000000000000e+02,0.000000000000000000e+00,0.000000000000000000e+00,0.000000000000000000e+00,0.000000000000000000e+00,0.000000000000000000e+00,0.000000000000000000e+00,-1.239999999999999991e-01,1.000000000000000000e+00,0.000000000000000000e+00,2.000000000000000000e+00,8.210000000000000000e+03
4.596700139999993553e+02,4.658610000000000000e+05,5.949999999999999734e-01,-4.540000000000000147e-01,2.589999999999999858e+00,9.090000000000000000e+02,1.453999999999999959e+00,-7.230000000000000000e+02,0.000000000000000000e+00,0.000000000000000000e+00,0.000000000000000000e+00,-1.439999999999999947e+00,-3.900000000000000000e+02,-3.900000000000000000e+02,-2.550000000000000000e+02,0.000000000000000000e+00,0.000000000000000000e+00,0.000000000000000000e+00,0.000000000000000000e+00,0.000000000000000000e+00,0.000000000000000000e+00,-1.449999999999999900e-01,1.000000000000000000e+00,0.000000000000000000e+00,2.000000000000000000e+00,8.210000000000000000e+03
4.597298685999994632e+02,4.659010000000000000e+05,7.690000000000000169e-01,-4.099999999999999756e-01,4.549999999999999822e+00,8.810000000000000000e+02,1.409999999999999920e+00,-8.420000000000000000e+02,0.000000000000000000e+00,0.000000000000000000e+00,0.000000000000000000e+00,-2.700000000000000178e+00,-2.680000000000000000e+02,-2.680000000000000000e+02,-2.650000000000000000e+02,0.000000000000000000e+00,0.000000000000000000e+00,0.000000000000000000e+00,0.000000000000000000e+00,0.000000000000000000e+00,0.000000000000000000e+00,-1.749999999999999889e-01,1.000000000000000000e+00,0.000000000000000000e+00,2.000000000000000000e+00,8.210000000000000000e+03
4.597345943999989686e+02,4.659210000000000000e+05,8.679999999999999938e-01,-4.879999999999999893e-01,3.850000000000000089e+00,9.300000000000000000e+02,1.487999999999999989e+00,-9.510000000000000000e+02,0.000000000000000000e+00,0.000000000000000000e+00,0.000000000000000000e+00,-2.500000000000000000e-01,-3.800000000000000000e+02,-3.800000000000000000e+02,-2.410000000000000000e+02,0.000000000000000000e+00,0.000000000000000000e+00,0.000000000000000000e+00,0.000000000000000000e+00,0.000000000000000000e+00,0.000000000000000000e+00,-1.749999999999999889e-01,1.000000000000000000e+00,0.000000000000000000e+00,2.000000000000000000e+00,8.210000000000000000e+03
4.597546425999989879e+02,4.659410000000000000e+05,9.210000000000000409e-01,-5.020000000000000018e-01,2.589999999999999858e+00,9.390000000000000000e+02,1.502000000000000002e+00,-9.550000000000000000e+02,0.000000000000000000e+00,0.000000000000000000e+00,0.000000000000000000e+00,-1.300000000000000044e+00,-3.250000000000000000e+02,-3.250000000000000000e+02,-2.360000000000000000e+02,0.000000000000000000e+00,0.000000000000000000e+00,0.000000000000000000e+00,0.000000000000000000e+00,0.000000000000000000e+00,0.000000000000000000e+00,-1.499999999999999944e-01,1.000000000000000000e+00,0.000000000000000000e+00,2.000000000000000000e+00,8.210000000000000000e+03
4.597698221999999078e+02,4.659610000000000000e+05,9.809999999999999831e-01,-4.779999999999999805e-01,1.050000000000000044e+00,9.240000000000000000e+02,1.477999999999999980e+00,-9.670000000000000000e+02,0.000000000000000000e+00,0.000000000000000000e+00,0.000000000000000000e+00,-1.719999999999999973e+00,-2.870000000000000000e+02,-2.870000000000000000e+02,-2.540000000000000000e+02,0.000000000000000000e+00,0.000000000000000000e+00,0.000000000000000000e+00,0.000000000000000000e+00,0.000000000000000000e+00,0.000000000000000000e+00,-1.710000000000000131e-01,1.000000000000000000e+00,0.000000000000000000e+00,2.000000000000000000e+00,8.210000000000000000e+03
4.598182969999998022e+02,4.660010000000000000e+05,1.048000000000000043e+00,-5.440000000000000391e-01,1.399999999999999911e+00,9.650000000000000000e+02,1.544000000000000039e+00,-1.059000000000000000e+03,0.000000000000000000e+00,0.000000000000000000e+00,0.000000000000000000e+00,-1.020000000000000018e+00,-2.780000000000000000e+02,-2.780000000000000000e+02,-2.520000000000000000e+02,0.000000000000000000e+00,0.000000000000000000e+00,0.000000000000000000e+00,0.000000000000000000e+00,0.000000000000000000e+00,0.000000000000000000e+00,-2.139999999999999958e-01,1.000000000000000000e+00,0.000000000000000000e+00,2.000000000000000000e+00,8.210000000000000000e+03
4.598326541999995243e+02,4.660210000000000000e+05,1.054999999999999938e+00,-5.869999999999999662e-01,1.400000000000000133e-01,9.920000000000000000e+02,1.586999999999999966e+00,-1.074000000000000000e+03,0.000000000000000000e+00,0.000000000000000000e+00,0.000000000000000000e+00,-1.020000000000000018e+00,-2.660000000000000000e+02,-2.660000000000000000e+02,-2.400000000000000000e+02,0.000000000000000000e+00,0.000000000000000000e+00,0.000000000000000000e+00,0.000000000000000000e+00,0.000000000000000000e+00,0.000000000000000000e+00,-2.049999999999999878e-01,1.000000000000000000e+00,0.000000000000000000e+00,2.200000000000000000e+01,8.210000000000000000e+03
4.598529293999999936e+02,4.660410000000000000e+05,1.036999999999999922e+00,-6.510000000000000231e-01,-1.879999999999999893e+00,1.032000000000000000e+03,1.651000000000000023e+00,-1.052000000000000000e+03,0.000000000000000000e+00,0.000000000000000000e+00,0.000000000000000000e+00,-2.350000000000000089e+00,-1.810000000000000000e+02,-1.810000000000000000e+02,-2.310000000000000000e+02,0.000000000000000000e+00,4.079999999999999738e-01,-1.685000000000000142e+01,-1.000000000000000000e+00,0.000000000000000000e+00,0.000000000000000000e+00,-1.839999999999999969e-01,1.000000000000000000e+00,5.299999999999999850e-02,1.800000000000000000e+01,8.214000000000000000e+03
4.598699144000001979e+02,4.660610000000000000e+05,1.072000000000000064e+00,-7.009999999999999565e-01,-1.459999999999999964e+00,1.063000000000000000e+03,1.701000000000000068e+00,-1.118000000000000000e+03,0.000000000000000000e+00,0.000000000000000000e+00,0.000000000000000000e+00,-1.439999999999999947e+00,-1.800000000000000000e+02,-1.800000000000000000e+02,-2.180000000000000000e+02,0.000000000000000000e+00,4.179999999999999827e-01,2.759999999999999787e+00,-8.098999999999999533e-01,0.000000000000000000e+00,0.000000000000000000e+00,-2.270000000000000073e-01,1.000000000000000000e+00,7.099999999999999367e-02,1.700000000000000000e+01,8.214000000000000000e+03
4.599302346999993460e+02,4.661010000000000000e+05,9.989999999999999991e-01,-8.110000000000000542e-01,-4.820000000000000284e+00,1.132000000000000000e+03,1.810999999999999943e+00,-1.087000000000000000e+03,0.000000000000000000e+00,0.000000000000000000e+00,0.000000000000000000e+00,-3.900000000000000133e-01,-1.800000000000000000e+02,-1.800000000000000000e+02,-1.910000000000000000e+02,0.000000000000000000e+00,3.970000000000000195e-01,-1.451999999999999957e+01,-1.000000000000000000e+00,0.000000000000000000e+00,0.000000000000000000e+00,0.000000000000000000e+00,1.000000000000000000e+00,1.059999999999999970e-01,1.400000000000000000e+01,8.214000000000000000e+03
4.599362087999998039e+02,4.661210000000000000e+05,9.569999999999999618e-01,-8.539999999999999813e-01,-1.810000000000000053e+00,1.159000000000000000e+03,1.854000000000000092e+00,-1.137000000000000000e+03,0.000000000000000000e+00,0.000000000000000000e+00,0.000000000000000000e+00,-2.500000000000000000e-01,-1.860000000000000000e+02,-1.860000000000000000e+02,-1.790000000000000000e+02,0.000000000000000000e+00,4.079999999999999738e-01,-7.309999999999999609e+00,-1.000000000000000000e+00,0.000000000000000000e+00,0.000000000000000000e+00,-1.710000000000000131e-01,1.000000000000000000e+00,1.260000000000000009e-01,1.300000000000000000e+01,8.214000000000000000e+03
4.599563813999993727e+02,4.661410000000000000e+05,8.739999999999999991e-01,-8.719999999999999973e-01,-4.820000000000000284e+00,1.170000000000000000e+03,1.872000000000000108e+00,-1.054000000000000000e+03,0.000000000000000000e+00,0.000000000000000000e+00,0.000000000000000000e+00,1.700000000000000122e-01,-2.070000000000000000e+02,-2.070000000000000000e+02,-1.750000000000000000e+02,0.000000000000000000e+00,3.990000000000000213e-01,-1.485999999999999943e+01,-1.000000000000000000e+00,0.000000000000000000e+00,0.000000000000000000e+00,-2.389999999999999902e-01,1.000000000000000000e+00,1.270000000000000018e-01,1.200000000000000000e+01,8.214000000000000000e+03
4.599701047999988077e+02,4.661610000000000000e+05,8.070000000000000506e-01,-9.090000000000000302e-01,-3.770000000000000018e+00,1.193000000000000000e+03,1.909000000000000030e+00,-1.048000000000000000e+03,0.000000000000000000e+00,0.000000000000000000e+00,0.000000000000000000e+00,6.600000000000000311e-01,-2.300000000000000000e+02,-2.300000000000000000e+02,-1.640000000000000000e+02,0.000000000000000000e+00,4.109999999999999765e-01,3.799999999999999822e+00,-3.564999999999999836e-01,0.000000000000000000e+00,0.000000000000000000e+00,-1.710000000000000131e-01,1.000000000000000000e+00,1.089999999999999997e-01,1.300000000000000000e+01,8.214000000000000000e+03
4.600287255999992340e+02,4.662010000000000000e+05,5.889999999999999680e-01,-9.459999999999999520e-01,-5.519999999999999574e+00,1.216000000000000000e+03,1.945999999999999952e+00,-8.940000000000000000e+02,0.000000000000000000e+00,0.000000000000000000e+00,0.000000000000000000e+00,-3.900000000000000133e-01,-1.730000000000000000e+02,-1.730000000000000000e+02,-1.560000000000000000e+02,0.000000000000000000e+00,0.000000000000000000e+00,0.000000000000000000e+00,0.000000000000000000e+00,0.000000000000000000e+00,0.000000000000000000e+00,-1.069999999999999979e-01,1.000000000000000000e+00,0.000000000000000000e+00,2.000000000000000000e+00,8.210000000000000000e+03
4.600345687999997608e+02,4.662210000000000000e+05,4.739999999999999769e-01,-9.419999999999999485e-01,-5.099999999999999645e+00,1.214000000000000000e+03,1.941999999999999948e+00,-8.250000000000000000e+02,0.000000000000000000e+00,0.000000000000000000e+00,0.000000000000000000e+00,-1.580000000000000071e+00,-9.800000000000000000e+01,-9.800000000000000000e+01,-1.550000000000000000e+02,0.000000000000000000e+00,0.000000000000000000e+00,0.000000000000000000e+00,0.000000000000000000e+00,0.000000000000000000e+00,0.000000000000000000e+00,-4.000000000000000083e-03,1.000000000000000000e+00,0.000000000000000000e+00,2.000000000000000000e+00,8.210000000000000000e+03
4.600511380999996618e+02,4.662410000000000000e+05,3.569999999999999840e-01,-9.260000000000000453e-01,-5.450000000000000178e+00,1.204000000000000000e+03,1.925999999999999934e+00,-7.360000000000000000e+02,0.000000000000000000e+00,0.000000000000000000e+00,0.000000000000000000e+00,2.999999999999999889e-02,-1.790000000000000000e+02,-1.790000000000000000e+02,-1.480000000000000000e+02,0.000000000000000000e+00,0.000000000000000000e+00,0.000000000000000000e+00,0.000000000000000000e+00,0.000000000000000000e+00,0.000000000000000000e+00,-8.999999999999999320e-03,1.000000000000000000e+00,0.000000000000000000e+00,2.000000000000000000e+00,8.210000000000000000e+03
4.600691341999990982e+02,4.662610000000000000e+05,2.590000000000000080e-01,-8.990000000000000213e-01,-4.400000000000000355e+00,1.187000000000000000e+03,1.899000000000000021e+00,-6.720000000000000000e+02,0.000000000000000000e+00,0.000000000000000000e+00,0.000000000000000000e+00,2.339999999999999858e+00,-2.980000000000000000e+02,-2.980000000000000000e+02,-1.420000000000000000e+02,0.000000000000000000e+00,0.000000000000000000e+00,0.000000000000000000e+00,0.000000000000000000e+00,0.000000000000000000e+00,0.000000000000000000e+00,-3.799999999999999906e-02,1.000000000000000000e+00,0.000000000000000000e+00,2.000000000000000000e+00,8.210000000000000000e+03
4.601318704999994225e+02,4.663010000000000000e+05,7.900000000000000078e-02,-8.139999999999999458e-01,-4.120000000000000107e+00,1.134000000000000000e+03,1.814000000000000057e+00,-4.830000000000000000e+02,0.000000000000000000e+00,0.000000000000000000e+00,0.000000000000000000e+00,3.950000000000000178e+00,-4.500000000000000000e+02,-4.500000000000000000e+02,-1.390000000000000000e+02,0.000000000000000000e+00,0.000000000000000000e+00,0.000000000000000000e+00,0.000000000000000000e+00,0.000000000000000000e+00,0.000000000000000000e+00,-5.099999999999999672e-02,1.000000000000000000e+00,0.000000000000000000e+00,2.000000000000000000e+00,8.210000000000000000e+03
4.601350153999992472e+02,4.663210000000000000e+05,2.000000000000000042e-03,-7.459999999999999964e-01,-3.279999999999999805e+00,1.091000000000000000e+03,1.745999999999999996e+00,-4.270000000000000000e+02,0.000000000000000000e+00,0.000000000000000000e+00,0.000000000000000000e+00,2.200000000000000178e+00,-3.910000000000000000e+02,-3.910000000000000000e+02,-1.450000000000000000e+02,0.000000000000000000e+00,0.000000000000000000e+00,0.000000000000000000e+00,0.000000000000000000e+00,0.000000000000000000e+00,0.000000000000000000e+00,-1.799999999999999933e-01,1.000000000000000000e+00,0.000000000000000000e+00,2.000000000000000000e+00,8.210000000000000000e+03
4.601536056000004464e+02,4.663410000000000000e+05,-2.999999999999999889e-02,-6.800000000000000488e-01,-1.600000000000000089e+00,1.050000000000000000e+03,1.679999999999999938e+00,-3.980000000000000000e+02,0.000000000000000000e+00,0.000000000000000000e+00,0.000000000000000000e+00,1.700000000000000122e-01,-2.900000000000000000e+02,-2.900000000000000000e+02,-1.510000000000000000e+02,0.000000000000000000e+00,0.000000000000000000e+00,0.000000000000000000e+00,0.000000000000000000e+00,0.000000000000000000e+00,0.000000000000000000e+00,-6.400000000000000133e-02,1.000000000000000000e+00,0.000000000000000000e+00,2.000000000000000000e+00,8.210000000000000000e+03
4.601733690000000934e+02,4.663610000000000000e+05,-5.500000000000000028e-02,-6.029999999999999805e-01,-9.000000000000000222e-01,1.002000000000000000e+03,1.602999999999999980e+00,-3.420000000000000000e+02,0.000000000000000000e+00,0.000000000000000000e+00,0.000000000000000000e+00,-2.500000000000000000e-01,-2.690000000000000000e+02,-2.690000000000000000e+02,-1.610000000000000000e+02,0.000000000000000000e+00,0.000000000000000000e+00,0.000000000000000000e+00,0.000000000000000000e+00,0.000000000000000000e+00,0.000000000000000000e+00,-2.100000000000000130e-02,1.000000000000000000e+00,0.000000000000000000e+00,2.000000000000000000e+00,8.210000000000000000e+03
4.602132179999989603e+02,4.664010000000000000e+05,-3.699999999999999817e-02,-4.269999999999999907e-01,1.399999999999999911e+00,8.920000000000000000e+02,1.427000000000000046e+00,-2.710000000000000000e+02,0.000000000000000000e+00,0.000000000000000000e+00,0.000000000000000000e+00,-2.279999999999999805e+00,-1.510000000000000000e+02,-1.510000000000000000e+02,-1.640000000000000000e+02,0.000000000000000000e+00,0.000000000000000000e+00,0.000000000000000000e+00,0.000000000000000000e+00,0.000000000000000000e+00,0.000000000000000000e+00,5.099999999999999672e-02,1.000000000000000000e+00,0.000000000000000000e+00,2.000000000000000000e+00,8.210000000000000000e+03
4.602331300000005285e+02,4.664210000000000000e+05,4.200000000000000261e-02,-3.489999999999999769e-01,3.779999999999999805e+00,8.430000000000000000e+02,1.348999999999999977e+00,-3.200000000000000000e+02,0.000000000000000000e+00,0.000000000000000000e+00,0.000000000000000000e+00,1.149999999999999911e+00,-3.220000000000000000e+02,-3.220000000000000000e+02,-1.600000000000000000e+02,0.000000000000000000e+00,0.000000000000000000e+00,0.000000000000000000e+00,0.000000000000000000e+00,0.000000000000000000e+00,0.000000000000000000e+00,3.400000000000000244e-02,1.000000000000000000e+00,0.000000000000000000e+00,2.000000000000000000e+00,8.210000000000000000e+03
4.602484719999993104e+02,4.664410000000000000e+05,1.270000000000000018e-01,-2.700000000000000178e-01,2.660000000000000142e+00,7.940000000000000000e+02,1.270000000000000018e+00,-3.000000000000000000e+02,0.000000000000000000e+00,0.000000000000000000e+00,0.000000000000000000e+00,1.429999999999999938e+00,-3.440000000000000000e+02,-3.440000000000000000e+02,-1.550000000000000000e+02,0.000000000000000000e+00,0.000000000000000000e+00,0.000000000000000000e+00,0.000000000000000000e+00,0.000000000000000000e+00,0.000000000000000000e+00,3.400000000000000244e-02,1.000000000000000000e+00,0.000000000000000000e+00,2.000000000000000000e+00,8.210000000000000000e+03
4.602664261999998416e+02,4.664610000000000000e+05,1.940000000000000058e-01,-2.099999999999999922e-01,5.459999999999999964e+00,7.560000000000000000e+02,1.209999999999999964e+00,-3.590000000000000000e+02,0.000000000000000000e+00,0.000000000000000000e+00,0.000000000000000000e+00,9.399999999999999467e-01,-3.340000000000000000e+02,-3.340000000000000000e+02,-1.550000000000000000e+02,0.000000000000000000e+00,0.000000000000000000e+00,0.000000000000000000e+00,0.000000000000000000e+00,0.000000000000000000e+00,0.000000000000000000e+00,4.299999999999999656e-02,1.000000000000000000e+00,0.000000000000000000e+00,2.000000000000000000e+00,8.210000000000000000e+03
4.603296310999994603e+02,4.665010000000000000e+05,3.539999999999999813e-01,-1.019999999999999934e-01,5.530000000000000249e+00,6.890000000000000000e+02,1.102000000000000091e+00,-3.990000000000000000e+02,0.000000000000000000e+00,0.000000000000000000e+00,0.000000000000000000e+00,-5.999999999999999778e-01,-2.560000000000000000e+02,-2.560000000000000000e+02,-1.650000000000000000e+02,0.000000000000000000e+00,0.000000000000000000e+00,0.000000000000000000e+00,0.000000000000000000e+00,0.000000000000000000e+00,0.000000000000000000e+00,3.400000000000000244e-02,1.000000000000000000e+00,0.000000000000000000e+00,2.000000000000000000e+00,8.210000000000000000e+03
4.603346566999989591e+02,4.665210000000000000e+05,4.500000000000000111e-01,-6.600000000000000311e-02,5.530000000000000249e+00,6.660000000000000000e+02,1.066000000000000059e+00,-4.330000000000000000e+02,0.000000000000000000e+00,0.000000000000000000e+00,0.000000000000000000e+00,-1.159999999999999920e+00,-2.270000000000000000e+02,-2.270000000000000000e+02,-1.640000000000000000e+02,0.000000000000000000e+00,0.000000000000000000e+00,0.000000000000000000e+00,0.000000000000000000e+00,0.000000000000000000e+00,0.000000000000000000e+00,4.299999999999999656e-02,1.000000000000000000e+00,0.000000000000000000e+00,2.000000000000000000e+00,8.210000000000000000e+03
4.603542519000002358e+02,4.665410000000000000e+05,5.470000000000000417e-01,-1.100000000000000006e-01,3.569999999999999840e+00,6.940000000000000000e+02,1.110000000000000098e+00,-4.900000000000000000e+02,0.000000000000000000e+00,0.000000000000000000e+00,0.000000000000000000e+00,-4.600000000000000200e-01,-2.650000000000000000e+02,-2.650000000000000000e+02,-1.410000000000000000e+02,0.000000000000000000e+00,0.000000000000000000e+00,0.000000000000000000e+00,0.000000000000000000e+00,0.000000000000000000e+00,0.000000000000000000e+00,6.800000000000000488e-02,1.000000000000000000e+00,0.000000000000000000e+00,2.000000000000000000e+00,8.210000000000000000e+03
4.603726643999998487e+02,4.665610000000000000e+05,6.350000000000000089e-01,-1.700000000000000122e-01,3.080000000000000071e+00,7.310000000000000000e+02,1.169999999999999929e+00,-5.770000000000000000e+02,0.000000000000000000e+00,0.000000000000000000e+00,0.000000000000000000e+00,3.800000000000000044e-01,-3.110000000000000000e+02,-3.110000000000000000e+02,-1.140000000000000000e+02,0.000000000000000000e+00,0.000000000000000000e+00,0.000000000000000000e+00,0.000000000000000000e+00,0.000000000000000000e+00,0.000000000000000000e+00,8.599999999999999312e-02,1.000000000000000000e+00,0.000000000000000000e+00,2.000000000000000000e+00,8.210000000000000000e+03
4.604153509999996459e+02,4.666010000000000000e+05,7.610000000000000098e-01,-1.360000000000000098e-01,1.679999999999999938e+00,7.100000000000000000e+02,1.135999999999999899e+00,-6.110000000000000000e+02,0.000000000000000000e+00,0.000000000000000000e+00,0.000000000000000000e+00,1.700000000000000122e-01,-3.060000000000000000e+02,-3.060000000000000000e+02,-1.240000000000000000e+02,0.000000000000000000e+00,0.000000000000000000e+00,0.000000000000000000e+00,0.000000000000000000e+00,0.000000000000000000e+00,0.000000000000000000e+00,1.239999999999999991e-01,1.000000000000000000e+00,0.000000000000000000e+00,2.000000000000000000e+00,8.210000000000000000e+03
4.604350439999998343e+02,4.666210000000000000e+05,7.870000000000000329e-01,-1.439999999999999891e-01,2.800000000000000266e-01,7.150000000000000000e+02,1.143999999999999906e+00,-6.110000000000000000e+02,0.000000000000000000e+00,0.000000000000000000e+00,0.000000000000000000e+00,-1.020000000000000018e+00,-2.480000000000000000e+02,-2.480000000000000000e+02,-1.310000000000000000e+02,0.000000000000000000e+00,0.000000000000000000e+00,0.000000000000000000e+00,0.000000000000000000e+00,0.000000000000000000e+00,0.000000000000000000e+00,1.150000000000000050e-01,1.000000000000000000e+00,0.000000000000000000e+00,2.000000000000000000e+00,8.210000000000000000e+03
4.604527146999989782e+02,4.666410000000000000e+05,8.249999999999999556e-01,-1.680000000000000104e-01,1.050000000000000044e+00,7.300000000000000000e+02,1.167999999999999927e+00,-6.590000000000000000e+02,0.000000000000000000e+00,0.000000000000000000e+00,0.000000000000000000e+00,-3.200000000000000067e-01,-2.900000000000000000e+02,-2.900000000000000000e+02,-1.300000000000000000e+02,0.000000000000000000e+00,0.000000000000000000e+00,0.000000000000000000e+00,0.000000000000000000e+00,0.000000000000000000e+00,0.000000000000000000e+00,1.330000000000000071e-01,1.000000000000000000e+00,0.000000000000000000e+00,2.000000000000000000e+00,8.210000000000000000e+03
4.604723861000002216e+02,4.666610000000000000e+05,8.179999999999999494e-01,-1.489999999999999936e-01,1.000000000000000021e-02,7.180000000000000000e+02,1.149000000000000021e+00,-6.320000000000000000e+02,0.000000000000000000e+00,0.000000000000000000e+00,0.000000000000000000e+00,8.699999999999999956e-01,-3.500000000000000000e+02,-3.500000000000000000e+02,-1.460000000000000000e+02,0.000000000000000000e+00,0.000000000000000000e+00,0.000000000000000000e+00,0.000000000000000000e+00,0.000000000000000000e+00,0.000000000000000000e+00,1.069999999999999979e-01,1.000000000000000000e+00,0.000000000000000000e+00,2.000000000000000000e+00,8.210000000000000000e+03
4.605182948000001488e+02,4.667010000000000000e+05,8.060000000000000497e-01,-1.970000000000000084e-01,-2.089999999999999858e+00,7.480000000000000000e+02,1.197000000000000064e+00,-6.130000000000000000e+02,0.000000000000000000e+00,0.000000000000000000e+00,0.000000000000000000e+00,8.699999999999999956e-01,-3.550000000000000000e+02,-3.550000000000000000e+02,-1.490000000000000000e+02,0.000000000000000000e+00,0.000000000000000000e+00,0.000000000000000000e+00,0.000000000000000000e+00,0.000000000000000000e+00,0.000000000000000000e+00,4.700000000000000011e-02,1.000000000000000000e+00,0.000000000000000000e+00,2.000000000000000000e+00,8.210000000000000000e+03
4.605391476999993756e+02,4.667210000000000000e+05,7.760000000000000231e-01,-2.510000000000000009e-01,-2.790000000000000036e+00,7.820000000000000000e+02,1.250999999999999890e+00,-6.150000000000000000e+02,0.000000000000000000e+00,0.000000000000000000e+00,0.000000000000000000e+00,4.500000000000000111e-01,-3.380000000000000000e+02,-3.380000000000000000e+02,-1.340000000000000000e+02,0.000000000000000000e+00,0.000000000000000000e+00,0.000000000000000000e+00,0.000000000000000000e+00,0.000000000000000000e+00,0.000000000000000000e+00,2.439999999999999947e-01,1.000000000000000000e+00,0.000000000000000000e+00,2.000000000000000000e+00,8.210000000000000000e+03
4.605550394999991113e+02,4.667410000000000000e+05,7.119999999999999662e-01,-2.859999999999999765e-01,-1.739999999999999991e+00,8.040000000000000000e+02,1.286000000000000032e+00,-6.180000000000000000e+02,0.000000000000000000e+00,0.000000000000000000e+00,0.000000000000000000e+00,8.000000000000000444e-01,-3.600000000000000000e+02,-3.600000000000000000e+02,-1.280000000000000000e+02,0.000000000000000000e+00,0.000000000000000000e+00,0.000000000000000000e+00,0.000000000000000000e+00,0.000000000000000000e+00,0.000000000000000000e+00,1.449999999999999900e-01,1.000000000000000000e+00,0.000000000000000000e+00,2.000000000000000000e+00,8.210000000000000000e+03
4.605745170999998663e+02,4.667610000000000000e+05,6.780000000000000471e-01,-3.089999999999999969e-01,-2.299999999999999822e+00,8.180000000000000000e+02,1.308999999999999941e+00,-5.920000000000000000e+02,0.000000000000000000e+00,0.000000000000000000e+00,0.000000000000000000e+00,1.700000000000000122e-01,-3.320000000000000000e+02,-3.320000000000000000e+02,-1.250000000000000000e+02,0.000000000000000000e+00,0.000000000000000000e+00,0.000000000000000000e+00,0.000000000000000000e+00,0.000000000000000000e+00,0.000000000000000000e+00,1.449999999999999900e-01,1.000000000000000000e+00,0.000000000000000000e+00,2.000000000000000000e+00,8.210000000000000000e+03
4.606139843999990262e+02,4.668010000000000000e+05,5.999999999999999778e-01,-2.340000000000000135e-01,-3.560000000000000053e+00,7.710000000000000000e+02,1.233999999999999986e+00,-4.730000000000000000e+02,0.000000000000000000e+00,0.000000000000000000e+00,0.000000000000000000e+00,1.780000000000000027e+00,-4.540000000000000000e+02,-4.540000000000000000e+02,-1.600000000000000000e+02,0.000000000000000000e+00,0.000000000000000000e+00,0.000000000000000000e+00,0.000000000000000000e+00,0.000000000000000000e+00,0.000000000000000000e+00,4.000000000000000083e-03,1.000000000000000000e+00,0.000000000000000000e+00,2.000000000000000000e+00,8.210000000000000000e+03
4.606330512000004092e+02,4.668210000000000000e+05,5.340000000000000302e-01,-2.479999999999999982e-01,-2.299999999999999822e+00,7.800000000000000000e+02,1.247999999999999998e+00,-4.640000000000000000e+02,0.000000000000000000e+00,0.000000000000000000e+00,0.000000000000000000e+00,1.080000000000000071e+00,-4.310000000000000000e+02,-4.310000000000000000e+02,-1.620000000000000000e+02,0.000000000000000000e+00,0.000000000000000000e+00,0.000000000000000000e+00,0.000000000000000000e+00,0.000000000000000000e+00,0.000000000000000000e+00,6.400000000000000133e-02,1.000000000000000000e+00,0.000000000000000000e+00,2.000000000000000000e+00,8.210000000000000000e+03
4.606517638999994233e+02,4.668410000000000000e+05,4.580000000000000182e-01,-3.629999999999999893e-01,-2.790000000000000036e+00,8.520000000000000000e+02,1.362999999999999989e+00,-4.790000000000000000e+02,0.000000000000000000e+00,0.000000000000000000e+00,0.000000000000000000e+00,5.899999999999999689e-01,-4.050000000000000000e+02,-4.050000000000000000e+02,-1.280000000000000000e+02,0.000000000000000000e+00,0.000000000000000000e+00,0.000000000000000000e+00,0.000000000000000000e+00,0.000000000000000000e+00,0.000000000000000000e+00,1.029999999999999943e-01,1.000000000000000000e+00,0.000000000000000000e+00,2.000000000000000000e+00,8.210000000000000000e+03
4.606690075999995315e+02,4.668610000000000000e+05,4.339999999999999969e-01,-3.019999999999999907e-01,4.199999999999999845e-01,8.140000000000000000e+02,1.302000000000000046e+00,-4.850000000000000000e+02,0.000000000000000000e+00,0.000000000000000000e+00,0.000000000000000000e+00,-4.600000000000000200e-01,-3.480000000000000000e+02,-3.480000000000000000e+02,-1.460000000000000000e+02,0.000000000000000000e+00,0.000000000000000000e+00,0.000000000000000000e+00,0.000000000000000000e+00,0.000000000000000000e+00,0.000000000000000000e+00,4.700000000000000011e-02,1.000000000000000000e+00,0.000000000000000000e+00,2.000000000000000000e+00,8.210000000000000000e+03
4.607185463000005257e+02,4.669010000000000000e+05,3.780000000000000027e-01,-1.869999999999999996e-01,2.939999999999999947e+00,7.420000000000000000e+02,1.187000000000000055e+00,-4.270000000000000000e+02,0.000000000000000000e+00,0.000000000000000000e+00,0.000000000000000000e+00,1.700000000000000122e-01,-3.800000000000000000e+02,-3.800000000000000000e+02,-1.710000000000000000e+02,0.000000000000000000e+00,0.000000000000000000e+00,0.000000000000000000e+00,0.000000000000000000e+00,0.000000000000000000e+00,0.000000000000000000e+00,1.710000000000000131e-01,1.000000000000000000e+00,0.000000000000000000e+00,2.000000000000000000e+00,8.210000000000000000e+03
4.607381845999989309e+02,4.669210000000000000e+05,3.559999999999999831e-01,-6.600000000000000311e-02,3.009999999999999787e+00,6.660000000000000000e+02,1.066000000000000059e+00,-3.190000000000000000e+02,0.000000000000000000e+00,0.000000000000000000e+00,0.000000000000000000e+00,3.099999999999999978e-01,-4.010000000000000000e+02,-4.010000000000000000e+02,-1.980000000000000000e+02,0.000000000000000000e+00,0.000000000000000000e+00,0.000000000000000000e+00,0.000000000000000000e+00,0.000000000000000000e+00,0.000000000000000000e+00,1.239999999999999991e-01,1.000000000000000000e+00,0.000000000000000000e+00,2.000000000000000000e+00,8.210000000000000000e+03
4.607573242999987997e+02,4.669410000000000000e+05,3.320000000000000173e-01,-1.600000000000000033e-02,3.359999999999999876e+00,6.350000000000000000e+02,1.016000000000000014e+00,-2.870000000000000000e+02,0.000000000000000000e+00,0.000000000000000000e+00,0.000000000000000000e+00,8.699999999999999956e-01,-4.310000000000000000e+02,-4.310000000000000000e+02,-2.080000000000000000e+02,0.000000000000000000e+00,0.000000000000000000e+00,0.000000000000000000e+00,0.000000000000000000e+00,0.000000000000000000e+00,0.000000000000000000e+00,5.600000000000000117e-02,1.000000000000000000e+00,0.000000000000000000e+00,3.000000000000000000e+00,8.210000000000000000e+03
4.607746050999994623e+02,4.669610000000000000e+05,3.519999999999999796e-01,-1.799999999999999864e-02,1.330000000000000071e+00,6.360000000000000000e+02,1.018000000000000016e+00,-2.630000000000000000e+02,0.000000000000000000e+00,0.000000000000000000e+00,0.000000000000000000e+00,8.699999999999999956e-01,-4.330000000000000000e+02,-4.330000000000000000e+02,-2.000000000000000000e+02,0.000000000000000000e+00,0.000000000000000000e+00,0.000000000000000000e+00,0.000000000000000000e+00,0.000000000000000000e+00,0.000000000000000000e+00,-2.100000000000000130e-02,1.000000000000000000e+00,0.000000000000000000e+00,3.000000000000000000e+00,8.210000000000000000e+03
4.608134301999998570e+02,4.670010000000000000e+05,4.869999999999999885e-01,1.019999999999999934e-01,3.850000000000000089e+00,5.610000000000000000e+02,8.980000000000000204e-01,-3.180000000000000000e+02,0.000000000000000000e+00,0.000000000000000000e+00,0.000000000000000000e+00,-1.860000000000000098e+00,-2.880000000000000000e+02,-2.880000000000000000e+02,-2.230000000000000000e+02,0.000000000000000000e+00,0.000000000000000000e+00,0.000000000000000000e+00,0.000000000000000000e+00,0.000000000000000000e+00,0.000000000000000000e+00,3.400000000000000244e-02,1.000000000000000000e+00,0.000000000000000000e+00,3.000000000000000000e+00,8.210000000000000000e+03
4.608343105999992986e+02,4.670210000000000000e+05,5.410000000000000364e-01,1.739999999999999880e-01,3.359999999999999876e+00,5.160000000000000000e+02,8.259999999999999565e-01,-2.940000000000000000e+02,0.000000000000000000e+00,0.000000000000000000e+00,0.000000000000000000e+00,-5.429999999999999716e+00,-9.500000000000000000e+01,-9.500000000000000000e+01,-2.380000000000000000e+02,0.000000000000000000e+00,0.000000000000000000e+00,0.000000000000000000e+00,0.000000000000000000e+00,0.000000000000000000e+00,0.000000000000000000e+00,2.220000000000000029e-01,1.000000000000000000e+00,0.000000000000000000e+00,3.000000000000000000e+00,8.210000000000000000e+03
4.608500855999991472e+02,4.670410000000000000e+05,7.259999999999999787e-01,-2.000000000000000042e-03,4.620000000000000107e+00,6.260000000000000000e+02,1.002000000000000002e+00,-5.580000000000000000e+02,0.000000000000000000e+00,0.000000000000000000e+00,0.000000000000000000e+00,-5.999999999999999778e-01,-3.250000000000000000e+02,-3.250000000000000000e+02,-1.770000000000000000e+02,0.000000000000000000e+00,0.000000000000000000e+00,0.000000000000000000e+00,0.000000000000000000e+00,0.000000000000000000e+00,0.000000000000000000e+00,1.370000000000000107e-01,1.000000000000000000e+00,0.000000000000000000e+00,3.000000000000000000e+00,8.210000000000000000e+03
4.608673309000005247e+02,4.670610000000000000e+05,8.830000000000000071e-01,1.519999999999999962e-01,9.800000000000000711e+00,5.300000000000000000e+02,8.479999999999999760e-01,-6.390000000000000000e+02,0.000000000000000000e+00,0.000000000000000000e+00,0.000000000000000000e+00,8.000000000000000444e-01,-4.000000000000000000e+02,-4.000000000000000000e+02,-2.170000000000000000e+02,0.000000000000000000e+00,0.000000000000000000e+00,0.000000000000000000e+00,0.000000000000000000e+00,0.000000000000000000e+00,0.000000000000000000e+00,3.799999999999999906e-02,1.000000000000000000e+00,0.000000000000000000e+00,3.000000000000000000e+00,8.210000000000000000e+03
4.609297766999989108e+02,4.671010000000000000e+05,9.879999999999999893e-01,1.170000000000000068e-01,6.230000000000000426e+00,5.520000000000000000e+02,8.830000000000000071e-01,-6.760000000000000000e+02,0.000000000000000000e+00,0.000000000000000000e+00,0.000000000000000000e+00,3.099999999999999978e-01,-3.800000000000000000e+02,-3.800000000000000000e+02,-2.150000000000000000e+02,0.000000000000000000e+00,0.000000000000000000e+00,0.000000000000000000e+00,0.000000000000000000e+00,0.000000000000000000e+00,0.000000000000000000e+00,-2.599999999999999881e-02,1.000000000000000000e+00,0.000000000000000000e+00,3.000000000000000000e+00,8.210000000000000000e+03
4.609331935999998677e+02,4.671210000000000000e+05,1.066000000000000059e+00,-8.000000000000000167e-02,5.879999999999999893e+00,6.750000000000000000e+02,1.080000000000000071e+00,-8.530000000000000000e+02,0.000000000000000000e+00,0.000000000000000000e+00,0.000000000000000000e+00,-1.799999999999999933e-01,-3.490000000000000000e+02,-3.490000000000000000e+02,-1.660000000000000000e+02,0.000000000000000000e+00,0.000000000000000000e+00,0.000000000000000000e+00,0.000000000000000000e+00,0.000000000000000000e+00,0.000000000000000000e+00,0.000000000000000000e+00,1.000000000000000000e+00,0.000000000000000000e+00,3.000000000000000000e+00,8.210000000000000000e+03
4.609506682999999612e+02,4.671410000000000000e+05,1.112999999999999989e+00,-1.890000000000000013e-01,1.260000000000000009e+00,7.430000000000000000e+02,1.189000000000000057e+00,-8.670000000000000000e+02,0.000000000000000000e+00,0.000000000000000000e+00,0.000000000000000000e+00,-7.399999999999999911e-01,-3.130000000000000000e+02,-3.130000000000000000e+02,-1.450000000000000000e+02,0.000000000000000000e+00,0.000000000000000000e+00,0.000000000000000000e+00,0.000000000000000000e+00,0.000000000000000000e+00,0.000000000000000000e+00,4.000000000000000083e-03,1.000000000000000000e+00,0.000000000000000000e+00,3.000000000000000000e+00,8.210000000000000000e+03
4.609713869999995950e+02,4.671610000000000000e+05,1.135999999999999899e+00,-2.000000000000000111e-01,3.499999999999999778e-01,7.500000000000000000e+02,1.199999999999999956e+00,-8.780000000000000000e+02,0.000000000000000000e+00,0.000000000000000000e+00,0.000000000000000000e+00,-8.100000000000000533e-01,-3.050000000000000000e+02,-3.050000000000000000e+02,-1.620000000000000000e+02,0.000000000000000000e+00,0.000000000000000000e+00,0.000000000000000000e+00,0.000000000000000000e+00,0.000000000000000000e+00,0.000000000000000000e+00,0.000000000000000000e+00,1.000000000000000000e+00,0.000000000000000000e+00,3.000000000000000000e+00,8.210000000000000000e+03
4.610162843999987672e+02,4.672010000000000000e+05,1.135000000000000009e+00,-2.859999999999999765e-01,-2.229999999999999982e+00,8.040000000000000000e+02,1.286000000000000032e+00,-8.850000000000000000e+02,0.000000000000000000e+00,0.000000000000000000e+00,0.000000000000000000e+00,-1.100000000000000006e-01,-3.360000000000000000e+02,-3.360000000000000000e+02,-1.750000000000000000e+02,0.000000000000000000e+00,0.000000000000000000e+00,0.000000000000000000e+00,0.000000000000000000e+00,0.000000000000000000e+00,0.000000000000000000e+00,4.000000000000000083e-03,1.000000000000000000e+00,0.000000000000000000e+00,3.000000000000000000e+00,8.210000000000000000e+03
4.610324691999994684e+02,4.672210000000000000e+05,1.098999999999999977e+00,-3.140000000000000013e-01,-3.140000000000000124e+00,8.210000000000000000e+02,1.314000000000000057e+00,-8.580000000000000000e+02,0.000000000000000000e+00,0.000000000000000000e+00,0.000000000000000000e+00,-3.200000000000000067e-01,-3.270000000000000000e+02,-3.270000000000000000e+02,-1.820000000000000000e+02,0.000000000000000000e+00,0.000000000000000000e+00,0.000000000000000000e+00,0.000000000000000000e+00,0.000000000000000000e+00,0.000000000000000000e+00,0.000000000000000000e+00,1.000000000000000000e+00,0.000000000000000000e+00,3.000000000000000000e+00,8.210000000000000000e+03
4.610515197999993688e+02,4.672410000000000000e+05,1.044000000000000039e+00,-3.280000000000000138e-01,-3.000000000000000000e+00,8.300000000000000000e+02,1.328000000000000069e+00,-8.410000000000000000e+02,0.000000000000000000e+00,0.000000000000000000e+00,0.000000000000000000e+00,8.000000000000000444e-01,-3.850000000000000000e+02,-3.850000000000000000e+02,-1.930000000000000000e+02,0.000000000000000000e+00,0.000000000000000000e+00,0.000000000000000000e+00,0.000000000000000000e+00,0.000000000000000000e+00,0.000000000000000000e+00,0.000000000000000000e+00,1.000000000000000000e+00,0.000000000000000000e+00,3.000000000000000000e+00,8.210000000000000000e+03
4.610683950000002369e+02,4.672610000000000000e+05,9.689999999999999725e-01,-3.310000000000000164e-01,-4.120000000000000107e+00,8.320000000000000000e+02,1.330999999999999961e+00,-7.690000000000000000e+02,0.000000000000000000e+00,0.000000000000000000e+00,0.000000000000000000e+00,5.200000000000000178e-01,-3.750000000000000000e+02,-3.750000000000000000e+02,-2.090000000000000000e+02,0.000000000000000000e+00,0.000000000000000000e+00,0.000000000000000000e+00,0.000000000000000000e+00,0.000000000000000000e+00,0.000000000000000000e+00,0.000000000000000000e+00,1.000000000000000000e+00,0.000000000000000000e+00,3.000000000000000000e+00,8.210000000000000000e+03
4.611334901999998692e+02,4.673010000000000000e+05,7.950000000000000400e-01,-3.569999999999999840e-01,-2.930000000000000160e+00,8.480000000000000000e+02,1.356999999999999984e+00,-6.920000000000000000e+02,0.000000000000000000e+00,0.000000000000000000e+00,0.000000000000000000e+00,7.299999999999999822e-01,-3.910000000000000000e+02,-3.910000000000000000e+02,-2.160000000000000000e+02,0.000000000000000000e+00,0.000000000000000000e+00,0.000000000000000000e+00,0.000000000000000000e+00,0.000000000000000000e+00,0.000000000000000000e+00,-2.100000000000000130e-02,1.000000000000000000e+00,0.000000000000000000e+00,3.000000000000000000e+00,8.210000000000000000e+03
4.611336183999992500e+02,4.673210000000000000e+05,7.269999999999999796e-01,-3.619999999999999885e-01,-3.000000000000000000e+00,8.510000000000000000e+02,1.362000000000000099e+00,-6.510000000000000000e+02,0.000000000000000000e+00,0.000000000000000000e+00,0.000000000000000000e+00,1.219999999999999973e+00,-4.190000000000000000e+02,-4.190000000000000000e+02,-2.170000000000000000e+02,0.000000000000000000e+00,0.000000000000000000e+00,0.000000000000000000e+00,0.000000000000000000e+00,0.000000000000000000e+00,0.000000000000000000e+00,0.000000000000000000e+00,1.000000000000000000e+00,0.000000000000000000e+00,3.000000000000000000e+00,8.210000000000000000e+03
4.611498510000001261e+02,4.673410000000000000e+05,6.600000000000000311e-01,-3.619999999999999885e-01,-2.930000000000000160e+00,8.510000000000000000e+02,1.362000000000000099e+00,-6.100000000000000000e+02,0.000000000000000000e+00,0.000000000000000000e+00,0.000000000000000000e+00,1.989999999999999991e+00,-4.820000000000000000e+02,-4.820000000000000000e+02,-2.190000000000000000e+02,0.000000000000000000e+00,0.000000000000000000e+00,0.000000000000000000e+00,0.000000000000000000e+00,0.000000000000000000e+00,0.000000000000000000e+00,-8.999999999999999320e-03,1.000000000000000000e+00,0.000000000000000000e+00,3.000000000000000000e+00,8.210000000000000000e+03
4.611707910000004631e+02,4.673610000000000000e+05,5.919999999999999707e-01,-3.699999999999999956e-01,-1.949999999999999956e+00,8.560000000000000000e+02,1.370000000000000107e+00,-5.890000000000000000e+02,0.000000000000000000e+00,0.000000000000000000e+00,0.000000000000000000e+00,1.010000000000000009e+00,-4.640000000000000000e+02,-4.640000000000000000e+02,-2.220000000000000000e+02,0.000000000000000000e+00,0.000000000000000000e+00,0.000000000000000000e+00,0.000000000000000000e+00,0.000000000000000000e+00,0.000000000000000000e+00,-2.100000000000000130e-02,1.000000000000000000e+00,0.000000000000000000e+00,3.000000000000000000e+00,8.210000000000000000e+03
4.612167013999987830e+02,4.674010000000000000e+05,5.320000000000000284e-01,-3.469999999999999751e-01,-4.099999999999999756e-01,8.420000000000000000e+02,1.346999999999999975e+00,-5.590000000000000000e+02,0.000000000000000000e+00,0.000000000000000000e+00,0.000000000000000000e+00,5.200000000000000178e-01,-4.450000000000000000e+02,-4.450000000000000000e+02,-2.300000000000000000e+02,0.000000000000000000e+00,0.000000000000000000e+00,0.000000000000000000e+00,0.000000000000000000e+00,0.000000000000000000e+00,0.000000000000000000e+00,-1.700000000000000122e-02,1.000000000000000000e+00,0.000000000000000000e+00,3.000000000000000000e+00,8.210000000000000000e+03
4.612308721999997942e+02,4.674210000000000000e+05,5.370000000000000329e-01,-3.649999999999999911e-01,5.600000000000000533e-01,8.530000000000000000e+02,1.364999999999999991e+00,-5.920000000000000000e+02,0.000000000000000000e+00,0.000000000000000000e+00,0.000000000000000000e+00,-4.000000000000000083e-02,-4.150000000000000000e+02,-4.150000000000000000e+02,-2.270000000000000000e+02,0.000000000000000000e+00,0.000000000000000000e+00,0.000000000000000000e+00,0.000000000000000000e+00,0.000000000000000000e+00,0.000000000000000000e+00,-7.699999999999999900e-02,1.000000000000000000e+00,0.000000000000000000e+00,3.000000000000000000e+00,8.210000000000000000e+03
4.612489107000001241e+02,4.674410000000000000e+05,5.220000000000000195e-01,-4.159999999999999809e-01,1.330000000000000071e+00,8.850000000000000000e+02,1.415999999999999925e+00,-6.350000000000000000e+02,0.000000000000000000e+00,0.000000000000000000e+00,0.000000000000000000e+00,9.399999999999999467e-01,-4.610000000000000000e+02,-4.610000000000000000e+02,-2.080000000000000000e+02,0.000000000000000000e+00,0.000000000000000000e+00,0.000000000000000000e+00,0.000000000000000000e+00,0.000000000000000000e+00,0.000000000000000000e+00,-9.400000000000000022e-02,1.000000000000000000e+00,0.000000000000000000e+00,3.000000000000000000e+00,8.210000000000000000e+03
4.612709966000002169e+02,4.674610000000000000e+05,5.420000000000000373e-01,-4.979999999999999982e-01,1.189999999999999947e+00,9.360000000000000000e+02,1.497999999999999998e+00,-6.920000000000000000e+02,0.000000000000000000e+00,0.000000000000000000e+00,0.000000000000000000e+00,-1.090000000000000080e+00,-3.570000000000000000e+02,-3.570000000000000000e+02,-1.790000000000000000e+02,0.000000000000000000e+00,0.000000000000000000e+00,0.000000000000000000e+00,0.000000000000000000e+00,0.000000000000000000e+00,0.000000000000000000e+00,-1.370000000000000107e-01,1.000000000000000000e+00,0.000000000000000000e+00,3.000000000000000000e+00,8.210000000000000000e+03
4.613281468999994104e+02,4.675010000000000000e+05,5.679999999999999494e-01,-4.879999999999999893e-01,9.799999999999999822e-01,9.300000000000000000e+02,1.487999999999999989e+00,-7.000000000000000000e+02,0.000000000000000000e+00,0.000000000000000000e+00,0.000000000000000000e+00,-2.069999999999999840e+00,-2.640000000000000000e+02,-2.640000000000000000e+02,-1.810000000000000000e+02,0.000000000000000000e+00,0.000000000000000000e+00,0.000000000000000000e+00,0.000000000000000000e+00,0.000000000000000000e+00,0.000000000000000000e+00,-1.710000000000000131e-01,1.000000000000000000e+00,0.000000000000000000e+00,3.000000000000000000e+00,8.210000000000000000e+03
4.613320669999993697e+02,4.675210000000000000e+05,6.159999999999999920e-01,-4.829999999999999849e-01,1.330000000000000071e+00,9.270000000000000000e+02,1.483000000000000096e+00,-7.360000000000000000e+02,0.000000000000000000e+00,0.000000000000000000e+00,0.000000000000000000e+00,-3.900000000000000133e-01,-3.230000000000000000e+02,-3.230000000000000000e+02,-1.790000000000000000e+02,0.000000000000000000e+00,0.000000000000000000e+00,0.000000000000000000e+00,0.000000000000000000e+00,0.000000000000000000e+00,0.000000000000000000e+00,-1.920000000000000040e-01,1.000000000000000000e+00,0.000000000000000000e+00,3.000000000000000000e+00,8.210000000000000000e+03
4.613500746999998228e+02,4.675410000000000000e+05,6.600000000000000311e-01,-4.899999999999999911e-01,6.300000000000000044e-01,9.310000000000000000e+02,1.489999999999999991e+00,-7.550000000000000000e+02,0.000000000000000000e+00,0.000000000000000000e+00,0.000000000000000000e+00,-2.140000000000000124e+00,-2.180000000000000000e+02,-2.180000000000000000e+02,-1.760000000000000000e+02,0.000000000000000000e+00,0.000000000000000000e+00,0.000000000000000000e+00,0.000000000000000000e+00,0.000000000000000000e+00,0.000000000000000000e+00,-2.179999999999999993e-01,1.000000000000000000e+00,0.000000000000000000e+00,3.000000000000000000e+00,8.210000000000000000e+03
4.613680982999994740e+02,4.675610000000000000e+05,6.510000000000000231e-01,-4.259999999999999898e-01,-1.739999999999999991e+00,8.910000000000000000e+02,1.425999999999999934e+00,-6.740000000000000000e+02,0.000000000000000000e+00,0.000000000000000000e+00,0.000000000000000000e+00,-2.700000000000000178e+00,-1.550000000000000000e+02,-1.550000000000000000e+02,-1.940000000000000000e+02,0.000000000000000000e+00,0.000000000000000000e+00,0.000000000000000000e+00,0.000000000000000000e+00,0.000000000000000000e+00,0.000000000000000000e+00,-2.139999999999999958e-01,1.000000000000000000e+00,0.000000000000000000e+00,3.000000000000000000e+00,8.210000000000000000e+03
4.614145487000005232e+02,4.676010000000000000e+05,6.630000000000000338e-01,-3.150000000000000022e-01,-2.509999999999999787e+00,8.220000000000000000e+02,1.314999999999999947e+00,-5.830000000000000000e+02,0.000000000000000000e+00,0.000000000000000000e+00,0.000000000000000000e+00,-8.800000000000000044e-01,-1.920000000000000000e+02,-1.920000000000000000e+02,-2.160000000000000000e+02,0.000000000000000000e+00,0.000000000000000000e+00,0.000000000000000000e+00,0.000000000000000000e+00,0.000000000000000000e+00,0.000000000000000000e+00,-2.520000000000000018e-01,1.000000000000000000e+00,0.000000000000000000e+00,3.000000000000000000e+00,8.210000000000000000e+03
4.614330601999990904e+02,4.676210000000000000e+05,6.560000000000000275e-01,-3.140000000000000013e-01,-6.899999999999999467e-01,8.210000000000000000e+02,1.314000000000000057e+00,-6.120000000000000000e+02,0.000000000000000000e+00,0.000000000000000000e+00,0.000000000000000000e+00,-8.100000000000000533e-01,-1.850000000000000000e+02,-1.850000000000000000e+02,-2.090000000000000000e+02,0.000000000000000000e+00,0.000000000000000000e+00,0.000000000000000000e+00,0.000000000000000000e+00,0.000000000000000000e+00,0.000000000000000000e+00,-1.330000000000000071e-01,1.000000000000000000e+00,0.000000000000000000e+00,3.000000000000000000e+00,8.210000000000000000e+03
4.614502462000000378e+02,4.676410000000000000e+05,6.370000000000000107e-01,-3.059999999999999942e-01,-1.300000000000000044e-01,8.160000000000000000e+02,1.306000000000000050e+00,-6.080000000000000000e+02,0.000000000000000000e+00,0.000000000000000000e+00,0.000000000000000000e+00,-1.370000000000000107e+00,-1.530000000000000000e+02,-1.530000000000000000e+02,-2.010000000000000000e+02,0.000000000000000000e+00,0.000000000000000000e+00,0.000000000000000000e+00,0.000000000000000000e+00,0.000000000000000000e+00,0.000000000000000000e+00,-1.749999999999999889e-01,1.000000000000000000e+00,0.000000000000000000e+00,3.000000000000000000e+00,8.210000000000000000e+03
4.614698933999989094e+02,4.676610000000000000e+05,6.009999999999999787e-01,-2.929999999999999827e-01,-6.899999999999999467e-01,8.080000000000000000e+02,1.292999999999999927e+00,-5.670000000000000000e+02,0.000000000000000000e+00,0.000000000000000000e+00,0.000000000000000000e+00,-1.719999999999999973e+00,-1.240000000000000000e+02,-1.240000000000000000e+02,-1.920000000000000000e+02,0.000000000000000000e+00,0.000000000000000000e+00,0.000000000000000000e+00,0.000000000000000000e+00,0.000000000000000000e+00,0.000000000000000000e+00,-1.299999999999999940e-02,1.000000000000000000e+00,0.000000000000000000e+00,3.000000000000000000e+00,8.210000000000000000e+03
4.615285433999997622e+02,4.677010000000000000e+05,6.280000000000000027e-01,-2.670000000000000151e-01,2.800000000000000266e-01,7.920000000000000000e+02,1.266999999999999904e+00,-5.880000000000000000e+02,0.000000000000000000e+00,0.000000000000000000e+00,0.000000000000000000e+00,8.699999999999999956e-01,-2.410000000000000000e+02,-2.410000000000000000e+02,-1.740000000000000000e+02,0.000000000000000000e+00,0.000000000000000000e+00,0.000000000000000000e+00,0.000000000000000000e+00,0.000000000000000000e+00,0.000000000000000000e+00,-1.710000000000000131e-01,1.000000000000000000e+00,0.000000000000000000e+00,3.000000000000000000e+00,8.210000000000000000e+03
4.615315066000002844e+02,4.677210000000000000e+05,6.300000000000000044e-01,-2.540000000000000036e-01,-1.250000000000000000e+00,7.840000000000000000e+02,1.254000000000000004e+00,-5.480000000000000000e+02,0.000000000000000000e+00,0.000000000000000000e+00,0.000000000000000000e+00,1.989999999999999991e+00,-2.970000000000000000e+02,-2.970000000000000000e+02,-1.680000000000000000e+02,0.000000000000000000e+00,0.000000000000000000e+00,0.000000000000000000e+00,0.000000000000000000e+00,0.000000000000000000e+00,0.000000000000000000e+00,-8.999999999999999667e-02,1.000000000000000000e+00,0.000000000000000000e+00,3.000000000000000000e+00,8.210000000000000000e+03
4.615535705000002054e+02,4.677410000000000000e+05,6.290000000000000036e-01,-2.479999999999999982e-01,-1.530000000000000027e+00,7.800000000000000000e+02,1.247999999999999998e+00,-5.400000000000000000e+02,0.000000000000000000e+00,0.000000000000000000e+00,0.000000000000000000e+00,1.850000000000000089e+00,-2.910000000000000000e+02,-2.910000000000000000e+02,-1.660000000000000000e+02,0.000000000000000000e+00,0.000000000000000000e+00,0.000000000000000000e+00,0.000000000000000000e+00,0.000000000000000000e+00,0.000000000000000000e+00,-2.100000000000000130e-02,1.000000000000000000e+00,0.000000000000000000e+00,3.000000000000000000e+00,8.210000000000000000e+03
4.615681418000003760e+02,4.677610000000000000e+05,6.380000000000000115e-01,-2.349999999999999867e-01,-4.099999999999999756e-01,7.720000000000000000e+02,1.235000000000000098e+00,-5.580000000000000000e+02,0.000000000000000000e+00,0.000000000000000000e+00,0.000000000000000000e+00,1.500000000000000000e+00,-2.780000000000000000e+02,-2.780000000000000000e+02,-1.650000000000000000e+02,0.000000000000000000e+00,0.000000000000000000e+00,0.000000000000000000e+00,0.000000000000000000e+00,0.000000000000000000e+00,0.000000000000000000e+00,-6.400000000000000133e-02,1.000000000000000000e+00,0.000000000000000000e+00,3.000000000000000000e+00,8.210000000000000000e+03
4.616127008999992540e+02,4.678010000000000000e+05,6.430000000000000160e-01,-2.159999999999999976e-01,-3.400000000000000244e-01,7.600000000000000000e+02,1.215999999999999970e+00,-5.480000000000000000e+02,0.000000000000000000e+00,0.000000000000000000e+00,0.000000000000000000e+00,1.149999999999999911e+00,-2.660000000000000000e+02,-2.660000000000000000e+02,-1.630000000000000000e+02,0.000000000000000000e+00,0.000000000000000000e+00,0.000000000000000000e+00,0.000000000000000000e+00,0.000000000000000000e+00,0.000000000000000000e+00,-1.330000000000000071e-01,1.000000000000000000e+00,0.000000000000000000e+00,3.000000000000000000e+00,8.210000000000000000e+03
4.616306748999995762e+02,4.678210000000000000e+05,6.149999999999999911e-01,-2.000000000000000111e-01,-1.040000000000000036e+00,7.500000000000000000e+02,1.199999999999999956e+00,-5.120000000000000000e+02,0.000000000000000000e+00,0.000000000000000000e+00,0.000000000000000000e+00,1.429999999999999938e+00,-2.840000000000000000e+02,-2.840000000000000000e+02,-1.640000000000000000e+02,0.000000000000000000e+00,0.000000000000000000e+00,0.000000000000000000e+00,0.000000000000000000e+00,0.000000000000000000e+00,0.000000000000000000e+00,-8.599999999999999312e-02,1.000000000000000000e+00,0.000000000000000000e+00,3.000000000000000000e+00,8.210000000000000000e+03
4.616502736999991612e+02,4.678410000000000000e+05,5.909999999999999698e-01,-1.859999999999999987e-01,-1.739999999999999991e+00,7.410000000000000000e+02,1.185999999999999943e+00,-4.720000000000000000e+02,0.000000000000000000e+00,0.000000000000000000e+00,0.000000000000000000e+00,2.060000000000000053e+00,-3.130000000000000000e+02,-3.130000000000000000e+02,-1.640000000000000000e+02,0.000000000000000000e+00,0.000000000000000000e+00,0.000000000000000000e+00,0.000000000000000000e+00,0.000000000000000000e+00,0.000000000000000000e+00,0.000000000000000000e+00,1.000000000000000000e+00,0.000000000000000000e+00,3.000000000000000000e+00,8.210000000000000000e+03
4.616683976999993320e+02,4.678610000000000000e+05,5.490000000000000435e-01,-1.660000000000000087e-01,-2.439999999999999947e+00,7.290000000000000000e+02,1.165999999999999925e+00,-4.200000000000000000e+02,0.000000000000000000e+00,0.000000000000000000e+00,0.000000000000000000e+00,9.399999999999999467e-01,-2.560000000000000000e+02,-2.560000000000000000e+02,-1.650000000000000000e+02,0.000000000000000000e+00,0.000000000000000000e+00,0.000000000000000000e+00,0.000000000000000000e+00,0.000000000000000000e+00,0.000000000000000000e+00,2.100000000000000130e-02,1.000000000000000000e+00,0.000000000000000000e+00,3.000000000000000000e+00,8.210000000000000000e+03
4.617291581999998016e+02,4.679010000000000000e+05,4.729999999999999760e-01,-1.419999999999999873e-01,-1.949999999999999956e+00,7.140000000000000000e+02,1.141999999999999904e+00,-3.630000000000000000e+02,0.000000000000000000e+00,0.000000000000000000e+00,0.000000000000000000e+00,1.010000000000000009e+00,-2.670000000000000000e+02,-2.670000000000000000e+02,-1.620000000000000000e+02,0.000000000000000000e+00,0.000000000000000000e+00,0.000000000000000000e+00,0.000000000000000000e+00,0.000000000000000000e+00,0.000000000000000000e+00,-8.999999999999999320e-03,1.000000000000000000e+00,0.000000000000000000e+00,3.000000000000000000e+00,8.210000000000000000e+03
4.617349562999988848e+02,4.679210000000000000e+05,4.540000000000000147e-01,-1.140000000000000041e-01,-8.299999999999999600e-01,6.960000000000000000e+02,1.114000000000000101e+00,-3.510000000000000000e+02,0.000000000000000000e+00,0.000000000000000000e+00,0.000000000000000000e+00,1.850000000000000089e+00,-3.270000000000000000e+02,-3.270000000000000000e+02,-1.610000000000000000e+02,0.000000000000000000e+00,0.000000000000000000e+00,0.000000000000000000e+00,0.000000000000000000e+00,0.000000000000000000e+00,0.000000000000000000e+00,-8.999999999999999320e-03,1.000000000000000000e+00,0.000000000000000000e+00,3.000000000000000000e+00,8.210000000000000000e+03
4.617552751999992324e+02,4.679410000000000000e+05,4.199999999999999845e-01,-8.599999999999999312e-02,-7.600000000000000089e-01,6.790000000000000000e+02,1.086000000000000076e+00,-3.100000000000000000e+02,0.000000000000000000e+00,0.000000000000000000e+00,0.000000000000000000e+00,1.570000000000000062e+00,-3.280000000000000000e+02,-3.280000000000000000e+02,-1.610000000000000000e+02,0.000000000000000000e+00,0.000000000000000000e+00,0.000000000000000000e+00,0.000000000000000000e+00,0.000000000000000000e+00,0.000000000000000000e+00,-3.799999999999999906e-02,1.000000000000000000e+00,0.000000000000000000e+00,3.000000000000000000e+00,8.210000000000000000e+03
4.617686082000000170e+02,4.679610000000000000e+05,3.639999999999999902e-01,-7.399999999999999634e-02,-6.199999999999999956e-01,6.710000000000000000e+02,1.074000000000000066e+00,-2.770000000000000000e+02,0.000000000000000000e+00,0.000000000000000000e+00,0.000000000000000000e+00,8.000000000000000444e-01,-2.940000000000000000e+02,-2.940000000000000000e+02,-1.550000000000000000e+02,0.000000000000000000e+00,0.000000000000000000e+00,0.000000000000000000e+00,0.000000000000000000e+00,0.000000000000000000e+00,0.000000000000000000e+00,-1.029999999999999943e-01,1.000000000000000000e+00,0.000000000000000000e+00,3.000000000000000000e+00,8.210000000000000000e+03
4.618130320000000211e+02,4.680010000000000000e+05,3.079999999999999960e-01,-2.459999999999999964e-01,-7.600000000000000089e-01,7.790000000000000000e+02,1.245999999999999996e+00,-3.440000000000000000e+02,0.000000000000000000e+00,0.000000000000000000e+00,0.000000000000000000e+00,-4.600000000000000200e-01,-2.280000000000000000e+02,-2.280000000000000000e+02,-7.700000000000000000e+01,0.000000000000000000e+00,0.000000000000000000e+00,0.000000000000000000e+00,0.000000000000000000e+00,0.000000000000000000e+00,0.000000000000000000e+00,8.999999999999999320e-03,1.000000000000000000e+00,0.000000000000000000e+00,3.000000000000000000e+00,8.210000000000000000e+03
4.618325036999995064e+02,4.680210000000000000e+05,2.989999999999999880e-01,-1.890000000000000013e-01,-1.300000000000000044e-01,7.430000000000000000e+02,1.189000000000000057e+00,-3.140000000000000000e+02,0.000000000000000000e+00,0.000000000000000000e+00,0.000000000000000000e+00,-4.600000000000000200e-01,-2.260000000000000000e+02,-2.260000000000000000e+02,-8.100000000000000000e+01,0.000000000000000000e+00,0.000000000000000000e+00,0.000000000000000000e+00,0.000000000000000000e+00,0.000000000000000000e+00,0.000000000000000000e+00,2.100000000000000130e-02,1.000000000000000000e+00,0.000000000000000000e+00,3.000000000000000000e+00,8.210000000000000000e+03
4.618503935999997339e+02,4.680410000000000000e+05,2.810000000000000275e-01,-6.199999999999999956e-02,-6.899999999999999467e-01,6.640000000000000000e+02,1.062000000000000055e+00,-2.100000000000000000e+02,0.000000000000000000e+00,0.000000000000000000e+00,0.000000000000000000e+00,-1.090000000000000080e+00,-1.940000000000000000e+02,-1.940000000000000000e+02,-1.060000000000000000e+02,0.000000000000000000e+00,0.000000000000000000e+00,0.000000000000000000e+00,0.000000000000000000e+00,0.000000000000000000e+00,0.000000000000000000e+00,3.400000000000000244e-02,1.000000000000000000e+00,0.000000000000000000e+00,3.000000000000000000e+00,8.210000000000000000e+03
4.618686084999990271e+02,4.680610000000000000e+05,2.610000000000000098e-01,4.299999999999999656e-02,-1.669999999999999929e+00,5.980000000000000000e+02,9.569999999999999618e-01,-1.110000000000000000e+02,0.000000000000000000e+00,0.000000000000000000e+00,0.000000000000000000e+00,1.700000000000000122e-01,-2.570000000000000000e+02,-2.570000000000000000e+02,-1.280000000000000000e+02,0.000000000000000000e+00,0.000000000000000000e+00,0.000000000000000000e+00,0.000000000000000000e+00,0.000000000000000000e+00,0.000000000000000000e+00,8.999999999999999320e-03,1.000000000000000000e+00,0.000000000000000000e+00,3.000000000000000000e+00,8.210000000000000000e+03
4.619295793000001140e+02,4.681010000000000000e+05,2.340000000000000135e-01,1.570000000000000007e-01,-1.530000000000000027e+00,5.270000000000000000e+02,8.429999999999999716e-01,-2.100000000000000000e+01,0.000000000000000000e+00,0.000000000000000000e+00,0.000000000000000000e+00,5.899999999999999689e-01,-2.800000000000000000e+02,-2.800000000000000000e+02,-1.370000000000000000e+02,0.000000000000000000e+00,0.000000000000000000e+00,0.000000000000000000e+00,0.000000000000000000e+00,0.000000000000000000e+00,0.000000000000000000e+00,8.100000000000000255e-02,1.000000000000000000e+00,0.000000000000000000e+00,3.000000000000000000e+00,8.210000000000000000e+03
4.619374580999992759e+02,4.681210000000000000e+05,2.530000000000000027e-01,3.170000000000000040e-01,2.800000000000000266e-01,4.270000000000000000e+02,6.830000000000000515e-01,3.700000000000000000e+01,0.000000000000000000e+00,0.000000000000000000e+00,0.000000000000000000e+00,7.299999999999999822e-01,-2.870000000000000000e+02,-2.870000000000000000e+02,-1.690000000000000000e+02,0.000000000000000000e+00,0.000000000000000000e+00,0.000000000000000000e+00,0.000000000000000000e+00,0.000000000000000000e+00,0.000000000000000000e+00,9.400000000000000022e-02,1.000000000000000000e+00,0.000000000000000000e+00,3.000000000000000000e+00,8.210000000000000000e+03
4.619519679999993969e+02,4.681410000000000000e+05,2.790000000000000258e-01,3.900000000000000133e-01,1.050000000000000044e+00,3.810000000000000000e+02,6.099999999999999867e-01,5.900000000000000000e+01,0.000000000000000000e+00,0.000000000000000000e+00,0.000000000000000000e+00,1.149999999999999911e+00,-3.090000000000000000e+02,-3.090000000000000000e+02,-1.750000000000000000e+02,0.000000000000000000e+00,0.000000000000000000e+00,0.000000000000000000e+00,0.000000000000000000e+00,0.000000000000000000e+00,0.000000000000000000e+00,1.239999999999999991e-01,1.000000000000000000e+00,0.000000000000000000e+00,3.000000000000000000e+00,8.210000000000000000e+03
4.619710751999991771e+02,4.681610000000000000e+05,3.210000000000000075e-01,4.179999999999999827e-01,3.359999999999999876e+00,3.640000000000000000e+02,5.819999999999999618e-01,7.000000000000000000e+00,0.000000000000000000e+00,0.000000000000000000e+00,0.000000000000000000e+00,1.989999999999999991e+00,-3.530000000000000000e+02,-3.530000000000000000e+02,-1.650000000000000000e+02,0.000000000000000000e+00,0.000000000000000000e+00,0.000000000000000000e+00,0.000000000000000000e+00,0.000000000000000000e+00,0.000000000000000000e+00,1.150000000000000050e-01,1.000000000000000000e+00,0.000000000000000000e+00,3.000000000000000000e+00,8.210000000000000000e+03
