pc_elapsed_s,ch0,ch1,ch2,ch3,ch4,ch5,ch6,ch7,ch8,ch9,ch10,ch11,ch12,ch13,ch14,ch15,ch16,ch17,ch18,ch19,ch20,ch21,ch22,ch23,ch24
4.370140059000004840e+02,4.432010000000000000e+05,1.014000000000000012e+00,1.709000000000000075e+00,4.620000000000000107e+00,-4.430000000000000000e+02,-7.089999999999999636e-01,3.680000000000000000e+02,0.000000000000000000e+00,0.000000000000000000e+00,0.000000000000000000e+00,1.080000000000000071e+00,-6.640000000000000000e+02,-6.640000000000000000e+02,-4.450000000000000000e+02,0.000000000000000000e+00,2.879999999999999782e-01,-1.034999999999999964e+01,-5.532000000000000250e-01,0.000000000000000000e+00,0.000000000000000000e+00,-8.999999999999999320e-03,1.000000000000000000e+00,2.369999999999999885e-01,6.000000000000000000e+00,8.214000000000000000e+03
4.370373664999988250e+02,4.432210000000000000e+05,1.104999999999999982e+00,1.828999999999999959e+00,4.410000000000000142e+00,-5.180000000000000000e+02,-8.289999999999999591e-01,3.950000000000000000e+02,0.000000000000000000e+00,0.000000000000000000e+00,0.000000000000000000e+00,-1.100000000000000006e-01,-6.050000000000000000e+02,-6.050000000000000000e+02,-4.150000000000000000e+02,0.000000000000000000e+00,2.949999999999999845e-01,-1.113000000000000078e+01,-5.863000000000000433e-01,0.000000000000000000e+00,0.000000000000000000e+00,-2.999999999999999889e-02,1.000000000000000000e+00,2.159999999999999976e-01,5.000000000000000000e+00,8.214000000000000000e+03
4.370519831999990856e+02,4.432410000000000000e+05,1.211000000000000076e+00,1.560000000000000053e+00,4.129999999999999893e+00,-3.500000000000000000e+02,-5.600000000000000533e-01,1.510000000000000000e+02,0.000000000000000000e+00,0.000000000000000000e+00,0.000000000000000000e+00,-2.500000000000000000e-01,-5.960000000000000000e+02,-5.960000000000000000e+02,-4.960000000000000000e+02,0.000000000000000000e+00,2.889999999999999791e-01,-1.767999999999999972e+01,-9.697999999999999954e-01,0.000000000000000000e+00,0.000000000000000000e+00,-1.370000000000000107e-01,1.000000000000000000e+00,2.540000000000000036e-01,3.000000000000000000e+00,8.214000000000000000e+03
4.370707837999998446e+02,4.432610000000000000e+05,1.280999999999999917e+00,1.657999999999999918e+00,3.009999999999999787e+00,-4.110000000000000000e+02,-6.580000000000000293e-01,1.890000000000000000e+02,0.000000000000000000e+00,0.000000000000000000e+00,0.000000000000000000e+00,1.700000000000000122e-01,-6.160000000000000000e+02,-6.160000000000000000e+02,-4.620000000000000000e+02,0.000000000000000000e+00,3.240000000000000102e-01,-2.770000000000000018e+00,-1.705000000000000127e-01,0.000000000000000000e+00,0.000000000000000000e+00,-2.100000000000000130e-02,1.000000000000000000e+00,2.419999999999999929e-01,1.000000000000000000e+00,8.214000000000000000e+03
4.371295871999991505e+02,4.433010000000000000e+05,1.397999999999999909e+00,1.534000000000000030e+00,-1.300000000000000044e-01,-3.340000000000000000e+02,-5.340000000000000302e-01,9.100000000000000000e+01,0.000000000000000000e+00,0.000000000000000000e+00,0.000000000000000000e+00,-4.600000000000000200e-01,-5.870000000000000000e+02,-5.870000000000000000e+02,-4.710000000000000000e+02,0.000000000000000000e+00,3.130000000000000004e-01,-2.600000000000000089e-01,1.673999999999999932e-01,0.000000000000000000e+00,0.000000000000000000e+00,-1.700000000000000122e-02,1.000000000000000000e+00,2.489999999999999991e-01,1.900000000000000000e+01,8.214000000000000000e+03
4.371339564999998402e+02,4.433210000000000000e+05,1.421000000000000041e+00,1.493999999999999995e+00,-1.179999999999999938e+00,-3.090000000000000000e+02,-4.939999999999999947e-01,7.000000000000000000e+01,0.000000000000000000e+00,0.000000000000000000e+00,0.000000000000000000e+00,-1.159999999999999920e+00,-5.530000000000000000e+02,-5.530000000000000000e+02,-4.640000000000000000e+02,0.000000000000000000e+00,3.099999999999999978e-01,-6.400000000000000355e+00,-3.230999999999999983e-01,0.000000000000000000e+00,0.000000000000000000e+00,-4.700000000000000011e-02,1.000000000000000000e+00,2.340000000000000135e-01,1.600000000000000000e+01,8.214000000000000000e+03
4.371506916999987880e+02,4.433410000000000000e+05,1.427000000000000046e+00,1.504000000000000004e+00,-1.389999999999999902e+00,-3.150000000000000000e+02,-5.040000000000000036e-01,8.100000000000000000e+01,0.000000000000000000e+00,0.000000000000000000e+00,0.000000000000000000e+00,-1.090000000000000080e+00,-5.520000000000000000e+02,-5.520000000000000000e+02,-4.410000000000000000e+02,0.000000000000000000e+00,3.170000000000000040e-01,-3.740000000000000213e+00,-1.836000000000000132e-01,0.000000000000000000e+00,0.000000000000000000e+00,-1.409999999999999865e-01,1.000000000000000000e+00,2.379999999999999893e-01,1.500000000000000000e+01,8.214000000000000000e+03
4.371683468999999604e+02,4.433610000000000000e+05,1.366999999999999993e+00,1.443000000000000060e+00,-2.370000000000000107e+00,-2.770000000000000000e+02,-4.430000000000000049e-01,9.200000000000000000e+01,0.000000000000000000e+00,0.000000000000000000e+00,0.000000000000000000e+00,-3.200000000000000067e-01,-5.900000000000000000e+02,-5.900000000000000000e+02,-4.390000000000000000e+02,0.000000000000000000e+00,3.069999999999999951e-01,-6.549999999999999822e+00,-2.617999999999999772e-01,0.000000000000000000e+00,0.000000000000000000e+00,-4.700000000000000011e-02,1.000000000000000000e+00,2.740000000000000213e-01,9.000000000000000000e+00,8.214000000000000000e+03
4.372150987999993959e+02,4.434010000000000000e+05,1.247000000000000108e+00,1.516999999999999904e+00,-3.490000000000000213e+00,-3.230000000000000000e+02,-5.170000000000000151e-01,2.370000000000000000e+02,0.000000000000000000e+00,0.000000000000000000e+00,0.000000000000000000e+00,2.399999999999999911e-01,-6.050000000000000000e+02,-6.050000000000000000e+02,-3.820000000000000000e+02,0.000000000000000000e+00,2.889999999999999791e-01,-1.737000000000000099e+01,-9.200000000000000400e-01,0.000000000000000000e+00,0.000000000000000000e+00,-1.299999999999999940e-02,1.000000000000000000e+00,2.369999999999999885e-01,4.000000000000000000e+00,8.214000000000000000e+03
4.372333791999990353e+02,4.434210000000000000e+05,1.187999999999999945e+00,1.538000000000000034e+00,-3.770000000000000018e+00,-3.360000000000000000e+02,-5.380000000000000338e-01,3.000000000000000000e+02,0.000000000000000000e+00,0.000000000000000000e+00,0.000000000000000000e+00,4.500000000000000111e-01,-6.110000000000000000e+02,-6.110000000000000000e+02,-3.690000000000000000e+02,0.000000000000000000e+00,2.889999999999999791e-01,-1.737000000000000099e+01,-9.200000000000000400e-01,0.000000000000000000e+00,0.000000000000000000e+00,1.299999999999999940e-02,1.000000000000000000e+00,2.369999999999999885e-01,2.400000000000000000e+01,8.214000000000000000e+03
4.372531172999988485e+02,4.434410000000000000e+05,1.125999999999999890e+00,1.530000000000000027e+00,-2.439999999999999947e+00,-3.310000000000000000e+02,-5.300000000000000266e-01,3.040000000000000000e+02,0.000000000000000000e+00,0.000000000000000000e+00,0.000000000000000000e+00,8.699999999999999956e-01,-6.290000000000000000e+02,-6.290000000000000000e+02,-3.640000000000000000e+02,0.000000000000000000e+00,3.140000000000000013e-01,-4.799999999999999822e+00,-2.505000000000000004e-01,0.000000000000000000e+00,0.000000000000000000e+00,0.000000000000000000e+00,1.000000000000000000e+00,2.690000000000000169e-01,1.900000000000000000e+01,8.214000000000000000e+03
4.372745032000002539e+02,4.434610000000000000e+05,1.064000000000000057e+00,1.532999999999999918e+00,-2.160000000000000142e+00,-3.330000000000000000e+02,-5.330000000000000293e-01,3.470000000000000000e+02,0.000000000000000000e+00,0.000000000000000000e+00,0.000000000000000000e+00,5.899999999999999689e-01,-6.180000000000000000e+02,-6.180000000000000000e+02,-3.660000000000000000e+02,0.000000000000000000e+00,2.829999999999999738e-01,-1.423000000000000043e+01,-6.319000000000000172e-01,0.000000000000000000e+00,0.000000000000000000e+00,0.000000000000000000e+00,1.000000000000000000e+00,2.790000000000000258e-01,1.500000000000000000e+01,8.214000000000000000e+03
4.373319250999993528e+02,4.435010000000000000e+05,9.939999999999999947e-01,1.546999999999999931e+00,2.800000000000000266e-01,-3.420000000000000000e+02,-5.470000000000000417e-01,3.500000000000000000e+02,0.000000000000000000e+00,0.000000000000000000e+00,0.000000000000000000e+00,3.099999999999999978e-01,-6.070000000000000000e+02,-6.070000000000000000e+02,-3.690000000000000000e+02,0.000000000000000000e+00,3.079999999999999960e-01,-1.379999999999999893e+00,6.199999999999999956e-02,0.000000000000000000e+00,0.000000000000000000e+00,0.000000000000000000e+00,1.000000000000000000e+00,2.760000000000000231e-01,2.000000000000000000e+00,8.214000000000000000e+03
4.373668271999995341e+02,4.435550000000000000e+05,9.859999999999999876e-01,1.584000000000000075e+00,9.100000000000000311e-01,-3.650000000000000000e+02,-5.839999999999999636e-01,3.760000000000000000e+02,0.000000000000000000e+00,0.000000000000000000e+00,0.000000000000000000e+00,5.899999999999999689e-01,-6.150000000000000000e+02,-6.150000000000000000e+02,-3.710000000000000000e+02,0.000000000000000000e+00,3.069999999999999951e-01,-5.099999999999999645e+00,-2.315000000000000113e-01,0.000000000000000000e+00,0.000000000000000000e+00,2.599999999999999881e-02,1.000000000000000000e+00,2.650000000000000133e-01,2.000000000000000000e+00,8.214000000000000000e+03
4.373887801999990188e+02,4.435750000000000000e+05,1.002000000000000002e+00,1.600000000000000089e+00,1.750000000000000000e+00,-3.750000000000000000e+02,-5.999999999999999778e-01,3.630000000000000000e+02,0.000000000000000000e+00,0.000000000000000000e+00,0.000000000000000000e+00,3.800000000000000044e-01,-6.060000000000000000e+02,-6.060000000000000000e+02,-3.740000000000000000e+02,0.000000000000000000e+00,3.069999999999999951e-01,-5.099999999999999645e+00,-2.315000000000000113e-01,0.000000000000000000e+00,0.000000000000000000e+00,4.700000000000000011e-02,1.000000000000000000e+00,2.650000000000000133e-01,2.200000000000000000e+01,8.214000000000000000e+03
4.374188157999997202e+02,4.436010000000000000e+05,1.046999999999999931e+00,1.618000000000000105e+00,2.169999999999999929e+00,-3.860000000000000000e+02,-6.179999999999999938e-01,3.290000000000000000e+02,0.000000000000000000e+00,0.000000000000000000e+00,0.000000000000000000e+00,-3.200000000000000067e-01,-5.800000000000000000e+02,-5.800000000000000000e+02,-3.720000000000000000e+02,0.000000000000000000e+00,3.099999999999999978e-01,-3.000000000000000000e+00,-9.410000000000000309e-02,0.000000000000000000e+00,0.000000000000000000e+00,8.999999999999999667e-02,1.000000000000000000e+00,2.919999999999999818e-01,2.100000000000000000e+01,8.214000000000000000e+03
4.374373271999993449e+02,4.436210000000000000e+05,1.110000000000000098e+00,1.624000000000000110e+00,3.919999999999999929e+00,-3.900000000000000000e+02,-6.239999999999999991e-01,2.620000000000000000e+02,0.000000000000000000e+00,0.000000000000000000e+00,0.000000000000000000e+00,-1.100000000000000006e-01,-5.920000000000000000e+02,-5.920000000000000000e+02,-3.730000000000000000e+02,0.000000000000000000e+00,3.099999999999999978e-01,5.000000000000000278e-02,7.620000000000000384e-02,0.000000000000000000e+00,0.000000000000000000e+00,8.999999999999999667e-02,1.000000000000000000e+00,3.009999999999999898e-01,1.300000000000000000e+01,8.214000000000000000e+03
4.374590843000005407e+02,4.436410000000000000e+05,1.177000000000000046e+00,1.602999999999999980e+00,5.250000000000000000e+00,-3.770000000000000000e+02,-6.029999999999999805e-01,1.810000000000000000e+02,0.000000000000000000e+00,0.000000000000000000e+00,0.000000000000000000e+00,-1.159999999999999920e+00,-5.480000000000000000e+02,-5.480000000000000000e+02,-3.820000000000000000e+02,0.000000000000000000e+00,3.230000000000000093e-01,-5.660000000000000142e+00,-3.497999999999999998e-01,0.000000000000000000e+00,0.000000000000000000e+00,1.280000000000000027e-01,1.000000000000000000e+00,2.889999999999999791e-01,7.000000000000000000e+00,8.214000000000000000e+03
4.374744458999994094e+02,4.436610000000000000e+05,1.227000000000000091e+00,1.576000000000000068e+00,3.220000000000000195e+00,-3.600000000000000000e+02,-5.759999999999999565e-01,1.590000000000000000e+02,0.000000000000000000e+00,0.000000000000000000e+00,0.000000000000000000e+00,-3.200000000000000067e-01,-5.910000000000000000e+02,-5.910000000000000000e+02,-3.840000000000000000e+02,0.000000000000000000e+00,3.410000000000000253e-01,1.002999999999999936e+01,5.013999999999999568e-01,0.000000000000000000e+00,0.000000000000000000e+00,8.999999999999999667e-02,1.000000000000000000e+00,2.800000000000000266e-01,0.000000000000000000e+00,8.214000000000000000e+03
4.375306586999995488e+02,4.437010000000000000e+05,1.358999999999999986e+00,1.596999999999999975e+00,1.610000000000000098e+00,-3.730000000000000000e+02,-5.969999999999999751e-01,1.320000000000000000e+02,0.000000000000000000e+00,0.000000000000000000e+00,0.000000000000000000e+00,-9.499999999999999556e-01,-5.660000000000000000e+02,-5.660000000000000000e+02,-3.660000000000000000e+02,0.000000000000000000e+00,3.180000000000000049e-01,-6.150000000000000355e+00,-4.722000000000000086e-01,0.000000000000000000e+00,0.000000000000000000e+00,6.800000000000000488e-02,1.000000000000000000e+00,2.399999999999999911e-01,1.700000000000000000e+01,8.214000000000000000e+03
4.375335510000004433e+02,4.437210000000000000e+05,1.399000000000000021e+00,1.584000000000000075e+00,-9.699999999999999734e-01,-3.650000000000000000e+02,-5.839999999999999636e-01,1.360000000000000000e+02,0.000000000000000000e+00,0.000000000000000000e+00,0.000000000000000000e+00,-5.999999999999999778e-01,-5.840000000000000000e+02,-5.840000000000000000e+02,-3.600000000000000000e+02,0.000000000000000000e+00,3.049999999999999933e-01,-9.269999999999999574e+00,-4.903000000000000136e-01,0.000000000000000000e+00,0.000000000000000000e+00,2.089999999999999913e-01,1.000000000000000000e+00,2.660000000000000142e-01,1.300000000000000000e+01,8.214000000000000000e+03
4.375516284999994241e+02,4.437410000000000000e+05,1.437999999999999945e+00,1.560000000000000053e+00,7.700000000000000178e-01,-3.500000000000000000e+02,-5.600000000000000533e-01,6.400000000000000000e+01,0.000000000000000000e+00,0.000000000000000000e+00,0.000000000000000000e+00,-2.140000000000000124e+00,-5.090000000000000000e+02,-5.090000000000000000e+02,-3.540000000000000000e+02,0.000000000000000000e+00,3.350000000000000200e-01,2.209999999999999964e+00,6.980000000000000093e-02,0.000000000000000000e+00,0.000000000000000000e+00,1.580000000000000016e-01,1.000000000000000000e+00,2.770000000000000240e-01,1.000000000000000000e+01,8.214000000000000000e+03
4.375709934999995312e+02,4.437610000000000000e+05,1.443000000000000060e+00,1.534000000000000030e+00,-5.500000000000000444e-01,-3.340000000000000000e+02,-5.340000000000000302e-01,6.800000000000000000e+01,0.000000000000000000e+00,0.000000000000000000e+00,0.000000000000000000e+00,-1.790000000000000036e+00,-5.240000000000000000e+02,-5.240000000000000000e+02,-3.510000000000000000e+02,0.000000000000000000e+00,3.320000000000000173e-01,-1.300000000000000044e-01,-5.820000000000000173e-02,0.000000000000000000e+00,0.000000000000000000e+00,5.099999999999999672e-02,1.000000000000000000e+00,2.489999999999999991e-01,8.000000000000000000e+00,8.214000000000000000e+03
4.376149304999999003e+02,4.438010000000000000e+05,1.421999999999999931e+00,1.469999999999999973e+00,-4.400000000000000355e+00,-2.940000000000000000e+02,-4.699999999999999734e-01,1.110000000000000000e+02,0.000000000000000000e+00,0.000000000000000000e+00,0.000000000000000000e+00,-1.229999999999999982e+00,-5.410000000000000000e+02,-5.410000000000000000e+02,-3.460000000000000000e+02,0.000000000000000000e+00,3.370000000000000218e-01,8.699999999999999956e-01,-5.929999999999999855e-02,0.000000000000000000e+00,0.000000000000000000e+00,2.310000000000000109e-01,1.000000000000000000e+00,2.240000000000000047e-01,6.000000000000000000e+00,8.214000000000000000e+03
4.376363987000004272e+02,4.438210000000000000e+05,1.407000000000000028e+00,1.435000000000000053e+00,-3.279999999999999805e+00,-2.720000000000000000e+02,-4.349999999999999978e-01,8.300000000000000000e+01,0.000000000000000000e+00,0.000000000000000000e+00,0.000000000000000000e+00,-1.790000000000000036e+00,-5.030000000000000000e+02,-5.030000000000000000e+02,-3.440000000000000000e+02,0.000000000000000000e+00,3.079999999999999960e-01,-1.150999999999999979e+01,-7.916999999999999593e-01,0.000000000000000000e+00,0.000000000000000000e+00,8.599999999999999312e-02,1.000000000000000000e+00,1.940000000000000058e-01,8.000000000000000000e+00,8.214000000000000000e+03
4.376506898999996338e+02,4.438410000000000000e+05,1.366000000000000103e+00,1.411000000000000032e+00,-1.949999999999999956e+00,-2.570000000000000000e+02,-4.109999999999999765e-01,6.400000000000000000e+01,0.000000000000000000e+00,0.000000000000000000e+00,0.000000000000000000e+00,-1.719999999999999973e+00,-5.080000000000000000e+02,-5.080000000000000000e+02,-3.420000000000000000e+02,0.000000000000000000e+00,3.499999999999999778e-01,9.289999999999999147e+00,5.000000000000000000e-01,0.000000000000000000e+00,0.000000000000000000e+00,1.370000000000000107e-01,1.000000000000000000e+00,2.190000000000000002e-01,9.000000000000000000e+00,8.214000000000000000e+03
4.376695323999992979e+02,4.438610000000000000e+05,1.290000000000000036e+00,1.383999999999999897e+00,-2.930000000000000160e+00,-2.400000000000000000e+02,-3.840000000000000080e-01,1.120000000000000000e+02,0.000000000000000000e+00,0.000000000000000000e+00,0.000000000000000000e+00,-1.439999999999999947e+00,-5.240000000000000000e+02,-5.240000000000000000e+02,-3.380000000000000000e+02,0.000000000000000000e+00,3.210000000000000075e-01,-1.010000000000000009e+00,-6.899999999999999883e-03,0.000000000000000000e+00,0.000000000000000000e+00,1.069999999999999979e-01,1.000000000000000000e+00,2.020000000000000129e-01,1.100000000000000000e+01,8.214000000000000000e+03
4.377313845999997284e+02,4.439010000000000000e+05,1.167999999999999927e+00,1.350000000000000089e+00,-3.490000000000000213e+00,-2.190000000000000000e+02,-3.499999999999999778e-01,1.830000000000000000e+02,0.000000000000000000e+00,0.000000000000000000e+00,0.000000000000000000e+00,-1.649999999999999911e+00,-5.070000000000000000e+02,-5.070000000000000000e+02,-3.370000000000000000e+02,0.000000000000000000e+00,3.270000000000000129e-01,4.400000000000000355e+00,3.967999999999999861e-01,0.000000000000000000e+00,0.000000000000000000e+00,2.220000000000000029e-01,1.000000000000000000e+00,2.039999999999999869e-01,1.700000000000000000e+01,8.214000000000000000e+03
4.377345384000000195e+02,4.439210000000000000e+05,1.106000000000000094e+00,1.346999999999999975e+00,-3.209999999999999964e+00,-2.170000000000000000e+02,-3.469999999999999751e-01,2.160000000000000000e+02,0.000000000000000000e+00,0.000000000000000000e+00,0.000000000000000000e+00,-1.860000000000000098e+00,-4.770000000000000000e+02,-4.770000000000000000e+02,-3.380000000000000000e+02,0.000000000000000000e+00,3.180000000000000049e-01,-2.910000000000000142e+00,-9.410000000000000309e-02,0.000000000000000000e+00,0.000000000000000000e+00,1.370000000000000107e-01,1.000000000000000000e+00,2.000000000000000111e-01,1.700000000000000000e+01,8.214000000000000000e+03
4.377525432999991608e+02,4.439410000000000000e+05,1.020000000000000018e+00,1.346999999999999975e+00,-2.790000000000000036e+00,-2.170000000000000000e+02,-3.469999999999999751e-01,2.600000000000000000e+02,0.000000000000000000e+00,0.000000000000000000e+00,0.000000000000000000e+00,-1.580000000000000071e+00,-4.880000000000000000e+02,-4.880000000000000000e+02,-3.340000000000000000e+02,0.000000000000000000e+00,3.380000000000000226e-01,9.339999999999999858e+00,6.894000000000000128e-01,0.000000000000000000e+00,0.000000000000000000e+00,2.100000000000000130e-02,1.000000000000000000e+00,1.769999999999999907e-01,2.000000000000000000e+00,8.214000000000000000e+03
4.377699359999987792e+02,4.439610000000000000e+05,9.200000000000000400e-01,1.348999999999999977e+00,-4.120000000000000107e+00,-2.180000000000000000e+02,-3.489999999999999769e-01,3.450000000000000000e+02,0.000000000000000000e+00,0.000000000000000000e+00,0.000000000000000000e+00,-8.100000000000000533e-01,-5.270000000000000000e+02,-5.270000000000000000e+02,-3.340000000000000000e+02,0.000000000000000000e+00,2.949999999999999845e-01,-5.830000000000000071e+00,-1.817999999999999894e-01,0.000000000000000000e+00,0.000000000000000000e+00,-1.299999999999999940e-02,1.000000000000000000e+00,1.749999999999999889e-01,2.000000000000000000e+00,8.214000000000000000e+03
4.378142430999996577e+02,4.440010000000000000e+05,7.910000000000000364e-01,1.389000000000000012e+00,-3.350000000000000089e+00,-2.430000000000000000e+02,-3.890000000000000124e-01,4.570000000000000000e+02,0.000000000000000000e+00,0.000000000000000000e+00,0.000000000000000000e+00,7.299999999999999822e-01,-5.870000000000000000e+02,-5.870000000000000000e+02,-3.320000000000000000e+02,0.000000000000000000e+00,2.989999999999999880e-01,-7.179999999999999716e+00,-5.116000000000000547e-01,0.000000000000000000e+00,0.000000000000000000e+00,5.999999999999999778e-02,1.000000000000000000e+00,1.719999999999999862e-01,1.000000000000000000e+00,8.214000000000000000e+03
4.378320203000002948e+02,4.440210000000000000e+05,6.949999999999999512e-01,1.427000000000000046e+00,-2.930000000000000160e+00,-2.670000000000000000e+02,-4.269999999999999907e-01,5.220000000000000000e+02,0.000000000000000000e+00,0.000000000000000000e+00,0.000000000000000000e+00,-4.940000000000000391e+00,-2.930000000000000000e+02,-2.930000000000000000e+02,-3.340000000000000000e+02,0.000000000000000000e+00,3.370000000000000218e-01,1.472000000000000064e+01,9.750999999999999668e-01,0.000000000000000000e+00,0.000000000000000000e+00,2.949999999999999845e-01,1.000000000000000000e+00,1.930000000000000049e-01,0.000000000000000000e+00,8.214000000000000000e+03
4.378514569999988453e+02,4.440410000000000000e+05,6.320000000000000062e-01,1.469000000000000083e+00,-7.410000000000000142e+00,-2.930000000000000000e+02,-4.689999999999999725e-01,6.670000000000000000e+02,0.000000000000000000e+00,0.000000000000000000e+00,0.000000000000000000e+00,-1.929999999999999938e+00,-4.280000000000000000e+02,-4.280000000000000000e+02,-3.370000000000000000e+02,0.000000000000000000e+00,3.370000000000000218e-01,1.472000000000000064e+01,9.750999999999999668e-01,0.000000000000000000e+00,0.000000000000000000e+00,8.100000000000000255e-02,1.000000000000000000e+00,1.930000000000000049e-01,2.000000000000000000e+01,8.214000000000000000e+03
4.378684333999990486e+02,4.440610000000000000e+05,6.280000000000000027e-01,1.469000000000000083e+00,-7.200000000000000178e+00,-2.930000000000000000e+02,-4.689999999999999725e-01,6.790000000000000000e+02,0.000000000000000000e+00,0.000000000000000000e+00,0.000000000000000000e+00,-4.000000000000000083e-02,-5.260000000000000000e+02,-5.260000000000000000e+02,-3.490000000000000000e+02,0.000000000000000000e+00,3.589999999999999858e-01,1.925000000000000000e+01,1.000000000000000000e+00,0.000000000000000000e+00,0.000000000000000000e+00,2.999999999999999889e-02,1.000000000000000000e+00,1.630000000000000060e-01,1.000000000000000000e+00,8.214000000000000000e+03
4.379346387999994477e+02,4.441010000000000000e+05,6.660000000000000364e-01,1.429999999999999938e+00,-5.999999999999999778e-02,-2.690000000000000000e+02,-4.299999999999999933e-01,5.060000000000000000e+02,0.000000000000000000e+00,0.000000000000000000e+00,0.000000000000000000e+00,1.500000000000000000e+00,-6.020000000000000000e+02,-6.020000000000000000e+02,-3.950000000000000000e+02,0.000000000000000000e+00,3.290000000000000147e-01,-3.180000000000000160e+00,-7.219999999999999751e-01,0.000000000000000000e+00,0.000000000000000000e+00,1.299999999999999940e-02,1.000000000000000000e+00,1.229999999999999982e-01,6.000000000000000000e+00,8.214000000000000000e+03
4.379351640000004409e+02,4.441210000000000000e+05,6.560000000000000275e-01,1.530999999999999917e+00,2.169999999999999929e+00,-3.320000000000000000e+02,-5.310000000000000275e-01,5.260000000000000000e+02,0.000000000000000000e+00,0.000000000000000000e+00,0.000000000000000000e+00,1.500000000000000000e+00,-6.140000000000000000e+02,-6.140000000000000000e+02,-3.830000000000000000e+02,0.000000000000000000e+00,3.280000000000000138e-01,3.069999999999999840e+00,-2.860000000000000042e-02,0.000000000000000000e+00,0.000000000000000000e+00,4.299999999999999656e-02,1.000000000000000000e+00,1.360000000000000098e-01,4.000000000000000000e+00,8.214000000000000000e+03
4.379542184000001726e+02,4.441410000000000000e+05,5.040000000000000036e-01,1.350000000000000089e+00,1.050000000000000044e+00,-2.190000000000000000e+02,-3.499999999999999778e-01,5.130000000000000000e+02,0.000000000000000000e+00,0.000000000000000000e+00,0.000000000000000000e+00,-2.490000000000000213e+00,-4.340000000000000000e+02,-4.340000000000000000e+02,-4.550000000000000000e+02,0.000000000000000000e+00,3.350000000000000200e-01,1.600000000000000089e+00,-4.329000000000000070e-01,0.000000000000000000e+00,0.000000000000000000e+00,2.650000000000000133e-01,1.000000000000000000e+00,1.519999999999999962e-01,2.000000000000000000e+00,8.214000000000000000e+03
4.379717418000000180e+02,4.441610000000000000e+05,4.450000000000000067e-01,1.598000000000000087e+00,-4.706000000000000227e+01,-3.740000000000000000e+02,-5.979999999999999760e-01,1.904000000000000000e+03,0.000000000000000000e+00,0.000000000000000000e+00,0.000000000000000000e+00,7.704500000000000455e+02,-3.906500000000000000e+04,-8.096000000000000000e+03,-3.930000000000000000e+02,0.000000000000000000e+00,3.260000000000000120e-01,3.319999999999999840e+00,1.110000000000000014e-01,0.000000000000000000e+00,0.000000000000000000e+00,8.100000000000000255e-02,1.000000000000000000e+00,1.549999999999999989e-01,1.000000000000000000e+00,8.214000000000000000e+03
4.380288013999997929e+02,4.442010000000000000e+05,5.200000000000000178e-01,1.681999999999999940e+00,2.169999999999999929e+00,-4.260000000000000000e+02,-6.820000000000000506e-01,7.320000000000000000e+02,0.000000000000000000e+00,0.000000000000000000e+00,0.000000000000000000e+00,-7.450000000000000178e+00,-4.810000000000000000e+02,-4.810000000000000000e+02,-4.430000000000000000e+02,0.000000000000000000e+00,0.000000000000000000e+00,0.000000000000000000e+00,0.000000000000000000e+00,0.000000000000000000e+00,0.000000000000000000e+00,-2.599999999999999881e-02,1.000000000000000000e+00,0.000000000000000000e+00,1.200000000000000000e+01,8.210000000000000000e+03
4.380334247999999207e+02,4.442210000000000000e+05,6.480000000000000204e-01,1.965000000000000080e+00,6.160000000000000142e+00,-6.030000000000000000e+02,-9.649999999999999689e-01,7.410000000000000000e+02,0.000000000000000000e+00,0.000000000000000000e+00,0.000000000000000000e+00,-6.259999999999999787e+00,-4.400000000000000000e+02,-4.400000000000000000e+02,-3.840000000000000000e+02,0.000000000000000000e+00,3.449999999999999734e-01,1.118999999999999950e+01,2.383000000000000118e-01,0.000000000000000000e+00,0.000000000000000000e+00,-4.000000000000000083e-03,1.000000000000000000e+00,7.699999999999999900e-02,8.000000000000000000e+00,8.214000000000000000e+03
4.380541589000004024e+02,4.442410000000000000e+05,7.219999999999999751e-01,2.060999999999999943e+00,5.530000000000000249e+00,-6.630000000000000000e+02,-1.060999999999999943e+00,7.730000000000000000e+02,0.000000000000000000e+00,0.000000000000000000e+00,0.000000000000000000e+00,-2.910000000000000142e+00,-5.440000000000000000e+02,-5.440000000000000000e+02,-3.610000000000000000e+02,0.000000000000000000e+00,0.000000000000000000e+00,0.000000000000000000e+00,0.000000000000000000e+00,0.000000000000000000e+00,0.000000000000000000e+00,8.999999999999999320e-03,1.000000000000000000e+00,0.000000000000000000e+00,1.200000000000000000e+01,8.210000000000000000e+03
4.380730616000000737e+02,4.442610000000000000e+05,8.479999999999999760e-01,1.901000000000000023e+00,5.459999999999999964e+00,-5.630000000000000000e+02,-9.010000000000000231e-01,5.840000000000000000e+02,0.000000000000000000e+00,0.000000000000000000e+00,0.000000000000000000e+00,-1.300000000000000044e+00,-5.870000000000000000e+02,-5.870000000000000000e+02,-4.190000000000000000e+02,0.000000000000000000e+00,3.390000000000000235e-01,8.130000000000000782e+00,4.867000000000000215e-01,0.000000000000000000e+00,0.000000000000000000e+00,0.000000000000000000e+00,1.000000000000000000e+00,1.189999999999999947e-01,4.000000000000000000e+00,8.214000000000000000e+03
4.381309930999996141e+02,4.443010000000000000e+05,1.110999999999999988e+00,2.258000000000000007e+00,5.179999999999999716e+00,-7.860000000000000000e+02,-1.258000000000000007e+00,6.520000000000000000e+02,0.000000000000000000e+00,0.000000000000000000e+00,0.000000000000000000e+00,-1.439999999999999947e+00,-5.650000000000000000e+02,-5.650000000000000000e+02,-3.190000000000000000e+02,0.000000000000000000e+00,0.000000000000000000e+00,0.000000000000000000e+00,0.000000000000000000e+00,0.000000000000000000e+00,0.000000000000000000e+00,-4.000000000000000083e-03,1.000000000000000000e+00,0.000000000000000000e+00,1.200000000000000000e+01,8.210000000000000000e+03
4.381508659999999509e+02,4.443210000000000000e+05,1.227999999999999980e+00,2.181000000000000050e+00,4.620000000000000107e+00,-7.380000000000000000e+02,-1.181000000000000050e+00,5.350000000000000000e+02,0.000000000000000000e+00,0.000000000000000000e+00,0.000000000000000000e+00,-1.649999999999999911e+00,-5.310000000000000000e+02,-5.310000000000000000e+02,-3.440000000000000000e+02,0.000000000000000000e+00,3.489999999999999769e-01,1.419999999999999929e+01,1.000000000000000000e+00,0.000000000000000000e+00,0.000000000000000000e+00,0.000000000000000000e+00,1.000000000000000000e+00,1.400000000000000133e-01,2.000000000000000000e+00,8.214000000000000000e+03
4.381519986999992398e+02,4.443410000000000000e+05,1.338000000000000078e+00,2.157999999999999918e+00,4.900000000000000355e+00,-7.240000000000000000e+02,-1.157999999999999918e+00,4.450000000000000000e+02,0.000000000000000000e+00,0.000000000000000000e+00,0.000000000000000000e+00,-1.090000000000000080e+00,-5.440000000000000000e+02,-5.440000000000000000e+02,-3.530000000000000000e+02,0.000000000000000000e+00,0.000000000000000000e+00,0.000000000000000000e+00,0.000000000000000000e+00,0.000000000000000000e+00,0.000000000000000000e+00,0.000000000000000000e+00,1.000000000000000000e+00,0.000000000000000000e+00,1.200000000000000000e+01,8.210000000000000000e+03
4.381729594999997062e+02,4.443610000000000000e+05,1.455000000000000071e+00,2.419000000000000039e+00,4.759999999999999787e+00,-8.870000000000000000e+02,-1.419000000000000039e+00,5.370000000000000000e+02,0.000000000000000000e+00,0.000000000000000000e+00,0.000000000000000000e+00,-1.370000000000000107e+00,-5.360000000000000000e+02,-5.360000000000000000e+02,-2.710000000000000000e+02,0.000000000000000000e+00,0.000000000000000000e+00,0.000000000000000000e+00,0.000000000000000000e+00,0.000000000000000000e+00,0.000000000000000000e+00,0.000000000000000000e+00,1.000000000000000000e+00,0.000000000000000000e+00,1.200000000000000000e+01,8.210000000000000000e+03
4.382128677000000607e+02,4.444010000000000000e+05,1.637999999999999901e+00,2.149000000000000021e+00,2.799999999999999822e+00,-7.180000000000000000e+02,-1.149000000000000021e+00,2.820000000000000000e+02,0.000000000000000000e+00,0.000000000000000000e+00,0.000000000000000000e+00,-2.069999999999999840e+00,-4.930000000000000000e+02,-4.930000000000000000e+02,-3.370000000000000000e+02,0.000000000000000000e+00,0.000000000000000000e+00,0.000000000000000000e+00,0.000000000000000000e+00,0.000000000000000000e+00,0.000000000000000000e+00,-1.299999999999999940e-02,1.000000000000000000e+00,0.000000000000000000e+00,1.200000000000000000e+01,8.210000000000000000e+03
4.382307352999996510e+02,4.444210000000000000e+05,1.689999999999999947e+00,2.107000000000000206e+00,2.660000000000000142e+00,-6.920000000000000000e+02,-1.106999999999999984e+00,2.180000000000000000e+02,0.000000000000000000e+00,0.000000000000000000e+00,0.000000000000000000e+00,-1.790000000000000036e+00,-4.860000000000000000e+02,-4.860000000000000000e+02,-3.390000000000000000e+02,0.000000000000000000e+00,0.000000000000000000e+00,0.000000000000000000e+00,0.000000000000000000e+00,0.000000000000000000e+00,0.000000000000000000e+00,-7.699999999999999900e-02,1.000000000000000000e+00,0.000000000000000000e+00,1.200000000000000000e+01,8.210000000000000000e+03
4.382511629000000539e+02,4.444410000000000000e+05,1.784999999999999920e+00,2.067000000000000171e+00,-2.700000000000000178e-01,-6.670000000000000000e+02,-1.066999999999999948e+00,2.030000000000000000e+02,0.000000000000000000e+00,0.000000000000000000e+00,0.000000000000000000e+00,-5.300000000000000266e-01,-5.380000000000000000e+02,-5.380000000000000000e+02,-3.320000000000000000e+02,0.000000000000000000e+00,0.000000000000000000e+00,0.000000000000000000e+00,0.000000000000000000e+00,0.000000000000000000e+00,0.000000000000000000e+00,-1.150000000000000050e-01,1.000000000000000000e+00,0.000000000000000000e+00,1.200000000000000000e+01,8.210000000000000000e+03
4.382666854999988573e+02,4.444610000000000000e+05,1.774000000000000021e+00,2.358000000000000096e+00,2.800000000000000266e-01,-8.490000000000000000e+02,-1.358000000000000096e+00,3.700000000000000000e+02,0.000000000000000000e+00,0.000000000000000000e+00,0.000000000000000000e+00,2.399999999999999911e-01,-5.760000000000000000e+02,-5.760000000000000000e+02,-2.220000000000000000e+02,0.000000000000000000e+00,0.000000000000000000e+00,0.000000000000000000e+00,0.000000000000000000e+00,0.000000000000000000e+00,0.000000000000000000e+00,-2.999999999999999889e-02,1.000000000000000000e+00,0.000000000000000000e+00,1.200000000000000000e+01,8.210000000000000000e+03
4.383294953999993595e+02,4.445010000000000000e+05,1.800000000000000044e+00,1.796999999999999931e+00,-2.020000000000000018e+00,-4.980000000000000000e+02,-7.970000000000000417e-01,3.400000000000000000e+01,0.000000000000000000e+00,0.000000000000000000e+00,0.000000000000000000e+00,6.600000000000000311e-01,-5.890000000000000000e+02,-5.890000000000000000e+02,-3.630000000000000000e+02,0.000000000000000000e+00,0.000000000000000000e+00,0.000000000000000000e+00,0.000000000000000000e+00,0.000000000000000000e+00,0.000000000000000000e+00,-1.150000000000000050e-01,1.000000000000000000e+00,0.000000000000000000e+00,1.200000000000000000e+01,8.210000000000000000e+03
4.383320743000003858e+02,4.445210000000000000e+05,1.798999999999999932e+00,1.625999999999999890e+00,-1.300000000000000044e-01,-3.910000000000000000e+02,-6.260000000000000009e-01,-1.160000000000000000e+02,0.000000000000000000e+00,0.000000000000000000e+00,0.000000000000000000e+00,2.399999999999999911e-01,-5.620000000000000000e+02,-5.620000000000000000e+02,-4.070000000000000000e+02,0.000000000000000000e+00,0.000000000000000000e+00,0.000000000000000000e+00,0.000000000000000000e+00,0.000000000000000000e+00,0.000000000000000000e+00,-9.800000000000000377e-02,1.000000000000000000e+00,0.000000000000000000e+00,1.200000000000000000e+01,8.210000000000000000e+03
4.383507360000003246e+02,4.445410000000000000e+05,1.719999999999999973e+00,1.497999999999999998e+00,-4.400000000000000355e+00,-3.110000000000000000e+02,-4.979999999999999982e-01,-6.600000000000000000e+01,0.000000000000000000e+00,0.000000000000000000e+00,0.000000000000000000e+00,3.800000000000000044e-01,-5.580000000000000000e+02,-5.580000000000000000e+02,-4.250000000000000000e+02,0.000000000000000000e+00,3.860000000000000098e-01,3.327000000000000313e+01,1.000000000000000000e+00,0.000000000000000000e+00,0.000000000000000000e+00,-1.409999999999999865e-01,1.000000000000000000e+00,1.170000000000000068e-01,6.000000000000000000e+00,8.214000000000000000e+03
4.383730092999994667e+02,4.445610000000000000e+05,1.616000000000000103e+00,1.491000000000000103e+00,-5.099999999999999645e+00,-3.070000000000000000e+02,-4.909999999999999920e-01,6.000000000000000000e+00,0.000000000000000000e+00,0.000000000000000000e+00,0.000000000000000000e+00,4.500000000000000111e-01,-5.550000000000000000e+02,-5.550000000000000000e+02,-4.020000000000000000e+02,0.000000000000000000e+00,3.509999999999999787e-01,7.209999999999999964e+00,4.502999999999999781e-01,0.000000000000000000e+00,0.000000000000000000e+00,-1.199999999999999956e-01,1.000000000000000000e+00,1.380000000000000115e-01,5.000000000000000000e+00,8.214000000000000000e+03
4.384187576999993325e+02,4.446010000000000000e+05,1.370999999999999996e+00,1.437999999999999945e+00,-8.460000000000000853e+00,-2.740000000000000000e+02,-4.380000000000000004e-01,1.990000000000000000e+02,0.000000000000000000e+00,0.000000000000000000e+00,0.000000000000000000e+00,1.010000000000000009e+00,-5.630000000000000000e+02,-5.630000000000000000e+02,-3.720000000000000000e+02,0.000000000000000000e+00,3.360000000000000209e-01,1.659999999999999920e+00,1.965000000000000080e-01,0.000000000000000000e+00,0.000000000000000000e+00,-1.670000000000000095e-01,1.000000000000000000e+00,1.710000000000000131e-01,2.000000000000000000e+00,8.214000000000000000e+03
4.384341726000002382e+02,4.446210000000000000e+05,1.213999999999999968e+00,1.461999999999999966e+00,-7.480000000000000426e+00,-2.890000000000000000e+02,-4.620000000000000218e-01,2.990000000000000000e+02,0.000000000000000000e+00,0.000000000000000000e+00,0.000000000000000000e+00,9.399999999999999467e-01,-5.510000000000000000e+02,-5.510000000000000000e+02,-3.540000000000000000e+02,0.000000000000000000e+00,3.330000000000000182e-01,1.580000000000000071e+00,1.597000000000000086e-01,0.000000000000000000e+00,0.000000000000000000e+00,-8.999999999999999667e-02,1.000000000000000000e+00,1.789999999999999925e-01,1.000000000000000000e+00,8.214000000000000000e+03
4.384545751000005112e+02,4.446410000000000000e+05,1.046999999999999931e+00,1.477000000000000091e+00,-7.969999999999999751e+00,-2.980000000000000000e+02,-4.769999999999999796e-01,4.180000000000000000e+02,0.000000000000000000e+00,0.000000000000000000e+00,0.000000000000000000e+00,1.360000000000000098e+00,-5.790000000000000000e+02,-5.790000000000000000e+02,-3.430000000000000000e+02,0.000000000000000000e+00,3.330000000000000182e-01,1.580000000000000071e+00,1.597000000000000086e-01,0.000000000000000000e+00,0.000000000000000000e+00,-1.370000000000000107e-01,1.000000000000000000e+00,1.789999999999999925e-01,2.100000000000000000e+01,8.214000000000000000e+03
4.384735743000001094e+02,4.446610000000000000e+05,9.050000000000000266e-01,1.493999999999999995e+00,-5.940000000000000391e+00,-3.090000000000000000e+02,-4.939999999999999947e-01,4.880000000000000000e+02,0.000000000000000000e+00,0.000000000000000000e+00,0.000000000000000000e+00,2.479999999999999982e+00,-6.570000000000000000e+02,-6.570000000000000000e+02,-3.420000000000000000e+02,0.000000000000000000e+00,3.569999999999999840e-01,8.570000000000000284e+00,3.996000000000000107e-01,0.000000000000000000e+00,0.000000000000000000e+00,-2.049999999999999878e-01,1.000000000000000000e+00,1.859999999999999987e-01,1.900000000000000000e+01,8.214000000000000000e+03
4.385319254000005458e+02,4.447010000000000000e+05,6.700000000000000400e-01,1.560000000000000053e+00,-2.439999999999999947e+00,-3.500000000000000000e+02,-5.600000000000000533e-01,6.200000000000000000e+02,0.000000000000000000e+00,0.000000000000000000e+00,0.000000000000000000e+00,2.270000000000000018e+00,-6.970000000000000000e+02,-6.970000000000000000e+02,-3.550000000000000000e+02,0.000000000000000000e+00,3.310000000000000164e-01,-5.059999999999999609e+00,-5.073999999999999622e-01,0.000000000000000000e+00,0.000000000000000000e+00,-1.299999999999999940e-02,1.000000000000000000e+00,2.099999999999999922e-01,1.900000000000000000e+01,8.214000000000000000e+03
4.385356566999998904e+02,4.447210000000000000e+05,6.089999999999999858e-01,1.558000000000000052e+00,-4.799999999999999822e-01,-3.490000000000000000e+02,-5.580000000000000515e-01,6.220000000000000000e+02,0.000000000000000000e+00,0.000000000000000000e+00,0.000000000000000000e+00,1.149999999999999911e+00,-6.560000000000000000e+02,-6.560000000000000000e+02,-3.810000000000000000e+02,0.000000000000000000e+00,3.230000000000000093e-01,-1.449999999999999956e+00,-8.809999999999999776e-02,0.000000000000000000e+00,0.000000000000000000e+00,-9.400000000000000022e-02,1.000000000000000000e+00,2.169999999999999984e-01,1.700000000000000000e+01,8.214000000000000000e+03
4.385517672000005405e+02,4.447410000000000000e+05,5.759999999999999565e-01,1.568000000000000060e+00,1.469999999999999973e+00,-3.550000000000000000e+02,-5.679999999999999494e-01,6.170000000000000000e+02,0.000000000000000000e+00,0.000000000000000000e+00,0.000000000000000000e+00,-5.999999999999999778e-01,-5.690000000000000000e+02,-5.690000000000000000e+02,-3.970000000000000000e+02,0.000000000000000000e+00,3.220000000000000084e-01,-1.100000000000000006e-01,-2.599999999999999881e-03,0.000000000000000000e+00,0.000000000000000000e+00,-2.439999999999999947e-01,1.000000000000000000e+00,2.190000000000000002e-01,1.600000000000000000e+01,8.214000000000000000e+03
4.385722494000001461e+02,4.447610000000000000e+05,5.699999999999999512e-01,1.554000000000000048e+00,6.300000000000000044e-01,-3.460000000000000000e+02,-5.540000000000000480e-01,6.280000000000000000e+02,0.000000000000000000e+00,0.000000000000000000e+00,0.000000000000000000e+00,9.399999999999999467e-01,-6.440000000000000000e+02,-6.440000000000000000e+02,-4.260000000000000000e+02,0.000000000000000000e+00,3.410000000000000253e-01,6.459999999999999964e+00,3.570999999999999730e-01,0.000000000000000000e+00,0.000000000000000000e+00,-1.580000000000000016e-01,1.000000000000000000e+00,2.220000000000000029e-01,1.500000000000000000e+01,8.214000000000000000e+03
4.386141341999991710e+02,4.448010000000000000e+05,6.330000000000000071e-01,1.808000000000000052e+00,3.220000000000000195e+00,-5.050000000000000000e+02,-8.080000000000000515e-01,7.000000000000000000e+02,0.000000000000000000e+00,0.000000000000000000e+00,0.000000000000000000e+00,1.500000000000000000e+00,-7.150000000000000000e+02,-7.150000000000000000e+02,-3.970000000000000000e+02,0.000000000000000000e+00,3.029999999999999916e-01,-6.110000000000000320e+00,-3.563000000000000056e-01,0.000000000000000000e+00,0.000000000000000000e+00,-1.299999999999999940e-02,1.000000000000000000e+00,2.379999999999999893e-01,1.300000000000000000e+01,8.214000000000000000e+03
4.386321564999998373e+02,4.448210000000000000e+05,6.690000000000000391e-01,1.852999999999999980e+00,2.589999999999999858e+00,-5.330000000000000000e+02,-8.529999999999999805e-01,7.170000000000000000e+02,0.000000000000000000e+00,0.000000000000000000e+00,0.000000000000000000e+00,1.219999999999999973e+00,-7.060000000000000000e+02,-7.060000000000000000e+02,-4.030000000000000000e+02,0.000000000000000000e+00,3.529999999999999805e-01,1.166999999999999993e+01,5.626999999999999780e-01,0.000000000000000000e+00,0.000000000000000000e+00,0.000000000000000000e+00,1.000000000000000000e+00,2.389999999999999902e-01,1.100000000000000000e+01,8.214000000000000000e+03
4.386510171999998420e+02,4.448410000000000000e+05,7.419999999999999929e-01,1.881999999999999895e+00,4.059999999999999609e+00,-5.510000000000000000e+02,-8.820000000000000062e-01,6.650000000000000000e+02,0.000000000000000000e+00,0.000000000000000000e+00,0.000000000000000000e+00,9.399999999999999467e-01,-6.980000000000000000e+02,-6.980000000000000000e+02,-4.200000000000000000e+02,0.000000000000000000e+00,3.109999999999999987e-01,-6.759999999999999787e+00,-3.713000000000000189e-01,0.000000000000000000e+00,0.000000000000000000e+00,-4.299999999999999656e-02,1.000000000000000000e+00,2.650000000000000133e-01,8.000000000000000000e+00,8.214000000000000000e+03
4.386681821999991371e+02,4.448610000000000000e+05,8.429999999999999716e-01,1.931000000000000050e+00,4.480000000000000426e+00,-5.820000000000000000e+02,-9.310000000000000497e-01,6.250000000000000000e+02,0.000000000000000000e+00,0.000000000000000000e+00,0.000000000000000000e+00,-5.300000000000000266e-01,-6.330000000000000000e+02,-6.330000000000000000e+02,-4.260000000000000000e+02,0.000000000000000000e+00,3.589999999999999858e-01,9.349999999999999645e+00,3.603999999999999981e-01,0.000000000000000000e+00,0.000000000000000000e+00,-2.599999999999999881e-02,1.000000000000000000e+00,2.660000000000000142e-01,6.000000000000000000e+00,8.214000000000000000e+03
4.387332484999988083e+02,4.449010000000000000e+05,9.939999999999999947e-01,2.052999999999999936e+00,4.410000000000000142e+00,-6.580000000000000000e+02,-1.052999999999999936e+00,6.030000000000000000e+02,0.000000000000000000e+00,0.000000000000000000e+00,0.000000000000000000e+00,2.999999999999999889e-02,-6.640000000000000000e+02,-6.640000000000000000e+02,-4.050000000000000000e+02,0.000000000000000000e+00,3.160000000000000031e-01,-5.379999999999999893e+00,-3.458999999999999853e-01,0.000000000000000000e+00,0.000000000000000000e+00,-1.110000000000000014e-01,1.000000000000000000e+00,2.510000000000000009e-01,0.000000000000000000e+00,8.214000000000000000e+03
4.387341245999996318e+02,4.449210000000000000e+05,1.084999999999999964e+00,2.029999999999999805e+00,4.900000000000000355e+00,-6.440000000000000000e+02,-1.030000000000000027e+00,5.230000000000000000e+02,0.000000000000000000e+00,0.000000000000000000e+00,0.000000000000000000e+00,8.000000000000000444e-01,-6.980000000000000000e+02,-6.980000000000000000e+02,-4.180000000000000000e+02,0.000000000000000000e+00,3.160000000000000031e-01,-5.379999999999999893e+00,-3.458999999999999853e-01,0.000000000000000000e+00,0.000000000000000000e+00,-2.999999999999999889e-02,1.000000000000000000e+00,2.510000000000000009e-01,2.000000000000000000e+01,8.214000000000000000e+03
4.387521613999997498e+02,4.449410000000000000e+05,1.197999999999999954e+00,2.138999999999999790e+00,5.040000000000000036e+00,-7.120000000000000000e+02,-1.139000000000000012e+00,5.210000000000000000e+02,0.000000000000000000e+00,0.000000000000000000e+00,0.000000000000000000e+00,2.200000000000000178e+00,-7.670000000000000000e+02,-7.670000000000000000e+02,-3.900000000000000000e+02,0.000000000000000000e+00,3.240000000000000102e-01,-2.490000000000000213e+00,-2.278000000000000025e-01,0.000000000000000000e+00,0.000000000000000000e+00,-3.400000000000000244e-02,1.000000000000000000e+00,2.359999999999999876e-01,1.900000000000000000e+01,8.214000000000000000e+03
4.387701505999993969e+02,4.449610000000000000e+05,1.302999999999999936e+00,1.989999999999999991e+00,5.389999999999999680e+00,-6.190000000000000000e+02,-9.899999999999999911e-01,3.500000000000000000e+02,0.000000000000000000e+00,0.000000000000000000e+00,0.000000000000000000e+00,1.010000000000000009e+00,-7.180000000000000000e+02,-7.180000000000000000e+02,-4.370000000000000000e+02,0.000000000000000000e+00,3.340000000000000191e-01,-1.600000000000000033e-01,-5.229999999999999927e-02,0.000000000000000000e+00,0.000000000000000000e+00,-8.999999999999999320e-03,1.000000000000000000e+00,2.210000000000000020e-01,1.700000000000000000e+01,8.214000000000000000e+03
4.388155126000001474e+02,4.450010000000000000e+05,1.508000000000000007e+00,1.989999999999999991e+00,2.799999999999999822e+00,-6.190000000000000000e+02,-9.899999999999999911e-01,2.620000000000000000e+02,0.000000000000000000e+00,0.000000000000000000e+00,0.000000000000000000e+00,8.000000000000000444e-01,-6.910000000000000000e+02,-6.910000000000000000e+02,-4.340000000000000000e+02,0.000000000000000000e+00,3.719999999999999973e-01,9.640000000000000568e+00,3.356000000000000094e-01,0.000000000000000000e+00,0.000000000000000000e+00,-1.299999999999999940e-02,1.000000000000000000e+00,2.650000000000000133e-01,1.200000000000000000e+01,8.214000000000000000e+03
4.388325772999996843e+02,4.450210000000000000e+05,1.614000000000000101e+00,1.889999999999999902e+00,3.290000000000000036e+00,-5.560000000000000000e+02,-8.900000000000000133e-01,1.190000000000000000e+02,0.000000000000000000e+00,0.000000000000000000e+00,0.000000000000000000e+00,-1.799999999999999933e-01,-6.490000000000000000e+02,-6.490000000000000000e+02,-4.570000000000000000e+02,0.000000000000000000e+00,3.420000000000000262e-01,-1.400000000000000133e-01,-9.690000000000000002e-02,0.000000000000000000e+00,0.000000000000000000e+00,-8.999999999999999320e-03,1.000000000000000000e+00,2.640000000000000124e-01,6.000000000000000000e+00,8.214000000000000000e+03
4.388540475999998307e+02,4.450410000000000000e+05,1.685000000000000053e+00,1.810000000000000053e+00,1.469999999999999973e+00,-5.060000000000000000e+02,-8.100000000000000533e-01,5.800000000000000000e+01,0.000000000000000000e+00,0.000000000000000000e+00,0.000000000000000000e+00,-3.900000000000000133e-01,-6.410000000000000000e+02,-6.410000000000000000e+02,-4.630000000000000000e+02,0.000000000000000000e+00,3.300000000000000155e-01,-3.830000000000000071e+00,-2.129000000000000059e-01,0.000000000000000000e+00,0.000000000000000000e+00,-4.000000000000000083e-03,1.000000000000000000e+00,2.790000000000000258e-01,0.000000000000000000e+00,8.214000000000000000e+03
4.388695630000001984e+02,4.450610000000000000e+05,1.725000000000000089e+00,1.778999999999999915e+00,1.000000000000000021e-02,-4.870000000000000000e+02,-7.790000000000000258e-01,3.400000000000000000e+01,0.000000000000000000e+00,0.000000000000000000e+00,0.000000000000000000e+00,-1.159999999999999920e+00,-5.890000000000000000e+02,-5.890000000000000000e+02,-4.510000000000000000e+02,0.000000000000000000e+00,3.300000000000000155e-01,-3.830000000000000071e+00,-2.129000000000000059e-01,0.000000000000000000e+00,0.000000000000000000e+00,1.299999999999999940e-02,1.000000000000000000e+00,2.790000000000000258e-01,2.000000000000000000e+01,8.214000000000000000e+03
4.389339827000003424e+02,4.451010000000000000e+05,1.667999999999999927e+00,1.645000000000000018e+00,-3.069999999999999840e+00,-4.030000000000000000e+02,-6.450000000000000178e-01,4.600000000000000000e+01,0.000000000000000000e+00,0.000000000000000000e+00,0.000000000000000000e+00,-3.189999999999999947e+00,-4.790000000000000000e+02,-4.790000000000000000e+02,-4.380000000000000000e+02,0.000000000000000000e+00,3.340000000000000191e-01,2.300000000000000100e-01,7.149999999999999412e-02,0.000000000000000000e+00,0.000000000000000000e+00,8.999999999999999667e-02,1.000000000000000000e+00,2.780000000000000249e-01,9.000000000000000000e+00,8.214000000000000000e+03
4.389350171000005503e+02,4.451210000000000000e+05,1.590000000000000080e+00,1.637000000000000011e+00,-3.700000000000000178e+00,-3.980000000000000000e+02,-6.370000000000000107e-01,9.100000000000000000e+01,0.000000000000000000e+00,0.000000000000000000e+00,0.000000000000000000e+00,-9.499999999999999556e-01,-5.960000000000000000e+02,-5.960000000000000000e+02,-4.150000000000000000e+02,0.000000000000000000e+00,3.430000000000000271e-01,1.820000000000000062e+00,9.700000000000000289e-02,0.000000000000000000e+00,0.000000000000000000e+00,9.400000000000000022e-02,1.000000000000000000e+00,3.109999999999999987e-01,0.000000000000000000e+00,8.214000000000000000e+03
4.389549759999990783e+02,4.451410000000000000e+05,1.489000000000000101e+00,1.620999999999999996e+00,-5.940000000000000391e+00,-3.880000000000000000e+02,-6.209999999999999964e-01,1.860000000000000000e+02,0.000000000000000000e+00,0.000000000000000000e+00,0.000000000000000000e+00,-1.159999999999999920e+00,-5.890000000000000000e+02,-5.890000000000000000e+02,-3.990000000000000000e+02,0.000000000000000000e+00,3.430000000000000271e-01,1.820000000000000062e+00,9.700000000000000289e-02,0.000000000000000000e+00,0.000000000000000000e+00,6.400000000000000133e-02,1.000000000000000000e+00,3.109999999999999987e-01,2.000000000000000000e+01,8.214000000000000000e+03
4.389716092999988177e+02,4.451610000000000000e+05,1.374000000000000110e+00,1.578000000000000069e+00,-8.810000000000000497e+00,-3.610000000000000000e+02,-5.779999999999999583e-01,3.000000000000000000e+02,0.000000000000000000e+00,0.000000000000000000e+00,0.000000000000000000e+00,-2.910000000000000142e+00,-5.080000000000000000e+02,-5.080000000000000000e+02,-3.930000000000000000e+02,0.000000000000000000e+00,3.459999999999999742e-01,1.810000000000000053e+00,4.889999999999999902e-02,0.000000000000000000e+00,0.000000000000000000e+00,1.710000000000000131e-01,1.000000000000000000e+00,2.700000000000000178e-01,1.500000000000000000e+01,8.214000000000000000e+03
4.390166654999993625e+02,4.452010000000000000e+05,1.155999999999999917e+00,1.536000000000000032e+00,-6.919999999999999929e+00,-3.350000000000000000e+02,-5.360000000000000320e-01,3.720000000000000000e+02,0.000000000000000000e+00,0.000000000000000000e+00,0.000000000000000000e+00,-8.100000000000000533e-01,-5.970000000000000000e+02,-5.970000000000000000e+02,-3.860000000000000000e+02,0.000000000000000000e+00,3.430000000000000271e-01,2.259999999999999787e+00,1.312000000000000111e-01,0.000000000000000000e+00,0.000000000000000000e+00,1.620000000000000051e-01,1.000000000000000000e+00,2.540000000000000036e-01,6.000000000000000000e+00,8.214000000000000000e+03
4.390317899000001489e+02,4.452210000000000000e+05,1.028999999999999915e+00,1.538999999999999924e+00,-4.540000000000000036e+00,-3.370000000000000000e+02,-5.390000000000000346e-01,4.170000000000000000e+02,0.000000000000000000e+00,0.000000000000000000e+00,0.000000000000000000e+00,1.000000000000000056e-01,-6.430000000000000000e+02,-6.430000000000000000e+02,-3.850000000000000000e+02,0.000000000000000000e+00,3.609999999999999876e-01,5.349999999999999645e+00,1.097999999999999948e-01,0.000000000000000000e+00,0.000000000000000000e+00,8.100000000000000255e-02,1.000000000000000000e+00,2.710000000000000187e-01,0.000000000000000000e+00,8.214000000000000000e+03
4.390524850000001607e+02,4.452410000000000000e+05,9.100000000000000311e-01,1.546999999999999931e+00,-4.820000000000000284e+00,-3.420000000000000000e+02,-5.470000000000000417e-01,5.020000000000000000e+02,0.000000000000000000e+00,0.000000000000000000e+00,0.000000000000000000e+00,-1.300000000000000044e+00,-5.800000000000000000e+02,-5.800000000000000000e+02,-3.830000000000000000e+02,0.000000000000000000e+00,3.609999999999999876e-01,5.349999999999999645e+00,1.097999999999999948e-01,0.000000000000000000e+00,0.000000000000000000e+00,1.409999999999999865e-01,1.000000000000000000e+00,2.710000000000000187e-01,2.000000000000000000e+01,8.214000000000000000e+03
4.390687113000003592e+02,4.452610000000000000e+05,7.960000000000000409e-01,1.570999999999999952e+00,-4.469999999999999751e+00,-3.570000000000000000e+02,-5.709999999999999520e-01,5.790000000000000000e+02,0.000000000000000000e+00,0.000000000000000000e+00,0.000000000000000000e+00,-1.300000000000000044e+00,-5.800000000000000000e+02,-5.800000000000000000e+02,-3.860000000000000000e+02,0.000000000000000000e+00,3.420000000000000262e-01,7.250000000000000000e+00,3.982999999999999874e-01,0.000000000000000000e+00,0.000000000000000000e+00,4.700000000000000011e-02,1.000000000000000000e+00,2.419999999999999929e-01,1.700000000000000000e+01,8.214000000000000000e+03
4.391307557000000088e+02,4.453010000000000000e+05,6.400000000000000133e-01,1.643000000000000016e+00,-3.069999999999999840e+00,-4.020000000000000000e+02,-6.430000000000000160e-01,7.020000000000000000e+02,0.000000000000000000e+00,0.000000000000000000e+00,0.000000000000000000e+00,-1.159999999999999920e+00,-5.880000000000000000e+02,-5.880000000000000000e+02,-3.940000000000000000e+02,0.000000000000000000e+00,3.360000000000000209e-01,-3.599999999999999867e-01,-1.696999999999999897e-01,0.000000000000000000e+00,0.000000000000000000e+00,1.449999999999999900e-01,1.000000000000000000e+00,2.280000000000000082e-01,1.500000000000000000e+01,8.214000000000000000e+03
4.391340232999991713e+02,4.453210000000000000e+05,5.869999999999999662e-01,1.667000000000000037e+00,-2.700000000000000178e-01,-4.170000000000000000e+02,-6.670000000000000373e-01,7.000000000000000000e+02,0.000000000000000000e+00,0.000000000000000000e+00,0.000000000000000000e+00,-2.500000000000000000e-01,-6.360000000000000000e+02,-6.360000000000000000e+02,-3.990000000000000000e+02,0.000000000000000000e+00,3.210000000000000075e-01,2.649999999999999911e+00,3.096999999999999753e-01,0.000000000000000000e+00,0.000000000000000000e+00,5.600000000000000117e-02,1.000000000000000000e+00,2.139999999999999958e-01,1.600000000000000000e+01,8.214000000000000000e+03
4.391574818999997660e+02,4.453410000000000000e+05,5.669999999999999485e-01,1.697999999999999954e+00,-5.500000000000000444e-01,-4.360000000000000000e+02,-6.979999999999999538e-01,7.470000000000000000e+02,0.000000000000000000e+00,0.000000000000000000e+00,0.000000000000000000e+00,-6.700000000000000400e-01,-6.140000000000000000e+02,-6.140000000000000000e+02,-4.090000000000000000e+02,0.000000000000000000e+00,3.200000000000000067e-01,-1.659999999999999920e+00,-1.643999999999999906e-01,0.000000000000000000e+00,0.000000000000000000e+00,4.000000000000000083e-03,1.000000000000000000e+00,2.230000000000000038e-01,1.500000000000000000e+01,8.214000000000000000e+03
4.391707642999990640e+02,4.453610000000000000e+05,5.530000000000000471e-01,1.679999999999999938e+00,7.700000000000000178e-01,-4.250000000000000000e+02,-6.800000000000000488e-01,7.200000000000000000e+02,0.000000000000000000e+00,0.000000000000000000e+00,0.000000000000000000e+00,-3.200000000000000067e-01,-6.280000000000000000e+02,-6.280000000000000000e+02,-4.400000000000000000e+02,0.000000000000000000e+00,3.230000000000000093e-01,-2.279999999999999805e+00,-2.892000000000000126e-01,0.000000000000000000e+00,0.000000000000000000e+00,3.799999999999999906e-02,1.000000000000000000e+00,1.910000000000000031e-01,0.000000000000000000e+00,8.214000000000000000e+03
4.392189557000001514e+02,4.454010000000000000e+05,6.310000000000000053e-01,1.901999999999999913e+00,1.147000000000000064e+01,-5.640000000000000000e+02,-9.020000000000000240e-01,6.500000000000000000e+02,0.000000000000000000e+00,0.000000000000000000e+00,0.000000000000000000e+00,2.549999999999999822e+00,-7.710000000000000000e+02,-7.710000000000000000e+02,-4.100000000000000000e+02,0.000000000000000000e+00,3.089999999999999969e-01,-5.610000000000000320e+00,-3.988999999999999768e-01,0.000000000000000000e+00,0.000000000000000000e+00,2.520000000000000018e-01,1.000000000000000000e+00,1.960000000000000075e-01,1.900000000000000000e+01,8.214000000000000000e+03
4.392338801000005333e+02,4.454210000000000000e+05,6.310000000000000053e-01,2.040000000000000036e+00,8.189999999999999503e+00,-6.500000000000000000e+02,-1.040000000000000036e+00,7.580000000000000000e+02,0.000000000000000000e+00,0.000000000000000000e+00,0.000000000000000000e+00,-1.719999999999999973e+00,-5.760000000000000000e+02,-5.760000000000000000e+02,-3.950000000000000000e+02,0.000000000000000000e+00,3.320000000000000173e-01,6.049999999999999822e+00,3.466000000000000192e-01,0.000000000000000000e+00,0.000000000000000000e+00,1.199999999999999956e-01,1.000000000000000000e+00,2.059999999999999887e-01,1.800000000000000000e+01,8.214000000000000000e+03
4.392540221999988717e+02,4.454410000000000000e+05,6.810000000000000497e-01,2.149000000000000021e+00,3.779999999999999805e+00,-7.180000000000000000e+02,-1.149000000000000021e+00,8.830000000000000000e+02,0.000000000000000000e+00,0.000000000000000000e+00,0.000000000000000000e+00,-2.770000000000000018e+00,-4.990000000000000000e+02,-4.990000000000000000e+02,-3.840000000000000000e+02,0.000000000000000000e+00,3.190000000000000058e-01,-1.820000000000000062e+00,-6.289999999999999758e-02,0.000000000000000000e+00,0.000000000000000000e+00,1.449999999999999900e-01,1.000000000000000000e+00,2.079999999999999905e-01,1.700000000000000000e+01,8.214000000000000000e+03
4.392682430999993812e+02,4.454610000000000000e+05,7.660000000000000142e-01,2.200000000000000178e+00,2.589999999999999858e+00,-7.500000000000000000e+02,-1.199999999999999956e+00,8.850000000000000000e+02,0.000000000000000000e+00,0.000000000000000000e+00,0.000000000000000000e+00,-2.000000000000000000e+00,-5.080000000000000000e+02,-5.080000000000000000e+02,-3.840000000000000000e+02,0.000000000000000000e+00,3.330000000000000182e-01,2.930000000000000160e+00,2.270000000000000073e-01,0.000000000000000000e+00,0.000000000000000000e+00,-4.000000000000000083e-03,1.000000000000000000e+00,1.950000000000000067e-01,0.000000000000000000e+00,8.214000000000000000e+03
4.393302277999991929e+02,4.455010000000000000e+05,9.599999999999999645e-01,2.240000000000000213e+00,7.000000000000000000e+00,-7.750000000000000000e+02,-1.239999999999999991e+00,6.970000000000000000e+02,0.000000000000000000e+00,0.000000000000000000e+00,0.000000000000000000e+00,2.129999999999999893e+00,-6.960000000000000000e+02,-6.960000000000000000e+02,-3.870000000000000000e+02,0.000000000000000000e+00,3.449999999999999734e-01,-3.970000000000000195e+00,-7.973999999999999977e-01,0.000000000000000000e+00,0.000000000000000000e+00,1.920000000000000040e-01,1.000000000000000000e+00,1.380000000000000115e-01,6.000000000000000000e+00,8.214000000000000000e+03
4.393342293999994581e+02,4.455210000000000000e+05,1.096999999999999975e+00,2.335999999999999854e+00,1.175000000000000000e+01,-8.350000000000000000e+02,-1.336000000000000076e+00,6.140000000000000000e+02,0.000000000000000000e+00,0.000000000000000000e+00,0.000000000000000000e+00,5.899999999999999689e-01,-6.160000000000000000e+02,-6.160000000000000000e+02,-3.650000000000000000e+02,0.000000000000000000e+00,3.509999999999999787e-01,6.490000000000000213e+00,2.666999999999999926e-01,0.000000000000000000e+00,0.000000000000000000e+00,2.310000000000000109e-01,1.000000000000000000e+00,1.400000000000000133e-01,5.000000000000000000e+00,8.214000000000000000e+03
4.393516008999995393e+02,4.455410000000000000e+05,1.070999999999999952e+00,2.358000000000000096e+00,7.559999999999999609e+00,-8.490000000000000000e+02,-1.358000000000000096e+00,6.940000000000000000e+02,0.000000000000000000e+00,0.000000000000000000e+00,0.000000000000000000e+00,-2.069999999999999840e+00,-4.800000000000000000e+02,-4.800000000000000000e+02,-3.650000000000000000e+02,0.000000000000000000e+00,3.390000000000000235e-01,5.000000000000000278e-02,-1.077000000000000041e-01,0.000000000000000000e+00,0.000000000000000000e+00,5.099999999999999672e-02,1.000000000000000000e+00,1.769999999999999907e-01,1.000000000000000000e+00,8.214000000000000000e+03
4.393698138999989169e+02,4.455610000000000000e+05,1.090000000000000080e+00,2.370000000000000107e+00,3.430000000000000160e+00,-8.560000000000000000e+02,-1.370000000000000107e+00,7.610000000000000000e+02,0.000000000000000000e+00,0.000000000000000000e+00,0.000000000000000000e+00,-1.649999999999999911e+00,-4.800000000000000000e+02,-4.800000000000000000e+02,-3.650000000000000000e+02,0.000000000000000000e+00,3.420000000000000262e-01,-6.129999999999999893e+00,-1.000000000000000000e+00,0.000000000000000000e+00,0.000000000000000000e+00,1.539999999999999980e-01,1.000000000000000000e+00,1.529999999999999971e-01,2.000000000000000000e+00,8.214000000000000000e+03
4.394327537999997730e+02,4.456010000000000000e+05,1.310000000000000053e+00,2.475000000000000089e+00,3.990000000000000213e+00,-9.220000000000000000e+02,-1.475000000000000089e+00,6.830000000000000000e+02,0.000000000000000000e+00,0.000000000000000000e+00,0.000000000000000000e+00,-1.929999999999999938e+00,-4.400000000000000000e+02,-4.400000000000000000e+02,-3.220000000000000000e+02,0.000000000000000000e+00,0.000000000000000000e+00,0.000000000000000000e+00,0.000000000000000000e+00,0.000000000000000000e+00,0.000000000000000000e+00,-1.299999999999999940e-02,1.000000000000000000e+00,0.000000000000000000e+00,1.300000000000000000e+01,8.210000000000000000e+03
4.394330572999988362e+02,4.456210000000000000e+05,1.405999999999999917e+00,2.455999999999999961e+00,3.990000000000000213e+00,-9.100000000000000000e+02,-1.455999999999999961e+00,6.080000000000000000e+02,0.000000000000000000e+00,0.000000000000000000e+00,0.000000000000000000e+00,5.899999999999999689e-01,-5.490000000000000000e+02,-5.490000000000000000e+02,-3.220000000000000000e+02,0.000000000000000000e+00,0.000000000000000000e+00,0.000000000000000000e+00,0.000000000000000000e+00,0.000000000000000000e+00,0.000000000000000000e+00,8.999999999999999320e-03,1.000000000000000000e+00,0.000000000000000000e+00,1.300000000000000000e+01,8.210000000000000000e+03
4.394502035000004980e+02,4.456410000000000000e+05,1.489999999999999991e+00,2.520000000000000018e+00,4.059999999999999609e+00,-9.500000000000000000e+02,-1.520000000000000018e+00,5.980000000000000000e+02,0.000000000000000000e+00,0.000000000000000000e+00,0.000000000000000000e+00,2.689999999999999947e+00,-6.690000000000000000e+02,-6.690000000000000000e+02,-2.960000000000000000e+02,0.000000000000000000e+00,3.400000000000000244e-01,-7.940000000000000391e+00,-1.000000000000000000e+00,0.000000000000000000e+00,0.000000000000000000e+00,2.999999999999999889e-02,1.000000000000000000e+00,1.449999999999999900e-01,6.000000000000000000e+00,8.214000000000000000e+03
4.394695118999989063e+02,4.456610000000000000e+05,1.502999999999999892e+00,2.500999999999999890e+00,1.050000000000000044e+00,-9.380000000000000000e+02,-1.500999999999999890e+00,6.290000000000000000e+02,0.000000000000000000e+00,0.000000000000000000e+00,0.000000000000000000e+00,-9.499999999999999556e-01,-5.080000000000000000e+02,-5.080000000000000000e+02,-2.970000000000000000e+02,0.000000000000000000e+00,0.000000000000000000e+00,0.000000000000000000e+00,0.000000000000000000e+00,0.000000000000000000e+00,0.000000000000000000e+00,2.179999999999999993e-01,1.000000000000000000e+00,0.000000000000000000e+00,1.300000000000000000e+01,8.210000000000000000e+03
4.395353247999992163e+02,4.457010000000000000e+05,1.633999999999999897e+00,2.420999999999999819e+00,1.000000000000000021e-02,-8.880000000000000000e+02,-1.421000000000000041e+00,5.120000000000000000e+02,0.000000000000000000e+00,0.000000000000000000e+00,0.000000000000000000e+00,-1.300000000000000044e+00,-4.790000000000000000e+02,-4.790000000000000000e+02,-3.100000000000000000e+02,0.000000000000000000e+00,0.000000000000000000e+00,0.000000000000000000e+00,0.000000000000000000e+00,0.000000000000000000e+00,0.000000000000000000e+00,2.100000000000000130e-02,1.000000000000000000e+00,0.000000000000000000e+00,1.300000000000000000e+01,8.210000000000000000e+03
4.395366617999989103e+02,4.457210000000000000e+05,1.731999999999999984e+00,2.326000000000000068e+00,1.889999999999999902e+00,-8.290000000000000000e+02,-1.326000000000000068e+00,3.510000000000000000e+02,0.000000000000000000e+00,0.000000000000000000e+00,0.000000000000000000e+00,-7.399999999999999911e-01,-5.090000000000000000e+02,-5.090000000000000000e+02,-3.260000000000000000e+02,0.000000000000000000e+00,0.000000000000000000e+00,0.000000000000000000e+00,0.000000000000000000e+00,0.000000000000000000e+00,0.000000000000000000e+00,-4.000000000000000083e-03,1.000000000000000000e+00,0.000000000000000000e+00,1.300000000000000000e+01,8.210000000000000000e+03
4.395539699999990262e+02,4.457410000000000000e+05,1.804999999999999938e+00,2.254000000000000004e+00,2.029999999999999805e+00,-7.840000000000000000e+02,-1.254000000000000004e+00,2.570000000000000000e+02,0.000000000000000000e+00,0.000000000000000000e+00,0.000000000000000000e+00,-1.229999999999999982e+00,-4.850000000000000000e+02,-4.850000000000000000e+02,-3.310000000000000000e+02,0.000000000000000000e+00,0.000000000000000000e+00,0.000000000000000000e+00,0.000000000000000000e+00,0.000000000000000000e+00,0.000000000000000000e+00,-1.299999999999999940e-02,1.000000000000000000e+00,0.000000000000000000e+00,1.300000000000000000e+01,8.210000000000000000e+03
4.395726531999989675e+02,4.457610000000000000e+05,1.846999999999999975e+00,2.153999999999999915e+00,1.000000000000000021e-02,-7.210000000000000000e+02,-1.153999999999999915e+00,2.010000000000000000e+02,0.000000000000000000e+00,0.000000000000000000e+00,0.000000000000000000e+00,-2.000000000000000000e+00,-4.350000000000000000e+02,-4.350000000000000000e+02,-3.410000000000000000e+02,0.000000000000000000e+00,0.000000000000000000e+00,0.000000000000000000e+00,0.000000000000000000e+00,0.000000000000000000e+00,0.000000000000000000e+00,-8.999999999999999320e-03,1.000000000000000000e+00,0.000000000000000000e+00,1.300000000000000000e+01,8.210000000000000000e+03
4.396300205999996251e+02,4.458010000000000000e+05,1.826000000000000068e+00,2.045999999999999819e+00,-2.160000000000000142e+00,-6.540000000000000000e+02,-1.046000000000000041e+00,1.810000000000000000e+02,0.000000000000000000e+00,0.000000000000000000e+00,0.000000000000000000e+00,-5.300000000000000266e-01,-5.040000000000000000e+02,-5.040000000000000000e+02,-3.250000000000000000e+02,0.000000000000000000e+00,3.210000000000000075e-01,-3.053000000000000114e+01,-1.000000000000000000e+00,0.000000000000000000e+00,0.000000000000000000e+00,-1.299999999999999940e-02,1.000000000000000000e+00,1.260000000000000009e-01,8.000000000000000000e+00,8.214000000000000000e+03
4.396335349000000861e+02,4.458210000000000000e+05,1.770999999999999908e+00,2.138999999999999790e+00,-3.350000000000000089e+00,-7.120000000000000000e+02,-1.139000000000000012e+00,2.990000000000000000e+02,0.000000000000000000e+00,0.000000000000000000e+00,0.000000000000000000e+00,-1.100000000000000006e-01,-5.280000000000000000e+02,-5.280000000000000000e+02,-2.700000000000000000e+02,0.000000000000000000e+00,0.000000000000000000e+00,0.000000000000000000e+00,0.000000000000000000e+00,0.000000000000000000e+00,0.000000000000000000e+00,-4.000000000000000083e-03,1.000000000000000000e+00,0.000000000000000000e+00,1.300000000000000000e+01,8.210000000000000000e+03
4.396522124999992229e+02,4.458410000000000000e+05,1.709000000000000075e+00,1.979000000000000092e+00,-3.209999999999999964e+00,-6.120000000000000000e+02,-9.789999999999999813e-01,2.330000000000000000e+02,0.000000000000000000e+00,0.000000000000000000e+00,0.000000000000000000e+00,2.999999999999999889e-02,-5.390000000000000000e+02,-5.390000000000000000e+02,-3.040000000000000000e+02,0.000000000000000000e+00,0.000000000000000000e+00,0.000000000000000000e+00,0.000000000000000000e+00,0.000000000000000000e+00,0.000000000000000000e+00,-2.100000000000000130e-02,1.000000000000000000e+00,0.000000000000000000e+00,1.300000000000000000e+01,8.210000000000000000e+03
4.396696228999990126e+02,4.458610000000000000e+05,1.639999999999999902e+00,1.895999999999999908e+00,-3.560000000000000053e+00,-5.600000000000000000e+02,-8.960000000000000187e-01,2.310000000000000000e+02,0.000000000000000000e+00,0.000000000000000000e+00,0.000000000000000000e+00,-5.300000000000000266e-01,-5.170000000000000000e+02,-5.170000000000000000e+02,-3.140000000000000000e+02,0.000000000000000000e+00,0.000000000000000000e+00,0.000000000000000000e+00,0.000000000000000000e+00,0.000000000000000000e+00,0.000000000000000000e+00,-1.700000000000000122e-02,1.000000000000000000e+00,0.000000000000000000e+00,1.300000000000000000e+01,8.210000000000000000e+03
4.397329322999994474e+02,4.459010000000000000e+05,1.483000000000000096e+00,1.735999999999999988e+00,-3.629999999999999893e+00,-4.600000000000000000e+02,-7.359999999999999876e-01,2.280000000000000000e+02,0.000000000000000000e+00,0.000000000000000000e+00,0.000000000000000000e+00,-3.900000000000000133e-01,-5.380000000000000000e+02,-5.380000000000000000e+02,-3.470000000000000000e+02,0.000000000000000000e+00,0.000000000000000000e+00,0.000000000000000000e+00,0.000000000000000000e+00,0.000000000000000000e+00,0.000000000000000000e+00,-8.100000000000000255e-02,1.000000000000000000e+00,0.000000000000000000e+00,1.300000000000000000e+01,8.210000000000000000e+03
4.397384370999989187e+02,4.459210000000000000e+05,1.405999999999999917e+00,1.693999999999999950e+00,-3.910000000000000142e+00,-4.340000000000000000e+02,-6.939999999999999503e-01,2.580000000000000000e+02,0.000000000000000000e+00,0.000000000000000000e+00,0.000000000000000000e+00,-1.100000000000000006e-01,-5.460000000000000000e+02,-5.460000000000000000e+02,-3.510000000000000000e+02,0.000000000000000000e+00,0.000000000000000000e+00,0.000000000000000000e+00,0.000000000000000000e+00,0.000000000000000000e+00,0.000000000000000000e+00,-9.400000000000000022e-02,1.000000000000000000e+00,0.000000000000000000e+00,1.300000000000000000e+01,8.210000000000000000e+03
4.397542304999988119e+02,4.459410000000000000e+05,1.292000000000000037e+00,1.717999999999999972e+00,-4.820000000000000284e+00,-4.490000000000000000e+02,-7.179999999999999716e-01,3.620000000000000000e+02,0.000000000000000000e+00,0.000000000000000000e+00,0.000000000000000000e+00,-4.000000000000000083e-02,-5.470000000000000000e+02,-5.470000000000000000e+02,-3.340000000000000000e+02,0.000000000000000000e+00,0.000000000000000000e+00,0.000000000000000000e+00,0.000000000000000000e+00,0.000000000000000000e+00,0.000000000000000000e+00,-7.299999999999999545e-02,1.000000000000000000e+00,0.000000000000000000e+00,1.300000000000000000e+01,8.210000000000000000e+03
4.397727823000004719e+02,4.459610000000000000e+05,1.191999999999999948e+00,1.675000000000000044e+00,-5.099999999999999645e+00,-4.220000000000000000e+02,-6.750000000000000444e-01,4.060000000000000000e+02,0.000000000000000000e+00,0.000000000000000000e+00,0.000000000000000000e+00,1.360000000000000098e+00,-6.130000000000000000e+02,-6.130000000000000000e+02,-3.440000000000000000e+02,0.000000000000000000e+00,0.000000000000000000e+00,0.000000000000000000e+00,0.000000000000000000e+00,0.000000000000000000e+00,0.000000000000000000e+00,-1.239999999999999991e-01,1.000000000000000000e+00,0.000000000000000000e+00,1.300000000000000000e+01,8.210000000000000000e+03
4.398131412000002456e+02,4.460010000000000000e+05,9.919999999999999929e-01,1.677000000000000046e+00,-4.049999999999999822e+00,-4.230000000000000000e+02,-6.770000000000000462e-01,5.150000000000000000e+02,0.000000000000000000e+00,0.000000000000000000e+00,0.000000000000000000e+00,8.000000000000000444e-01,-5.740000000000000000e+02,-5.740000000000000000e+02,-3.490000000000000000e+02,0.000000000000000000e+00,0.000000000000000000e+00,0.000000000000000000e+00,0.000000000000000000e+00,0.000000000000000000e+00,0.000000000000000000e+00,-1.620000000000000051e-01,1.000000000000000000e+00,0.000000000000000000e+00,1.300000000000000000e+01,8.210000000000000000e+03
4.398351347999996506e+02,4.460210000000000000e+05,8.689999999999999947e-01,1.685999999999999943e+00,-3.629999999999999893e+00,-4.290000000000000000e+02,-6.860000000000000542e-01,5.970000000000000000e+02,0.000000000000000000e+00,0.000000000000000000e+00,0.000000000000000000e+00,3.099999999999999978e-01,-5.450000000000000000e+02,-5.450000000000000000e+02,-3.550000000000000000e+02,0.000000000000000000e+00,0.000000000000000000e+00,0.000000000000000000e+00,0.000000000000000000e+00,0.000000000000000000e+00,0.000000000000000000e+00,-1.620000000000000051e-01,1.000000000000000000e+00,0.000000000000000000e+00,1.300000000000000000e+01,8.210000000000000000e+03
4.398509414000000106e+02,4.460410000000000000e+05,8.040000000000000480e-01,1.721999999999999975e+00,-2.509999999999999787e+00,-4.510000000000000000e+02,-7.219999999999999751e-01,6.380000000000000000e+02,0.000000000000000000e+00,0.000000000000000000e+00,0.000000000000000000e+00,1.500000000000000000e+00,-6.110000000000000000e+02,-6.110000000000000000e+02,-3.530000000000000000e+02,0.000000000000000000e+00,3.810000000000000053e-01,3.354999999999999716e+01,1.000000000000000000e+00,0.000000000000000000e+00,0.000000000000000000e+00,-1.409999999999999865e-01,1.000000000000000000e+00,1.130000000000000032e-01,7.000000000000000000e+00,8.214000000000000000e+03
4.398698317999987921e+02,4.460610000000000000e+05,7.680000000000000160e-01,1.725999999999999979e+00,-1.179999999999999938e+00,-4.540000000000000000e+02,-7.259999999999999787e-01,6.390000000000000000e+02,0.000000000000000000e+00,0.000000000000000000e+00,0.000000000000000000e+00,2.200000000000000178e+00,-6.530000000000000000e+02,-6.530000000000000000e+02,-3.720000000000000000e+02,0.000000000000000000e+00,3.190000000000000058e-01,-8.349999999999999645e+00,-8.315000000000000169e-01,0.000000000000000000e+00,0.000000000000000000e+00,-2.010000000000000120e-01,1.000000000000000000e+00,1.559999999999999998e-01,4.000000000000000000e+00,8.214000000000000000e+03
4.399302886000004946e+02,4.461010000000000000e+05,7.019999999999999574e-01,1.949000000000000066e+00,4.199999999999999845e-01,-5.930000000000000000e+02,-9.489999999999999547e-01,8.000000000000000000e+02,0.000000000000000000e+00,0.000000000000000000e+00,0.000000000000000000e+00,2.479999999999999982e+00,-7.060000000000000000e+02,-7.060000000000000000e+02,-3.420000000000000000e+02,0.000000000000000000e+00,3.370000000000000218e-01,2.810000000000000053e+00,9.030000000000000526e-02,0.000000000000000000e+00,0.000000000000000000e+00,-9.800000000000000377e-02,1.000000000000000000e+00,1.829999999999999960e-01,1.000000000000000000e+00,8.214000000000000000e+03
4.399327269999994314e+02,4.461210000000000000e+05,7.259999999999999787e-01,1.921999999999999931e+00,2.169999999999999929e+00,-5.760000000000000000e+02,-9.220000000000000417e-01,7.340000000000000000e+02,0.000000000000000000e+00,0.000000000000000000e+00,0.000000000000000000e+00,2.410000000000000142e+00,-7.230000000000000000e+02,-7.230000000000000000e+02,-3.770000000000000000e+02,0.000000000000000000e+00,3.370000000000000218e-01,2.810000000000000053e+00,9.030000000000000526e-02,0.000000000000000000e+00,0.000000000000000000e+00,-1.799999999999999933e-01,1.000000000000000000e+00,1.829999999999999960e-01,2.100000000000000000e+01,8.214000000000000000e+03
4.399520675000003394e+02,4.461410000000000000e+05,7.820000000000000284e-01,2.056000000000000050e+00,4.059999999999999609e+00,-6.600000000000000000e+02,-1.056000000000000050e+00,7.550000000000000000e+02,0.000000000000000000e+00,0.000000000000000000e+00,0.000000000000000000e+00,2.200000000000000178e+00,-7.410000000000000000e+02,-7.410000000000000000e+02,-3.620000000000000000e+02,0.000000000000000000e+00,3.280000000000000138e-01,1.050000000000000044e+00,7.340000000000000691e-02,0.000000000000000000e+00,0.000000000000000000e+00,-2.010000000000000120e-01,1.000000000000000000e+00,2.000000000000000111e-01,1.800000000000000000e+01,8.214000000000000000e+03
4.399680972000005568e+02,4.461610000000000000e+05,8.549999999999999822e-01,1.951999999999999957e+00,5.599999999999999645e+00,-5.950000000000000000e+02,-9.519999999999999574e-01,6.060000000000000000e+02,0.000000000000000000e+00,0.000000000000000000e+00,0.000000000000000000e+00,1.919999999999999929e+00,-7.370000000000000000e+02,-7.370000000000000000e+02,-4.190000000000000000e+02,0.000000000000000000e+00,3.499999999999999778e-01,9.849999999999999645e+00,5.888999999999999790e-01,0.000000000000000000e+00,0.000000000000000000e+00,-6.400000000000000133e-02,1.000000000000000000e+00,2.069999999999999896e-01,1.700000000000000000e+01,8.214000000000000000e+03
4.400138998000002175e+02,4.462010000000000000e+05,1.002999999999999892e+00,2.189000000000000057e+00,5.950000000000000178e+00,-7.430000000000000000e+02,-1.189000000000000057e+00,6.600000000000000000e+02,0.000000000000000000e+00,0.000000000000000000e+00,0.000000000000000000e+00,1.989999999999999991e+00,-7.840000000000000000e+02,-7.840000000000000000e+02,-3.860000000000000000e+02,0.000000000000000000e+00,3.150000000000000022e-01,-6.280000000000000249e+00,-3.720999999999999863e-01,0.000000000000000000e+00,0.000000000000000000e+00,-2.389999999999999902e-01,1.000000000000000000e+00,2.220000000000000029e-01,1.600000000000000000e+01,8.214000000000000000e+03
4.400342966999996861e+02,4.462210000000000000e+05,1.118999999999999995e+00,2.229000000000000092e+00,5.040000000000000036e+00,-7.680000000000000000e+02,-1.229000000000000092e+00,6.260000000000000000e+02,0.000000000000000000e+00,0.000000000000000000e+00,0.000000000000000000e+00,1.149999999999999911e+00,-7.640000000000000000e+02,-7.640000000000000000e+02,-3.890000000000000000e+02,0.000000000000000000e+00,3.370000000000000218e-01,-1.340000000000000080e+00,-1.628000000000000003e-01,0.000000000000000000e+00,0.000000000000000000e+00,-1.710000000000000131e-01,1.000000000000000000e+00,2.369999999999999885e-01,1.600000000000000000e+01,8.214000000000000000e+03
4.400493019000005006e+02,4.462410000000000000e+05,1.256999999999999895e+00,2.105999999999999872e+00,5.950000000000000178e+00,-6.910000000000000000e+02,-1.106000000000000094e+00,4.370000000000000000e+02,0.000000000000000000e+00,0.000000000000000000e+00,0.000000000000000000e+00,-1.229999999999999982e+00,-6.400000000000000000e+02,-6.400000000000000000e+02,-4.370000000000000000e+02,0.000000000000000000e+00,3.370000000000000218e-01,1.610000000000000098e+00,8.269999999999999574e-02,0.000000000000000000e+00,0.000000000000000000e+00,-8.599999999999999312e-02,1.000000000000000000e+00,2.540000000000000036e-01,1.200000000000000000e+01,8.214000000000000000e+03
4.400673585999993520e+02,4.462610000000000000e+05,1.346999999999999975e+00,2.138999999999999790e+00,5.320000000000000284e+00,-7.120000000000000000e+02,-1.139000000000000012e+00,4.140000000000000000e+02,0.000000000000000000e+00,0.000000000000000000e+00,0.000000000000000000e+00,-8.100000000000000533e-01,-6.660000000000000000e+02,-6.660000000000000000e+02,-4.300000000000000000e+02,0.000000000000000000e+00,3.390000000000000235e-01,-3.040000000000000036e+00,-2.589000000000000190e-01,0.000000000000000000e+00,0.000000000000000000e+00,-8.999999999999999320e-03,1.000000000000000000e+00,2.740000000000000213e-01,1.100000000000000000e+01,8.214000000000000000e+03
4.401332354999995005e+02,4.463010000000000000e+05,1.560999999999999943e+00,1.957000000000000073e+00,2.729999999999999982e+00,-5.980000000000000000e+02,-9.569999999999999618e-01,2.020000000000000000e+02,0.000000000000000000e+00,0.000000000000000000e+00,0.000000000000000000e+00,-1.439999999999999947e+00,-6.290000000000000000e+02,-6.290000000000000000e+02,-4.760000000000000000e+02,0.000000000000000000e+00,3.669999999999999929e-01,4.219999999999999751e+00,5.240000000000000213e-02,0.000000000000000000e+00,0.000000000000000000e+00,-1.710000000000000131e-01,1.000000000000000000e+00,2.780000000000000249e-01,7.000000000000000000e+00,8.214000000000000000e+03
4.401353395999994973e+02,4.463210000000000000e+05,1.639999999999999902e+00,1.802999999999999936e+00,1.120000000000000107e+00,-5.020000000000000000e+02,-8.030000000000000471e-01,8.200000000000000000e+01,0.000000000000000000e+00,0.000000000000000000e+00,0.000000000000000000e+00,-2.770000000000000018e+00,-5.450000000000000000e+02,-5.450000000000000000e+02,-5.060000000000000000e+02,0.000000000000000000e+00,3.750000000000000000e-01,1.066000000000000014e+01,4.476999999999999869e-01,0.000000000000000000e+00,0.000000000000000000e+00,-1.539999999999999980e-01,1.000000000000000000e+00,2.530000000000000027e-01,4.000000000000000000e+00,8.214000000000000000e+03
4.401578571999998530e+02,4.463410000000000000e+05,1.649000000000000021e+00,1.737999999999999989e+00,-1.110000000000000098e+00,-4.610000000000000000e+02,-7.379999999999999893e-01,7.400000000000000000e+01,0.000000000000000000e+00,0.000000000000000000e+00,0.000000000000000000e+00,-1.159999999999999920e+00,-6.150000000000000000e+02,-6.150000000000000000e+02,-4.950000000000000000e+02,0.000000000000000000e+00,3.589999999999999858e-01,-5.100000000000000089e-01,-3.205999999999999961e-01,0.000000000000000000e+00,0.000000000000000000e+00,-8.999999999999999320e-03,1.000000000000000000e+00,1.970000000000000084e-01,6.000000000000000000e+00,8.214000000000000000e+03
4.401725033000002441e+02,4.463610000000000000e+05,1.635000000000000009e+00,1.631999999999999895e+00,-1.810000000000000053e+00,-3.950000000000000000e+02,-6.320000000000000062e-01,2.400000000000000000e+01,0.000000000000000000e+00,0.000000000000000000e+00,0.000000000000000000e+00,-1.090000000000000080e+00,-6.160000000000000000e+02,-6.160000000000000000e+02,-4.990000000000000000e+02,0.000000000000000000e+00,3.709999999999999964e-01,7.259999999999999787e+00,2.712999999999999856e-01,0.000000000000000000e+00,0.000000000000000000e+00,0.000000000000000000e+00,1.000000000000000000e+00,2.640000000000000124e-01,3.000000000000000000e+00,8.214000000000000000e+03
4.402136561999996047e+02,4.464010000000000000e+05,1.522000000000000020e+00,1.655999999999999917e+00,-5.730000000000000426e+00,-4.100000000000000000e+02,-6.560000000000000275e-01,1.900000000000000000e+02,0.000000000000000000e+00,0.000000000000000000e+00,0.000000000000000000e+00,-1.300000000000000044e+00,-5.820000000000000000e+02,-5.820000000000000000e+02,-4.330000000000000000e+02,0.000000000000000000e+00,3.300000000000000155e-01,-6.719999999999999751e+00,-4.050000000000000266e-01,0.000000000000000000e+00,0.000000000000000000e+00,-1.700000000000000122e-02,1.000000000000000000e+00,2.379999999999999893e-01,2.200000000000000000e+01,8.214000000000000000e+03
4.402322944999996253e+02,4.464210000000000000e+05,1.423999999999999932e+00,1.677999999999999936e+00,-4.750000000000000000e+00,-4.240000000000000000e+02,-6.780000000000000471e-01,2.510000000000000000e+02,0.000000000000000000e+00,0.000000000000000000e+00,0.000000000000000000e+00,-7.399999999999999911e-01,-6.120000000000000000e+02,-6.120000000000000000e+02,-4.050000000000000000e+02,0.000000000000000000e+00,3.449999999999999734e-01,1.330000000000000071e+00,4.700000000000000185e-03,0.000000000000000000e+00,0.000000000000000000e+00,-2.100000000000000130e-02,1.000000000000000000e+00,2.700000000000000178e-01,1.800000000000000000e+01,8.214000000000000000e+03
4.402542764999998326e+02,4.464410000000000000e+05,1.308999999999999941e+00,1.661999999999999922e+00,-5.660000000000000142e+00,-4.140000000000000000e+02,-6.620000000000000329e-01,3.350000000000000000e+02,0.000000000000000000e+00,0.000000000000000000e+00,0.000000000000000000e+00,3.800000000000000044e-01,-6.730000000000000000e+02,-6.730000000000000000e+02,-3.950000000000000000e+02,0.000000000000000000e+00,4.219999999999999862e-01,2.423999999999999844e+01,8.476000000000000201e-01,0.000000000000000000e+00,0.000000000000000000e+00,-2.599999999999999881e-02,1.000000000000000000e+00,2.640000000000000124e-01,1.400000000000000000e+01,8.214000000000000000e+03
4.402688895999999659e+02,4.464610000000000000e+05,1.201000000000000068e+00,1.645999999999999908e+00,-3.490000000000000213e+00,-4.040000000000000000e+02,-6.460000000000000187e-01,3.480000000000000000e+02,0.000000000000000000e+00,0.000000000000000000e+00,0.000000000000000000e+00,2.999999999999999889e-02,-6.570000000000000000e+02,-6.570000000000000000e+02,-3.920000000000000000e+02,0.000000000000000000e+00,3.439999999999999725e-01,-2.430000000000000160e+00,-2.444999999999999951e-01,0.000000000000000000e+00,0.000000000000000000e+00,-1.199999999999999956e-01,1.000000000000000000e+00,2.590000000000000080e-01,1.100000000000000000e+01,8.214000000000000000e+03
4.403311802999996871e+02,4.465010000000000000e+05,1.016999999999999904e+00,1.651000000000000023e+00,-4.469999999999999751e+00,-4.070000000000000000e+02,-6.510000000000000231e-01,4.920000000000000000e+02,0.000000000000000000e+00,0.000000000000000000e+00,0.000000000000000000e+00,3.800000000000000044e-01,-6.720000000000000000e+02,-6.720000000000000000e+02,-3.920000000000000000e+02,0.000000000000000000e+00,3.410000000000000253e-01,3.200000000000000067e-01,-1.200999999999999984e-01,0.000000000000000000e+00,0.000000000000000000e+00,4.000000000000000083e-03,1.000000000000000000e+00,2.359999999999999876e-01,5.000000000000000000e+00,8.214000000000000000e+03
4.403393481000002794e+02,4.465210000000000000e+05,9.609999999999999654e-01,1.661999999999999922e+00,-2.930000000000000160e+00,-4.140000000000000000e+02,-6.620000000000000329e-01,5.100000000000000000e+02,0.000000000000000000e+00,0.000000000000000000e+00,0.000000000000000000e+00,-1.100000000000000006e-01,-6.450000000000000000e+02,-6.450000000000000000e+02,-3.950000000000000000e+02,0.000000000000000000e+00,3.240000000000000102e-01,-8.830000000000000071e+00,-5.868999999999999773e-01,0.000000000000000000e+00,0.000000000000000000e+00,8.999999999999999320e-03,1.000000000000000000e+00,2.369999999999999885e-01,2.000000000000000000e+00,8.214000000000000000e+03
4.403540075999990222e+02,4.465410000000000000e+05,9.300000000000000488e-01,1.665999999999999925e+00,-8.299999999999999600e-01,-4.160000000000000000e+02,-6.660000000000000364e-01,4.900000000000000000e+02,0.000000000000000000e+00,0.000000000000000000e+00,0.000000000000000000e+00,3.800000000000000044e-01,-6.670000000000000000e+02,-6.670000000000000000e+02,-3.980000000000000000e+02,0.000000000000000000e+00,3.410000000000000253e-01,1.179999999999999938e+00,-4.009999999999999676e-02,0.000000000000000000e+00,0.000000000000000000e+00,2.599999999999999881e-02,1.000000000000000000e+00,2.550000000000000044e-01,0.000000000000000000e+00,8.214000000000000000e+03
4.403747671000000992e+02,4.465610000000000000e+05,8.970000000000000195e-01,1.651000000000000023e+00,7.700000000000000178e-01,-4.070000000000000000e+02,-6.510000000000000231e-01,4.720000000000000000e+02,0.000000000000000000e+00,0.000000000000000000e+00,0.000000000000000000e+00,1.080000000000000071e+00,-6.990000000000000000e+02,-6.990000000000000000e+02,-4.140000000000000000e+02,0.000000000000000000e+00,3.410000000000000253e-01,1.179999999999999938e+00,-4.009999999999999676e-02,0.000000000000000000e+00,0.000000000000000000e+00,8.999999999999999320e-03,1.000000000000000000e+00,2.550000000000000044e-01,2.000000000000000000e+01,8.214000000000000000e+03
4.404141541999997571e+02,4.466010000000000000e+05,9.110000000000000320e-01,1.697999999999999954e+00,1.399999999999999911e+00,-4.360000000000000000e+02,-6.979999999999999538e-01,4.840000000000000000e+02,0.000000000000000000e+00,0.000000000000000000e+00,0.000000000000000000e+00,1.080000000000000071e+00,-6.970000000000000000e+02,-6.970000000000000000e+02,-4.220000000000000000e+02,0.000000000000000000e+00,3.320000000000000173e-01,-3.529999999999999805e+00,-3.135999999999999899e-01,0.000000000000000000e+00,0.000000000000000000e+00,0.000000000000000000e+00,1.000000000000000000e+00,2.510000000000000009e-01,1.300000000000000000e+01,8.214000000000000000e+03
4.404318533000005118e+02,4.466210000000000000e+05,9.389999999999999458e-01,1.745999999999999996e+00,1.610000000000000098e+00,-4.660000000000000000e+02,-7.459999999999999964e-01,4.930000000000000000e+02,0.000000000000000000e+00,0.000000000000000000e+00,0.000000000000000000e+00,5.200000000000000178e-01,-6.670000000000000000e+02,-6.670000000000000000e+02,-4.200000000000000000e+02,0.000000000000000000e+00,3.200000000000000067e-01,-5.400000000000000355e+00,-3.271000000000000019e-01,0.000000000000000000e+00,0.000000000000000000e+00,4.000000000000000083e-03,1.000000000000000000e+00,2.540000000000000036e-01,9.000000000000000000e+00,8.214000000000000000e+03
4.404506313000001683e+02,4.466410000000000000e+05,9.789999999999999813e-01,1.725999999999999979e+00,2.799999999999999822e+00,-4.540000000000000000e+02,-7.259999999999999787e-01,4.330000000000000000e+02,0.000000000000000000e+00,0.000000000000000000e+00,0.000000000000000000e+00,4.500000000000000111e-01,-6.610000000000000000e+02,-6.610000000000000000e+02,-4.340000000000000000e+02,0.000000000000000000e+00,3.140000000000000013e-01,-9.529999999999999361e+00,-6.165000000000000480e-01,0.000000000000000000e+00,0.000000000000000000e+00,1.299999999999999940e-02,1.000000000000000000e+00,2.540000000000000036e-01,4.000000000000000000e+00,8.214000000000000000e+03
4.404695656999992934e+02,4.466610000000000000e+05,1.020000000000000018e+00,1.721999999999999975e+00,3.080000000000000071e+00,-4.510000000000000000e+02,-7.219999999999999751e-01,3.990000000000000000e+02,0.000000000000000000e+00,0.000000000000000000e+00,0.000000000000000000e+00,1.219999999999999973e+00,-7.030000000000000000e+02,-7.030000000000000000e+02,-4.400000000000000000e+02,0.000000000000000000e+00,3.140000000000000013e-01,-9.529999999999999361e+00,-6.165000000000000480e-01,0.000000000000000000e+00,0.000000000000000000e+00,2.599999999999999881e-02,1.000000000000000000e+00,2.540000000000000036e-01,2.400000000000000000e+01,8.214000000000000000e+03
4.405306722000004811e+02,4.467010000000000000e+05,1.159000000000000030e+00,1.635000000000000009e+00,4.900000000000000355e+00,-3.970000000000000000e+02,-6.350000000000000089e-01,2.190000000000000000e+02,0.000000000000000000e+00,0.000000000000000000e+00,0.000000000000000000e+00,1.700000000000000122e-01,-6.590000000000000000e+02,-6.590000000000000000e+02,-4.780000000000000000e+02,0.000000000000000000e+00,3.290000000000000147e-01,-2.700000000000000178e-01,-1.039999999999999952e-02,0.000000000000000000e+00,0.000000000000000000e+00,8.999999999999999667e-02,1.000000000000000000e+00,2.610000000000000098e-01,1.300000000000000000e+01,8.214000000000000000e+03
4.405335412000003998e+02,4.467210000000000000e+05,1.211999999999999966e+00,1.586000000000000076e+00,2.310000000000000053e+00,-3.660000000000000000e+02,-5.859999999999999654e-01,2.020000000000000000e+02,0.000000000000000000e+00,0.000000000000000000e+00,0.000000000000000000e+00,-1.860000000000000098e+00,-5.620000000000000000e+02,-5.620000000000000000e+02,-4.860000000000000000e+02,0.000000000000000000e+00,3.390000000000000235e-01,1.229999999999999982e+00,3.910000000000000281e-02,0.000000000000000000e+00,0.000000000000000000e+00,1.029999999999999943e-01,1.000000000000000000e+00,2.540000000000000036e-01,8.000000000000000000e+00,8.214000000000000000e+03
4.405517866999998660e+02,4.467410000000000000e+05,1.262000000000000011e+00,1.592000000000000082e+00,-6.899999999999999467e-01,-3.700000000000000000e+02,-5.919999999999999707e-01,2.240000000000000000e+02,0.000000000000000000e+00,0.000000000000000000e+00,0.000000000000000000e+00,-4.000000000000000083e-02,-6.540000000000000000e+02,-6.540000000000000000e+02,-4.770000000000000000e+02,0.000000000000000000e+00,3.699999999999999956e-01,1.089000000000000057e+01,4.119999999999999774e-01,0.000000000000000000e+00,0.000000000000000000e+00,1.449999999999999900e-01,1.000000000000000000e+00,3.079999999999999960e-01,1.000000000000000000e+00,8.214000000000000000e+03
4.405689827999995032e+02,4.467610000000000000e+05,1.326000000000000068e+00,1.659000000000000030e+00,-1.669999999999999929e+00,-4.120000000000000000e+02,-6.590000000000000302e-01,2.560000000000000000e+02,0.000000000000000000e+00,0.000000000000000000e+00,0.000000000000000000e+00,-8.800000000000000044e-01,-6.040000000000000000e+02,-6.040000000000000000e+02,-4.470000000000000000e+02,0.000000000000000000e+00,3.699999999999999956e-01,1.089000000000000057e+01,4.119999999999999774e-01,0.000000000000000000e+00,0.000000000000000000e+00,1.029999999999999943e-01,1.000000000000000000e+00,3.079999999999999960e-01,2.100000000000000000e+01,8.214000000000000000e+03
4.406318223999987822e+02,4.468010000000000000e+05,1.276999999999999913e+00,1.699000000000000066e+00,-3.000000000000000000e+00,-4.370000000000000000e+02,-6.989999999999999547e-01,3.310000000000000000e+02,0.000000000000000000e+00,0.000000000000000000e+00,0.000000000000000000e+00,-1.510000000000000009e+00,-5.590000000000000000e+02,-5.590000000000000000e+02,-4.030000000000000000e+02,0.000000000000000000e+00,3.569999999999999840e-01,3.410000000000000142e+00,2.290000000000000022e-02,0.000000000000000000e+00,0.000000000000000000e+00,7.299999999999999545e-02,1.000000000000000000e+00,2.869999999999999774e-01,9.000000000000000000e+00,8.214000000000000000e+03
4.406319456999990507e+02,4.468210000000000000e+05,1.260999999999999899e+00,1.681999999999999940e+00,-3.560000000000000053e+00,-4.260000000000000000e+02,-6.820000000000000506e-01,3.360000000000000000e+02,0.000000000000000000e+00,0.000000000000000000e+00,0.000000000000000000e+00,-8.100000000000000533e-01,-5.920000000000000000e+02,-5.920000000000000000e+02,-3.950000000000000000e+02,0.000000000000000000e+00,3.629999999999999893e-01,7.870000000000000107e+00,3.262999999999999790e-01,0.000000000000000000e+00,0.000000000000000000e+00,2.089999999999999913e-01,1.000000000000000000e+00,2.530000000000000027e-01,9.000000000000000000e+00,8.214000000000000000e+03
4.406504148000003624e+02,4.468410000000000000e+05,1.262000000000000011e+00,1.669000000000000039e+00,-1.389999999999999902e+00,-4.180000000000000000e+02,-6.690000000000000391e-01,2.900000000000000000e+02,0.000000000000000000e+00,0.000000000000000000e+00,0.000000000000000000e+00,-1.860000000000000098e+00,-5.440000000000000000e+02,-5.440000000000000000e+02,-3.920000000000000000e+02,0.000000000000000000e+00,3.400000000000000244e-01,5.699999999999999512e-01,-8.429999999999999993e-02,0.000000000000000000e+00,0.000000000000000000e+00,1.620000000000000051e-01,1.000000000000000000e+00,2.389999999999999902e-01,7.000000000000000000e+00,8.214000000000000000e+03
4.406685101999992185e+02,4.468610000000000000e+05,1.201000000000000068e+00,1.669000000000000039e+00,-1.810000000000000053e+00,-4.180000000000000000e+02,-6.690000000000000391e-01,3.350000000000000000e+02,0.000000000000000000e+00,0.000000000000000000e+00,0.000000000000000000e+00,-5.999999999999999778e-01,-6.090000000000000000e+02,-6.090000000000000000e+02,-3.880000000000000000e+02,0.000000000000000000e+00,3.599999999999999867e-01,7.879999999999999893e+00,3.328999999999999737e-01,0.000000000000000000e+00,0.000000000000000000e+00,6.400000000000000133e-02,1.000000000000000000e+00,2.389999999999999902e-01,4.000000000000000000e+00,8.214000000000000000e+03
4.407304352999999537e+02,4.469010000000000000e+05,1.100999999999999979e+00,1.580999999999999961e+00,-3.700000000000000178e+00,-3.630000000000000000e+02,-5.809999999999999609e-01,3.770000000000000000e+02,0.000000000000000000e+00,0.000000000000000000e+00,0.000000000000000000e+00,-1.719999999999999973e+00,-5.460000000000000000e+02,-5.460000000000000000e+02,-4.090000000000000000e+02,0.000000000000000000e+00,3.099999999999999978e-01,-1.478999999999999915e+01,-9.334000000000000075e-01,0.000000000000000000e+00,0.000000000000000000e+00,2.310000000000000109e-01,1.000000000000000000e+00,2.179999999999999993e-01,7.000000000000000000e+00,8.214000000000000000e+03
4.407337607999997999e+02,4.469210000000000000e+05,1.058000000000000052e+00,1.512000000000000011e+00,-2.439999999999999947e+00,-3.200000000000000000e+02,-5.120000000000000107e-01,3.410000000000000000e+02,0.000000000000000000e+00,0.000000000000000000e+00,0.000000000000000000e+00,-8.100000000000000533e-01,-5.880000000000000000e+02,-5.880000000000000000e+02,-4.280000000000000000e+02,0.000000000000000000e+00,3.350000000000000200e-01,1.889999999999999902e+00,6.619999999999999496e-02,0.000000000000000000e+00,0.000000000000000000e+00,5.099999999999999672e-02,1.000000000000000000e+00,2.129999999999999949e-01,8.000000000000000000e+00,8.214000000000000000e+03
4.407523046999995131e+02,4.469410000000000000e+05,9.939999999999999947e-01,1.506000000000000005e+00,-3.069999999999999840e+00,-3.160000000000000000e+02,-5.060000000000000053e-01,3.870000000000000000e+02,0.000000000000000000e+00,0.000000000000000000e+00,0.000000000000000000e+00,-8.800000000000000044e-01,-5.840000000000000000e+02,-5.840000000000000000e+02,-4.310000000000000000e+02,0.000000000000000000e+00,3.019999999999999907e-01,-1.350999999999999979e+01,-8.154000000000000137e-01,0.000000000000000000e+00,0.000000000000000000e+00,1.280000000000000027e-01,1.000000000000000000e+00,2.000000000000000111e-01,1.100000000000000000e+01,8.214000000000000000e+03
4.407710888000001432e+02,4.469610000000000000e+05,9.360000000000000542e-01,1.510000000000000009e+00,-4.190000000000000391e+00,-3.190000000000000000e+02,-5.100000000000000089e-01,4.450000000000000000e+02,0.000000000000000000e+00,0.000000000000000000e+00,0.000000000000000000e+00,-2.490000000000000213e+00,-5.050000000000000000e+02,-5.050000000000000000e+02,-4.310000000000000000e+02,0.000000000000000000e+00,3.549999999999999822e-01,8.279999999999999361e+00,3.879000000000000226e-01,0.000000000000000000e+00,0.000000000000000000e+00,2.310000000000000109e-01,1.000000000000000000e+00,1.920000000000000040e-01,8.000000000000000000e+00,8.214000000000000000e+03
4.408146739999992860e+02,4.470010000000000000e+05,8.080000000000000515e-01,1.592000000000000082e+00,-3.770000000000000018e+00,-3.700000000000000000e+02,-5.919999999999999707e-01,5.760000000000000000e+02,0.000000000000000000e+00,0.000000000000000000e+00,0.000000000000000000e+00,1.700000000000000122e-01,-6.200000000000000000e+02,-6.200000000000000000e+02,-4.080000000000000000e+02,0.000000000000000000e+00,3.410000000000000253e-01,5.549999999999999822e+00,3.489999999999999769e-01,0.000000000000000000e+00,0.000000000000000000e+00,4.000000000000000083e-03,1.000000000000000000e+00,1.829999999999999960e-01,1.000000000000000000e+01,8.214000000000000000e+03
4.408323843999987730e+02,4.470210000000000000e+05,7.239999999999999769e-01,1.637000000000000011e+00,-2.580000000000000071e+00,-3.980000000000000000e+02,-6.370000000000000107e-01,6.390000000000000000e+02,0.000000000000000000e+00,0.000000000000000000e+00,0.000000000000000000e+00,3.099999999999999978e-01,-6.200000000000000000e+02,-6.200000000000000000e+02,-3.970000000000000000e+02,0.000000000000000000e+00,3.589999999999999858e-01,1.164000000000000057e+01,5.814000000000000279e-01,0.000000000000000000e+00,0.000000000000000000e+00,1.299999999999999940e-02,1.000000000000000000e+00,1.680000000000000104e-01,1.200000000000000000e+01,8.214000000000000000e+03
4.408512520000003860e+02,4.470410000000000000e+05,6.410000000000000142e-01,1.614000000000000101e+00,-2.509999999999999787e+00,-3.840000000000000000e+02,-6.139999999999999902e-01,6.810000000000000000e+02,0.000000000000000000e+00,0.000000000000000000e+00,0.000000000000000000e+00,1.850000000000000089e+00,-7.000000000000000000e+02,-7.000000000000000000e+02,-4.180000000000000000e+02,0.000000000000000000e+00,3.609999999999999876e-01,1.780999999999999872e+01,1.000000000000000000e+00,0.000000000000000000e+00,0.000000000000000000e+00,1.280000000000000027e-01,1.000000000000000000e+00,1.549999999999999989e-01,1.600000000000000000e+01,8.214000000000000000e+03
4.408689703000000009e+02,4.470610000000000000e+05,5.669999999999999485e-01,1.715000000000000080e+00,8.750000000000000000e+00,-4.470000000000000000e+02,-7.149999999999999689e-01,5.620000000000000000e+02,0.000000000000000000e+00,0.000000000000000000e+00,0.000000000000000000e+00,-3.609999999999999876e+00,-4.310000000000000000e+02,-4.310000000000000000e+02,-3.970000000000000000e+02,0.000000000000000000e+00,3.250000000000000111e-01,2.470000000000000195e+00,2.933000000000000052e-01,0.000000000000000000e+00,0.000000000000000000e+00,2.859999999999999765e-01,1.000000000000000000e+00,1.539999999999999980e-01,1.300000000000000000e+01,8.214000000000000000e+03
4.409286319999991974e+02,4.471010000000000000e+05,4.699999999999999734e-01,1.935999999999999943e+00,-4.820000000000000284e+00,-5.850000000000000000e+02,-9.360000000000000542e-01,1.033000000000000000e+03,0.000000000000000000e+00,0.000000000000000000e+00,0.000000000000000000e+00,-2.839999999999999858e+00,-4.540000000000000000e+02,-4.540000000000000000e+02,-3.780000000000000000e+02,0.000000000000000000e+00,2.730000000000000204e-01,-2.169000000000000128e+01,-1.000000000000000000e+00,0.000000000000000000e+00,0.000000000000000000e+00,1.880000000000000004e-01,1.000000000000000000e+00,1.459999999999999909e-01,1.500000000000000000e+01,8.214000000000000000e+03
4.409358014999997977e+02,4.471210000000000000e+05,5.380000000000000338e-01,1.991999999999999993e+00,1.000000000000000021e-02,-6.200000000000000000e+02,-9.919999999999999929e-01,9.470000000000000000e+02,0.000000000000000000e+00,0.000000000000000000e+00,0.000000000000000000e+00,-6.700000000000000400e-01,-5.510000000000000000e+02,-5.510000000000000000e+02,-3.780000000000000000e+02,0.000000000000000000e+00,0.000000000000000000e+00,0.000000000000000000e+00,0.000000000000000000e+00,0.000000000000000000e+00,0.000000000000000000e+00,1.299999999999999940e-02,1.000000000000000000e+00,0.000000000000000000e+00,3.000000000000000000e+00,8.210000000000000000e+03
4.409574312999993708e+02,4.471410000000000000e+05,5.570000000000000506e-01,2.089999999999999858e+00,1.540000000000000036e+00,-6.810000000000000000e+02,-1.090000000000000080e+00,9.680000000000000000e+02,0.000000000000000000e+00,0.000000000000000000e+00,0.000000000000000000e+00,-1.020000000000000018e+00,-5.340000000000000000e+02,-5.340000000000000000e+02,-3.650000000000000000e+02,0.000000000000000000e+00,0.000000000000000000e+00,0.000000000000000000e+00,0.000000000000000000e+00,0.000000000000000000e+00,0.000000000000000000e+00,-1.299999999999999940e-02,1.000000000000000000e+00,0.000000000000000000e+00,3.000000000000000000e+00,8.210000000000000000e+03
4.409721718999990117e+02,4.471610000000000000e+05,6.169999999999999929e-01,2.153999999999999915e+00,4.059999999999999609e+00,-7.210000000000000000e+02,-1.153999999999999915e+00,9.180000000000000000e+02,0.000000000000000000e+00,0.000000000000000000e+00,0.000000000000000000e+00,2.999999999999999889e-02,-5.770000000000000000e+02,-5.770000000000000000e+02,-3.690000000000000000e+02,0.000000000000000000e+00,0.000000000000000000e+00,0.000000000000000000e+00,0.000000000000000000e+00,0.000000000000000000e+00,0.000000000000000000e+00,2.100000000000000130e-02,1.000000000000000000e+00,0.000000000000000000e+00,3.000000000000000000e+00,8.210000000000000000e+03
4.410128783000000112e+02,4.472010000000000000e+05,8.149999999999999467e-01,2.287999999999999812e+00,9.310000000000000497e+00,-8.050000000000000000e+02,-1.288000000000000034e+00,7.950000000000000000e+02,0.000000000000000000e+00,0.000000000000000000e+00,0.000000000000000000e+00,-3.200000000000000067e-01,-5.490000000000000000e+02,-5.490000000000000000e+02,-3.730000000000000000e+02,0.000000000000000000e+00,0.000000000000000000e+00,0.000000000000000000e+00,0.000000000000000000e+00,0.000000000000000000e+00,0.000000000000000000e+00,1.710000000000000131e-01,1.000000000000000000e+00,0.000000000000000000e+00,3.000000000000000000e+00,8.210000000000000000e+03
4.410306294000001799e+02,4.472210000000000000e+05,8.269999999999999574e-01,2.404999999999999805e+00,1.056000000000000050e+01,-8.780000000000000000e+02,-1.405000000000000027e+00,8.220000000000000000e+02,0.000000000000000000e+00,0.000000000000000000e+00,0.000000000000000000e+00,-1.790000000000000036e+00,-4.640000000000000000e+02,-4.640000000000000000e+02,-3.530000000000000000e+02,0.000000000000000000e+00,0.000000000000000000e+00,0.000000000000000000e+00,0.000000000000000000e+00,0.000000000000000000e+00,0.000000000000000000e+00,4.700000000000000011e-02,1.000000000000000000e+00,0.000000000000000000e+00,2.300000000000000000e+01,8.210000000000000000e+03
4.410486712000001717e+02,4.472410000000000000e+05,8.840000000000000080e-01,2.422000000000000153e+00,5.950000000000000178e+00,-8.890000000000000000e+02,-1.421999999999999931e+00,8.880000000000000000e+02,0.000000000000000000e+00,0.000000000000000000e+00,0.000000000000000000e+00,-1.719999999999999973e+00,-4.460000000000000000e+02,-4.460000000000000000e+02,-3.570000000000000000e+02,0.000000000000000000e+00,3.330000000000000182e-01,-1.453999999999999915e+01,-1.000000000000000000e+00,0.000000000000000000e+00,0.000000000000000000e+00,-1.299999999999999940e-02,1.000000000000000000e+00,1.029999999999999943e-01,1.800000000000000000e+01,8.214000000000000000e+03
4.410696690000004310e+02,4.472610000000000000e+05,9.679999999999999716e-01,2.479999999999999982e+00,5.879999999999999893e+00,-9.250000000000000000e+02,-1.479999999999999982e+00,8.630000000000000000e+02,0.000000000000000000e+00,0.000000000000000000e+00,0.000000000000000000e+00,2.399999999999999911e-01,-5.390000000000000000e+02,-5.390000000000000000e+02,-3.480000000000000000e+02,0.000000000000000000e+00,3.240000000000000102e-01,-1.191999999999999993e+01,-1.000000000000000000e+00,0.000000000000000000e+00,0.000000000000000000e+00,-1.700000000000000122e-02,1.000000000000000000e+00,1.409999999999999865e-01,1.600000000000000000e+01,8.214000000000000000e+03
4.411297548000002280e+02,4.473010000000000000e+05,1.266999999999999904e+00,2.649999999999999911e+00,5.879999999999999893e+00,-1.031000000000000000e+03,-1.649999999999999911e+00,7.910000000000000000e+02,0.000000000000000000e+00,0.000000000000000000e+00,0.000000000000000000e+00,1.780000000000000027e+00,-6.300000000000000000e+02,-6.300000000000000000e+02,-3.040000000000000000e+02,0.000000000000000000e+00,0.000000000000000000e+00,0.000000000000000000e+00,0.000000000000000000e+00,0.000000000000000000e+00,0.000000000000000000e+00,0.000000000000000000e+00,1.000000000000000000e+00,0.000000000000000000e+00,3.000000000000000000e+00,8.210000000000000000e+03
4.411335442999989027e+02,4.473210000000000000e+05,1.409000000000000030e+00,2.758000000000000007e+00,6.370000000000000107e+00,-1.099000000000000000e+03,-1.758000000000000007e+00,7.590000000000000000e+02,0.000000000000000000e+00,0.000000000000000000e+00,0.000000000000000000e+00,1.010000000000000009e+00,-6.040000000000000000e+02,-6.040000000000000000e+02,-2.720000000000000000e+02,0.000000000000000000e+00,0.000000000000000000e+00,0.000000000000000000e+00,0.000000000000000000e+00,0.000000000000000000e+00,0.000000000000000000e+00,2.999999999999999889e-02,1.000000000000000000e+00,0.000000000000000000e+00,3.000000000000000000e+00,8.210000000000000000e+03
4.411514487999993435e+02,4.473410000000000000e+05,1.518000000000000016e+00,2.802999999999999936e+00,5.599999999999999645e+00,-1.127000000000000000e+03,-1.802999999999999936e+00,7.390000000000000000e+02,0.000000000000000000e+00,0.000000000000000000e+00,0.000000000000000000e+00,1.010000000000000009e+00,-6.130000000000000000e+02,-6.130000000000000000e+02,-2.580000000000000000e+02,0.000000000000000000e+00,0.000000000000000000e+00,0.000000000000000000e+00,0.000000000000000000e+00,0.000000000000000000e+00,0.000000000000000000e+00,1.239999999999999991e-01,1.000000000000000000e+00,0.000000000000000000e+00,3.000000000000000000e+00,8.210000000000000000e+03
4.411705941999989591e+02,4.473610000000000000e+05,1.711000000000000076e+00,2.770000000000000018e+00,9.730000000000000426e+00,-1.106000000000000000e+03,-1.770000000000000018e+00,5.110000000000000000e+02,0.000000000000000000e+00,0.000000000000000000e+00,0.000000000000000000e+00,-3.200000000000000067e-01,-5.630000000000000000e+02,-5.630000000000000000e+02,-2.700000000000000000e+02,0.000000000000000000e+00,0.000000000000000000e+00,0.000000000000000000e+00,0.000000000000000000e+00,0.000000000000000000e+00,0.000000000000000000e+00,3.799999999999999906e-02,1.000000000000000000e+00,0.000000000000000000e+00,2.300000000000000000e+01,8.210000000000000000e+03
4.412153742999998940e+02,4.474010000000000000e+05,2.007000000000000117e+00,2.648000000000000131e+00,6.440000000000000391e+00,-1.030000000000000000e+03,-1.647999999999999909e+00,2.920000000000000000e+02,0.000000000000000000e+00,0.000000000000000000e+00,0.000000000000000000e+00,-2.419999999999999929e+00,-4.400000000000000000e+02,-4.400000000000000000e+02,-2.930000000000000000e+02,0.000000000000000000e+00,0.000000000000000000e+00,0.000000000000000000e+00,0.000000000000000000e+00,0.000000000000000000e+00,0.000000000000000000e+00,-8.999999999999999320e-03,1.000000000000000000e+00,0.000000000000000000e+00,3.000000000000000000e+00,8.210000000000000000e+03
4.412339879999999539e+02,4.474210000000000000e+05,2.129999999999999893e+00,2.633999999999999897e+00,3.709999999999999964e+00,-1.021000000000000000e+03,-1.633999999999999897e+00,2.650000000000000000e+02,0.000000000000000000e+00,0.000000000000000000e+00,0.000000000000000000e+00,-2.209999999999999964e+00,-4.290000000000000000e+02,-4.290000000000000000e+02,-2.760000000000000000e+02,0.000000000000000000e+00,0.000000000000000000e+00,0.000000000000000000e+00,0.000000000000000000e+00,0.000000000000000000e+00,0.000000000000000000e+00,-4.000000000000000083e-03,1.000000000000000000e+00,0.000000000000000000e+00,3.000000000000000000e+00,8.210000000000000000e+03
4.412549710000002960e+02,4.474410000000000000e+05,2.217000000000000082e+00,2.342000000000000082e+00,2.379999999999999893e+00,-8.390000000000000000e+02,-1.342000000000000082e+00,4.100000000000000000e+01,0.000000000000000000e+00,0.000000000000000000e+00,0.000000000000000000e+00,-1.090000000000000080e+00,-4.700000000000000000e+02,-4.700000000000000000e+02,-3.290000000000000000e+02,0.000000000000000000e+00,0.000000000000000000e+00,0.000000000000000000e+00,0.000000000000000000e+00,0.000000000000000000e+00,0.000000000000000000e+00,-8.999999999999999320e-03,1.000000000000000000e+00,0.000000000000000000e+00,3.000000000000000000e+00,8.210000000000000000e+03
4.412699468999999226e+02,4.474610000000000000e+05,2.278999999999999915e+00,2.354000000000000092e+00,1.050000000000000044e+00,-8.460000000000000000e+02,-1.354000000000000092e+00,3.300000000000000000e+01,0.000000000000000000e+00,0.000000000000000000e+00,0.000000000000000000e+00,-2.209999999999999964e+00,-4.010000000000000000e+02,-4.010000000000000000e+02,-2.910000000000000000e+02,0.000000000000000000e+00,0.000000000000000000e+00,0.000000000000000000e+00,0.000000000000000000e+00,0.000000000000000000e+00,0.000000000000000000e+00,-2.999999999999999889e-02,1.000000000000000000e+00,0.000000000000000000e+00,3.000000000000000000e+00,8.210000000000000000e+03
4.413347603999991406e+02,4.475010000000000000e+05,2.213000000000000078e+00,2.153999999999999915e+00,-5.240000000000000213e+00,-7.210000000000000000e+02,-1.153999999999999915e+00,5.300000000000000000e+01,0.000000000000000000e+00,0.000000000000000000e+00,0.000000000000000000e+00,-6.700000000000000400e-01,-4.520000000000000000e+02,-4.520000000000000000e+02,-2.650000000000000000e+02,0.000000000000000000e+00,0.000000000000000000e+00,0.000000000000000000e+00,0.000000000000000000e+00,0.000000000000000000e+00,0.000000000000000000e+00,-5.600000000000000117e-02,1.000000000000000000e+00,0.000000000000000000e+00,3.000000000000000000e+00,8.210000000000000000e+03
4.413352261999989423e+02,4.475210000000000000e+05,2.123000000000000220e+00,1.899000000000000021e+00,-5.099999999999999645e+00,-5.620000000000000000e+02,-8.990000000000000213e-01,-6.100000000000000000e+01,0.000000000000000000e+00,0.000000000000000000e+00,0.000000000000000000e+00,-2.500000000000000000e-01,-4.710000000000000000e+02,-4.710000000000000000e+02,-3.060000000000000000e+02,0.000000000000000000e+00,0.000000000000000000e+00,0.000000000000000000e+00,0.000000000000000000e+00,0.000000000000000000e+00,0.000000000000000000e+00,-6.800000000000000488e-02,1.000000000000000000e+00,0.000000000000000000e+00,3.000000000000000000e+00,8.210000000000000000e+03
4.413519309999992402e+02,4.475410000000000000e+05,2.024000000000000021e+00,1.618000000000000105e+00,-7.410000000000000142e+00,-3.860000000000000000e+02,-6.179999999999999938e-01,-1.310000000000000000e+02,0.000000000000000000e+00,0.000000000000000000e+00,0.000000000000000000e+00,-5.999999999999999778e-01,-4.470000000000000000e+02,-4.470000000000000000e+02,-3.620000000000000000e+02,0.000000000000000000e+00,0.000000000000000000e+00,0.000000000000000000e+00,0.000000000000000000e+00,0.000000000000000000e+00,0.000000000000000000e+00,-1.199999999999999956e-01,1.000000000000000000e+00,0.000000000000000000e+00,3.000000000000000000e+00,8.210000000000000000e+03
4.413699677000004158e+02,4.475610000000000000e+05,1.842999999999999972e+00,1.403000000000000025e+00,-1.041000000000000014e+01,-2.520000000000000000e+02,-4.030000000000000249e-01,-1.050000000000000000e+02,0.000000000000000000e+00,0.000000000000000000e+00,0.000000000000000000e+00,3.099999999999999978e-01,-4.880000000000000000e+02,-4.880000000000000000e+02,-3.990000000000000000e+02,0.000000000000000000e+00,0.000000000000000000e+00,0.000000000000000000e+00,0.000000000000000000e+00,0.000000000000000000e+00,0.000000000000000000e+00,-1.069999999999999979e-01,1.000000000000000000e+00,0.000000000000000000e+00,3.000000000000000000e+00,8.210000000000000000e+03
4.414150420999994822e+02,4.476010000000000000e+05,1.419000000000000039e+00,1.302000000000000046e+00,-1.188000000000000078e+01,-1.890000000000000000e+02,-3.019999999999999907e-01,1.450000000000000000e+02,0.000000000000000000e+00,0.000000000000000000e+00,0.000000000000000000e+00,-4.000000000000000083e-02,-4.560000000000000000e+02,-4.560000000000000000e+02,-3.760000000000000000e+02,0.000000000000000000e+00,0.000000000000000000e+00,0.000000000000000000e+00,0.000000000000000000e+00,0.000000000000000000e+00,0.000000000000000000e+00,-1.499999999999999944e-01,1.000000000000000000e+00,0.000000000000000000e+00,3.000000000000000000e+00,8.210000000000000000e+03
4.414346961999999621e+02,4.476210000000000000e+05,1.153999999999999915e+00,1.322999999999999954e+00,-1.265000000000000036e+01,-2.020000000000000000e+02,-3.230000000000000093e-01,3.280000000000000000e+02,0.000000000000000000e+00,0.000000000000000000e+00,0.000000000000000000e+00,2.339999999999999858e+00,-5.730000000000000000e+02,-5.730000000000000000e+02,-3.490000000000000000e+02,0.000000000000000000e+00,0.000000000000000000e+00,0.000000000000000000e+00,0.000000000000000000e+00,0.000000000000000000e+00,0.000000000000000000e+00,-1.409999999999999865e-01,1.000000000000000000e+00,0.000000000000000000e+00,3.000000000000000000e+00,8.210000000000000000e+03
4.414565654999987601e+02,4.476410000000000000e+05,8.840000000000000080e-01,1.334000000000000075e+00,-1.278999999999999915e+01,-2.090000000000000000e+02,-3.340000000000000191e-01,5.200000000000000000e+02,0.000000000000000000e+00,0.000000000000000000e+00,0.000000000000000000e+00,2.270000000000000018e+00,-5.800000000000000000e+02,-5.800000000000000000e+02,-3.440000000000000000e+02,0.000000000000000000e+00,0.000000000000000000e+00,0.000000000000000000e+00,0.000000000000000000e+00,0.000000000000000000e+00,0.000000000000000000e+00,-1.799999999999999933e-01,1.000000000000000000e+00,0.000000000000000000e+00,2.300000000000000000e+01,8.210000000000000000e+03
4.414713283999990381e+02,4.476610000000000000e+05,5.949999999999999734e-01,1.397999999999999909e+00,-9.439999999999999503e+00,-2.490000000000000000e+02,-3.980000000000000204e-01,6.810000000000000000e+02,0.000000000000000000e+00,0.000000000000000000e+00,0.000000000000000000e+00,2.129999999999999893e+00,-5.820000000000000000e+02,-5.820000000000000000e+02,-3.240000000000000000e+02,0.000000000000000000e+00,3.689999999999999947e-01,2.544000000000000128e+01,1.000000000000000000e+00,0.000000000000000000e+00,0.000000000000000000e+00,-1.449999999999999900e-01,1.000000000000000000e+00,1.100000000000000006e-01,1.800000000000000000e+01,8.214000000000000000e+03
4.415300126000001910e+02,4.477010000000000000e+05,1.960000000000000075e-01,1.570999999999999952e+00,-4.190000000000000391e+00,-3.570000000000000000e+02,-5.709999999999999520e-01,9.600000000000000000e+02,0.000000000000000000e+00,0.000000000000000000e+00,0.000000000000000000e+00,1.850000000000000089e+00,-6.180000000000000000e+02,-6.180000000000000000e+02,-3.180000000000000000e+02,0.000000000000000000e+00,3.200000000000000067e-01,3.229999999999999982e+00,3.467000000000000082e-01,0.000000000000000000e+00,0.000000000000000000e+00,-2.010000000000000120e-01,1.000000000000000000e+00,1.719999999999999862e-01,1.500000000000000000e+01,8.214000000000000000e+03
4.415355724000000919e+02,4.477210000000000000e+05,4.800000000000000100e-02,1.616000000000000103e+00,-1.320000000000000062e+00,-3.850000000000000000e+02,-6.159999999999999920e-01,1.041000000000000000e+03,0.000000000000000000e+00,0.000000000000000000e+00,0.000000000000000000e+00,1.780000000000000027e+00,-6.530000000000000000e+02,-6.530000000000000000e+02,-3.510000000000000000e+02,0.000000000000000000e+00,3.029999999999999916e-01,-9.589999999999999858e+00,-7.027999999999999803e-01,0.000000000000000000e+00,0.000000000000000000e+00,-1.499999999999999944e-01,1.000000000000000000e+00,1.930000000000000049e-01,1.100000000000000000e+01,8.214000000000000000e+03
4.415551328999990801e+02,4.477410000000000000e+05,-1.799999999999999864e-02,1.874000000000000110e+00,1.540000000000000036e+00,-5.460000000000000000e+02,-8.739999999999999991e-01,1.193000000000000000e+03,0.000000000000000000e+00,0.000000000000000000e+00,0.000000000000000000e+00,2.549999999999999822e+00,-7.420000000000000000e+02,-7.420000000000000000e+02,-3.260000000000000000e+02,0.000000000000000000e+00,3.059999999999999942e-01,-3.180000000000000160e+00,-1.539000000000000090e-01,0.000000000000000000e+00,0.000000000000000000e+00,-1.880000000000000004e-01,1.000000000000000000e+00,2.059999999999999887e-01,8.000000000000000000e+00,8.214000000000000000e+03
4.415744161000002350e+02,4.477610000000000000e+05,7.599999999999999811e-02,2.028999999999999915e+00,6.509999999999999787e+00,-6.430000000000000000e+02,-1.028999999999999915e+00,1.151000000000000000e+03,0.000000000000000000e+00,0.000000000000000000e+00,0.000000000000000000e+00,2.410000000000000142e+00,-7.710000000000000000e+02,-7.710000000000000000e+02,-3.410000000000000000e+02,0.000000000000000000e+00,3.260000000000000120e-01,5.419999999999999929e+00,3.019999999999999907e-01,0.000000000000000000e+00,0.000000000000000000e+00,-8.599999999999999312e-02,1.000000000000000000e+00,1.930000000000000049e-01,1.000000000000000000e+01,8.214000000000000000e+03
4.416162253000002238e+02,4.478010000000000000e+05,2.479999999999999982e-01,2.176000000000000156e+00,9.589999999999999858e+00,-7.350000000000000000e+02,-1.175999999999999934e+00,1.067000000000000000e+03,0.000000000000000000e+00,0.000000000000000000e+00,0.000000000000000000e+00,1.700000000000000122e-01,-6.920000000000000000e+02,-6.920000000000000000e+02,-4.260000000000000000e+02,0.000000000000000000e+00,3.059999999999999942e-01,-2.300000000000000100e-01,3.500000000000000333e-02,0.000000000000000000e+00,0.000000000000000000e+00,-1.539999999999999980e-01,1.000000000000000000e+00,2.399999999999999911e-01,4.000000000000000000e+00,8.214000000000000000e+03
4.416369383000001108e+02,4.478210000000000000e+05,4.359999999999999987e-01,2.415999999999999925e+00,1.147000000000000064e+01,-8.850000000000000000e+02,-1.415999999999999925e+00,1.072000000000000000e+03,0.000000000000000000e+00,0.000000000000000000e+00,0.000000000000000000e+00,1.000000000000000056e-01,-6.880000000000000000e+02,-6.880000000000000000e+02,-4.000000000000000000e+02,0.000000000000000000e+00,3.170000000000000040e-01,-1.699999999999999956e+00,-1.630999999999999950e-01,0.000000000000000000e+00,0.000000000000000000e+00,-2.479999999999999982e-01,1.000000000000000000e+00,2.469999999999999973e-01,1.000000000000000000e+00,8.214000000000000000e+03
4.416516049999991083e+02,4.478410000000000000e+05,6.340000000000000080e-01,2.545999999999999819e+00,1.056000000000000050e+01,-9.660000000000000000e+02,-1.546000000000000041e+00,1.049000000000000000e+03,0.000000000000000000e+00,0.000000000000000000e+00,0.000000000000000000e+00,1.149999999999999911e+00,-7.450000000000000000e+02,-7.450000000000000000e+02,-3.920000000000000000e+02,0.000000000000000000e+00,3.140000000000000013e-01,-1.229999999999999982e+00,-3.000000000000000062e-03,0.000000000000000000e+00,0.000000000000000000e+00,-1.710000000000000131e-01,1.000000000000000000e+00,2.230000000000000038e-01,1.000000000000000000e+00,8.214000000000000000e+03
4.416715970000004745e+02,4.478610000000000000e+05,8.950000000000000178e-01,2.698999999999999844e+00,1.196000000000000085e+01,-1.062000000000000000e+03,-1.699000000000000066e+00,9.510000000000000000e+02,0.000000000000000000e+00,0.000000000000000000e+00,0.000000000000000000e+00,7.299999999999999822e-01,-7.200000000000000000e+02,-7.200000000000000000e+02,-3.720000000000000000e+02,0.000000000000000000e+00,3.509999999999999787e-01,8.570000000000000284e+00,4.008999999999999786e-01,0.000000000000000000e+00,0.000000000000000000e+00,-5.099999999999999672e-02,1.000000000000000000e+00,2.570000000000000062e-01,1.000000000000000000e+00,8.214000000000000000e+03
4.417199478000002273e+02,4.479010000000000000e+05,1.433999999999999941e+00,2.775999999999999801e+00,1.293999999999999950e+01,-1.110000000000000000e+03,-1.776000000000000023e+00,6.400000000000000000e+02,0.000000000000000000e+00,0.000000000000000000e+00,0.000000000000000000e+00,1.000000000000000056e-01,-7.180000000000000000e+02,-7.180000000000000000e+02,-3.780000000000000000e+02,0.000000000000000000e+00,3.439999999999999725e-01,-2.099999999999999922e-01,-1.401999999999999913e-01,0.000000000000000000e+00,0.000000000000000000e+00,-3.799999999999999906e-02,1.000000000000000000e+00,2.650000000000000133e-01,1.600000000000000000e+01,8.214000000000000000e+03
4.417354651000005106e+02,4.479210000000000000e+05,1.699000000000000066e+00,2.767999999999999794e+00,1.175000000000000000e+01,-1.105000000000000000e+03,-1.768000000000000016e+00,4.800000000000000000e+02,0.000000000000000000e+00,0.000000000000000000e+00,0.000000000000000000e+00,-2.419999999999999929e+00,-5.890000000000000000e+02,-5.890000000000000000e+02,-3.850000000000000000e+02,0.000000000000000000e+00,3.200000000000000067e-01,-1.163000000000000078e+01,-6.947999999999999732e-01,0.000000000000000000e+00,0.000000000000000000e+00,-4.700000000000000011e-02,1.000000000000000000e+00,2.500000000000000000e-01,1.200000000000000000e+01,8.214000000000000000e+03
4.417537075000000186e+02,4.479410000000000000e+05,1.864999999999999991e+00,2.714999999999999858e+00,8.890000000000000568e+00,-1.072000000000000000e+03,-1.715000000000000080e+00,3.820000000000000000e+02,0.000000000000000000e+00,0.000000000000000000e+00,0.000000000000000000e+00,-3.259999999999999787e+00,-5.180000000000000000e+02,-5.180000000000000000e+02,-3.890000000000000000e+02,0.000000000000000000e+00,3.699999999999999956e-01,4.700000000000000178e+00,7.649999999999999856e-02,0.000000000000000000e+00,0.000000000000000000e+00,-1.620000000000000051e-01,1.000000000000000000e+00,2.670000000000000151e-01,9.000000000000000000e+00,8.214000000000000000e+03
4.417717759999995906e+02,4.479610000000000000e+05,2.125000000000000000e+00,2.689999999999999947e+00,8.539999999999999147e+00,-1.056000000000000000e+03,-1.689999999999999947e+00,2.190000000000000000e+02,0.000000000000000000e+00,0.000000000000000000e+00,0.000000000000000000e+00,-1.439999999999999947e+00,-5.870000000000000000e+02,-5.870000000000000000e+02,-3.750000000000000000e+02,0.000000000000000000e+00,3.549999999999999822e-01,-3.220000000000000195e+00,-2.594000000000000195e-01,0.000000000000000000e+00,0.000000000000000000e+00,-1.280000000000000027e-01,1.000000000000000000e+00,2.899999999999999800e-01,7.000000000000000000e+00,8.214000000000000000e+03
4.418140040999987832e+02,4.480010000000000000e+05,2.407000000000000028e+00,2.350000000000000089e+00,3.919999999999999929e+00,-8.440000000000000000e+02,-1.350000000000000089e+00,-1.080000000000000000e+02,0.000000000000000000e+00,0.000000000000000000e+00,0.000000000000000000e+00,-9.499999999999999556e-01,-5.940000000000000000e+02,-5.940000000000000000e+02,-4.040000000000000000e+02,0.000000000000000000e+00,3.689999999999999947e-01,2.839999999999999858e+00,8.859999999999999820e-02,0.000000000000000000e+00,0.000000000000000000e+00,-4.000000000000000083e-03,1.000000000000000000e+00,2.829999999999999738e-01,4.000000000000000000e+00,8.214000000000000000e+03
4.418349409000002197e+02,4.480210000000000000e+05,2.492999999999999883e+00,2.375999999999999890e+00,2.800000000000000266e-01,-8.600000000000000000e+02,-1.375999999999999890e+00,-8.000000000000000000e+01,0.000000000000000000e+00,0.000000000000000000e+00,0.000000000000000000e+00,-1.439999999999999947e+00,-5.590000000000000000e+02,-5.590000000000000000e+02,-3.450000000000000000e+02,0.000000000000000000e+00,3.420000000000000262e-01,-1.276999999999999957e+01,-8.948000000000000398e-01,0.000000000000000000e+00,0.000000000000000000e+00,8.999999999999999320e-03,1.000000000000000000e+00,2.250000000000000056e-01,4.000000000000000000e+00,8.214000000000000000e+03
4.418507004999992205e+02,4.480410000000000000e+05,2.504000000000000004e+00,2.064000000000000057e+00,-2.439999999999999947e+00,-6.650000000000000000e+02,-1.064000000000000057e+00,-2.430000000000000000e+02,0.000000000000000000e+00,0.000000000000000000e+00,0.000000000000000000e+00,-2.500000000000000000e-01,-6.120000000000000000e+02,-6.120000000000000000e+02,-3.900000000000000000e+02,0.000000000000000000e+00,3.669999999999999929e-01,-1.100000000000000006e-01,-1.328999999999999904e-01,0.000000000000000000e+00,0.000000000000000000e+00,-2.100000000000000130e-02,1.000000000000000000e+00,2.300000000000000100e-01,3.000000000000000000e+00,8.214000000000000000e+03
4.418688208999992639e+02,4.480610000000000000e+05,2.472999999999999865e+00,1.858000000000000096e+00,-4.469999999999999751e+00,-5.360000000000000000e+02,-8.579999999999999849e-01,-3.160000000000000000e+02,0.000000000000000000e+00,0.000000000000000000e+00,0.000000000000000000e+00,-6.700000000000000400e-01,-5.690000000000000000e+02,-5.690000000000000000e+02,-4.060000000000000000e+02,0.000000000000000000e+00,3.629999999999999893e-01,-3.220000000000000195e+00,-3.502000000000000113e-01,0.000000000000000000e+00,0.000000000000000000e+00,-1.700000000000000122e-02,1.000000000000000000e+00,2.439999999999999947e-01,0.000000000000000000e+00,8.214000000000000000e+03
4.419291553999992175e+02,4.481010000000000000e+05,2.209999999999999964e+00,1.580999999999999961e+00,-8.179999999999999716e+00,-3.630000000000000000e+02,-5.809999999999999609e-01,-2.610000000000000000e+02,0.000000000000000000e+00,0.000000000000000000e+00,0.000000000000000000e+00,-1.090000000000000080e+00,-5.210000000000000000e+02,-5.210000000000000000e+02,-3.870000000000000000e+02,0.000000000000000000e+00,3.860000000000000098e-01,7.030000000000000249e+00,2.575999999999999956e-01,0.000000000000000000e+00,0.000000000000000000e+00,0.000000000000000000e+00,1.000000000000000000e+00,3.019999999999999907e-01,1.400000000000000000e+01,8.214000000000000000e+03
4.419380438999996841e+02,4.481210000000000000e+05,1.993000000000000105e+00,1.469000000000000083e+00,-1.075999999999999979e+01,-2.930000000000000000e+02,-4.689999999999999725e-01,-1.510000000000000000e+02,0.000000000000000000e+00,0.000000000000000000e+00,0.000000000000000000e+00,-1.799999999999999933e-01,-5.670000000000000000e+02,-5.670000000000000000e+02,-3.730000000000000000e+02,0.000000000000000000e+00,3.529999999999999805e-01,-3.250000000000000000e+00,-2.529000000000000137e-01,0.000000000000000000e+00,0.000000000000000000e+00,-4.000000000000000083e-03,1.000000000000000000e+00,2.760000000000000231e-01,8.000000000000000000e+00,8.214000000000000000e+03
4.419509871999998722e+02,4.481410000000000000e+05,1.762999999999999901e+00,1.360000000000000098e+00,-1.026999999999999957e+01,-2.250000000000000000e+02,-3.599999999999999867e-01,-8.300000000000000000e+01,0.000000000000000000e+00,0.000000000000000000e+00,0.000000000000000000e+00,1.700000000000000122e-01,-5.810000000000000000e+02,-5.810000000000000000e+02,-3.690000000000000000e+02,0.000000000000000000e+00,3.559999999999999831e-01,-3.759999999999999787e+00,-4.092000000000000082e-01,0.000000000000000000e+00,0.000000000000000000e+00,4.000000000000000083e-03,1.000000000000000000e+00,2.379999999999999893e-01,6.000000000000000000e+00,8.214000000000000000e+03
4.419737384000000020e+02,4.481610000000000000e+05,1.510000000000000009e+00,1.290999999999999925e+00,-1.061999999999999922e+01,-1.820000000000000000e+02,-2.909999999999999809e-01,4.900000000000000000e+01,0.000000000000000000e+00,0.000000000000000000e+00,0.000000000000000000e+00,7.299999999999999822e-01,-6.050000000000000000e+02,-6.050000000000000000e+02,-3.650000000000000000e+02,0.000000000000000000e+00,3.290000000000000147e-01,-1.065000000000000036e+01,-6.313999999999999613e-01,0.000000000000000000e+00,0.000000000000000000e+00,1.299999999999999940e-02,1.000000000000000000e+00,2.600000000000000089e-01,3.000000000000000000e+00,8.214000000000000000e+03
4.420149486999998771e+02,4.482010000000000000e+05,1.028999999999999915e+00,1.237000000000000099e+00,-9.919999999999999929e+00,-1.480000000000000000e+02,-2.369999999999999885e-01,3.110000000000000000e+02,0.000000000000000000e+00,0.000000000000000000e+00,0.000000000000000000e+00,6.600000000000000311e-01,-6.080000000000000000e+02,-6.080000000000000000e+02,-3.650000000000000000e+02,0.000000000000000000e+00,3.280000000000000138e-01,-4.769999999999999574e+00,-2.262000000000000122e-01,0.000000000000000000e+00,0.000000000000000000e+00,1.299999999999999940e-02,1.000000000000000000e+00,2.369999999999999885e-01,2.000000000000000000e+01,8.214000000000000000e+03
4.420338352999988274e+02,4.482210000000000000e+05,8.120000000000000551e-01,1.239999999999999991e+00,-8.880000000000000782e+00,-1.500000000000000000e+02,-2.399999999999999911e-01,4.350000000000000000e+02,0.000000000000000000e+00,0.000000000000000000e+00,0.000000000000000000e+00,1.500000000000000000e+00,-6.550000000000000000e+02,-6.550000000000000000e+02,-3.670000000000000000e+02,0.000000000000000000e+00,3.280000000000000138e-01,-9.070000000000000284e+00,-5.704000000000000181e-01,0.000000000000000000e+00,0.000000000000000000e+00,2.999999999999999889e-02,1.000000000000000000e+00,2.750000000000000222e-01,1.400000000000000000e+01,8.214000000000000000e+03
4.420528035999996064e+02,4.482410000000000000e+05,6.260000000000000009e-01,1.266999999999999904e+00,-6.080000000000000071e+00,-1.670000000000000000e+02,-2.670000000000000151e-01,5.220000000000000000e+02,0.000000000000000000e+00,0.000000000000000000e+00,0.000000000000000000e+00,2.549999999999999822e+00,-7.120000000000000000e+02,-7.120000000000000000e+02,-3.690000000000000000e+02,0.000000000000000000e+00,3.320000000000000173e-01,-1.979999999999999982e+00,-7.920000000000000651e-02,0.000000000000000000e+00,0.000000000000000000e+00,3.799999999999999906e-02,1.000000000000000000e+00,2.700000000000000178e-01,9.000000000000000000e+00,8.214000000000000000e+03
4.420709248000002844e+02,4.482610000000000000e+05,3.649999999999999911e-01,1.316999999999999948e+00,-3.770000000000000018e+00,-1.980000000000000000e+02,-3.170000000000000040e-01,6.840000000000000000e+02,0.000000000000000000e+00,0.000000000000000000e+00,0.000000000000000000e+00,-3.189999999999999947e+00,-9.790000000000000000e+02,-9.790000000000000000e+02,-3.750000000000000000e+02,0.000000000000000000e+00,3.370000000000000218e-01,2.819999999999999840e+00,1.053000000000000047e-01,0.000000000000000000e+00,0.000000000000000000e+00,9.400000000000000022e-02,1.000000000000000000e+00,2.690000000000000169e-01,4.000000000000000000e+00,8.214000000000000000e+03
4.421305931999995664e+02,4.483010000000000000e+05,2.089999999999999913e-01,1.512000000000000011e+00,-2.229999999999999982e+00,-3.200000000000000000e+02,-5.120000000000000107e-01,8.900000000000000000e+02,0.000000000000000000e+00,0.000000000000000000e+00,0.000000000000000000e+00,-7.799999999999999822e+00,-5.840000000000000000e+02,-5.840000000000000000e+02,-4.090000000000000000e+02,0.000000000000000000e+00,3.029999999999999916e-01,-1.183000000000000007e+01,-6.278000000000000247e-01,0.000000000000000000e+00,0.000000000000000000e+00,1.330000000000000071e-01,1.000000000000000000e+00,2.859999999999999765e-01,1.700000000000000000e+01,8.214000000000000000e+03
4.421330766999999469e+02,4.483210000000000000e+05,2.349999999999999867e-01,1.612999999999999989e+00,2.729999999999999982e+00,-3.830000000000000000e+02,-6.129999999999999893e-01,8.350000000000000000e+02,0.000000000000000000e+00,0.000000000000000000e+00,0.000000000000000000e+00,-5.570000000000000284e+00,-6.000000000000000000e+02,-6.000000000000000000e+02,-4.230000000000000000e+02,0.000000000000000000e+00,3.280000000000000138e-01,4.299999999999999933e-01,1.919999999999999832e-02,0.000000000000000000e+00,0.000000000000000000e+00,1.029999999999999943e-01,1.000000000000000000e+00,2.780000000000000249e-01,1.100000000000000000e+01,8.214000000000000000e+03
4.421541103999988991e+02,4.483410000000000000e+05,3.150000000000000022e-01,1.693000000000000060e+00,5.389999999999999680e+00,-4.330000000000000000e+02,-6.929999999999999494e-01,8.030000000000000000e+02,0.000000000000000000e+00,0.000000000000000000e+00,0.000000000000000000e+00,-3.399999999999999911e+00,-6.400000000000000000e+02,-6.400000000000000000e+02,-4.380000000000000000e+02,0.000000000000000000e+00,3.499999999999999778e-01,5.309999999999999609e+00,1.728999999999999981e-01,0.000000000000000000e+00,0.000000000000000000e+00,7.299999999999999545e-02,1.000000000000000000e+00,2.750000000000000222e-01,7.000000000000000000e+00,8.214000000000000000e+03
4.421692512999998144e+02,4.483610000000000000e+05,3.810000000000000053e-01,1.808000000000000052e+00,4.900000000000000355e+00,-5.050000000000000000e+02,-8.080000000000000515e-01,8.300000000000000000e+02,0.000000000000000000e+00,0.000000000000000000e+00,0.000000000000000000e+00,-2.419999999999999929e+00,-6.540000000000000000e+02,-6.540000000000000000e+02,-4.330000000000000000e+02,0.000000000000000000e+00,3.160000000000000031e-01,-5.509999999999999787e+00,-3.251000000000000001e-01,0.000000000000000000e+00,0.000000000000000000e+00,2.179999999999999993e-01,1.000000000000000000e+00,2.429999999999999938e-01,6.000000000000000000e+00,8.214000000000000000e+03
4.422136097999991762e+02,4.484010000000000000e+05,7.039999999999999591e-01,1.901000000000000023e+00,6.440000000000000391e+00,-5.630000000000000000e+02,-9.010000000000000231e-01,6.620000000000000000e+02,0.000000000000000000e+00,0.000000000000000000e+00,0.000000000000000000e+00,-2.770000000000000018e+00,-5.570000000000000000e+02,-5.570000000000000000e+02,-4.470000000000000000e+02,0.000000000000000000e+00,3.390000000000000235e-01,-2.999999999999999889e-02,-1.015999999999999959e-01,0.000000000000000000e+00,0.000000000000000000e+00,5.600000000000000117e-02,1.000000000000000000e+00,2.179999999999999993e-01,5.000000000000000000e+00,8.214000000000000000e+03
4.422350260000002891e+02,4.484210000000000000e+05,8.539999999999999813e-01,1.943999999999999950e+00,7.280000000000000249e+00,-5.900000000000000000e+02,-9.439999999999999503e-01,5.770000000000000000e+02,0.000000000000000000e+00,0.000000000000000000e+00,0.000000000000000000e+00,-8.100000000000000533e-01,-6.260000000000000000e+02,-6.260000000000000000e+02,-4.450000000000000000e+02,0.000000000000000000e+00,3.420000000000000262e-01,2.209999999999999964e+00,3.429999999999999716e-02,0.000000000000000000e+00,0.000000000000000000e+00,1.199999999999999956e-01,1.000000000000000000e+00,2.079999999999999905e-01,6.000000000000000000e+00,8.214000000000000000e+03
4.422495177000000695e+02,4.484410000000000000e+05,1.012000000000000011e+00,2.075000000000000178e+00,5.879999999999999893e+00,-6.720000000000000000e+02,-1.074999999999999956e+00,5.860000000000000000e+02,0.000000000000000000e+00,0.000000000000000000e+00,0.000000000000000000e+00,-1.229999999999999982e+00,-5.850000000000000000e+02,-5.850000000000000000e+02,-4.080000000000000000e+02,0.000000000000000000e+00,3.519999999999999796e-01,6.179999999999999716e+00,4.340999999999999859e-01,0.000000000000000000e+00,0.000000000000000000e+00,2.220000000000000029e-01,1.000000000000000000e+00,2.069999999999999896e-01,7.000000000000000000e+00,8.214000000000000000e+03
4.422676749000002019e+02,4.484610000000000000e+05,1.159000000000000030e+00,2.101999999999999869e+00,7.070000000000000284e+00,-6.890000000000000000e+02,-1.102000000000000091e+00,4.800000000000000000e+02,0.000000000000000000e+00,0.000000000000000000e+00,0.000000000000000000e+00,-1.439999999999999947e+00,-5.710000000000000000e+02,-5.710000000000000000e+02,-3.960000000000000000e+02,0.000000000000000000e+00,3.649999999999999911e-01,6.080000000000000071e+00,1.890999999999999903e-01,0.000000000000000000e+00,0.000000000000000000e+00,6.400000000000000133e-02,1.000000000000000000e+00,2.270000000000000073e-01,8.000000000000000000e+00,8.214000000000000000e+03
4.423323638000001665e+02,4.485010000000000000e+05,1.437000000000000055e+00,1.983999999999999986e+00,4.690000000000000391e+00,-6.150000000000000000e+02,-9.839999999999999858e-01,2.680000000000000000e+02,0.000000000000000000e+00,0.000000000000000000e+00,0.000000000000000000e+00,-2.000000000000000000e+00,-5.010000000000000000e+02,-5.010000000000000000e+02,-4.190000000000000000e+02,0.000000000000000000e+00,3.270000000000000129e-01,-1.430000000000000071e+01,-1.000000000000000000e+00,0.000000000000000000e+00,0.000000000000000000e+00,2.270000000000000073e-01,1.000000000000000000e+00,2.010000000000000120e-01,1.000000000000000000e+01,8.214000000000000000e+03
4.423383524999990186e+02,4.485210000000000000e+05,1.558000000000000052e+00,2.080000000000000071e+00,4.480000000000000426e+00,-6.750000000000000000e+02,-1.080000000000000071e+00,2.590000000000000000e+02,0.000000000000000000e+00,0.000000000000000000e+00,0.000000000000000000e+00,-1.580000000000000071e+00,-5.140000000000000000e+02,-5.140000000000000000e+02,-3.770000000000000000e+02,0.000000000000000000e+00,3.410000000000000253e-01,-8.730000000000000426e+00,-7.408000000000000140e-01,0.000000000000000000e+00,0.000000000000000000e+00,1.239999999999999991e-01,1.000000000000000000e+00,2.059999999999999887e-01,9.000000000000000000e+00,8.214000000000000000e+03
4.423536292999997386e+02,4.485410000000000000e+05,1.651999999999999913e+00,1.877999999999999892e+00,3.500000000000000000e+00,-5.490000000000000000e+02,-8.780000000000000027e-01,8.300000000000000000e+01,0.000000000000000000e+00,0.000000000000000000e+00,0.000000000000000000e+00,-1.300000000000000044e+00,-5.310000000000000000e+02,-5.310000000000000000e+02,-4.180000000000000000e+02,0.000000000000000000e+00,3.709999999999999964e-01,9.429999999999999716e+00,5.412000000000000144e-01,0.000000000000000000e+00,0.000000000000000000e+00,1.299999999999999940e-02,1.000000000000000000e+00,1.880000000000000004e-01,1.100000000000000000e+01,8.214000000000000000e+03
4.423723749999990105e+02,4.485610000000000000e+05,1.705000000000000071e+00,1.824000000000000066e+00,1.189999999999999947e+00,-5.150000000000000000e+02,-8.239999999999999547e-01,5.600000000000000000e+01,0.000000000000000000e+00,0.000000000000000000e+00,0.000000000000000000e+00,-1.229999999999999982e+00,-5.310000000000000000e+02,-5.310000000000000000e+02,-4.130000000000000000e+02,0.000000000000000000e+00,3.860000000000000098e-01,5.049999999999999822e+00,-8.799999999999999489e-02,0.000000000000000000e+00,0.000000000000000000e+00,-1.299999999999999940e-02,1.000000000000000000e+00,1.809999999999999942e-01,1.200000000000000000e+01,8.214000000000000000e+03
4.424136852999999974e+02,4.486010000000000000e+05,1.703999999999999959e+00,1.582000000000000073e+00,-7.549999999999999822e+00,-3.640000000000000000e+02,-5.819999999999999618e-01,1.030000000000000000e+02,0.000000000000000000e+00,0.000000000000000000e+00,0.000000000000000000e+00,-5.709999999999999964e+00,-2.770000000000000000e+02,-2.770000000000000000e+02,-4.310000000000000000e+02,0.000000000000000000e+00,3.469999999999999751e-01,-3.089999999999999858e+00,-2.369999999999999885e-01,0.000000000000000000e+00,0.000000000000000000e+00,2.220000000000000029e-01,1.000000000000000000e+00,1.970000000000000084e-01,1.100000000000000000e+01,8.214000000000000000e+03
4.424335637999993196e+02,4.486210000000000000e+05,1.794000000000000039e+00,1.477000000000000091e+00,-8.299999999999999600e-01,-2.980000000000000000e+02,-4.769999999999999796e-01,-1.840000000000000000e+02,0.000000000000000000e+00,0.000000000000000000e+00,0.000000000000000000e+00,-4.600000000000000200e-01,-5.350000000000000000e+02,-5.350000000000000000e+02,-4.360000000000000000e+02,0.000000000000000000e+00,3.439999999999999725e-01,-6.469999999999999751e+00,-4.017000000000000015e-01,0.000000000000000000e+00,0.000000000000000000e+00,1.799999999999999933e-01,1.000000000000000000e+00,2.020000000000000129e-01,1.100000000000000000e+01,8.214000000000000000e+03
4.424497866000001522e+02,4.486410000000000000e+05,1.608999999999999986e+00,1.447999999999999954e+00,-5.500000000000000444e-01,-2.800000000000000000e+02,-4.480000000000000093e-01,-8.600000000000000000e+01,0.000000000000000000e+00,0.000000000000000000e+00,0.000000000000000000e+00,-1.790000000000000036e+00,-4.590000000000000000e+02,-4.590000000000000000e+02,-4.140000000000000000e+02,0.000000000000000000e+00,3.350000000000000200e-01,-1.572000000000000064e+01,-1.000000000000000000e+00,0.000000000000000000e+00,0.000000000000000000e+00,3.799999999999999906e-02,1.000000000000000000e+00,1.759999999999999898e-01,1.200000000000000000e+01,8.214000000000000000e+03
4.424693245999987994e+02,4.486610000000000000e+05,1.366000000000000103e+00,1.403000000000000025e+00,-5.030000000000000249e+00,-2.520000000000000000e+02,-4.030000000000000249e-01,1.080000000000000000e+02,0.000000000000000000e+00,0.000000000000000000e+00,0.000000000000000000e+00,-7.399999999999999911e-01,-5.160000000000000000e+02,-5.160000000000000000e+02,-3.990000000000000000e+02,0.000000000000000000e+00,3.290000000000000147e-01,-2.614000000000000057e+01,-1.000000000000000000e+00,0.000000000000000000e+00,0.000000000000000000e+00,4.000000000000000083e-03,1.000000000000000000e+00,1.650000000000000078e-01,1.400000000000000000e+01,8.214000000000000000e+03
4.425355985999995028e+02,4.487010000000000000e+05,1.006999999999999895e+00,1.445999999999999952e+00,-7.339999999999999858e+00,-2.790000000000000000e+02,-4.460000000000000075e-01,3.970000000000000000e+02,0.000000000000000000e+00,0.000000000000000000e+00,0.000000000000000000e+00,5.200000000000000178e-01,-5.630000000000000000e+02,-5.630000000000000000e+02,-3.520000000000000000e+02,0.000000000000000000e+00,3.469999999999999751e-01,-1.341000000000000014e+01,-1.000000000000000000e+00,0.000000000000000000e+00,0.000000000000000000e+00,1.839999999999999969e-01,1.000000000000000000e+00,1.650000000000000078e-01,1.600000000000000000e+01,8.214000000000000000e+03
4.425359262999991188e+02,4.487210000000000000e+05,9.779999999999999805e-01,1.469999999999999973e+00,-4.750000000000000000e+00,-2.940000000000000000e+02,-4.699999999999999734e-01,4.360000000000000000e+02,0.000000000000000000e+00,0.000000000000000000e+00,0.000000000000000000e+00,2.620000000000000107e+00,-5.580000000000000000e+02,-5.580000000000000000e+02,-3.420000000000000000e+02,0.000000000000000000e+00,3.529999999999999805e-01,-6.830000000000000071e+00,-9.469999999999999529e-01,0.000000000000000000e+00,0.000000000000000000e+00,2.089999999999999913e-01,1.000000000000000000e+00,1.690000000000000113e-01,1.400000000000000000e+01,8.214000000000000000e+03
4.425598797999991802e+02,4.487410000000000000e+05,7.680000000000000160e-01,1.475000000000000089e+00,-1.810000000000000053e+00,-2.970000000000000000e+02,-4.749999999999999778e-01,4.860000000000000000e+02,0.000000000000000000e+00,0.000000000000000000e+00,0.000000000000000000e+00,1.989999999999999991e+00,-5.470000000000000000e+02,-5.470000000000000000e+02,-3.490000000000000000e+02,0.000000000000000000e+00,3.200000000000000067e-01,-1.632999999999999829e+01,-1.000000000000000000e+00,0.000000000000000000e+00,0.000000000000000000e+00,4.700000000000000011e-02,1.000000000000000000e+00,1.849999999999999978e-01,1.100000000000000000e+01,8.214000000000000000e+03
4.425752976999992825e+02,4.487610000000000000e+05,6.370000000000000107e-01,1.485999999999999988e+00,-4.120000000000000107e+00,-3.040000000000000000e+02,-4.859999999999999876e-01,6.290000000000000000e+02,0.000000000000000000e+00,0.000000000000000000e+00,0.000000000000000000e+00,3.800000000000000044e-01,-4.840000000000000000e+02,-4.840000000000000000e+02,-3.560000000000000000e+02,0.000000000000000000e+00,3.380000000000000226e-01,-6.790000000000000036e+00,-7.853999999999999870e-01,0.000000000000000000e+00,0.000000000000000000e+00,1.620000000000000051e-01,1.000000000000000000e+00,1.640000000000000069e-01,1.500000000000000000e+01,8.214000000000000000e+03
4.426140674999987823e+02,4.488010000000000000e+05,4.650000000000000244e-01,1.342000000000000082e+00,-2.649999999999999911e+00,-2.140000000000000000e+02,-3.420000000000000262e-01,6.150000000000000000e+02,0.000000000000000000e+00,0.000000000000000000e+00,0.000000000000000000e+00,2.399999999999999911e-01,-4.810000000000000000e+02,-4.810000000000000000e+02,-4.310000000000000000e+02,0.000000000000000000e+00,3.210000000000000075e-01,-1.015000000000000036e+01,-9.923999999999999488e-01,0.000000000000000000e+00,0.000000000000000000e+00,-1.700000000000000122e-02,1.000000000000000000e+00,1.069999999999999979e-01,1.000000000000000000e+00,8.214000000000000000e+03
4.426336135999990802e+02,4.488210000000000000e+05,3.880000000000000115e-01,1.520000000000000018e+00,-2.089999999999999858e+00,-3.250000000000000000e+02,-5.200000000000000178e-01,7.660000000000000000e+02,0.000000000000000000e+00,0.000000000000000000e+00,0.000000000000000000e+00,1.500000000000000000e+00,-5.540000000000000000e+02,-5.540000000000000000e+02,-3.980000000000000000e+02,0.000000000000000000e+00,0.000000000000000000e+00,0.000000000000000000e+00,0.000000000000000000e+00,0.000000000000000000e+00,0.000000000000000000e+00,-8.999999999999999320e-03,1.000000000000000000e+00,0.000000000000000000e+00,4.000000000000000000e+00,8.210000000000000000e+03
4.426556510999998864e+02,4.488410000000000000e+05,3.400000000000000244e-01,1.582000000000000073e+00,-4.099999999999999756e-01,-3.640000000000000000e+02,-5.819999999999999618e-01,8.090000000000000000e+02,0.000000000000000000e+00,0.000000000000000000e+00,0.000000000000000000e+00,2.620000000000000107e+00,-6.340000000000000000e+02,-6.340000000000000000e+02,-3.950000000000000000e+02,0.000000000000000000e+00,0.000000000000000000e+00,0.000000000000000000e+00,0.000000000000000000e+00,0.000000000000000000e+00,0.000000000000000000e+00,0.000000000000000000e+00,1.000000000000000000e+00,0.000000000000000000e+00,4.000000000000000000e+00,8.210000000000000000e+03
4.426704458000003797e+02,4.488610000000000000e+05,3.250000000000000111e-01,1.810999999999999943e+00,4.899999999999999911e-01,-5.070000000000000000e+02,-8.110000000000000542e-01,9.500000000000000000e+02,0.000000000000000000e+00,0.000000000000000000e+00,0.000000000000000000e+00,2.970000000000000195e+00,-6.810000000000000000e+02,-6.810000000000000000e+02,-3.510000000000000000e+02,0.000000000000000000e+00,0.000000000000000000e+00,0.000000000000000000e+00,0.000000000000000000e+00,0.000000000000000000e+00,0.000000000000000000e+00,2.599999999999999881e-02,1.000000000000000000e+00,0.000000000000000000e+00,4.000000000000000000e+00,8.210000000000000000e+03
4.427309604000001855e+02,4.489010000000000000e+05,3.190000000000000058e-01,2.065999999999999837e+00,3.149999999999999911e+00,-6.660000000000000000e+02,-1.066000000000000059e+00,1.066000000000000000e+03,0.000000000000000000e+00,0.000000000000000000e+00,0.000000000000000000e+00,-9.900000000000000355e+00,-5.230000000000000000e+02,-5.230000000000000000e+02,-3.440000000000000000e+02,0.000000000000000000e+00,0.000000000000000000e+00,0.000000000000000000e+00,0.000000000000000000e+00,0.000000000000000000e+00,0.000000000000000000e+00,4.000000000000000083e-03,1.000000000000000000e+00,0.000000000000000000e+00,2.400000000000000000e+01,8.210000000000000000e+03
4.427375164999994013e+02,4.489210000000000000e+05,3.699999999999999956e-01,2.168000000000000149e+00,6.929999999999999716e+00,-7.300000000000000000e+02,-1.167999999999999927e+00,1.035000000000000000e+03,0.000000000000000000e+00,0.000000000000000000e+00,0.000000000000000000e+00,-6.750000000000000000e+00,-5.710000000000000000e+02,-5.710000000000000000e+02,-3.690000000000000000e+02,0.000000000000000000e+00,0.000000000000000000e+00,0.000000000000000000e+00,0.000000000000000000e+00,0.000000000000000000e+00,0.000000000000000000e+00,8.999999999999999320e-03,1.000000000000000000e+00,0.000000000000000000e+00,4.000000000000000000e+00,8.210000000000000000e+03
4.427555747999995219e+02,4.489410000000000000e+05,5.100000000000000089e-01,2.149999999999999911e+00,5.669999999999999929e+00,-7.190000000000000000e+02,-1.149999999999999911e+00,9.680000000000000000e+02,0.000000000000000000e+00,0.000000000000000000e+00,0.000000000000000000e+00,-5.849999999999999645e+00,-5.270000000000000000e+02,-5.270000000000000000e+02,-4.180000000000000000e+02,0.000000000000000000e+00,0.000000000000000000e+00,0.000000000000000000e+00,0.000000000000000000e+00,0.000000000000000000e+00,0.000000000000000000e+00,-8.999999999999999320e-03,1.000000000000000000e+00,0.000000000000000000e+00,2.400000000000000000e+01,8.210000000000000000e+03
4.427772495999997773e+02,4.489610000000000000e+05,6.690000000000000391e-01,2.396999999999999797e+00,7.980000000000000426e+00,-8.730000000000000000e+02,-1.397000000000000020e+00,9.720000000000000000e+02,0.000000000000000000e+00,0.000000000000000000e+00,0.000000000000000000e+00,-4.940000000000000391e+00,-5.030000000000000000e+02,-5.030000000000000000e+02,-3.690000000000000000e+02,0.000000000000000000e+00,0.000000000000000000e+00,0.000000000000000000e+00,0.000000000000000000e+00,0.000000000000000000e+00,0.000000000000000000e+00,-4.000000000000000083e-03,1.000000000000000000e+00,0.000000000000000000e+00,4.000000000000000000e+00,8.210000000000000000e+03
4.428146003999991080e+02,4.490010000000000000e+05,1.048000000000000043e+00,2.653999999999999915e+00,8.470000000000000639e+00,-1.034000000000000000e+03,-1.653999999999999915e+00,8.880000000000000000e+02,0.000000000000000000e+00,0.000000000000000000e+00,0.000000000000000000e+00,-1.790000000000000036e+00,-5.650000000000000000e+02,-5.650000000000000000e+02,-3.160000000000000000e+02,0.000000000000000000e+00,0.000000000000000000e+00,0.000000000000000000e+00,0.000000000000000000e+00,0.000000000000000000e+00,0.000000000000000000e+00,-4.000000000000000083e-03,1.000000000000000000e+00,0.000000000000000000e+00,4.000000000000000000e+00,8.210000000000000000e+03
4.428333980999996129e+02,4.490210000000000000e+05,1.276000000000000023e+00,2.677999999999999936e+00,9.939999999999999503e+00,-1.049000000000000000e+03,-1.677999999999999936e+00,7.310000000000000000e+02,0.000000000000000000e+00,0.000000000000000000e+00,0.000000000000000000e+00,-1.719999999999999973e+00,-5.430000000000000000e+02,-5.430000000000000000e+02,-3.120000000000000000e+02,0.000000000000000000e+00,0.000000000000000000e+00,0.000000000000000000e+00,0.000000000000000000e+00,0.000000000000000000e+00,0.000000000000000000e+00,-1.299999999999999940e-02,1.000000000000000000e+00,0.000000000000000000e+00,4.000000000000000000e+00,8.210000000000000000e+03
4.428513617999997223e+02,4.490410000000000000e+05,1.500000000000000000e+00,2.754999999999999893e+00,9.730000000000000426e+00,-1.097000000000000000e+03,-1.754999999999999893e+00,6.400000000000000000e+02,0.000000000000000000e+00,0.000000000000000000e+00,0.000000000000000000e+00,-2.560000000000000053e+00,-4.750000000000000000e+02,-4.750000000000000000e+02,-2.880000000000000000e+02,0.000000000000000000e+00,0.000000000000000000e+00,0.000000000000000000e+00,0.000000000000000000e+00,0.000000000000000000e+00,0.000000000000000000e+00,-2.100000000000000130e-02,1.000000000000000000e+00,0.000000000000000000e+00,4.000000000000000000e+00,8.210000000000000000e+03
4.428725133999996615e+02,4.490610000000000000e+05,1.705999999999999961e+00,2.837000000000000188e+00,8.960000000000000853e+00,-1.148000000000000000e+03,-1.836999999999999966e+00,5.740000000000000000e+02,0.000000000000000000e+00,0.000000000000000000e+00,0.000000000000000000e+00,-1.159999999999999920e+00,-5.300000000000000000e+02,-5.300000000000000000e+02,-2.570000000000000000e+02,0.000000000000000000e+00,0.000000000000000000e+00,0.000000000000000000e+00,0.000000000000000000e+00,0.000000000000000000e+00,0.000000000000000000e+00,-2.599999999999999881e-02,1.000000000000000000e+00,0.000000000000000000e+00,4.000000000000000000e+00,8.210000000000000000e+03
4.429301479999994626e+02,4.491010000000000000e+05,2.092000000000000082e+00,2.677000000000000046e+00,6.509999999999999787e+00,-1.048000000000000000e+03,-1.677000000000000046e+00,2.740000000000000000e+02,0.000000000000000000e+00,0.000000000000000000e+00,0.000000000000000000e+00,-3.900000000000000133e-01,-5.580000000000000000e+02,-5.580000000000000000e+02,-2.820000000000000000e+02,0.000000000000000000e+00,0.000000000000000000e+00,0.000000000000000000e+00,0.000000000000000000e+00,0.000000000000000000e+00,0.000000000000000000e+00,-6.800000000000000488e-02,1.000000000000000000e+00,0.000000000000000000e+00,4.000000000000000000e+00,8.210000000000000000e+03
4.429331499999989319e+02,4.491210000000000000e+05,2.253000000000000114e+00,2.573999999999999844e+00,6.089999999999999858e+00,-9.840000000000000000e+02,-1.574000000000000066e+00,9.600000000000000000e+01,0.000000000000000000e+00,0.000000000000000000e+00,0.000000000000000000e+00,-1.370000000000000107e+00,-5.030000000000000000e+02,-5.030000000000000000e+02,-2.940000000000000000e+02,0.000000000000000000e+00,0.000000000000000000e+00,0.000000000000000000e+00,0.000000000000000000e+00,0.000000000000000000e+00,0.000000000000000000e+00,-1.029999999999999943e-01,1.000000000000000000e+00,0.000000000000000000e+00,4.000000000000000000e+00,8.210000000000000000e+03
4.429514681999989989e+02,4.491410000000000000e+05,2.398000000000000131e+00,2.311999999999999833e+00,4.339999999999999858e+00,-8.200000000000000000e+02,-1.312000000000000055e+00,-1.360000000000000000e+02,0.000000000000000000e+00,0.000000000000000000e+00,0.000000000000000000e+00,-7.399999999999999911e-01,-5.230000000000000000e+02,-5.230000000000000000e+02,-3.430000000000000000e+02,0.000000000000000000e+00,0.000000000000000000e+00,0.000000000000000000e+00,0.000000000000000000e+00,0.000000000000000000e+00,0.000000000000000000e+00,-1.069999999999999979e-01,1.000000000000000000e+00,0.000000000000000000e+00,4.000000000000000000e+00,8.210000000000000000e+03
4.429696425000001909e+02,4.491610000000000000e+05,2.463000000000000078e+00,2.184000000000000163e+00,1.469999999999999973e+00,-7.400000000000000000e+02,-1.183999999999999941e+00,-2.110000000000000000e+02,0.000000000000000000e+00,0.000000000000000000e+00,0.000000000000000000e+00,1.700000000000000122e-01,-5.560000000000000000e+02,-5.560000000000000000e+02,-3.460000000000000000e+02,0.000000000000000000e+00,0.000000000000000000e+00,0.000000000000000000e+00,0.000000000000000000e+00,0.000000000000000000e+00,0.000000000000000000e+00,-1.499999999999999944e-01,1.000000000000000000e+00,0.000000000000000000e+00,4.000000000000000000e+00,8.210000000000000000e+03
4.430292750999997224e+02,4.492010000000000000e+05,2.463999999999999968e+00,1.846000000000000085e+00,-4.610000000000000320e+00,-5.290000000000000000e+02,-8.459999999999999742e-01,-3.170000000000000000e+02,0.000000000000000000e+00,0.000000000000000000e+00,0.000000000000000000e+00,-5.300000000000000266e-01,-4.960000000000000000e+02,-4.960000000000000000e+02,-3.520000000000000000e+02,0.000000000000000000e+00,0.000000000000000000e+00,0.000000000000000000e+00,0.000000000000000000e+00,0.000000000000000000e+00,0.000000000000000000e+00,-1.580000000000000016e-01,1.000000000000000000e+00,0.000000000000000000e+00,4.000000000000000000e+00,8.210000000000000000e+03
4.430347870999994484e+02,4.492210000000000000e+05,2.359999999999999876e+00,1.572999999999999954e+00,-1.061999999999999922e+01,-3.580000000000000000e+02,-5.729999999999999538e-01,-3.190000000000000000e+02,0.000000000000000000e+00,0.000000000000000000e+00,0.000000000000000000e+00,5.899999999999999689e-01,-5.400000000000000000e+02,-5.400000000000000000e+02,-3.900000000000000000e+02,0.000000000000000000e+00,0.000000000000000000e+00,0.000000000000000000e+00,0.000000000000000000e+00,0.000000000000000000e+00,0.000000000000000000e+00,-1.839999999999999969e-01,1.000000000000000000e+00,0.000000000000000000e+00,2.400000000000000000e+01,8.210000000000000000e+03
4.430532640000001265e+02,4.492410000000000000e+05,2.188000000000000167e+00,1.447999999999999954e+00,-9.859999999999999432e+00,-2.800000000000000000e+02,-4.480000000000000093e-01,-2.990000000000000000e+02,0.000000000000000000e+00,0.000000000000000000e+00,0.000000000000000000e+00,5.899999999999999689e-01,-5.310000000000000000e+02,-5.310000000000000000e+02,-3.780000000000000000e+02,0.000000000000000000e+00,4.179999999999999827e-01,2.171000000000000085e+01,1.000000000000000000e+00,0.000000000000000000e+00,0.000000000000000000e+00,-1.110000000000000014e-01,1.000000000000000000e+00,1.529999999999999971e-01,1.600000000000000000e+01,8.214000000000000000e+03
4.430699041999996552e+02,4.492610000000000000e+05,1.985000000000000098e+00,1.401999999999999913e+00,-1.075999999999999979e+01,-2.510000000000000000e+02,-4.020000000000000240e-01,-1.970000000000000000e+02,0.000000000000000000e+00,0.000000000000000000e+00,0.000000000000000000e+00,1.080000000000000071e+00,-5.430000000000000000e+02,-5.430000000000000000e+02,-3.490000000000000000e+02,0.000000000000000000e+00,3.639999999999999902e-01,-5.190000000000000391e+00,-6.542000000000000037e-01,0.000000000000000000e+00,0.000000000000000000e+00,-1.880000000000000004e-01,1.000000000000000000e+00,1.479999999999999927e-01,1.600000000000000000e+01,8.214000000000000000e+03
4.431321583999997529e+02,4.493010000000000000e+05,1.431999999999999940e+00,1.241999999999999993e+00,-1.433000000000000007e+01,-1.510000000000000000e+02,-2.419999999999999929e-01,1.290000000000000000e+02,0.000000000000000000e+00,0.000000000000000000e+00,0.000000000000000000e+00,1.219999999999999973e+00,-5.440000000000000000e+02,-5.440000000000000000e+02,-3.350000000000000000e+02,0.000000000000000000e+00,3.719999999999999973e-01,-2.200000000000000178e+00,-5.358000000000000540e-01,0.000000000000000000e+00,0.000000000000000000e+00,-2.010000000000000120e-01,1.000000000000000000e+00,1.839999999999999969e-01,1.200000000000000000e+01,8.214000000000000000e+03
4.431392309000002570e+02,4.493210000000000000e+05,1.159999999999999920e+00,1.203000000000000069e+00,-1.272000000000000064e+01,-1.270000000000000000e+02,-2.030000000000000138e-01,2.580000000000000000e+02,0.000000000000000000e+00,0.000000000000000000e+00,0.000000000000000000e+00,2.060000000000000053e+00,-6.020000000000000000e+02,-6.020000000000000000e+02,-3.360000000000000000e+02,0.000000000000000000e+00,3.800000000000000044e-01,3.770000000000000018e+00,-4.019999999999999962e-02,0.000000000000000000e+00,0.000000000000000000e+00,-1.110000000000000014e-01,1.000000000000000000e+00,2.099999999999999922e-01,7.000000000000000000e+00,8.214000000000000000e+03
4.431547141999999440e+02,4.493410000000000000e+05,9.040000000000000258e-01,1.197999999999999954e+00,-1.174000000000000021e+01,-1.240000000000000000e+02,-1.980000000000000093e-01,4.020000000000000000e+02,0.000000000000000000e+00,0.000000000000000000e+00,0.000000000000000000e+00,1.989999999999999991e+00,-6.170000000000000000e+02,-6.170000000000000000e+02,-3.340000000000000000e+02,0.000000000000000000e+00,3.870000000000000107e-01,9.500000000000000000e+00,3.567000000000000171e-01,0.000000000000000000e+00,0.000000000000000000e+00,-2.100000000000000130e-02,1.000000000000000000e+00,2.369999999999999885e-01,1.000000000000000000e+01,8.214000000000000000e+03
4.431722153999999136e+02,4.493610000000000000e+05,6.600000000000000311e-01,1.227000000000000091e+00,-9.580000000000000071e+00,-1.420000000000000000e+02,-2.270000000000000073e-01,5.370000000000000000e+02,0.000000000000000000e+00,0.000000000000000000e+00,0.000000000000000000e+00,9.399999999999999467e-01,-5.740000000000000000e+02,-5.740000000000000000e+02,-3.410000000000000000e+02,0.000000000000000000e+00,3.320000000000000173e-01,-6.669999999999999929e+00,-4.812000000000000166e-01,0.000000000000000000e+00,0.000000000000000000e+00,-1.029999999999999943e-01,1.000000000000000000e+00,2.240000000000000047e-01,8.000000000000000000e+00,8.214000000000000000e+03
4.432157546999987972e+02,4.494010000000000000e+05,2.349999999999999867e-01,1.320000000000000062e+00,-5.169999999999999929e+00,-2.000000000000000000e+02,-3.200000000000000067e-01,7.940000000000000000e+02,0.000000000000000000e+00,0.000000000000000000e+00,0.000000000000000000e+00,1.639999999999999902e+00,-6.530000000000000000e+02,-6.530000000000000000e+02,-3.470000000000000000e+02,0.000000000000000000e+00,3.659999999999999920e-01,6.870000000000000107e+00,1.922000000000000097e-01,0.000000000000000000e+00,0.000000000000000000e+00,-2.010000000000000120e-01,1.000000000000000000e+00,2.300000000000000100e-01,7.000000000000000000e+00,8.214000000000000000e+03
4.432357289999999921e+02,4.494210000000000000e+05,1.360000000000000098e-01,1.413999999999999924e+00,-1.600000000000000089e+00,-2.590000000000000000e+02,-4.139999999999999791e-01,8.540000000000000000e+02,0.000000000000000000e+00,0.000000000000000000e+00,0.000000000000000000e+00,2.549999999999999822e+00,-7.300000000000000000e+02,-7.300000000000000000e+02,-3.590000000000000000e+02,0.000000000000000000e+00,3.489999999999999769e-01,6.410000000000000142e+00,3.456000000000000183e-01,0.000000000000000000e+00,0.000000000000000000e+00,-1.029999999999999943e-01,1.000000000000000000e+00,2.290000000000000091e-01,5.000000000000000000e+00,8.214000000000000000e+03
4.432580753999991430e+02,4.494410000000000000e+05,6.600000000000000311e-02,1.546999999999999931e+00,-6.899999999999999467e-01,-3.420000000000000000e+02,-5.470000000000000417e-01,9.680000000000000000e+02,0.000000000000000000e+00,0.000000000000000000e+00,0.000000000000000000e+00,2.060000000000000053e+00,-7.390000000000000000e+02,-7.390000000000000000e+02,-3.700000000000000000e+02,0.000000000000000000e+00,3.310000000000000164e-01,-1.030000000000000027e+00,-5.940000000000000141e-02,0.000000000000000000e+00,0.000000000000000000e+00,8.999999999999999320e-03,1.000000000000000000e+00,2.340000000000000135e-01,3.000000000000000000e+00,8.214000000000000000e+03
4.432724760999990394e+02,4.494610000000000000e+05,5.199999999999999761e-02,1.657999999999999918e+00,1.610000000000000098e+00,-4.110000000000000000e+02,-6.580000000000000293e-01,1.009000000000000000e+03,0.000000000000000000e+00,0.000000000000000000e+00,0.000000000000000000e+00,-1.799999999999999933e-01,-6.460000000000000000e+02,-6.460000000000000000e+02,-3.860000000000000000e+02,0.000000000000000000e+00,3.290000000000000147e-01,-4.969999999999999751e+00,-3.327999999999999847e-01,0.000000000000000000e+00,0.000000000000000000e+00,-4.299999999999999656e-02,1.000000000000000000e+00,2.489999999999999991e-01,2.000000000000000000e+00,8.214000000000000000e+03
4.433325521999995544e+02,4.495010000000000000e+05,2.139999999999999958e-01,1.973000000000000087e+00,8.400000000000000355e+00,-6.080000000000000000e+02,-9.729999999999999760e-01,9.950000000000000000e+02,0.000000000000000000e+00,0.000000000000000000e+00,0.000000000000000000e+00,1.850000000000000089e+00,-7.590000000000000000e+02,-7.590000000000000000e+02,-3.970000000000000000e+02,0.000000000000000000e+00,3.140000000000000013e-01,-7.940000000000000391e+00,-4.098999999999999866e-01,0.000000000000000000e+00,0.000000000000000000e+00,-1.749999999999999889e-01,1.000000000000000000e+00,2.399999999999999911e-01,2.000000000000000000e+01,8.214000000000000000e+03
4.433334809999996651e+02,4.495210000000000000e+05,3.639999999999999902e-01,2.137999999999999901e+00,9.939999999999999503e+00,-7.110000000000000000e+02,-1.137999999999999901e+00,9.710000000000000000e+02,0.000000000000000000e+00,0.000000000000000000e+00,0.000000000000000000e+00,4.500000000000000111e-01,-6.890000000000000000e+02,-6.890000000000000000e+02,-3.890000000000000000e+02,0.000000000000000000e+00,3.459999999999999742e-01,-7.900000000000000355e-01,-1.948000000000000009e-01,0.000000000000000000e+00,0.000000000000000000e+00,-1.150000000000000050e-01,1.000000000000000000e+00,2.530000000000000027e-01,1.600000000000000000e+01,8.214000000000000000e+03
4.433556974999992235e+02,4.495410000000000000e+05,5.490000000000000435e-01,2.237999999999999989e+00,1.118999999999999950e+01,-7.740000000000000000e+02,-1.237999999999999989e+00,8.870000000000000000e+02,0.000000000000000000e+00,0.000000000000000000e+00,0.000000000000000000e+00,-3.200000000000000067e-01,-6.500000000000000000e+02,-6.500000000000000000e+02,-3.980000000000000000e+02,0.000000000000000000e+00,3.280000000000000138e-01,-3.419999999999999929e+00,-1.237000000000000044e-01,0.000000000000000000e+00,0.000000000000000000e+00,8.999999999999999320e-03,1.000000000000000000e+00,2.680000000000000160e-01,1.200000000000000000e+01,8.214000000000000000e+03
4.433710878000001685e+02,4.495610000000000000e+05,7.550000000000000044e-01,2.255999999999999783e+00,1.111999999999999922e+01,-7.850000000000000000e+02,-1.256000000000000005e+00,7.740000000000000000e+02,0.000000000000000000e+00,0.000000000000000000e+00,0.000000000000000000e+00,8.000000000000000444e-01,-7.050000000000000000e+02,-7.050000000000000000e+02,-4.240000000000000000e+02,0.000000000000000000e+00,3.390000000000000235e-01,-1.590000000000000080e+00,-1.995000000000000107e-01,0.000000000000000000e+00,0.000000000000000000e+00,1.299999999999999940e-02,1.000000000000000000e+00,2.290000000000000091e-01,1.200000000000000000e+01,8.214000000000000000e+03
4.434310167999992700e+02,4.496010000000000000e+05,1.239000000000000101e+00,2.325000000000000178e+00,1.049000000000000021e+01,-8.280000000000000000e+02,-1.324999999999999956e+00,5.140000000000000000e+02,0.000000000000000000e+00,0.000000000000000000e+00,0.000000000000000000e+00,-1.799999999999999933e-01,-6.560000000000000000e+02,-6.560000000000000000e+02,-4.350000000000000000e+02,0.000000000000000000e+00,3.870000000000000107e-01,1.171000000000000085e+01,4.050000000000000266e-01,0.000000000000000000e+00,0.000000000000000000e+00,-1.700000000000000122e-02,1.000000000000000000e+00,2.359999999999999876e-01,9.000000000000000000e+00,8.214000000000000000e+03
4.434345990000001621e+02,4.496210000000000000e+05,1.447999999999999954e+00,2.349000000000000199e+00,8.960000000000000853e+00,-8.430000000000000000e+02,-1.348999999999999977e+00,4.240000000000000000e+02,0.000000000000000000e+00,0.000000000000000000e+00,0.000000000000000000e+00,-1.090000000000000080e+00,-6.140000000000000000e+02,-6.140000000000000000e+02,-4.290000000000000000e+02,0.000000000000000000e+00,3.729999999999999982e-01,3.859999999999999876e+00,-4.630000000000000088e-02,0.000000000000000000e+00,0.000000000000000000e+00,-8.999999999999999320e-03,1.000000000000000000e+00,2.469999999999999973e-01,6.000000000000000000e+00,8.214000000000000000e+03
4.434530589000005421e+02,4.496410000000000000e+05,1.645000000000000018e+00,2.426000000000000156e+00,7.910000000000000142e+00,-8.910000000000000000e+02,-1.425999999999999934e+00,3.630000000000000000e+02,0.000000000000000000e+00,0.000000000000000000e+00,0.000000000000000000e+00,-1.300000000000000044e+00,-6.090000000000000000e+02,-6.090000000000000000e+02,-3.930000000000000000e+02,0.000000000000000000e+00,3.579999999999999849e-01,-1.290000000000000036e+00,-2.409000000000000030e-01,0.000000000000000000e+00,0.000000000000000000e+00,-4.000000000000000083e-03,1.000000000000000000e+00,2.449999999999999956e-01,2.000000000000000000e+00,8.214000000000000000e+03
4.434710494999999355e+02,4.496610000000000000e+05,1.822999999999999954e+00,2.447999999999999954e+00,6.230000000000000426e+00,-9.050000000000000000e+02,-1.447999999999999954e+00,2.960000000000000000e+02,0.000000000000000000e+00,0.000000000000000000e+00,0.000000000000000000e+00,-6.700000000000000400e-01,-6.380000000000000000e+02,-6.380000000000000000e+02,-3.640000000000000000e+02,0.000000000000000000e+00,3.579999999999999849e-01,-1.290000000000000036e+00,-2.409000000000000030e-01,0.000000000000000000e+00,0.000000000000000000e+00,0.000000000000000000e+00,1.000000000000000000e+00,2.449999999999999956e-01,2.200000000000000000e+01,8.214000000000000000e+03
4.435306387000000541e+02,4.497010000000000000e+05,2.096999999999999975e+00,2.162999999999999812e+00,3.640000000000000124e+00,-7.270000000000000000e+02,-1.163000000000000034e+00,-2.000000000000000000e+01,0.000000000000000000e+00,0.000000000000000000e+00,0.000000000000000000e+00,-5.999999999999999778e-01,-6.190000000000000000e+02,-6.190000000000000000e+02,-4.030000000000000000e+02,0.000000000000000000e+00,3.960000000000000187e-01,6.990000000000000213e+00,1.195999999999999980e-01,0.000000000000000000e+00,0.000000000000000000e+00,0.000000000000000000e+00,1.000000000000000000e+00,2.570000000000000062e-01,1.600000000000000000e+01,8.214000000000000000e+03
4.435331029999997554e+02,4.497210000000000000e+05,2.184000000000000163e+00,2.013999999999999790e+00,6.999999999999999556e-01,-6.340000000000000000e+02,-1.014000000000000012e+00,-1.200000000000000000e+02,0.000000000000000000e+00,0.000000000000000000e+00,0.000000000000000000e+00,-5.999999999999999778e-01,-6.150000000000000000e+02,-6.150000000000000000e+02,-4.160000000000000000e+02,0.000000000000000000e+00,3.810000000000000053e-01,-2.919999999999999929e+00,-3.682000000000000273e-01,0.000000000000000000e+00,0.000000000000000000e+00,4.000000000000000083e-03,1.000000000000000000e+00,2.660000000000000142e-01,1.300000000000000000e+01,8.214000000000000000e+03
4.435504884000001766e+02,4.497410000000000000e+05,2.229000000000000092e+00,1.901999999999999913e+00,1.000000000000000021e-02,-5.640000000000000000e+02,-9.020000000000000240e-01,-2.160000000000000000e+02,0.000000000000000000e+00,0.000000000000000000e+00,0.000000000000000000e+00,-8.100000000000000533e-01,-5.920000000000000000e+02,-5.920000000000000000e+02,-4.100000000000000000e+02,0.000000000000000000e+00,3.689999999999999947e-01,-2.419999999999999929e+00,-2.679000000000000270e-01,0.000000000000000000e+00,0.000000000000000000e+00,0.000000000000000000e+00,1.000000000000000000e+00,2.530000000000000027e-01,1.200000000000000000e+01,8.214000000000000000e+03
4.435692012999988947e+02,4.497610000000000000e+05,2.210999999999999854e+00,1.758000000000000007e+00,-3.700000000000000178e+00,-4.740000000000000000e+02,-7.580000000000000071e-01,-2.250000000000000000e+02,0.000000000000000000e+00,0.000000000000000000e+00,0.000000000000000000e+00,-1.790000000000000036e+00,-5.240000000000000000e+02,-5.240000000000000000e+02,-4.130000000000000000e+02,0.000000000000000000e+00,3.400000000000000244e-01,-1.550000000000000000e+01,-8.873999999999999666e-01,0.000000000000000000e+00,0.000000000000000000e+00,8.999999999999999320e-03,1.000000000000000000e+00,2.489999999999999991e-01,1.100000000000000000e+01,8.214000000000000000e+03
4.436148820999987947e+02,4.498010000000000000e+05,1.961999999999999966e+00,1.586000000000000076e+00,-7.690000000000000391e+00,-3.660000000000000000e+02,-5.859999999999999654e-01,-1.050000000000000000e+02,0.000000000000000000e+00,0.000000000000000000e+00,0.000000000000000000e+00,-2.500000000000000000e-01,-5.840000000000000000e+02,-5.840000000000000000e+02,-3.790000000000000000e+02,0.000000000000000000e+00,3.689999999999999947e-01,-4.250000000000000000e+00,-4.102999999999999980e-01,0.000000000000000000e+00,0.000000000000000000e+00,1.299999999999999940e-02,1.000000000000000000e+00,2.570000000000000062e-01,3.000000000000000000e+00,8.214000000000000000e+03
4.436335246999988158e+02,4.498210000000000000e+05,1.766000000000000014e+00,1.481999999999999984e+00,-8.740000000000000213e+00,-3.010000000000000000e+02,-4.819999999999999840e-01,-3.200000000000000000e+01,0.000000000000000000e+00,0.000000000000000000e+00,0.000000000000000000e+00,6.600000000000000311e-01,-6.250000000000000000e+02,-6.250000000000000000e+02,-3.790000000000000000e+02,0.000000000000000000e+00,3.689999999999999947e-01,-4.250000000000000000e+00,-4.102999999999999980e-01,0.000000000000000000e+00,0.000000000000000000e+00,2.100000000000000130e-02,1.000000000000000000e+00,2.570000000000000062e-01,2.300000000000000000e+01,8.214000000000000000e+03
4.436515289999988454e+02,4.498410000000000000e+05,1.558999999999999941e+00,1.405999999999999917e+00,-9.509999999999999787e+00,-2.540000000000000000e+02,-4.060000000000000275e-01,7.300000000000000000e+01,0.000000000000000000e+00,0.000000000000000000e+00,0.000000000000000000e+00,3.800000000000000044e-01,-6.090000000000000000e+02,-6.090000000000000000e+02,-3.770000000000000000e+02,0.000000000000000000e+00,3.870000000000000107e-01,2.069999999999999840e+00,-1.009000000000000036e-01,0.000000000000000000e+00,0.000000000000000000e+00,5.099999999999999672e-02,1.000000000000000000e+00,2.670000000000000151e-01,1.800000000000000000e+01,8.214000000000000000e+03
4.436686941999996634e+02,4.498610000000000000e+05,1.231999999999999984e+00,1.354000000000000092e+00,-9.789999999999999147e+00,-2.210000000000000000e+02,-3.539999999999999813e-01,2.540000000000000000e+02,0.000000000000000000e+00,0.000000000000000000e+00,0.000000000000000000e+00,3.800000000000000044e-01,-1.161000000000000000e+03,-1.161000000000000000e+03,-3.800000000000000000e+02,0.000000000000000000e+00,3.780000000000000027e-01,-1.370000000000000107e+00,-2.409000000000000030e-01,0.000000000000000000e+00,0.000000000000000000e+00,9.400000000000000022e-02,1.000000000000000000e+00,2.889999999999999791e-01,1.400000000000000000e+01,8.214000000000000000e+03
4.437293664999997418e+02,4.499010000000000000e+05,8.269999999999999574e-01,1.350000000000000089e+00,-1.068999999999999950e+01,-2.190000000000000000e+02,-3.499999999999999778e-01,5.400000000000000000e+02,0.000000000000000000e+00,0.000000000000000000e+00,0.000000000000000000e+00,-8.150000000000000355e+00,-5.890000000000000000e+02,-5.890000000000000000e+02,-3.990000000000000000e+02,0.000000000000000000e+00,3.599999999999999867e-01,-5.410000000000000142e+00,-4.739999999999999769e-01,0.000000000000000000e+00,0.000000000000000000e+00,1.280000000000000027e-01,1.000000000000000000e+00,2.720000000000000195e-01,0.000000000000000000e+00,8.214000000000000000e+03
4.437355845000001864e+02,4.499210000000000000e+05,6.790000000000000480e-01,1.374000000000000110e+00,-5.799999999999999822e+00,-2.340000000000000000e+02,-3.739999999999999991e-01,5.510000000000000000e+02,0.000000000000000000e+00,0.000000000000000000e+00,0.000000000000000000e+00,-5.500000000000000000e+00,-6.290000000000000000e+02,-6.290000000000000000e+02,-4.090000000000000000e+02,0.000000000000000000e+00,3.599999999999999867e-01,-5.410000000000000142e+00,-4.739999999999999769e-01,0.000000000000000000e+00,0.000000000000000000e+00,1.029999999999999943e-01,1.000000000000000000e+00,2.720000000000000195e-01,2.000000000000000000e+01,8.214000000000000000e+03
4.437523201999993034e+02,4.499410000000000000e+05,5.420000000000000373e-01,1.437999999999999945e+00,-3.350000000000000089e+00,-2.740000000000000000e+02,-4.380000000000000004e-01,6.410000000000000000e+02,0.000000000000000000e+00,0.000000000000000000e+00,0.000000000000000000e+00,-5.780000000000000249e+00,-5.500000000000000000e+02,-5.500000000000000000e+02,-4.130000000000000000e+02,0.000000000000000000e+00,3.449999999999999734e-01,-6.740000000000000213e+00,-4.606000000000000094e-01,0.000000000000000000e+00,0.000000000000000000e+00,1.580000000000000016e-01,1.000000000000000000e+00,2.800000000000000266e-01,1.300000000000000000e+01,8.214000000000000000e+03
4.437731255999988207e+02,4.499610000000000000e+05,4.369999999999999996e-01,1.471999999999999975e+00,-2.790000000000000036e+00,-2.950000000000000000e+02,-4.719999999999999751e-01,7.140000000000000000e+02,0.000000000000000000e+00,0.000000000000000000e+00,0.000000000000000000e+00,-2.279999999999999805e+00,-6.770000000000000000e+02,-6.770000000000000000e+02,-4.130000000000000000e+02,0.000000000000000000e+00,3.549999999999999822e-01,-1.280000000000000027e+00,-2.632999999999999785e-01,0.000000000000000000e+00,0.000000000000000000e+00,8.999999999999999667e-02,1.000000000000000000e+00,2.489999999999999991e-01,1.000000000000000000e+01,8.214000000000000000e+03
4.438195955999999569e+02,4.500010000000000000e+05,3.760000000000000009e-01,1.637000000000000011e+00,-1.179999999999999938e+00,-3.980000000000000000e+02,-6.370000000000000107e-01,8.350000000000000000e+02,0.000000000000000000e+00,0.000000000000000000e+00,0.000000000000000000e+00,-2.279999999999999805e+00,-6.060000000000000000e+02,-6.060000000000000000e+02,-4.130000000000000000e+02,0.000000000000000000e+00,2.760000000000000231e-01,-2.348999999999999844e+01,-9.461000000000000520e-01,0.000000000000000000e+00,0.000000000000000000e+00,8.999999999999999667e-02,1.000000000000000000e+00,2.439999999999999947e-01,3.000000000000000000e+00,8.214000000000000000e+03
4.438341631000002963e+02,4.500210000000000000e+05,4.189999999999999836e-01,1.754999999999999893e+00,3.290000000000000036e+00,-4.720000000000000000e+02,-7.550000000000000044e-01,8.110000000000000000e+02,0.000000000000000000e+00,0.000000000000000000e+00,0.000000000000000000e+00,-1.510000000000000009e+00,-6.150000000000000000e+02,-6.150000000000000000e+02,-4.070000000000000000e+02,0.000000000000000000e+00,3.519999999999999796e-01,-3.810000000000000053e+00,-4.319999999999999951e-01,0.000000000000000000e+00,0.000000000000000000e+00,1.710000000000000131e-01,1.000000000000000000e+00,2.280000000000000082e-01,3.000000000000000000e+00,8.214000000000000000e+03
4.438549462999999378e+02,4.500410000000000000e+05,4.580000000000000182e-01,1.826999999999999957e+00,4.480000000000000426e+00,-5.170000000000000000e+02,-8.269999999999999574e-01,8.040000000000000000e+02,0.000000000000000000e+00,0.000000000000000000e+00,0.000000000000000000e+00,-1.799999999999999933e-01,-6.820000000000000000e+02,-6.820000000000000000e+02,-4.140000000000000000e+02,0.000000000000000000e+00,3.559999999999999831e-01,-8.699999999999999956e-01,-3.366000000000000103e-01,0.000000000000000000e+00,0.000000000000000000e+00,2.999999999999999889e-02,1.000000000000000000e+00,2.149999999999999967e-01,4.000000000000000000e+00,8.214000000000000000e+03
4.438755187999995542e+02,4.500610000000000000e+05,5.180000000000000160e-01,1.881999999999999895e+00,4.269999999999999574e+00,-5.510000000000000000e+02,-8.820000000000000062e-01,8.030000000000000000e+02,0.000000000000000000e+00,0.000000000000000000e+00,0.000000000000000000e+00,-8.100000000000000533e-01,-6.460000000000000000e+02,-6.460000000000000000e+02,-4.200000000000000000e+02,0.000000000000000000e+00,3.990000000000000213e-01,1.475000000000000000e+01,5.417999999999999483e-01,0.000000000000000000e+00,0.000000000000000000e+00,2.439999999999999947e-01,1.000000000000000000e+00,2.270000000000000073e-01,6.000000000000000000e+00,8.214000000000000000e+03
4.439325675000000047e+02,4.501010000000000000e+05,7.329999999999999849e-01,2.089999999999999858e+00,5.250000000000000000e+00,-6.810000000000000000e+02,-1.090000000000000080e+00,7.890000000000000000e+02,0.000000000000000000e+00,0.000000000000000000e+00,0.000000000000000000e+00,-8.800000000000000044e-01,-6.100000000000000000e+02,-6.100000000000000000e+02,-4.000000000000000000e+02,0.000000000000000000e+00,3.150000000000000022e-01,-1.894999999999999929e+01,-1.000000000000000000e+00,0.000000000000000000e+00,0.000000000000000000e+00,1.029999999999999943e-01,1.000000000000000000e+00,2.119999999999999940e-01,9.000000000000000000e+00,8.214000000000000000e+03
4.439349712000002910e+02,4.501210000000000000e+05,8.599999999999999867e-01,2.170999999999999819e+00,5.809999999999999609e+00,-7.320000000000000000e+02,-1.171000000000000041e+00,7.450000000000000000e+02,0.000000000000000000e+00,0.000000000000000000e+00,0.000000000000000000e+00,-1.229999999999999982e+00,-5.820000000000000000e+02,-5.820000000000000000e+02,-3.870000000000000000e+02,0.000000000000000000e+00,3.499999999999999778e-01,-6.320000000000000284e+00,-5.806999999999999940e-01,0.000000000000000000e+00,0.000000000000000000e+00,1.749999999999999889e-01,1.000000000000000000e+00,1.729999999999999871e-01,1.500000000000000000e+01,8.214000000000000000e+03
4.439550221999998030e+02,4.501410000000000000e+05,9.899999999999999911e-01,2.202999999999999847e+00,5.599999999999999645e+00,-7.520000000000000000e+02,-1.203000000000000069e+00,6.880000000000000000e+02,0.000000000000000000e+00,0.000000000000000000e+00,0.000000000000000000e+00,-2.419999999999999929e+00,-5.110000000000000000e+02,-5.110000000000000000e+02,-3.830000000000000000e+02,0.000000000000000000e+00,3.910000000000000142e-01,1.178999999999999915e+01,3.481000000000000205e-01,0.000000000000000000e+00,0.000000000000000000e+00,1.620000000000000051e-01,1.000000000000000000e+00,1.680000000000000104e-01,1.400000000000000000e+01,8.214000000000000000e+03
4.439719389999991108e+02,4.501610000000000000e+05,1.108999999999999986e+00,2.216000000000000192e+00,5.389999999999999680e+00,-7.600000000000000000e+02,-1.215999999999999970e+00,6.200000000000000000e+02,0.000000000000000000e+00,0.000000000000000000e+00,0.000000000000000000e+00,-1.929999999999999938e+00,-5.100000000000000000e+02,-5.100000000000000000e+02,-3.820000000000000000e+02,0.000000000000000000e+00,3.250000000000000111e-01,-2.435999999999999943e+01,-1.000000000000000000e+00,0.000000000000000000e+00,0.000000000000000000e+00,2.100000000000000130e-02,1.000000000000000000e+00,1.719999999999999862e-01,1.500000000000000000e+01,8.214000000000000000e+03
4.440152340000004187e+02,4.502010000000000000e+05,1.342999999999999972e+00,2.108999999999999986e+00,4.900000000000000355e+00,-6.930000000000000000e+02,-1.108999999999999986e+00,4.090000000000000000e+02,0.000000000000000000e+00,0.000000000000000000e+00,0.000000000000000000e+00,1.570000000000000062e+00,-6.600000000000000000e+02,-6.600000000000000000e+02,-4.130000000000000000e+02,0.000000000000000000e+00,3.589999999999999858e-01,-1.197000000000000064e+01,-1.000000000000000000e+00,0.000000000000000000e+00,0.000000000000000000e+00,4.299999999999999656e-02,1.000000000000000000e+00,1.650000000000000078e-01,1.600000000000000000e+01,8.214000000000000000e+03
4.440319433000004210e+02,4.502210000000000000e+05,1.298000000000000043e+00,2.165999999999999925e+00,-1.879999999999999893e+00,-7.290000000000000000e+02,-1.165999999999999925e+00,5.470000000000000000e+02,0.000000000000000000e+00,0.000000000000000000e+00,0.000000000000000000e+00,4.919999999999999929e+00,-8.410000000000000000e+02,-8.410000000000000000e+02,-3.880000000000000000e+02,0.000000000000000000e+00,3.290000000000000147e-01,-2.012000000000000099e+01,-1.000000000000000000e+00,0.000000000000000000e+00,0.000000000000000000e+00,2.819999999999999729e-01,1.000000000000000000e+00,1.729999999999999871e-01,1.400000000000000000e+01,8.214000000000000000e+03
4.440497856000001775e+02,4.502410000000000000e+05,1.429999999999999938e+00,2.178999999999999826e+00,1.750000000000000000e+00,-7.370000000000000000e+02,-1.179000000000000048e+00,4.660000000000000000e+02,0.000000000000000000e+00,0.000000000000000000e+00,0.000000000000000000e+00,4.500000000000000111e-01,-6.080000000000000000e+02,-6.080000000000000000e+02,-3.770000000000000000e+02,0.000000000000000000e+00,3.449999999999999734e-01,-1.758999999999999986e+01,-1.000000000000000000e+00,0.000000000000000000e+00,0.000000000000000000e+00,1.199999999999999956e-01,1.000000000000000000e+00,1.779999999999999916e-01,1.400000000000000000e+01,8.214000000000000000e+03
4.440674089000003733e+02,4.502610000000000000e+05,1.453999999999999959e+00,2.173000000000000043e+00,1.189999999999999947e+00,-7.330000000000000000e+02,-1.173000000000000043e+00,4.530000000000000000e+02,0.000000000000000000e+00,0.000000000000000000e+00,0.000000000000000000e+00,-2.000000000000000000e+00,-4.660000000000000000e+02,-4.660000000000000000e+02,-3.690000000000000000e+02,0.000000000000000000e+00,3.770000000000000018e-01,-4.549999999999999822e+00,-7.268000000000000016e-01,0.000000000000000000e+00,0.000000000000000000e+00,1.280000000000000027e-01,1.000000000000000000e+00,1.680000000000000104e-01,1.600000000000000000e+01,8.214000000000000000e+03
4.441304629999995086e+02,4.503010000000000000e+05,1.520999999999999908e+00,2.221999999999999975e+00,1.260000000000000009e+00,-7.640000000000000000e+02,-1.221999999999999975e+00,4.340000000000000000e+02,0.000000000000000000e+00,0.000000000000000000e+00,0.000000000000000000e+00,-1.020000000000000018e+00,-5.060000000000000000e+02,-5.060000000000000000e+02,-3.220000000000000000e+02,0.000000000000000000e+00,0.000000000000000000e+00,0.000000000000000000e+00,0.000000000000000000e+00,0.000000000000000000e+00,0.000000000000000000e+00,-1.299999999999999940e-02,1.000000000000000000e+00,0.000000000000000000e+00,2.500000000000000000e+01,8.210000000000000000e+03
4.441360864999987825e+02,4.503210000000000000e+05,1.578000000000000069e+00,2.137999999999999901e+00,2.100000000000000089e+00,-7.110000000000000000e+02,-1.137999999999999901e+00,3.250000000000000000e+02,0.000000000000000000e+00,0.000000000000000000e+00,0.000000000000000000e+00,-3.200000000000000067e-01,-5.310000000000000000e+02,-5.310000000000000000e+02,-3.350000000000000000e+02,0.000000000000000000e+00,0.000000000000000000e+00,0.000000000000000000e+00,0.000000000000000000e+00,0.000000000000000000e+00,0.000000000000000000e+00,4.000000000000000083e-03,1.000000000000000000e+00,0.000000000000000000e+00,5.000000000000000000e+00,8.210000000000000000e+03
4.441553524999999354e+02,4.503410000000000000e+05,1.614999999999999991e+00,2.096000000000000085e+00,1.330000000000000071e+00,-6.850000000000000000e+02,-1.096000000000000085e+00,2.850000000000000000e+02,0.000000000000000000e+00,0.000000000000000000e+00,0.000000000000000000e+00,1.080000000000000071e+00,-5.930000000000000000e+02,-5.930000000000000000e+02,-3.360000000000000000e+02,0.000000000000000000e+00,0.000000000000000000e+00,0.000000000000000000e+00,0.000000000000000000e+00,0.000000000000000000e+00,0.000000000000000000e+00,2.599999999999999881e-02,1.000000000000000000e+00,0.000000000000000000e+00,5.000000000000000000e+00,8.210000000000000000e+03
4.441703833999999915e+02,4.503610000000000000e+05,1.564000000000000057e+00,2.067000000000000171e+00,-7.129999999999999893e+00,-6.670000000000000000e+02,-1.066999999999999948e+00,4.660000000000000000e+02,0.000000000000000000e+00,0.000000000000000000e+00,0.000000000000000000e+00,9.399999999999999467e-01,-5.830000000000000000e+02,-5.830000000000000000e+02,-3.320000000000000000e+02,0.000000000000000000e+00,0.000000000000000000e+00,0.000000000000000000e+00,0.000000000000000000e+00,0.000000000000000000e+00,0.000000000000000000e+00,2.139999999999999958e-01,1.000000000000000000e+00,0.000000000000000000e+00,5.000000000000000000e+00,8.210000000000000000e+03
4.442174123999993753e+02,4.504010000000000000e+05,1.665999999999999925e+00,1.814000000000000057e+00,2.870000000000000107e+00,-5.090000000000000000e+02,-8.139999999999999458e-01,5.000000000000000000e+01,0.000000000000000000e+00,0.000000000000000000e+00,0.000000000000000000e+00,-2.629999999999999893e+00,-3.970000000000000000e+02,-3.970000000000000000e+02,-3.860000000000000000e+02,0.000000000000000000e+00,0.000000000000000000e+00,0.000000000000000000e+00,0.000000000000000000e+00,0.000000000000000000e+00,0.000000000000000000e+00,5.099999999999999672e-02,1.000000000000000000e+00,0.000000000000000000e+00,5.000000000000000000e+00,8.210000000000000000e+03
4.442374927000000753e+02,4.504210000000000000e+05,1.582000000000000073e+00,1.572999999999999954e+00,1.399999999999999911e+00,-3.580000000000000000e+02,-5.729999999999999538e-01,-3.800000000000000000e+01,0.000000000000000000e+00,0.000000000000000000e+00,0.000000000000000000e+00,-2.279999999999999805e+00,-4.040000000000000000e+02,-4.040000000000000000e+02,-4.370000000000000000e+02,0.000000000000000000e+00,0.000000000000000000e+00,0.000000000000000000e+00,0.000000000000000000e+00,0.000000000000000000e+00,0.000000000000000000e+00,-8.999999999999999320e-03,1.000000000000000000e+00,0.000000000000000000e+00,5.000000000000000000e+00,8.210000000000000000e+03
4.442543220999996265e+02,4.504410000000000000e+05,1.504000000000000004e+00,1.570000000000000062e+00,-3.000000000000000000e+00,-3.560000000000000000e+02,-5.699999999999999512e-01,9.400000000000000000e+01,0.000000000000000000e+00,0.000000000000000000e+00,0.000000000000000000e+00,-1.649999999999999911e+00,-4.330000000000000000e+02,-4.330000000000000000e+02,-4.130000000000000000e+02,0.000000000000000000e+00,0.000000000000000000e+00,0.000000000000000000e+00,0.000000000000000000e+00,0.000000000000000000e+00,0.000000000000000000e+00,-1.700000000000000122e-02,1.000000000000000000e+00,0.000000000000000000e+00,5.000000000000000000e+00,8.210000000000000000e+03
4.442722377999998571e+02,4.504610000000000000e+05,1.433000000000000052e+00,1.110000000000000098e+00,-6.080000000000000071e+00,-6.900000000000000000e+01,-1.100000000000000006e-01,-1.030000000000000000e+02,0.000000000000000000e+00,0.000000000000000000e+00,0.000000000000000000e+00,3.800000000000000044e-01,-5.220000000000000000e+02,-5.220000000000000000e+02,-5.300000000000000000e+02,0.000000000000000000e+00,0.000000000000000000e+00,0.000000000000000000e+00,0.000000000000000000e+00,0.000000000000000000e+00,0.000000000000000000e+00,1.299999999999999940e-02,1.000000000000000000e+00,0.000000000000000000e+00,5.000000000000000000e+00,8.210000000000000000e+03
4.443302884000004269e+02,4.505010000000000000e+05,1.233000000000000096e+00,1.173999999999999932e+00,-9.509999999999999787e+00,-1.090000000000000000e+02,-1.739999999999999880e-01,1.340000000000000000e+02,0.000000000000000000e+00,0.000000000000000000e+00,0.000000000000000000e+00,5.899999999999999689e-01,-5.210000000000000000e+02,-5.210000000000000000e+02,-4.580000000000000000e+02,0.000000000000000000e+00,0.000000000000000000e+00,0.000000000000000000e+00,0.000000000000000000e+00,0.000000000000000000e+00,0.000000000000000000e+00,0.000000000000000000e+00,1.000000000000000000e+00,0.000000000000000000e+00,5.000000000000000000e+00,8.210000000000000000e+03
4.443354392000001098e+02,4.505210000000000000e+05,1.054999999999999938e+00,1.237000000000000099e+00,-9.580000000000000071e+00,-1.480000000000000000e+02,-2.369999999999999885e-01,2.880000000000000000e+02,0.000000000000000000e+00,0.000000000000000000e+00,0.000000000000000000e+00,6.600000000000000311e-01,-5.250000000000000000e+02,-5.250000000000000000e+02,-4.260000000000000000e+02,0.000000000000000000e+00,3.549999999999999822e-01,2.790000000000000036e+00,2.290000000000000091e-01,0.000000000000000000e+00,0.000000000000000000e+00,-4.000000000000000083e-03,1.000000000000000000e+00,9.199999999999999845e-02,0.000000000000000000e+00,8.214000000000000000e+03
4.443563594999995985e+02,4.505410000000000000e+05,8.689999999999999947e-01,1.358000000000000096e+00,-9.509999999999999787e+00,-2.240000000000000000e+02,-3.579999999999999849e-01,4.880000000000000000e+02,0.000000000000000000e+00,0.000000000000000000e+00,0.000000000000000000e+00,3.800000000000000044e-01,-5.140000000000000000e+02,-5.140000000000000000e+02,-3.680000000000000000e+02,0.000000000000000000e+00,0.000000000000000000e+00,0.000000000000000000e+00,0.000000000000000000e+00,0.000000000000000000e+00,0.000000000000000000e+00,0.000000000000000000e+00,1.000000000000000000e+00,0.000000000000000000e+00,5.000000000000000000e+00,8.210000000000000000e+03
4.443715828999993391e+02,4.505610000000000000e+05,6.620000000000000329e-01,1.441999999999999948e+00,-8.810000000000000497e+00,-2.760000000000000000e+02,-4.420000000000000040e-01,6.630000000000000000e+02,0.000000000000000000e+00,0.000000000000000000e+00,0.000000000000000000e+00,3.800000000000000044e-01,-5.170000000000000000e+02,-5.170000000000000000e+02,-3.400000000000000000e+02,0.000000000000000000e+00,0.000000000000000000e+00,0.000000000000000000e+00,0.000000000000000000e+00,0.000000000000000000e+00,0.000000000000000000e+00,-8.999999999999999320e-03,1.000000000000000000e+00,0.000000000000000000e+00,5.000000000000000000e+00,8.210000000000000000e+03
4.444177354000003106e+02,4.506010000000000000e+05,3.589999999999999858e-01,1.536000000000000032e+00,-3.979999999999999982e+00,-3.350000000000000000e+02,-5.360000000000000320e-01,8.340000000000000000e+02,0.000000000000000000e+00,0.000000000000000000e+00,0.000000000000000000e+00,8.000000000000000444e-01,-5.420000000000000000e+02,-5.420000000000000000e+02,-3.380000000000000000e+02,0.000000000000000000e+00,0.000000000000000000e+00,0.000000000000000000e+00,0.000000000000000000e+00,0.000000000000000000e+00,0.000000000000000000e+00,-2.599999999999999881e-02,1.000000000000000000e+00,0.000000000000000000e+00,5.000000000000000000e+00,8.210000000000000000e+03
4.444326440000004368e+02,4.506210000000000000e+05,2.800000000000000266e-01,1.653999999999999915e+00,-1.459999999999999964e+00,-4.090000000000000000e+02,-6.540000000000000258e-01,9.180000000000000000e+02,0.000000000000000000e+00,0.000000000000000000e+00,0.000000000000000000e+00,9.399999999999999467e-01,-5.490000000000000000e+02,-5.490000000000000000e+02,-3.320000000000000000e+02,0.000000000000000000e+00,0.000000000000000000e+00,0.000000000000000000e+00,0.000000000000000000e+00,0.000000000000000000e+00,0.000000000000000000e+00,-4.700000000000000011e-02,1.000000000000000000e+00,0.000000000000000000e+00,5.000000000000000000e+00,8.210000000000000000e+03
4.444520561999997881e+02,4.506410000000000000e+05,2.379999999999999893e-01,1.770999999999999908e+00,9.799999999999999822e-01,-4.820000000000000000e+02,-7.710000000000000187e-01,9.760000000000000000e+02,0.000000000000000000e+00,0.000000000000000000e+00,0.000000000000000000e+00,3.099999999999999978e-01,-5.170000000000000000e+02,-5.170000000000000000e+02,-3.330000000000000000e+02,0.000000000000000000e+00,0.000000000000000000e+00,0.000000000000000000e+00,0.000000000000000000e+00,0.000000000000000000e+00,0.000000000000000000e+00,-3.400000000000000244e-02,1.000000000000000000e+00,0.000000000000000000e+00,5.000000000000000000e+00,8.210000000000000000e+03
4.444695429999992484e+02,4.506610000000000000e+05,2.419999999999999929e-01,1.808000000000000052e+00,1.540000000000000036e+00,-5.050000000000000000e+02,-8.080000000000000515e-01,9.940000000000000000e+02,0.000000000000000000e+00,0.000000000000000000e+00,0.000000000000000000e+00,1.429999999999999938e+00,-5.780000000000000000e+02,-5.780000000000000000e+02,-3.660000000000000000e+02,0.000000000000000000e+00,0.000000000000000000e+00,0.000000000000000000e+00,0.000000000000000000e+00,0.000000000000000000e+00,0.000000000000000000e+00,-7.299999999999999545e-02,1.000000000000000000e+00,0.000000000000000000e+00,5.000000000000000000e+00,8.210000000000000000e+03
4.445307738999999856e+02,4.507010000000000000e+05,4.159999999999999809e-01,2.197999999999999954e+00,6.719999999999999751e+00,-7.490000000000000000e+02,-1.197999999999999954e+00,1.032000000000000000e+03,0.000000000000000000e+00,0.000000000000000000e+00,0.000000000000000000e+00,8.699999999999999956e-01,-6.020000000000000000e+02,-6.020000000000000000e+02,-3.220000000000000000e+02,0.000000000000000000e+00,0.000000000000000000e+00,0.000000000000000000e+00,0.000000000000000000e+00,0.000000000000000000e+00,0.000000000000000000e+00,-1.330000000000000071e-01,1.000000000000000000e+00,0.000000000000000000e+00,5.000000000000000000e+00,8.210000000000000000e+03
4.445341128000000026e+02,4.507210000000000000e+05,5.290000000000000258e-01,2.202999999999999847e+00,6.580000000000000071e+00,-7.520000000000000000e+02,-1.203000000000000069e+00,9.630000000000000000e+02,0.000000000000000000e+00,0.000000000000000000e+00,0.000000000000000000e+00,3.800000000000000044e-01,-5.810000000000000000e+02,-5.810000000000000000e+02,-3.530000000000000000e+02,0.000000000000000000e+00,0.000000000000000000e+00,0.000000000000000000e+00,0.000000000000000000e+00,0.000000000000000000e+00,0.000000000000000000e+00,-1.069999999999999979e-01,1.000000000000000000e+00,0.000000000000000000e+00,5.000000000000000000e+00,8.210000000000000000e+03
4.445524585999992269e+02,4.507410000000000000e+05,7.129999999999999671e-01,2.327999999999999847e+00,8.609999999999999432e+00,-8.300000000000000000e+02,-1.328000000000000069e+00,8.900000000000000000e+02,0.000000000000000000e+00,0.000000000000000000e+00,0.000000000000000000e+00,8.699999999999999956e-01,-6.080000000000000000e+02,-6.080000000000000000e+02,-3.470000000000000000e+02,0.000000000000000000e+00,3.980000000000000204e-01,2.478000000000000114e+01,1.000000000000000000e+00,0.000000000000000000e+00,0.000000000000000000e+00,-1.580000000000000016e-01,1.000000000000000000e+00,7.000000000000000666e-02,1.000000000000000000e+00,8.214000000000000000e+03
4.445731130999993184e+02,4.507610000000000000e+05,8.980000000000000204e-01,2.373000000000000220e+00,1.014000000000000057e+01,-8.580000000000000000e+02,-1.372999999999999998e+00,7.750000000000000000e+02,0.000000000000000000e+00,0.000000000000000000e+00,0.000000000000000000e+00,2.410000000000000142e+00,-7.080000000000000000e+02,-7.080000000000000000e+02,-3.560000000000000000e+02,0.000000000000000000e+00,0.000000000000000000e+00,0.000000000000000000e+00,0.000000000000000000e+00,0.000000000000000000e+00,0.000000000000000000e+00,-1.330000000000000071e-01,1.000000000000000000e+00,0.000000000000000000e+00,5.000000000000000000e+00,8.210000000000000000e+03
4.446286999999992986e+02,4.508010000000000000e+05,1.350000000000000089e+00,2.515000000000000124e+00,1.076999999999999957e+01,-9.470000000000000000e+02,-1.514999999999999902e+00,5.630000000000000000e+02,0.000000000000000000e+00,0.000000000000000000e+00,0.000000000000000000e+00,-1.799999999999999933e-01,-6.090000000000000000e+02,-6.090000000000000000e+02,-3.430000000000000000e+02,0.000000000000000000e+00,0.000000000000000000e+00,0.000000000000000000e+00,0.000000000000000000e+00,0.000000000000000000e+00,0.000000000000000000e+00,-1.710000000000000131e-01,1.000000000000000000e+00,0.000000000000000000e+00,5.000000000000000000e+00,8.210000000000000000e+03
4.446349673999993684e+02,4.508210000000000000e+05,1.570000000000000062e+00,2.500999999999999890e+00,1.083999999999999986e+01,-9.380000000000000000e+02,-1.500999999999999890e+00,3.990000000000000000e+02,0.000000000000000000e+00,0.000000000000000000e+00,0.000000000000000000e+00,3.099999999999999978e-01,-6.280000000000000000e+02,-6.280000000000000000e+02,-3.520000000000000000e+02,0.000000000000000000e+00,0.000000000000000000e+00,0.000000000000000000e+00,0.000000000000000000e+00,0.000000000000000000e+00,0.000000000000000000e+00,-1.199999999999999956e-01,1.000000000000000000e+00,0.000000000000000000e+00,2.500000000000000000e+01,8.210000000000000000e+03
4.446526419000001624e+02,4.508410000000000000e+05,1.784999999999999920e+00,2.374000000000000110e+00,8.750000000000000000e+00,-8.590000000000000000e+02,-1.374000000000000110e+00,2.230000000000000000e+02,0.000000000000000000e+00,0.000000000000000000e+00,0.000000000000000000e+00,1.149999999999999911e+00,-6.640000000000000000e+02,-6.640000000000000000e+02,-3.880000000000000000e+02,0.000000000000000000e+00,4.069999999999999729e-01,1.348000000000000043e+01,3.171999999999999820e-01,0.000000000000000000e+00,0.000000000000000000e+00,-1.749999999999999889e-01,1.000000000000000000e+00,1.479999999999999927e-01,1.600000000000000000e+01,8.214000000000000000e+03
4.446738215000004857e+02,4.508610000000000000e+05,1.949000000000000066e+00,2.412999999999999812e+00,5.740000000000000213e+00,-8.830000000000000000e+02,-1.413000000000000034e+00,2.020000000000000000e+02,0.000000000000000000e+00,0.000000000000000000e+00,0.000000000000000000e+00,2.999999999999999889e-02,-6.020000000000000000e+02,-6.020000000000000000e+02,-3.640000000000000000e+02,0.000000000000000000e+00,4.109999999999999765e-01,1.418999999999999950e+01,4.882000000000000228e-01,0.000000000000000000e+00,0.000000000000000000e+00,-1.449999999999999900e-01,1.000000000000000000e+00,1.670000000000000095e-01,1.500000000000000000e+01,8.214000000000000000e+03
4.447336053999988508e+02,4.509010000000000000e+05,2.217999999999999972e+00,2.224000000000000199e+00,2.729999999999999982e+00,-7.650000000000000000e+02,-1.223999999999999977e+00,-4.100000000000000000e+01,0.000000000000000000e+00,0.000000000000000000e+00,0.000000000000000000e+00,5.899999999999999689e-01,-6.110000000000000000e+02,-6.110000000000000000e+02,-3.660000000000000000e+02,0.000000000000000000e+00,4.129999999999999782e-01,1.560999999999999943e+01,8.191000000000000503e-01,0.000000000000000000e+00,0.000000000000000000e+00,-1.710000000000000131e-01,1.000000000000000000e+00,1.320000000000000062e-01,1.600000000000000000e+01,8.214000000000000000e+03
4.447348428000004787e+02,4.509210000000000000e+05,2.257000000000000117e+00,1.945999999999999952e+00,7.700000000000000178e-01,-5.910000000000000000e+02,-9.459999999999999520e-01,-2.150000000000000000e+02,0.000000000000000000e+00,0.000000000000000000e+00,0.000000000000000000e+00,1.080000000000000071e+00,-6.270000000000000000e+02,-6.270000000000000000e+02,-4.170000000000000000e+02,0.000000000000000000e+00,4.129999999999999782e-01,1.101999999999999957e+01,3.965000000000000191e-01,0.000000000000000000e+00,0.000000000000000000e+00,-3.799999999999999906e-02,1.000000000000000000e+00,1.970000000000000084e-01,1.100000000000000000e+01,8.214000000000000000e+03
4.447538258000004134e+02,4.509410000000000000e+05,2.274000000000000021e+00,1.745999999999999996e+00,-1.389999999999999902e+00,-4.660000000000000000e+02,-7.459999999999999964e-01,-3.170000000000000000e+02,0.000000000000000000e+00,0.000000000000000000e+00,0.000000000000000000e+00,2.999999999999999889e-02,-5.720000000000000000e+02,-5.720000000000000000e+02,-4.380000000000000000e+02,0.000000000000000000e+00,3.830000000000000071e-01,-3.939999999999999947e+00,-4.365999999999999881e-01,0.000000000000000000e+00,0.000000000000000000e+00,-8.999999999999999320e-03,1.000000000000000000e+00,2.310000000000000109e-01,1.100000000000000000e+01,8.214000000000000000e+03
4.447702365000004647e+02,4.509610000000000000e+05,2.241000000000000103e+00,1.586000000000000076e+00,-4.889999999999999680e+00,-3.660000000000000000e+02,-5.859999999999999654e-01,-3.380000000000000000e+02,0.000000000000000000e+00,0.000000000000000000e+00,0.000000000000000000e+00,-1.649999999999999911e+00,-4.980000000000000000e+02,-4.980000000000000000e+02,-4.440000000000000000e+02,0.000000000000000000e+00,3.950000000000000178e-01,-7.199999999999999734e-01,-3.301000000000000045e-01,0.000000000000000000e+00,0.000000000000000000e+00,-1.409999999999999865e-01,1.000000000000000000e+00,2.359999999999999876e-01,8.000000000000000000e+00,8.214000000000000000e+03
4.448174392000000807e+02,4.510010000000000000e+05,1.989999999999999991e+00,1.445000000000000062e+00,-1.075999999999999979e+01,-2.780000000000000000e+02,-4.450000000000000067e-01,-1.620000000000000000e+02,0.000000000000000000e+00,0.000000000000000000e+00,0.000000000000000000e+00,-8.100000000000000533e-01,-5.270000000000000000e+02,-5.270000000000000000e+02,-3.870000000000000000e+02,0.000000000000000000e+00,3.920000000000000151e-01,-6.300000000000000044e-01,-3.345000000000000195e-01,0.000000000000000000e+00,0.000000000000000000e+00,-1.620000000000000051e-01,1.000000000000000000e+00,2.220000000000000029e-01,8.000000000000000000e+00,8.214000000000000000e+03
4.448320416999995359e+02,4.510210000000000000e+05,1.743000000000000105e+00,1.348999999999999977e+00,-1.223000000000000043e+01,-2.180000000000000000e+02,-3.489999999999999769e-01,-4.200000000000000000e+01,0.000000000000000000e+00,0.000000000000000000e+00,0.000000000000000000e+00,4.500000000000000111e-01,-5.800000000000000000e+02,-5.800000000000000000e+02,-3.770000000000000000e+02,0.000000000000000000e+00,3.990000000000000213e-01,3.209999999999999964e+00,-1.562000000000000055e-01,0.000000000000000000e+00,0.000000000000000000e+00,-2.999999999999999889e-02,1.000000000000000000e+00,2.190000000000000002e-01,9.000000000000000000e+00,8.214000000000000000e+03
4.448540814999996655e+02,4.510410000000000000e+05,1.495999999999999996e+00,1.272000000000000020e+00,-1.307000000000000028e+01,-1.700000000000000000e+02,-2.720000000000000195e-01,9.000000000000000000e+01,0.000000000000000000e+00,0.000000000000000000e+00,0.000000000000000000e+00,1.919999999999999929e+00,-6.460000000000000000e+02,-6.460000000000000000e+02,-3.730000000000000000e+02,0.000000000000000000e+00,3.940000000000000169e-01,6.580000000000000071e+00,2.169999999999999984e-01,0.000000000000000000e+00,0.000000000000000000e+00,8.999999999999999320e-03,1.000000000000000000e+00,2.220000000000000029e-01,9.000000000000000000e+00,8.214000000000000000e+03
4.448686168000003818e+02,4.510610000000000000e+05,1.243999999999999995e+00,1.221999999999999975e+00,-1.166999999999999993e+01,-1.390000000000000000e+02,-2.220000000000000029e-01,1.980000000000000000e+02,0.000000000000000000e+00,0.000000000000000000e+00,0.000000000000000000e+00,1.709999999999999964e+00,-6.410000000000000000e+02,-6.410000000000000000e+02,-3.720000000000000000e+02,0.000000000000000000e+00,4.219999999999999862e-01,1.798000000000000043e+01,6.953000000000000291e-01,0.000000000000000000e+00,0.000000000000000000e+00,-4.299999999999999656e-02,1.000000000000000000e+00,2.379999999999999893e-01,7.000000000000000000e+00,8.214000000000000000e+03
4.449286004999994475e+02,4.511010000000000000e+05,7.359999999999999876e-01,1.215999999999999970e+00,-8.109999999999999432e+00,-1.350000000000000000e+02,-2.159999999999999976e-01,4.540000000000000000e+02,0.000000000000000000e+00,0.000000000000000000e+00,0.000000000000000000e+00,8.699999999999999956e-01,-6.200000000000000000e+02,-6.200000000000000000e+02,-3.740000000000000000e+02,0.000000000000000000e+00,3.400000000000000244e-01,-7.849999999999999645e+00,-4.444000000000000172e-01,0.000000000000000000e+00,0.000000000000000000e+00,-1.580000000000000016e-01,1.000000000000000000e+00,2.660000000000000142e-01,5.000000000000000000e+00,8.214000000000000000e+03
4.449324158999988867e+02,4.511210000000000000e+05,5.050000000000000044e-01,1.250999999999999890e+00,-8.740000000000000213e+00,-1.570000000000000000e+02,-2.510000000000000009e-01,6.390000000000000000e+02,0.000000000000000000e+00,0.000000000000000000e+00,0.000000000000000000e+00,8.699999999999999956e-01,-6.370000000000000000e+02,-6.370000000000000000e+02,-3.770000000000000000e+02,0.000000000000000000e+00,3.469999999999999751e-01,-8.240000000000000213e+00,-6.664999999999999813e-01,0.000000000000000000e+00,0.000000000000000000e+00,-1.280000000000000027e-01,1.000000000000000000e+00,2.250000000000000056e-01,5.000000000000000000e+00,8.214000000000000000e+03
4.449506306999992375e+02,4.511410000000000000e+05,3.260000000000000120e-01,1.306000000000000050e+00,-5.589999999999999858e+00,-1.910000000000000000e+02,-3.059999999999999942e-01,7.320000000000000000e+02,0.000000000000000000e+00,0.000000000000000000e+00,0.000000000000000000e+00,1.850000000000000089e+00,-7.060000000000000000e+02,-7.060000000000000000e+02,-3.830000000000000000e+02,0.000000000000000000e+00,3.210000000000000075e-01,-1.190000000000000036e+01,-6.169000000000000039e-01,0.000000000000000000e+00,0.000000000000000000e+00,4.000000000000000083e-03,1.000000000000000000e+00,2.810000000000000275e-01,4.000000000000000000e+00,8.214000000000000000e+03
4.449687063000001217e+02,4.511610000000000000e+05,2.159999999999999976e-01,1.401999999999999913e+00,-2.509999999999999787e+00,-2.510000000000000000e+02,-4.020000000000000240e-01,8.140000000000000000e+02,0.000000000000000000e+00,0.000000000000000000e+00,0.000000000000000000e+00,1.290000000000000036e+00,-7.090000000000000000e+02,-7.090000000000000000e+02,-3.900000000000000000e+02,0.000000000000000000e+00,3.430000000000000271e-01,-6.019999999999999574e+00,-5.179000000000000270e-01,0.000000000000000000e+00,0.000000000000000000e+00,1.299999999999999940e-02,1.000000000000000000e+00,2.399999999999999911e-01,2.000000000000000000e+00,8.214000000000000000e+03
4.450138492999994924e+02,4.512010000000000000e+05,1.350000000000000089e-01,1.614000000000000101e+00,2.100000000000000089e+00,-3.840000000000000000e+02,-6.139999999999999902e-01,9.230000000000000000e+02,0.000000000000000000e+00,0.000000000000000000e+00,0.000000000000000000e+00,1.219999999999999973e+00,-7.460000000000000000e+02,-7.460000000000000000e+02,-4.180000000000000000e+02,0.000000000000000000e+00,3.360000000000000209e-01,-7.019999999999999574e+00,-5.265999999999999570e-01,0.000000000000000000e+00,0.000000000000000000e+00,-1.299999999999999940e-02,1.000000000000000000e+00,2.369999999999999885e-01,1.900000000000000000e+01,8.214000000000000000e+03
4.450309906000002229e+02,4.512210000000000000e+05,1.910000000000000031e-01,1.665999999999999925e+00,4.200000000000000178e+00,-4.160000000000000000e+02,-6.660000000000000364e-01,8.810000000000000000e+02,0.000000000000000000e+00,0.000000000000000000e+00,0.000000000000000000e+00,4.500000000000000111e-01,-7.080000000000000000e+02,-7.080000000000000000e+02,-4.550000000000000000e+02,0.000000000000000000e+00,3.150000000000000022e-01,-9.140000000000000568e+00,-4.825999999999999734e-01,0.000000000000000000e+00,0.000000000000000000e+00,-4.000000000000000083e-03,1.000000000000000000e+00,2.429999999999999938e-01,1.600000000000000000e+01,8.214000000000000000e+03
4.450494613999999274e+02,4.512410000000000000e+05,2.879999999999999782e-01,1.826999999999999957e+00,5.950000000000000178e+00,-5.170000000000000000e+02,-8.269999999999999574e-01,8.920000000000000000e+02,0.000000000000000000e+00,0.000000000000000000e+00,0.000000000000000000e+00,-2.500000000000000000e-01,-6.740000000000000000e+02,-6.740000000000000000e+02,-4.480000000000000000e+02,0.000000000000000000e+00,3.340000000000000191e-01,-4.250000000000000000e+00,-1.971999999999999864e-01,0.000000000000000000e+00,0.000000000000000000e+00,0.000000000000000000e+00,1.000000000000000000e+00,2.790000000000000258e-01,1.000000000000000000e+01,8.214000000000000000e+03
4.450666449999989709e+02,4.512610000000000000e+05,4.289999999999999925e-01,1.872000000000000108e+00,6.650000000000000355e+00,-5.450000000000000000e+02,-8.719999999999999973e-01,8.170000000000000000e+02,0.000000000000000000e+00,0.000000000000000000e+00,0.000000000000000000e+00,1.700000000000000122e-01,-6.950000000000000000e+02,-6.950000000000000000e+02,-4.700000000000000000e+02,0.000000000000000000e+00,3.180000000000000049e-01,-1.080000000000000071e+01,-5.873000000000000442e-01,0.000000000000000000e+00,0.000000000000000000e+00,0.000000000000000000e+00,1.000000000000000000e+00,2.520000000000000018e-01,6.000000000000000000e+00,8.214000000000000000e+03
4.451293289000004734e+02,4.513010000000000000e+05,7.550000000000000044e-01,2.128000000000000114e+00,8.189999999999999503e+00,-7.050000000000000000e+02,-1.127999999999999892e+00,7.470000000000000000e+02,0.000000000000000000e+00,0.000000000000000000e+00,0.000000000000000000e+00,7.299999999999999822e-01,-7.200000000000000000e+02,-7.200000000000000000e+02,-4.400000000000000000e+02,0.000000000000000000e+00,3.539999999999999813e-01,-2.000000000000000111e-01,-1.313000000000000000e-01,0.000000000000000000e+00,0.000000000000000000e+00,1.299999999999999940e-02,1.000000000000000000e+00,2.389999999999999902e-01,3.000000000000000000e+00,8.214000000000000000e+03
4.451332686999994621e+02,4.513210000000000000e+05,9.290000000000000480e-01,2.245999999999999996e+00,9.169999999999999929e+00,-7.790000000000000000e+02,-1.245999999999999996e+00,6.880000000000000000e+02,0.000000000000000000e+00,0.000000000000000000e+00,0.000000000000000000e+00,9.399999999999999467e-01,-7.290000000000000000e+02,-7.290000000000000000e+02,-4.210000000000000000e+02,0.000000000000000000e+00,3.519999999999999796e-01,-3.350000000000000089e+00,-3.069000000000000061e-01,0.000000000000000000e+00,0.000000000000000000e+00,1.299999999999999940e-02,1.000000000000000000e+00,2.489999999999999991e-01,1.000000000000000000e+00,8.214000000000000000e+03
4.451526529999991908e+02,4.513410000000000000e+05,1.118999999999999995e+00,2.197999999999999954e+00,1.021000000000000085e+01,-7.490000000000000000e+02,-1.197999999999999954e+00,5.140000000000000000e+02,0.000000000000000000e+00,0.000000000000000000e+00,0.000000000000000000e+00,3.800000000000000044e-01,-7.000000000000000000e+02,-7.000000000000000000e+02,-4.450000000000000000e+02,0.000000000000000000e+00,3.519999999999999796e-01,-3.350000000000000089e+00,-3.069000000000000061e-01,0.000000000000000000e+00,0.000000000000000000e+00,1.700000000000000122e-02,1.000000000000000000e+00,2.489999999999999991e-01,2.100000000000000000e+01,8.214000000000000000e+03
4.451712910999995074e+02,4.513610000000000000e+05,1.296999999999999931e+00,2.279999999999999805e+00,8.400000000000000355e+00,-8.000000000000000000e+02,-1.280000000000000027e+00,4.900000000000000000e+02,0.000000000000000000e+00,0.000000000000000000e+00,0.000000000000000000e+00,-1.799999999999999933e-01,-6.700000000000000000e+02,-6.700000000000000000e+02,-4.240000000000000000e+02,0.000000000000000000e+00,3.489999999999999769e-01,-6.250000000000000000e+00,-4.103999999999999870e-01,0.000000000000000000e+00,0.000000000000000000e+00,2.599999999999999881e-02,1.000000000000000000e+00,2.849999999999999756e-01,1.400000000000000000e+01,8.214000000000000000e+03
4.452139391000000614e+02,4.514010000000000000e+05,1.588000000000000078e+00,2.226999999999999869e+00,-1.179999999999999938e+00,-7.670000000000000000e+02,-1.227000000000000091e+00,4.530000000000000000e+02,0.000000000000000000e+00,0.000000000000000000e+00,0.000000000000000000e+00,8.000000000000000000e+00,-1.153000000000000000e+03,-1.153000000000000000e+03,-4.270000000000000000e+02,0.000000000000000000e+00,4.040000000000000258e-01,1.163000000000000078e+01,4.138000000000000012e-01,0.000000000000000000e+00,0.000000000000000000e+00,8.999999999999999667e-02,1.000000000000000000e+00,2.790000000000000258e-01,3.000000000000000000e+00,8.214000000000000000e+03
4.452330003999995824e+02,4.514210000000000000e+05,1.953000000000000069e+00,2.250999999999999890e+00,5.740000000000000213e+00,-7.820000000000000000e+02,-1.250999999999999890e+00,1.160000000000000000e+02,0.000000000000000000e+00,0.000000000000000000e+00,0.000000000000000000e+00,-3.750000000000000000e+00,-5.790000000000000000e+02,-5.790000000000000000e+02,-4.060000000000000000e+02,0.000000000000000000e+00,4.040000000000000258e-01,1.163000000000000078e+01,4.138000000000000012e-01,0.000000000000000000e+00,0.000000000000000000e+00,8.999999999999999667e-02,1.000000000000000000e+00,2.790000000000000258e-01,2.300000000000000000e+01,8.214000000000000000e+03
4.452517277999995713e+02,4.514410000000000000e+05,2.091000000000000192e+00,2.099000000000000199e+00,8.960000000000000853e+00,-6.870000000000000000e+02,-1.098999999999999977e+00,-1.530000000000000000e+02,0.000000000000000000e+00,0.000000000000000000e+00,0.000000000000000000e+00,-4.379999999999999893e+00,-5.010000000000000000e+02,-5.010000000000000000e+02,-4.400000000000000000e+02,0.000000000000000000e+00,3.210000000000000075e-01,-2.033999999999999986e+01,-1.000000000000000000e+00,0.000000000000000000e+00,0.000000000000000000e+00,1.330000000000000071e-01,1.000000000000000000e+00,2.580000000000000071e-01,1.800000000000000000e+01,8.214000000000000000e+03
4.452690158000004885e+02,4.514610000000000000e+05,2.134999999999999787e+00,1.951999999999999957e+00,3.850000000000000089e+00,-5.950000000000000000e+02,-9.519999999999999574e-01,-1.950000000000000000e+02,0.000000000000000000e+00,0.000000000000000000e+00,0.000000000000000000e+00,-3.470000000000000195e+00,-5.080000000000000000e+02,-5.080000000000000000e+02,-4.510000000000000000e+02,0.000000000000000000e+00,3.729999999999999982e-01,-3.060000000000000053e+00,-3.023000000000000131e-01,0.000000000000000000e+00,0.000000000000000000e+00,7.699999999999999900e-02,1.000000000000000000e+00,2.740000000000000213e-01,1.100000000000000000e+01,8.214000000000000000e+03
4.453291728999993211e+02,4.515010000000000000e+05,2.105999999999999872e+00,1.711999999999999966e+00,-6.009999999999999787e+00,-4.450000000000000000e+02,-7.119999999999999662e-01,-1.560000000000000000e+02,0.000000000000000000e+00,0.000000000000000000e+00,0.000000000000000000e+00,-2.419999999999999929e+00,-5.130000000000000000e+02,-5.130000000000000000e+02,-4.350000000000000000e+02,0.000000000000000000e+00,4.040000000000000258e-01,6.000000000000000000e+00,4.290000000000000063e-02,0.000000000000000000e+00,0.000000000000000000e+00,6.400000000000000133e-02,1.000000000000000000e+00,2.419999999999999929e-01,1.000000000000000000e+01,8.214000000000000000e+03
4.453331416000000900e+02,4.515210000000000000e+05,2.016999999999999904e+00,1.608000000000000096e+00,-9.650000000000000355e+00,-3.800000000000000000e+02,-6.079999999999999849e-01,-8.800000000000000000e+01,0.000000000000000000e+00,0.000000000000000000e+00,0.000000000000000000e+00,-3.189999999999999947e+00,-4.530000000000000000e+02,-4.530000000000000000e+02,-4.150000000000000000e+02,0.000000000000000000e+00,3.940000000000000169e-01,4.750000000000000000e+00,3.239999999999999825e-02,0.000000000000000000e+00,0.000000000000000000e+00,1.580000000000000016e-01,1.000000000000000000e+00,2.379999999999999893e-01,8.000000000000000000e+00,8.214000000000000000e+03
4.453542324999998527e+02,4.515410000000000000e+05,1.862000000000000099e+00,1.536000000000000032e+00,-1.103999999999999915e+01,-3.350000000000000000e+02,-5.360000000000000320e-01,-2.100000000000000000e+01,0.000000000000000000e+00,0.000000000000000000e+00,0.000000000000000000e+00,-1.439999999999999947e+00,-5.240000000000000000e+02,-5.240000000000000000e+02,-3.970000000000000000e+02,0.000000000000000000e+00,4.050000000000000266e-01,8.380000000000000782e+00,2.109000000000000041e-01,0.000000000000000000e+00,0.000000000000000000e+00,4.299999999999999656e-02,1.000000000000000000e+00,2.459999999999999964e-01,5.000000000000000000e+00,8.214000000000000000e+03
4.453727101000004041e+02,4.515610000000000000e+05,1.673999999999999932e+00,1.487999999999999989e+00,-1.075999999999999979e+01,-3.050000000000000000e+02,-4.879999999999999893e-01,7.600000000000000000e+01,0.000000000000000000e+00,0.000000000000000000e+00,0.000000000000000000e+00,2.999999999999999889e-02,-5.930000000000000000e+02,-5.930000000000000000e+02,-3.720000000000000000e+02,0.000000000000000000e+00,3.980000000000000204e-01,1.017999999999999972e+01,3.831999999999999851e-01,0.000000000000000000e+00,0.000000000000000000e+00,8.100000000000000255e-02,1.000000000000000000e+00,2.139999999999999958e-01,7.000000000000000000e+00,8.214000000000000000e+03
4.454142818999989686e+02,4.516010000000000000e+05,1.213999999999999968e+00,1.399999999999999911e+00,-1.090000000000000036e+01,-2.500000000000000000e+02,-4.000000000000000222e-01,3.080000000000000000e+02,0.000000000000000000e+00,0.000000000000000000e+00,0.000000000000000000e+00,-9.499999999999999556e-01,-5.470000000000000000e+02,-5.470000000000000000e+02,-3.620000000000000000e+02,0.000000000000000000e+00,3.870000000000000107e-01,4.309999999999999609e+00,-1.499999999999999944e-01,0.000000000000000000e+00,0.000000000000000000e+00,1.409999999999999865e-01,1.000000000000000000e+00,2.079999999999999905e-01,1.300000000000000000e+01,8.214000000000000000e+03
4.454330248999995092e+02,4.516210000000000000e+05,9.719999999999999751e-01,1.395000000000000018e+00,-1.103999999999999915e+01,-2.470000000000000000e+02,-3.950000000000000178e-01,4.700000000000000000e+02,0.000000000000000000e+00,0.000000000000000000e+00,0.000000000000000000e+00,-6.700000000000000400e-01,-5.660000000000000000e+02,-5.660000000000000000e+02,-3.630000000000000000e+02,0.000000000000000000e+00,3.770000000000000018e-01,-1.209999999999999964e+00,-5.613000000000000211e-01,0.000000000000000000e+00,0.000000000000000000e+00,4.299999999999999656e-02,1.000000000000000000e+00,2.049999999999999878e-01,1.000000000000000000e+01,8.214000000000000000e+03
4.454501973999995244e+02,4.516410000000000000e+05,7.650000000000000133e-01,1.409999999999999920e+00,-1.019999999999999929e+01,-2.560000000000000000e+02,-4.099999999999999756e-01,6.020000000000000000e+02,0.000000000000000000e+00,0.000000000000000000e+00,0.000000000000000000e+00,-1.799999999999999933e-01,-5.900000000000000000e+02,-5.900000000000000000e+02,-3.610000000000000000e+02,0.000000000000000000e+00,3.190000000000000058e-01,-1.887999999999999901e+01,-1.000000000000000000e+00,0.000000000000000000e+00,0.000000000000000000e+00,4.000000000000000083e-03,1.000000000000000000e+00,2.039999999999999869e-01,1.300000000000000000e+01,8.214000000000000000e+03
4.454682429999993474e+02,4.516610000000000000e+05,5.460000000000000409e-01,1.453000000000000069e+00,-7.690000000000000391e+00,-2.830000000000000000e+02,-4.530000000000000138e-01,7.220000000000000000e+02,0.000000000000000000e+00,0.000000000000000000e+00,0.000000000000000000e+00,-5.300000000000000266e-01,-5.690000000000000000e+02,-5.690000000000000000e+02,-3.670000000000000000e+02,0.000000000000000000e+00,3.559999999999999831e-01,1.979999999999999982e+00,-4.000000000000000083e-03,0.000000000000000000e+00,0.000000000000000000e+00,2.100000000000000130e-02,1.000000000000000000e+00,1.890000000000000013e-01,1.300000000000000000e+01,8.214000000000000000e+03
4.455298414999997476e+02,4.517010000000000000e+05,2.520000000000000018e-01,1.558000000000000052e+00,8.609999999999999432e+00,-3.490000000000000000e+02,-5.580000000000000515e-01,6.830000000000000000e+02,0.000000000000000000e+00,0.000000000000000000e+00,0.000000000000000000e+00,-1.020000000000000018e+00,-5.520000000000000000e+02,-5.520000000000000000e+02,-3.800000000000000000e+02,0.000000000000000000e+00,3.469999999999999751e-01,1.209999999999999964e+00,-9.550000000000000155e-02,0.000000000000000000e+00,0.000000000000000000e+00,2.740000000000000213e-01,1.000000000000000000e+00,1.839999999999999969e-01,1.300000000000000000e+01,8.214000000000000000e+03
4.455329203000001144e+02,4.517210000000000000e+05,6.700000000000000400e-02,1.637999999999999901e+00,-9.000000000000000222e-01,-3.990000000000000000e+02,-6.380000000000000115e-01,1.033000000000000000e+03,0.000000000000000000e+00,0.000000000000000000e+00,0.000000000000000000e+00,-1.159999999999999920e+00,-5.460000000000000000e+02,-5.460000000000000000e+02,-3.950000000000000000e+02,0.000000000000000000e+00,3.310000000000000164e-01,-7.549999999999999822e+00,-6.039999999999999813e-01,0.000000000000000000e+00,0.000000000000000000e+00,8.599999999999999312e-02,1.000000000000000000e+00,1.990000000000000102e-01,1.300000000000000000e+01,8.214000000000000000e+03
4.455537509000005230e+02,4.517410000000000000e+05,2.000000000000000042e-03,1.796999999999999931e+00,2.100000000000000089e+00,-4.980000000000000000e+02,-7.970000000000000417e-01,1.116000000000000000e+03,0.000000000000000000e+00,0.000000000000000000e+00,0.000000000000000000e+00,-1.300000000000000044e+00,-5.400000000000000000e+02,-5.400000000000000000e+02,-3.920000000000000000e+02,0.000000000000000000e+00,3.310000000000000164e-01,-1.497000000000000064e+01,-1.000000000000000000e+00,0.000000000000000000e+00,0.000000000000000000e+00,1.670000000000000095e-01,1.000000000000000000e+00,1.789999999999999925e-01,1.300000000000000000e+01,8.214000000000000000e+03
4.455692086999988533e+02,4.517610000000000000e+05,8.799999999999999489e-02,2.021999999999999797e+00,1.330000000000000071e+00,-6.390000000000000000e+02,-1.022000000000000020e+00,1.238000000000000000e+03,0.000000000000000000e+00,0.000000000000000000e+00,0.000000000000000000e+00,-1.229999999999999982e+00,-5.440000000000000000e+02,-5.440000000000000000e+02,-3.680000000000000000e+02,0.000000000000000000e+00,3.190000000000000058e-01,-1.494999999999999929e+01,-1.000000000000000000e+00,0.000000000000000000e+00,0.000000000000000000e+00,-4.000000000000000083e-03,1.000000000000000000e+00,1.769999999999999907e-01,1.500000000000000000e+01,8.214000000000000000e+03
4.456137120999992476e+02,4.518010000000000000e+05,2.349999999999999867e-01,2.169999999999999929e+00,8.470000000000000639e+00,-7.310000000000000000e+02,-1.169999999999999929e+00,1.103000000000000000e+03,0.000000000000000000e+00,0.000000000000000000e+00,0.000000000000000000e+00,1.149999999999999911e+00,-6.750000000000000000e+02,-6.750000000000000000e+02,-4.020000000000000000e+02,0.000000000000000000e+00,3.290000000000000147e-01,-7.400000000000000355e+00,-1.000000000000000000e+00,0.000000000000000000e+00,0.000000000000000000e+00,8.999999999999999667e-02,1.000000000000000000e+00,1.170000000000000068e-01,2.000000000000000000e+01,8.214000000000000000e+03
4.456314791000004334e+02,4.518210000000000000e+05,2.969999999999999862e-01,2.521999999999999797e+00,1.889999999999999902e+00,-9.510000000000000000e+02,-1.522000000000000020e+00,1.423000000000000000e+03,0.000000000000000000e+00,0.000000000000000000e+00,0.000000000000000000e+00,-6.610000000000000320e+00,-7.910000000000000000e+02,-7.910000000000000000e+02,-3.390000000000000000e+02,0.000000000000000000e+00,3.479999999999999760e-01,-6.300000000000000044e-01,-4.532999999999999807e-01,0.000000000000000000e+00,0.000000000000000000e+00,2.780000000000000249e-01,1.000000000000000000e+00,1.300000000000000044e-01,0.000000000000000000e+00,8.214000000000000000e+03
4.456495930000000953e+02,4.518410000000000000e+05,5.410000000000000364e-01,2.685999999999999943e+00,8.400000000000000355e+00,-1.054000000000000000e+03,-1.685999999999999943e+00,1.261000000000000000e+03,0.000000000000000000e+00,0.000000000000000000e+00,0.000000000000000000e+00,-9.060000000000000497e+00,-5.190000000000000000e+02,-5.190000000000000000e+02,-3.630000000000000000e+02,0.000000000000000000e+00,3.479999999999999760e-01,-6.300000000000000044e-01,-4.532999999999999807e-01,0.000000000000000000e+00,0.000000000000000000e+00,6.800000000000000488e-02,1.000000000000000000e+00,1.300000000000000044e-01,2.000000000000000000e+01,8.214000000000000000e+03
4.456681487000005291e+02,4.518610000000000000e+05,7.750000000000000222e-01,2.814000000000000057e+00,1.532000000000000028e+01,-1.134000000000000000e+03,-1.814000000000000057e+00,1.056000000000000000e+03,0.000000000000000000e+00,0.000000000000000000e+00,0.000000000000000000e+00,-7.240000000000000213e+00,-4.950000000000000000e+02,-4.950000000000000000e+02,-3.670000000000000000e+02,0.000000000000000000e+00,3.729999999999999982e-01,1.812999999999999901e+01,1.000000000000000000e+00,0.000000000000000000e+00,0.000000000000000000e+00,9.800000000000000377e-02,1.000000000000000000e+00,1.290000000000000036e-01,1.700000000000000000e+01,8.214000000000000000e+03
4.457324255000003177e+02,4.519010000000000000e+05,1.262999999999999901e+00,2.882000000000000117e+00,1.371000000000000085e+01,-1.176000000000000000e+03,-1.881999999999999895e+00,8.000000000000000000e+02,0.000000000000000000e+00,0.000000000000000000e+00,0.000000000000000000e+00,-6.820000000000000284e+00,-3.330000000000000000e+02,-3.330000000000000000e+02,-3.720000000000000000e+02,0.000000000000000000e+00,0.000000000000000000e+00,0.000000000000000000e+00,0.000000000000000000e+00,0.000000000000000000e+00,0.000000000000000000e+00,-8.999999999999999320e-03,1.000000000000000000e+00,0.000000000000000000e+00,6.000000000000000000e+00,8.210000000000000000e+03
4.457334152999992511e+02,4.519210000000000000e+05,1.570000000000000062e+00,2.846000000000000085e+00,1.300999999999999979e+01,-1.154000000000000000e+03,-1.846000000000000085e+00,5.930000000000000000e+02,0.000000000000000000e+00,0.000000000000000000e+00,0.000000000000000000e+00,-3.120000000000000107e+00,-4.570000000000000000e+02,-4.570000000000000000e+02,-3.740000000000000000e+02,0.000000000000000000e+00,0.000000000000000000e+00,0.000000000000000000e+00,0.000000000000000000e+00,0.000000000000000000e+00,0.000000000000000000e+00,-1.299999999999999940e-02,1.000000000000000000e+00,0.000000000000000000e+00,6.000000000000000000e+00,8.210000000000000000e+03
4.457530838000002404e+02,4.519410000000000000e+05,1.854000000000000092e+00,2.826000000000000068e+00,1.140000000000000036e+01,-1.141000000000000000e+03,-1.826000000000000068e+00,4.250000000000000000e+02,0.000000000000000000e+00,0.000000000000000000e+00,0.000000000000000000e+00,-8.100000000000000533e-01,-5.420000000000000000e+02,-5.420000000000000000e+02,-3.620000000000000000e+02,0.000000000000000000e+00,4.229999999999999871e-01,2.832999999999999829e+01,1.000000000000000000e+00,0.000000000000000000e+00,0.000000000000000000e+00,8.999999999999999320e-03,1.000000000000000000e+00,7.299999999999999545e-02,1.000000000000000000e+00,8.214000000000000000e+03
4.457722799999992276e+02,4.519610000000000000e+05,2.121999999999999886e+00,2.778999999999999915e+00,8.820000000000000284e+00,-1.112000000000000000e+03,-1.778999999999999915e+00,2.730000000000000000e+02,0.000000000000000000e+00,0.000000000000000000e+00,0.000000000000000000e+00,-8.100000000000000533e-01,-5.290000000000000000e+02,-5.290000000000000000e+02,-3.470000000000000000e+02,0.000000000000000000e+00,0.000000000000000000e+00,0.000000000000000000e+00,0.000000000000000000e+00,0.000000000000000000e+00,0.000000000000000000e+00,4.000000000000000083e-03,1.000000000000000000e+00,0.000000000000000000e+00,6.000000000000000000e+00,8.210000000000000000e+03
4.458156330999991042e+02,4.520010000000000000e+05,2.504000000000000004e+00,2.589999999999999858e+00,3.779999999999999805e+00,-9.940000000000000000e+02,-1.590000000000000080e+00,-6.000000000000000000e+00,0.000000000000000000e+00,0.000000000000000000e+00,0.000000000000000000e+00,-1.159999999999999920e+00,-4.960000000000000000e+02,-4.960000000000000000e+02,-3.210000000000000000e+02,0.000000000000000000e+00,0.000000000000000000e+00,0.000000000000000000e+00,0.000000000000000000e+00,0.000000000000000000e+00,0.000000000000000000e+00,0.000000000000000000e+00,1.000000000000000000e+00,0.000000000000000000e+00,6.000000000000000000e+00,8.210000000000000000e+03
4.458362945999997464e+02,4.520210000000000000e+05,2.585999999999999854e+00,2.443000000000000060e+00,-4.799999999999999822e-01,-9.020000000000000000e+02,-1.443000000000000060e+00,-8.100000000000000000e+01,0.000000000000000000e+00,0.000000000000000000e+00,0.000000000000000000e+00,-1.439999999999999947e+00,-4.630000000000000000e+02,-4.630000000000000000e+02,-3.220000000000000000e+02,0.000000000000000000e+00,0.000000000000000000e+00,0.000000000000000000e+00,0.000000000000000000e+00,0.000000000000000000e+00,0.000000000000000000e+00,-4.000000000000000083e-03,1.000000000000000000e+00,0.000000000000000000e+00,6.000000000000000000e+00,8.210000000000000000e+03
4.458518356999993557e+02,4.520410000000000000e+05,2.608999999999999986e+00,2.226999999999999869e+00,-2.439999999999999947e+00,-7.670000000000000000e+02,-1.227000000000000091e+00,-2.010000000000000000e+02,0.000000000000000000e+00,0.000000000000000000e+00,0.000000000000000000e+00,-8.800000000000000044e-01,-4.680000000000000000e+02,-4.680000000000000000e+02,-3.340000000000000000e+02,0.000000000000000000e+00,0.000000000000000000e+00,0.000000000000000000e+00,0.000000000000000000e+00,0.000000000000000000e+00,0.000000000000000000e+00,0.000000000000000000e+00,1.000000000000000000e+00,0.000000000000000000e+00,6.000000000000000000e+00,8.210000000000000000e+03
4.458724326999999903e+02,4.520610000000000000e+05,2.552000000000000046e+00,2.149000000000000021e+00,-5.379999999999999893e+00,-7.180000000000000000e+02,-1.149000000000000021e+00,-1.650000000000000000e+02,0.000000000000000000e+00,0.000000000000000000e+00,0.000000000000000000e+00,-1.020000000000000018e+00,-4.660000000000000000e+02,-4.660000000000000000e+02,-3.010000000000000000e+02,0.000000000000000000e+00,0.000000000000000000e+00,0.000000000000000000e+00,0.000000000000000000e+00,0.000000000000000000e+00,0.000000000000000000e+00,0.000000000000000000e+00,1.000000000000000000e+00,0.000000000000000000e+00,6.000000000000000000e+00,8.210000000000000000e+03
4.459315253000004304e+02,4.521010000000000000e+05,2.279999999999999805e+00,1.661999999999999922e+00,-8.599999999999999645e+00,-4.140000000000000000e+02,-6.620000000000000329e-01,-2.450000000000000000e+02,0.000000000000000000e+00,0.000000000000000000e+00,0.000000000000000000e+00,-1.300000000000000044e+00,-4.620000000000000000e+02,-4.620000000000000000e+02,-3.510000000000000000e+02,0.000000000000000000e+00,0.000000000000000000e+00,0.000000000000000000e+00,0.000000000000000000e+00,0.000000000000000000e+00,0.000000000000000000e+00,0.000000000000000000e+00,1.000000000000000000e+00,0.000000000000000000e+00,6.000000000000000000e+00,8.210000000000000000e+03
4.459377435999995214e+02,4.521210000000000000e+05,2.069999999999999840e+00,1.445000000000000062e+00,-1.061999999999999922e+01,-2.780000000000000000e+02,-4.450000000000000067e-01,-2.200000000000000000e+02,0.000000000000000000e+00,0.000000000000000000e+00,0.000000000000000000e+00,-1.229999999999999982e+00,-4.690000000000000000e+02,-4.690000000000000000e+02,-3.770000000000000000e+02,0.000000000000000000e+00,0.000000000000000000e+00,0.000000000000000000e+00,0.000000000000000000e+00,0.000000000000000000e+00,0.000000000000000000e+00,-8.999999999999999320e-03,1.000000000000000000e+00,0.000000000000000000e+00,2.600000000000000000e+01,8.210000000000000000e+03
4.459554651999987982e+02,4.521410000000000000e+05,1.816000000000000059e+00,1.344000000000000083e+00,-1.272000000000000064e+01,-2.150000000000000000e+02,-3.439999999999999725e-01,-8.100000000000000000e+01,0.000000000000000000e+00,0.000000000000000000e+00,0.000000000000000000e+00,-6.700000000000000400e-01,-4.950000000000000000e+02,-4.950000000000000000e+02,-3.720000000000000000e+02,0.000000000000000000e+00,0.000000000000000000e+00,0.000000000000000000e+00,0.000000000000000000e+00,0.000000000000000000e+00,0.000000000000000000e+00,-1.299999999999999940e-02,1.000000000000000000e+00,0.000000000000000000e+00,6.000000000000000000e+00,8.210000000000000000e+03
4.459752307999988261e+02,4.521610000000000000e+05,1.508999999999999897e+00,1.322999999999999954e+00,-1.482000000000000028e+01,-2.020000000000000000e+02,-3.230000000000000093e-01,1.400000000000000000e+02,0.000000000000000000e+00,0.000000000000000000e+00,0.000000000000000000e+00,-8.100000000000000533e-01,-4.930000000000000000e+02,-4.930000000000000000e+02,-3.480000000000000000e+02,0.000000000000000000e+00,0.000000000000000000e+00,0.000000000000000000e+00,0.000000000000000000e+00,0.000000000000000000e+00,0.000000000000000000e+00,-1.299999999999999940e-02,1.000000000000000000e+00,0.000000000000000000e+00,6.000000000000000000e+00,8.210000000000000000e+03
4.460282631999998557e+02,4.522010000000000000e+05,8.950000000000000178e-01,1.338000000000000078e+00,-1.566000000000000014e+01,-2.110000000000000000e+02,-3.380000000000000226e-01,5.650000000000000000e+02,0.000000000000000000e+00,0.000000000000000000e+00,0.000000000000000000e+00,8.699999999999999956e-01,-5.750000000000000000e+02,-5.750000000000000000e+02,-3.230000000000000000e+02,0.000000000000000000e+00,3.830000000000000071e-01,-1.370000000000000107e+00,-1.000000000000000000e+00,0.000000000000000000e+00,0.000000000000000000e+00,-1.029999999999999943e-01,1.000000000000000000e+00,9.800000000000000377e-02,1.000000000000000000e+00,8.214000000000000000e+03
4.460361775000001217e+02,4.522210000000000000e+05,5.849999999999999645e-01,1.356999999999999984e+00,-1.258000000000000007e+01,-2.230000000000000000e+02,-3.569999999999999840e-01,7.200000000000000000e+02,0.000000000000000000e+00,0.000000000000000000e+00,0.000000000000000000e+00,1.290000000000000036e+00,-5.980000000000000000e+02,-5.980000000000000000e+02,-3.260000000000000000e+02,0.000000000000000000e+00,0.000000000000000000e+00,0.000000000000000000e+00,0.000000000000000000e+00,0.000000000000000000e+00,0.000000000000000000e+00,-5.999999999999999778e-02,1.000000000000000000e+00,0.000000000000000000e+00,6.000000000000000000e+00,8.210000000000000000e+03
4.460508964999989985e+02,4.522410000000000000e+05,3.459999999999999742e-01,1.397000000000000020e+00,-1.068999999999999950e+01,-2.480000000000000000e+02,-3.970000000000000195e-01,8.760000000000000000e+02,0.000000000000000000e+00,0.000000000000000000e+00,0.000000000000000000e+00,1.149999999999999911e+00,-5.970000000000000000e+02,-5.970000000000000000e+02,-3.440000000000000000e+02,0.000000000000000000e+00,0.000000000000000000e+00,0.000000000000000000e+00,0.000000000000000000e+00,0.000000000000000000e+00,0.000000000000000000e+00,-6.400000000000000133e-02,1.000000000000000000e+00,0.000000000000000000e+00,6.000000000000000000e+00,8.210000000000000000e+03
4.460681912999989436e+02,4.522610000000000000e+05,1.419999999999999873e-01,1.405000000000000027e+00,-7.480000000000000426e+00,-2.530000000000000000e+02,-4.050000000000000266e-01,9.490000000000000000e+02,0.000000000000000000e+00,0.000000000000000000e+00,0.000000000000000000e+00,1.639999999999999902e+00,-6.260000000000000000e+02,-6.260000000000000000e+02,-3.600000000000000000e+02,0.000000000000000000e+00,0.000000000000000000e+00,0.000000000000000000e+00,0.000000000000000000e+00,0.000000000000000000e+00,0.000000000000000000e+00,-1.239999999999999991e-01,1.000000000000000000e+00,0.000000000000000000e+00,6.000000000000000000e+00,8.210000000000000000e+03
4.461322971999998117e+02,4.523010000000000000e+05,-1.179999999999999938e-01,1.725000000000000089e+00,-2.020000000000000018e+00,-4.530000000000000000e+02,-7.249999999999999778e-01,1.229000000000000000e+03,0.000000000000000000e+00,0.000000000000000000e+00,0.000000000000000000e+00,2.549999999999999822e+00,-7.190000000000000000e+02,-7.190000000000000000e+02,-3.620000000000000000e+02,0.000000000000000000e+00,3.499999999999999778e-01,1.399999999999999911e+00,-2.771000000000000130e-01,0.000000000000000000e+00,0.000000000000000000e+00,-1.280000000000000027e-01,1.000000000000000000e+00,1.010000000000000064e-01,2.000000000000000000e+00,8.214000000000000000e+03
4.461367128999991110e+02,4.523210000000000000e+05,-1.300000000000000044e-01,1.792000000000000037e+00,1.959999999999999964e+00,-4.950000000000000000e+02,-7.920000000000000373e-01,1.215000000000000000e+03,0.000000000000000000e+00,0.000000000000000000e+00,0.000000000000000000e+00,1.780000000000000027e+00,-7.090000000000000000e+02,-7.090000000000000000e+02,-4.000000000000000000e+02,0.000000000000000000e+00,3.439999999999999725e-01,-2.290000000000000036e+00,-5.505999999999999783e-01,0.000000000000000000e+00,0.000000000000000000e+00,-8.599999999999999312e-02,1.000000000000000000e+00,1.170000000000000068e-01,0.000000000000000000e+00,8.214000000000000000e+03
4.461538394999988668e+02,4.523410000000000000e+05,-7.799999999999999989e-02,1.917999999999999927e+00,3.850000000000000089e+00,-5.740000000000000000e+02,-9.180000000000000382e-01,1.219000000000000000e+03,0.000000000000000000e+00,0.000000000000000000e+00,0.000000000000000000e+00,2.620000000000000107e+00,-7.640000000000000000e+02,-7.640000000000000000e+02,-4.290000000000000000e+02,0.000000000000000000e+00,3.439999999999999725e-01,-2.290000000000000036e+00,-5.505999999999999783e-01,0.000000000000000000e+00,0.000000000000000000e+00,-1.539999999999999980e-01,1.000000000000000000e+00,1.170000000000000068e-01,2.000000000000000000e+01,8.214000000000000000e+03
4.461722547999997914e+02,4.523610000000000000e+05,3.000000000000000062e-03,2.317000000000000171e+00,5.250000000000000000e+00,-8.230000000000000000e+02,-1.316999999999999948e+00,1.414000000000000000e+03,0.000000000000000000e+00,0.000000000000000000e+00,0.000000000000000000e+00,2.689999999999999947e+00,-7.930000000000000000e+02,-7.930000000000000000e+02,-3.650000000000000000e+02,0.000000000000000000e+00,3.410000000000000253e-01,-3.290000000000000036e+00,-6.401999999999999913e-01,0.000000000000000000e+00,0.000000000000000000e+00,-8.100000000000000255e-02,1.000000000000000000e+00,1.380000000000000115e-01,1.700000000000000000e+01,8.214000000000000000e+03
4.462171859999998560e+02,4.524010000000000000e+05,3.599999999999999867e-01,2.725000000000000089e+00,1.021000000000000085e+01,-1.078000000000000000e+03,-1.725000000000000089e+00,1.355000000000000000e+03,0.000000000000000000e+00,0.000000000000000000e+00,0.000000000000000000e+00,1.429999999999999938e+00,-7.690000000000000000e+02,-7.690000000000000000e+02,-3.460000000000000000e+02,0.000000000000000000e+00,3.679999999999999938e-01,1.168999999999999950e+01,6.717999999999999527e-01,0.000000000000000000e+00,0.000000000000000000e+00,-6.400000000000000133e-02,1.000000000000000000e+00,1.690000000000000113e-01,1.700000000000000000e+01,8.214000000000000000e+03
4.462329463999994914e+02,4.524210000000000000e+05,5.979999999999999760e-01,2.830000000000000071e+00,1.202999999999999936e+01,-1.144000000000000000e+03,-1.830000000000000071e+00,1.237000000000000000e+03,0.000000000000000000e+00,0.000000000000000000e+00,0.000000000000000000e+00,2.060000000000000053e+00,-7.990000000000000000e+02,-7.990000000000000000e+02,-3.610000000000000000e+02,0.000000000000000000e+00,3.669999999999999929e-01,3.220000000000000195e+00,-1.313999999999999890e-01,0.000000000000000000e+00,0.000000000000000000e+00,-1.499999999999999944e-01,1.000000000000000000e+00,1.700000000000000122e-01,1.600000000000000000e+01,8.214000000000000000e+03
4.462544010000001435e+02,4.524410000000000000e+05,8.289999999999999591e-01,2.983999999999999986e+00,1.371000000000000085e+01,-1.240000000000000000e+03,-1.983999999999999986e+00,1.151000000000000000e+03,0.000000000000000000e+00,0.000000000000000000e+00,0.000000000000000000e+00,1.989999999999999991e+00,-8.100000000000000000e+02,-8.100000000000000000e+02,-3.540000000000000000e+02,0.000000000000000000e+00,3.800000000000000044e-01,8.099999999999999645e+00,2.394999999999999907e-01,0.000000000000000000e+00,0.000000000000000000e+00,-6.400000000000000133e-02,1.000000000000000000e+00,1.700000000000000122e-01,1.600000000000000000e+01,8.214000000000000000e+03
4.462691593999988982e+02,4.524610000000000000e+05,1.133000000000000007e+00,3.052999999999999936e+00,1.490000000000000036e+01,-1.283000000000000000e+03,-2.052999999999999936e+00,9.760000000000000000e+02,0.000000000000000000e+00,0.000000000000000000e+00,0.000000000000000000e+00,1.570000000000000062e+00,-8.060000000000000000e+02,-8.060000000000000000e+02,-3.650000000000000000e+02,0.000000000000000000e+00,3.619999999999999885e-01,7.199999999999999734e-01,-1.464000000000000024e-01,0.000000000000000000e+00,0.000000000000000000e+00,-9.400000000000000022e-02,1.000000000000000000e+00,1.779999999999999916e-01,1.400000000000000000e+01,8.214000000000000000e+03
4.463287196000001131e+02,4.525010000000000000e+05,1.739000000000000101e+00,2.971000000000000085e+00,1.419999999999999929e+01,-1.232000000000000000e+03,-1.971000000000000085e+00,5.430000000000000000e+02,0.000000000000000000e+00,0.000000000000000000e+00,0.000000000000000000e+00,6.600000000000000311e-01,-7.510000000000000000e+02,-7.510000000000000000e+02,-4.160000000000000000e+02,0.000000000000000000e+00,3.750000000000000000e-01,1.530000000000000027e+00,-8.920000000000000151e-02,0.000000000000000000e+00,0.000000000000000000e+00,8.999999999999999320e-03,1.000000000000000000e+00,1.729999999999999871e-01,1.300000000000000000e+01,8.214000000000000000e+03
4.463325148999992962e+02,4.525210000000000000e+05,2.023000000000000131e+00,2.940999999999999837e+00,1.273000000000000043e+01,-1.213000000000000000e+03,-1.941000000000000059e+00,3.680000000000000000e+02,0.000000000000000000e+00,0.000000000000000000e+00,0.000000000000000000e+00,-4.000000000000000083e-02,-7.160000000000000000e+02,-7.160000000000000000e+02,-4.200000000000000000e+02,0.000000000000000000e+00,3.870000000000000107e-01,4.219999999999999751e+00,2.050000000000000086e-02,0.000000000000000000e+00,0.000000000000000000e+00,0.000000000000000000e+00,1.000000000000000000e+00,2.089999999999999913e-01,1.100000000000000000e+01,8.214000000000000000e+03
4.463505027999999584e+02,4.525410000000000000e+05,2.286999999999999922e+00,2.886000000000000121e+00,8.330000000000000071e+00,-1.179000000000000000e+03,-1.885999999999999899e+00,2.410000000000000000e+02,0.000000000000000000e+00,0.000000000000000000e+00,0.000000000000000000e+00,-1.439999999999999947e+00,-6.330000000000000000e+02,-6.330000000000000000e+02,-4.160000000000000000e+02,0.000000000000000000e+00,4.159999999999999809e-01,6.809999999999999609e+00,-1.480000000000000066e-02,0.000000000000000000e+00,0.000000000000000000e+00,-5.099999999999999672e-02,1.000000000000000000e+00,2.129999999999999949e-01,1.100000000000000000e+01,8.214000000000000000e+03
4.463719361999992543e+02,4.525610000000000000e+05,2.513999999999999790e+00,2.709000000000000075e+00,7.070000000000000284e+00,-1.068000000000000000e+03,-1.709000000000000075e+00,-2.000000000000000000e+00,0.000000000000000000e+00,0.000000000000000000e+00,0.000000000000000000e+00,-2.419999999999999929e+00,-5.610000000000000000e+02,-5.610000000000000000e+02,-4.310000000000000000e+02,0.000000000000000000e+00,4.269999999999999907e-01,9.689999999999999503e+00,1.968999999999999917e-01,0.000000000000000000e+00,0.000000000000000000e+00,-7.699999999999999900e-02,1.000000000000000000e+00,2.419999999999999929e-01,7.000000000000000000e+00,8.214000000000000000e+03
4.464185727000003681e+02,4.526010000000000000e+05,2.750999999999999890e+00,2.380999999999999783e+00,1.050000000000000044e+00,-8.630000000000000000e+02,-1.381000000000000005e+00,-2.620000000000000000e+02,0.000000000000000000e+00,0.000000000000000000e+00,0.000000000000000000e+00,-1.510000000000000009e+00,-5.880000000000000000e+02,-5.880000000000000000e+02,-4.200000000000000000e+02,0.000000000000000000e+00,3.770000000000000018e-01,-1.166999999999999993e+01,-1.000000000000000000e+00,0.000000000000000000e+00,0.000000000000000000e+00,-6.400000000000000133e-02,1.000000000000000000e+00,1.960000000000000075e-01,1.100000000000000000e+01,8.214000000000000000e+03
4.464332424999993236e+02,4.526210000000000000e+05,2.733999999999999986e+00,2.169999999999999929e+00,-5.309999999999999609e+00,-7.310000000000000000e+02,-1.169999999999999929e+00,-2.750000000000000000e+02,0.000000000000000000e+00,0.000000000000000000e+00,0.000000000000000000e+00,-1.300000000000000044e+00,-5.740000000000000000e+02,-5.740000000000000000e+02,-4.190000000000000000e+02,0.000000000000000000e+00,4.289999999999999925e-01,1.003999999999999915e+01,2.124999999999999944e-01,0.000000000000000000e+00,0.000000000000000000e+00,-8.999999999999999320e-03,1.000000000000000000e+00,2.119999999999999940e-01,1.100000000000000000e+01,8.214000000000000000e+03
4.464504672000002756e+02,4.526410000000000000e+05,2.661999999999999922e+00,1.866000000000000103e+00,-7.690000000000000391e+00,-5.410000000000000000e+02,-8.659999999999999920e-01,-3.810000000000000000e+02,0.000000000000000000e+00,0.000000000000000000e+00,0.000000000000000000e+00,-1.100000000000000006e-01,-6.190000000000000000e+02,-6.190000000000000000e+02,-4.520000000000000000e+02,0.000000000000000000e+00,4.099999999999999756e-01,3.359999999999999876e+00,-4.630000000000000088e-02,0.000000000000000000e+00,0.000000000000000000e+00,1.299999999999999940e-02,1.000000000000000000e+00,2.210000000000000020e-01,9.000000000000000000e+00,8.214000000000000000e+03
4.464721735000002809e+02,4.526610000000000000e+05,2.511000000000000121e+00,1.687999999999999945e+00,-1.146000000000000085e+01,-4.300000000000000000e+02,-6.879999999999999449e-01,-3.270000000000000000e+02,0.000000000000000000e+00,0.000000000000000000e+00,0.000000000000000000e+00,-1.229999999999999982e+00,-5.530000000000000000e+02,-5.530000000000000000e+02,-4.430000000000000000e+02,0.000000000000000000e+00,4.219999999999999862e-01,8.039999999999999147e+00,1.564000000000000112e-01,0.000000000000000000e+00,0.000000000000000000e+00,2.100000000000000130e-02,1.000000000000000000e+00,2.310000000000000109e-01,7.000000000000000000e+00,8.214000000000000000e+03
4.465289747999995598e+02,4.527010000000000000e+05,1.965000000000000080e+00,1.467000000000000082e+00,-1.580000000000000071e+01,-2.920000000000000000e+02,-4.670000000000000262e-01,-3.800000000000000000e+01,0.000000000000000000e+00,0.000000000000000000e+00,0.000000000000000000e+00,2.399999999999999911e-01,-6.190000000000000000e+02,-6.190000000000000000e+02,-4.000000000000000000e+02,0.000000000000000000e+00,3.930000000000000160e-01,1.969999999999999973e+00,-4.989999999999999991e-02,0.000000000000000000e+00,0.000000000000000000e+00,-1.700000000000000122e-02,1.000000000000000000e+00,2.389999999999999902e-01,5.000000000000000000e+00,8.214000000000000000e+03
4.465319882000003417e+02,4.527210000000000000e+05,1.631999999999999895e+00,1.370000000000000107e+00,-1.628999999999999915e+01,-2.310000000000000000e+02,-3.699999999999999956e-01,1.240000000000000000e+02,0.000000000000000000e+00,0.000000000000000000e+00,0.000000000000000000e+00,-3.200000000000000067e-01,-5.960000000000000000e+02,-5.960000000000000000e+02,-3.950000000000000000e+02,0.000000000000000000e+00,4.139999999999999791e-01,5.620000000000000107e+00,-5.190000000000000169e-02,0.000000000000000000e+00,0.000000000000000000e+00,-8.999999999999999320e-03,1.000000000000000000e+00,2.349999999999999867e-01,3.000000000000000000e+00,8.214000000000000000e+03
4.465516821999990498e+02,4.527410000000000000e+05,1.292999999999999927e+00,1.310000000000000053e+00,-1.475000000000000000e+01,-1.940000000000000000e+02,-3.099999999999999978e-01,2.730000000000000000e+02,0.000000000000000000e+00,0.000000000000000000e+00,0.000000000000000000e+00,5.899999999999999689e-01,-6.430000000000000000e+02,-6.430000000000000000e+02,-3.910000000000000000e+02,0.000000000000000000e+00,3.709999999999999964e-01,-3.009999999999999787e+00,-3.377000000000000002e-01,0.000000000000000000e+00,0.000000000000000000e+00,0.000000000000000000e+00,1.000000000000000000e+00,2.240000000000000047e-01,5.000000000000000000e+00,8.214000000000000000e+03
4.465696688999996695e+02,4.527610000000000000e+05,9.679999999999999716e-01,1.292999999999999927e+00,-1.425999999999999979e+01,-1.830000000000000000e+02,-2.929999999999999827e-01,4.680000000000000000e+02,0.000000000000000000e+00,0.000000000000000000e+00,0.000000000000000000e+00,1.080000000000000071e+00,-6.680000000000000000e+02,-6.680000000000000000e+02,-3.940000000000000000e+02,0.000000000000000000e+00,3.729999999999999982e-01,1.199999999999999956e-01,-1.882000000000000062e-01,0.000000000000000000e+00,0.000000000000000000e+00,0.000000000000000000e+00,1.000000000000000000e+00,2.300000000000000100e-01,6.000000000000000000e+00,8.214000000000000000e+03
4.466133167999996658e+02,4.528010000000000000e+05,3.709999999999999964e-01,1.387000000000000011e+00,-9.300000000000000711e+00,-2.420000000000000000e+02,-3.870000000000000107e-01,8.220000000000000000e+02,0.000000000000000000e+00,0.000000000000000000e+00,0.000000000000000000e+00,1.639999999999999902e+00,-7.390000000000000000e+02,-7.390000000000000000e+02,-4.020000000000000000e+02,0.000000000000000000e+00,3.430000000000000271e-01,-9.580000000000000071e+00,-8.116999999999999771e-01,0.000000000000000000e+00,0.000000000000000000e+00,0.000000000000000000e+00,1.000000000000000000e+00,2.020000000000000129e-01,8.000000000000000000e+00,8.214000000000000000e+03
4.466309934000000794e+02,4.528210000000000000e+05,1.439999999999999891e-01,1.493000000000000105e+00,-7.480000000000000426e+00,-3.080000000000000000e+02,-4.929999999999999938e-01,1.007000000000000000e+03,0.000000000000000000e+00,0.000000000000000000e+00,0.000000000000000000e+00,1.360000000000000098e+00,-7.300000000000000000e+02,-7.300000000000000000e+02,-4.110000000000000000e+02,0.000000000000000000e+00,3.810000000000000053e-01,8.109999999999999432e+00,2.484999999999999987e-01,0.000000000000000000e+00,0.000000000000000000e+00,0.000000000000000000e+00,1.000000000000000000e+00,2.210000000000000020e-01,8.000000000000000000e+00,8.214000000000000000e+03
4.466522411000005377e+02,4.528410000000000000e+05,-2.199999999999999872e-02,1.550000000000000044e+00,-3.350000000000000089e+00,-3.440000000000000000e+02,-5.500000000000000444e-01,1.076000000000000000e+03,0.000000000000000000e+00,0.000000000000000000e+00,0.000000000000000000e+00,1.850000000000000089e+00,-7.790000000000000000e+02,-7.790000000000000000e+02,-4.180000000000000000e+02,0.000000000000000000e+00,3.780000000000000027e-01,1.200000000000000000e+01,5.412000000000000144e-01,0.000000000000000000e+00,0.000000000000000000e+00,8.999999999999999320e-03,1.000000000000000000e+00,1.940000000000000058e-01,1.200000000000000000e+01,8.214000000000000000e+03
4.466685980999991443e+02,4.528610000000000000e+05,-1.049999999999999961e-01,1.695999999999999952e+00,-5.999999999999999778e-02,-4.350000000000000000e+02,-6.959999999999999520e-01,1.165000000000000000e+03,0.000000000000000000e+00,0.000000000000000000e+00,0.000000000000000000e+00,2.410000000000000142e+00,-8.430000000000000000e+02,-8.430000000000000000e+02,-4.330000000000000000e+02,0.000000000000000000e+00,3.489999999999999769e-01,-4.000000000000000083e-02,-1.552999999999999936e-01,0.000000000000000000e+00,0.000000000000000000e+00,8.999999999999999320e-03,1.000000000000000000e+00,2.020000000000000129e-01,1.100000000000000000e+01,8.214000000000000000e+03
4.467291771999989578e+02,4.529010000000000000e+05,-1.700000000000000122e-02,2.081999999999999851e+00,5.950000000000000178e+00,-6.760000000000000000e+02,-1.082000000000000073e+00,1.252000000000000000e+03,0.000000000000000000e+00,0.000000000000000000e+00,0.000000000000000000e+00,1.010000000000000009e+00,-7.870000000000000000e+02,-7.870000000000000000e+02,-4.330000000000000000e+02,0.000000000000000000e+00,3.310000000000000164e-01,-9.550000000000000711e+00,-7.236000000000000210e-01,0.000000000000000000e+00,0.000000000000000000e+00,4.000000000000000083e-03,1.000000000000000000e+00,2.320000000000000118e-01,7.000000000000000000e+00,8.214000000000000000e+03
4.467343474999997852e+02,4.529210000000000000e+05,9.700000000000000289e-02,2.173000000000000043e+00,8.609999999999999432e+00,-7.330000000000000000e+02,-1.173000000000000043e+00,1.189000000000000000e+03,0.000000000000000000e+00,0.000000000000000000e+00,0.000000000000000000e+00,1.989999999999999991e+00,-8.440000000000000000e+02,-8.440000000000000000e+02,-4.640000000000000000e+02,0.000000000000000000e+00,3.469999999999999751e-01,7.000000000000000666e-02,-7.439999999999999392e-02,0.000000000000000000e+00,0.000000000000000000e+00,8.999999999999999320e-03,1.000000000000000000e+00,2.449999999999999956e-01,6.000000000000000000e+00,8.214000000000000000e+03
4.467511753999988287e+02,4.529410000000000000e+05,2.730000000000000204e-01,2.255999999999999783e+00,1.118999999999999950e+01,-7.850000000000000000e+02,-1.256000000000000005e+00,1.085000000000000000e+03,0.000000000000000000e+00,0.000000000000000000e+00,0.000000000000000000e+00,2.620000000000000107e+00,-9.030000000000000000e+02,-9.030000000000000000e+02,-4.860000000000000000e+02,0.000000000000000000e+00,3.439999999999999725e-01,-2.609999999999999876e+00,-2.268000000000000016e-01,0.000000000000000000e+00,0.000000000000000000e+00,8.999999999999999320e-03,1.000000000000000000e+00,2.349999999999999867e-01,6.000000000000000000e+00,8.214000000000000000e+03
4.467691802999997890e+02,4.529610000000000000e+05,5.060000000000000053e-01,2.406000000000000139e+00,1.189000000000000057e+01,-8.790000000000000000e+02,-1.405999999999999917e+00,1.017000000000000000e+03,0.000000000000000000e+00,0.000000000000000000e+00,0.000000000000000000e+00,2.999999999999999889e-02,-7.800000000000000000e+02,-7.800000000000000000e+02,-4.850000000000000000e+02,0.000000000000000000e+00,3.320000000000000173e-01,-1.516999999999999993e+01,-1.000000000000000000e+00,0.000000000000000000e+00,0.000000000000000000e+00,1.700000000000000122e-02,1.000000000000000000e+00,2.109999999999999931e-01,6.000000000000000000e+00,8.214000000000000000e+03
4.468142313999996986e+02,4.530010000000000000e+05,1.016000000000000014e+00,2.713999999999999968e+00,1.202999999999999936e+01,-1.071000000000000000e+03,-1.713999999999999968e+00,8.840000000000000000e+02,0.000000000000000000e+00,0.000000000000000000e+00,0.000000000000000000e+00,8.699999999999999956e-01,-8.190000000000000000e+02,-8.190000000000000000e+02,-4.430000000000000000e+02,0.000000000000000000e+00,3.820000000000000062e-01,5.809999999999999609e+00,1.147999999999999993e-01,0.000000000000000000e+00,0.000000000000000000e+00,3.799999999999999906e-02,1.000000000000000000e+00,2.399999999999999911e-01,3.000000000000000000e+00,8.214000000000000000e+03
4.468340312999989692e+02,4.530210000000000000e+05,1.292000000000000037e+00,2.669000000000000039e+00,1.147000000000000064e+01,-1.043000000000000000e+03,-1.669000000000000039e+00,6.850000000000000000e+02,0.000000000000000000e+00,0.000000000000000000e+00,0.000000000000000000e+00,-1.580000000000000071e+00,-6.960000000000000000e+02,-6.960000000000000000e+02,-4.690000000000000000e+02,0.000000000000000000e+00,3.499999999999999778e-01,-7.339999999999999858e+00,-5.282000000000000028e-01,0.000000000000000000e+00,0.000000000000000000e+00,8.599999999999999312e-02,1.000000000000000000e+00,2.449999999999999956e-01,0.000000000000000000e+00,8.214000000000000000e+03
4.468572721999989881e+02,4.530410000000000000e+05,1.554999999999999938e+00,2.672000000000000153e+00,1.021000000000000085e+01,-1.045000000000000000e+03,-1.671999999999999931e+00,5.370000000000000000e+02,0.000000000000000000e+00,0.000000000000000000e+00,0.000000000000000000e+00,-2.700000000000000178e+00,-6.070000000000000000e+02,-6.070000000000000000e+02,-4.700000000000000000e+02,0.000000000000000000e+00,3.499999999999999778e-01,-7.339999999999999858e+00,-5.282000000000000028e-01,0.000000000000000000e+00,0.000000000000000000e+00,9.400000000000000022e-02,1.000000000000000000e+00,2.449999999999999956e-01,2.000000000000000000e+01,8.214000000000000000e+03
4.468710503000002063e+02,4.530610000000000000e+05,1.641999999999999904e+00,2.696000000000000174e+00,9.029999999999999361e+00,-1.060000000000000000e+03,-1.695999999999999952e+00,9.700000000000000000e+01,0.000000000000000000e+00,0.000000000000000000e+00,0.000000000000000000e+00,-1.159999999999999920e+00,-1.212000000000000000e+03,-1.212000000000000000e+03,-4.500000000000000000e+02,0.000000000000000000e+00,3.629999999999999893e-01,-6.089999999999999858e+00,-4.391999999999999793e-01,0.000000000000000000e+00,0.000000000000000000e+00,1.069999999999999979e-01,1.000000000000000000e+00,2.829999999999999738e-01,1.400000000000000000e+01,8.214000000000000000e+03
4.469299864000004163e+02,4.531010000000000000e+05,2.069999999999999840e+00,2.553999999999999826e+00,2.240000000000000213e+00,-9.710000000000000000e+02,-1.554000000000000048e+00,2.740000000000000000e+02,0.000000000000000000e+00,0.000000000000000000e+00,0.000000000000000000e+00,-9.480000000000000426e+00,-5.660000000000000000e+02,-5.660000000000000000e+02,-4.770000000000000000e+02,0.000000000000000000e+00,0.000000000000000000e+00,0.000000000000000000e+00,0.000000000000000000e+00,0.000000000000000000e+00,0.000000000000000000e+00,1.499999999999999944e-01,1.000000000000000000e+00,0.000000000000000000e+00,2.800000000000000000e+01,8.210000000000000000e+03
4.469363315999999031e+02,4.531210000000000000e+05,2.311999999999999833e+00,2.490000000000000213e+00,3.640000000000000124e+00,-9.310000000000000000e+02,-1.489999999999999991e+00,5.200000000000000000e+01,0.000000000000000000e+00,0.000000000000000000e+00,0.000000000000000000e+00,-6.190000000000000391e+00,-6.120000000000000000e+02,-6.120000000000000000e+02,-4.630000000000000000e+02,0.000000000000000000e+00,4.159999999999999809e-01,8.599999999999999867e-01,-2.786000000000000143e-01,0.000000000000000000e+00,0.000000000000000000e+00,1.199999999999999956e-01,1.000000000000000000e+00,2.479999999999999982e-01,1.800000000000000000e+01,8.214000000000000000e+03
4.469558708000004117e+02,4.531410000000000000e+05,2.458000000000000185e+00,2.509999999999999787e+00,2.379999999999999893e+00,-9.440000000000000000e+02,-1.510000000000000009e+00,-7.000000000000000000e+00,0.000000000000000000e+00,0.000000000000000000e+00,0.000000000000000000e+00,-5.150000000000000355e+00,-5.820000000000000000e+02,-5.820000000000000000e+02,-4.050000000000000000e+02,0.000000000000000000e+00,3.960000000000000187e-01,-3.020000000000000018e+00,-4.611999999999999988e-01,0.000000000000000000e+00,0.000000000000000000e+00,1.069999999999999979e-01,1.000000000000000000e+00,2.449999999999999956e-01,1.800000000000000000e+01,8.214000000000000000e+03
4.469742754999988392e+02,4.531610000000000000e+05,2.500999999999999890e+00,2.241999999999999993e+00,-1.110000000000000098e+00,-7.760000000000000000e+02,-1.241999999999999993e+00,-1.480000000000000000e+02,0.000000000000000000e+00,0.000000000000000000e+00,0.000000000000000000e+00,-6.259999999999999787e+00,-4.510000000000000000e+02,-4.510000000000000000e+02,-4.260000000000000000e+02,0.000000000000000000e+00,4.219999999999999862e-01,4.080000000000000071e+00,-1.403000000000000080e-01,0.000000000000000000e+00,0.000000000000000000e+00,2.310000000000000109e-01,1.000000000000000000e+00,2.179999999999999993e-01,0.000000000000000000e+00,8.214000000000000000e+03
