rsp:1,ok,hello,1,mock-0.1,63
par:2,run_speed_straight,float,1.2,0.0,1.5,Run,0.01,4
par:2,run_speed_curve,float,1.2,0.0,1.5,Run,0.01,4
par:2,run_speed_cross,float,1.2,0.0,1.5,Run,0.01,4
par:2,run_speed_ring,float,1.2,0.0,1.5,Run,0.01,4
par:2,run_speed_ramp,float,1.2,0.0,1.5,Run,0.01,4
par:2,run_speed_lost,float,0.2,0.0,1.5,Run,0.01,4
par:2,run_accel_mps2,float,0.5,0.05,10.0,Run,0.05,4
par:2,run_decel_mps2,float,1.0,0.05,10.0,Run,0.05,4
par:2,direction_pixel_kp,float,1.2,0.0,10.0,Run,0.05,4
par:2,direction_heading_kp,float,0.92,0.0,10.0,Run,0.05,4
par:2,direction_curve_kff,float,50.0,0.0,100.0,Run,0.25,4
par:2,direction_rate_kd,float,0.0,0.0,1.0,Run,0.001,4
par:2,zebra_stop_offset_m,float,0.15,0.0,2.0,Element,0.01,4
par:2,err_front_row,int,67.0,10.0,115.0,Camera,1.0,4
par:2,ipm_h0,float,4.89805365,-100000000.0,100000000.0,IPM,0.0001,6
par:2,ipm_h1,float,0.429295093,-100000000.0,100000000.0,IPM,0.0001,6
par:2,ipm_h2,float,-437.682922,-100000000.0,100000000.0,IPM,0.0001,6
par:2,ipm_h3,float,-9.01227565e-07,-100000000.0,100000000.0,IPM,0.0001,6
par:2,ipm_h4,float,7.5201354,-100000000.0,100000000.0,IPM,0.0001,6
par:2,ipm_h5,float,-637.018188,-100000000.0,100000000.0,IPM,0.0001,6
par:2,ipm_h6,float,3.5576222e-09,-100000000.0,100000000.0,IPM,0.0001,6
par:2,ipm_h7,float,0.0787293464,-100000000.0,100000000.0,IPM,0.0001,6
par:2,ipm_h8,float,0.99999994,-100000000.0,100000000.0,IPM,0.0001,6
par:2,cam_exposure,int,48.0,4.0,1600.0,Camera,2.0,4
par:2,odom_counts_per_m,float,11690.0,100.0,50000.0,Odometry,10.0,4
par:2,odom_test_speed,float,0.05,0.05,0.5,Odometry,0.01,4
par:2,r_rcy_kp,float,0.0017,-50.0,50.0,Roll,0.0001,5
par:2,r_rcy_ki,float,0.0,-20.0,20.0,Roll,0.0001,5
par:2,r_rcy_kd,float,0.0,-50.0,50.0,Roll,0.0001,5
par:2,r_angle_kp,float,36.0,-2000.0,2000.0,Roll,0.2,5
par:2,r_angle_ki,float,0.0,-200.0,200.0,Roll,0.01,5
par:2,r_angle_kd,float,0.0,-500.0,500.0,Roll,0.2,5
par:2,r_rate_kp,float,-18.0,-2000.0,2000.0,Roll,1.0,5
par:2,r_rate_ki,float,0.0,-200.0,200.0,Roll,0.01,5
par:2,r_rate_kd,float,-7.5,-500.0,500.0,Roll,0.5,5
par:2,p_vel_kp,float,0.065,-50.0,50.0,Pitch,0.001,5
par:2,p_vel_ki,float,0.004,-20.0,20.0,Pitch,0.001,5
par:2,p_vel_kd,float,0.0,-50.0,50.0,Pitch,0.001,5
par:2,p_angle_kp,float,5.6,-2000.0,2000.0,Pitch,0.2,5
par:2,p_angle_ki,float,0.0,-200.0,200.0,Pitch,0.01,5
par:2,p_angle_kd,float,0.0,-500.0,500.0,Pitch,0.2,5
par:2,p_rate_kp,float,20.0,-500.0,500.0,Pitch,0.5,5
par:2,p_rate_ki,float,0.5,-50.0,50.0,Pitch,0.01,5
par:2,p_rate_kd,float,0.0,-500.0,500.0,Pitch,0.5,5
par:2,y_angle_kp,float,14.0,-50.0,50.0,Yaw,0.1,5
par:2,y_angle_ki,float,0.0,-50.0,50.0,Yaw,0.01,5
par:2,y_angle_kd,float,0.0,-200.0,200.0,Yaw,0.1,5
par:2,y_rate_kp,float,50.0,-200.0,200.0,Yaw,0.5,5
par:2,y_rate_ki,float,0.0,-50.0,50.0,Yaw,0.01,5
par:2,y_rate_kd,float,0.0,-200.0,200.0,Yaw,0.5,5
par:2,lean_roll_kp,float,2.5,0.0,20.0,Lean,0.1,4
par:2,lean_max_angle,float,5.0,0.0,8.0,Lean,0.1,4
par:2,elem_en_zebra,int,0.0,0.0,1.0,Element,1,4
par:2,elem_en_cross,int,1.0,0.0,1.0,Element,1,4
par:2,elem_en_ring,int,0.0,0.0,1.0,Element,1,4
par:2,elem_en_ramp,int,0.0,0.0,1.0,Element,1,4
par:2,ring_angle,int,340.0,0.0,720.0,Element,5.0,4
par:2,ring_s2_cnt_l,int,300.0,0.0,5000.0,Element,10.0,4
par:2,ring_s2_cnt_r,int,400.0,0.0,5000.0,Element,10.0,4
par:2,roll_zero_init,float,0.996689558,-45.0,45.0,Zero,0.1,6
par:2,pitch_zero_init,float,-3.05225325,-45.0,45.0,Zero,0.1,6
par:2,roll_protect,float,20.0,1.0,90.0,Zero,1.0,6
par:2,pitch_protect,float,50.0,1.0,90.0,Zero,1.0,6
par:2,motor_dir_a,int,1.0,-1.0,1.0,Motor,2.0,6
par:2,motor_dir_b,int,1.0,-1.0,1.0,Motor,2.0,6
par:2,motor_dir_c,int,1.0,-1.0,1.0,Motor,2.0,6
par:2,enc_dir_c,int,1.0,-1.0,1.0,Motor,2.0,6
par:2,steer_dir,int,-1.0,-1.0,1.0,Motor,2.0,6
par:2,jog_duty_fly,int,2500.0,0.0,10000.0,Motor,100.0,6
par:2,jog_duty_drive,int,800.0,0.0,3500.0,Motor,100.0,6
par:2,fly_speed_limit,int,7000.0,0.0,20000.0,Motor,100.0,6
par:2,fly_slew,int,0.0,0.0,10000.0,Motor,100.0,6
rsp:2,ok,schema,72
att:0.000,0.000,0.000
run:4294965248,0,0,6,0,0,0,0,0,0,0,0,0,0,0,0,0,0,0,0,0,1,0.9,20,20
taskevt:1,4294965248,0,1,0,0,0
task:4294965248,1,0,0,0,0,20,0.9,1,0,0.000,0.000,1
stat:4294965248,0,0,0,0,7,1,1,1,0,0,1,0,0,16777215
noise from radio
att:NaN,1,2
att:0.120,0.042,0.180
run:4294965268,0.119992,0.0119999,5.9988,2.79997,0.00159998,3.99996,0.00799991,0.159998,0.143998,0.127999,7.19992,5.59994,6.39993,0.095999,0.00239997,0.0639993,0.000319997,0,0,0,1,0.9,20,20
att:0.240,0.084,0.360
run:4294965288,0.239936,0.023999,5.9952,5.59976,0.00319986,7.99966,0.0159993,0.319986,0.287988,0.255989,14.3994,11.1995,12.7995,0.191992,0.0047998,0.127995,0.000639973,0,0,0,1,0.9,20,20
att:0.360,0.126,0.540
att:0.479,0.168,0.720
run:4294965328,0.479488,0.0479918,5.98081,11.1981,0.00639891,15.9973,0.0319945,0.639891,0.575902,0.511913,28.7951,22.3962,25.5956,0.383934,0.00959836,0.255956,0.00127978,0,0,0,1,0.9,20,20
att:0.599,0.210,0.900
run:4294965348,0.599,0.059984,5.97002,13.9963,0.00799787,19.9947,0.0399893,0.799787,0.719808,0.639829,35.9904,27.9925,31.9915,0.479872,0.0119968,0.319915,0.00159957,0,0,0,1,0.9,20,20
att:0.718,0.252,1.080
att:0.837,0.294,1.260
run:4294965388,0.837259,0.0839561,5.9413,19.5898,0.0111941,27.9854,0.0559707,1.11941,1.00747,0.895532,50.3737,39.1795,44.7766,0.671649,0.0167912,0.447766,0.00223883,0,0,0,1,0.9,20,20
att:0.956,0.335,1.440
att:1.074,0.377,1.620
run:4294965428,1.07418,0.107907,5.90306,25.1782,0.0143876,35.9689,0.0719378,1.43876,1.29488,1.151,64.744,50.3565,57.5502,0.863254,0.0215813,0.575502,0.00287751,0,0,0,1,0.9,20,20
att:1.192,0.419,1.800
task:4294965448,1,0,0,0,0,20,0.9,1,0,1.800,0.000,11
stat:4294965448,0,0,0,0,7,1,1,1,0,0,1,0,0,16777215
att:1.309,0.460,1.980
run:4294965468,1.30938,0.13183,5.85538,30.7603,0.0175773,43.9432,0.0878865,1.75773,1.58196,1.40618,79.0978,61.5205,70.3092,1.05464,0.0263659,0.703092,0.00351546,0,0,0,1,0.9,20,20
att:1.426,0.502,2.160
run:4294965488,1.42622,0.143779,5.82803,33.5484,0.0191705,47.9263,0.0958526,1.91705,1.72535,1.53364,86.2674,67.0968,76.6821,1.15023,0.0287558,0.766821,0.0038341,0,0,0,1,0.9,20,20
att:1.542,0.543,2.340
run:4294965508,1.54248,0.155719,5.79834,36.3344,0.0207625,51.9063,0.103813,2.07625,1.86863,1.661,93.4314,72.6688,83.0501,1.24575,0.0311438,0.830501,0.0041525,0,0,0,1,0.9,20,20
att:1.658,0.584,2.520
run:4294965528,1.65813,0.167649,5.76633,39.1181,0.0223532,55.883,0.111766,2.23532,2.01179,1.78826,100.589,78.2362,89.4128,1.34119,0.0335298,0.894128,0.00447064,0,0,0,1,0.9,20,20
att:1.773,0.625,2.700
run:4294965548,1.77312,0.179568,5.73202,41.8993,0.0239424,59.8561,0.119712,2.39424,2.15482,1.9154,107.741,83.7985,95.7698,1.43655,0.0359137,0.957698,0.00478849,0,0,0,1,0.9,20,20
att:1.887,0.666,2.880
run:4294965568,1.8874,0.191476,5.69541,44.6778,0.0255302,63.8254,0.127651,2.55302,2.29771,2.04241,114.886,89.3555,102.121,1.53181,0.0382952,1.02121,0.00510603,0,0,0,1,0.9,20,20
att:2.001,0.707,3.060
run:4294965588,2.00092,0.203372,5.65653,47.4534,0.0271162,67.7906,0.135581,2.71162,2.44046,2.1693,122.023,94.9068,108.465,1.62697,0.0406743,1.08465,0.00542325,0,0,0,1,0.9,20,20
att:2.114,0.748,3.240
run:4294965608,2.11365,0.215254,5.61538,50.226,0.0287006,71.7514,0.143503,2.87006,2.58305,2.29605,129.153,100.452,114.802,1.72203,0.0430509,1.14802,0.00574011,0,0,0,1,0.9,20,20
att:2.226,0.789,3.420
run:4294965628,2.22552,0.227123,5.57199,52.9954,0.0302831,75.7077,0.151415,3.02831,2.72548,2.42265,136.274,105.991,121.132,1.81698,0.0454246,1.21132,0.00605661,0,0,0,1,0.9,20,20
att:2.337,0.829,3.600
run:4294965648,2.33651,0.238977,5.52637,55.7614,0.0318636,79.6591,0.159318,3.18636,2.86773,2.54909,143.386,111.523,127.455,1.91182,0.0477955,1.27455,0.00637273,0,0,0,1,0.9,20,20
task:4294965648,1,0,0,0,0,20,0.9,1,0,3.600,0.000,21
stat:4294965648,0,0,0,0,7,1,1,1,0,0,1,0,0,16777215
att:2.447,0.869,3.780
att:2.556,0.909,3.960
run:4294965688,2.55564,0.262639,5.42851,61.2825,0.0350186,87.5464,0.175093,3.50186,3.15167,2.80148,157.583,122.565,140.074,2.10111,0.0525278,1.40074,0.00700371,0,0,0,1,0.9,20,20
att:2.664,0.949,4.140
run:4294965708,2.66369,0.274445,5.37631,64.0372,0.0365927,91.4818,0.182964,3.65927,3.29334,2.92742,164.667,128.074,146.371,2.19556,0.0548891,1.46371,0.00731854,0,0,0,1,0.9,20,20
att:2.771,0.989,4.320
run:4294965728,2.77068,0.286234,5.32197,66.7879,0.0381645,95.4113,0.190823,3.81645,3.43481,3.05316,171.74,133.576,152.658,2.28987,0.0572468,1.52658,0.0076329,0,0,0,1,0.9,20,20
att:2.877,1.029,4.500
run:4294965748,2.87655,0.298004,5.2655,69.5343,0.0397339,99.3347,0.198669,3.97339,3.57605,3.17871,178.802,139.069,158.935,2.38403,0.0596008,1.58935,0.00794677,0,0,0,1,0.9,20,20
att:2.981,1.068,4.680
run:4294965768,2.98128,0.309755,5.20692,72.2762,0.0413007,103.252,0.206503,4.13007,3.71706,3.30405,185.853,144.552,165.203,2.47804,0.061951,1.65203,0.00826014,0,0,0,1,0.9,20,20
att:3.085,1.107,4.860
run:4294965788,3.08482,0.321486,5.14625,75.0135,0.0428649,107.162,0.214324,4.28649,3.85784,3.42919,192.892,150.027,171.459,2.57189,0.0642973,1.71459,0.00857297,0,0,0,1,0.9,20,20
att:3.187,1.146,5.040
run:4294965808,3.18712,0.333197,5.08353,77.746,0.0444263,111.066,0.222131,4.44263,3.99837,3.5541,199.918,155.492,177.705,2.66558,0.0666394,1.77705,0.00888526,0,0,0,1,0.9,20,20
att:3.288,1.185,5.220
run:4294965828,3.28814,0.344887,5.01878,80.4735,0.0459849,114.962,0.229924,4.59849,4.13864,3.67879,206.932,160.947,183.94,2.75909,0.0689773,1.8394,0.00919698,0,0,0,1,0.9,20,20
att:3.388,1.223,5.400
run:4294965848,3.38785,0.356554,4.95201,83.1959,0.0475405,118.851,0.237703,4.75405,4.27865,3.80324,213.932,166.392,190.162,2.85243,0.0713108,1.90162,0.00950811,0,0,0,1,0.9,20,20
task:4294965848,1,0,0,0,0,20,0.9,1,0,5.400,0.000,31
stat:4294965848,0,0,0,0,7,1,1,1,0,0,1,0,0,16777215
att:3.486,1.262,5.580
run:4294965868,3.48621,0.368198,4.88327,85.913,0.0490931,122.733,0.245466,4.90931,4.41838,3.92745,220.919,171.826,196.373,2.94559,0.0736397,1.96373,0.00981863,0,0,0,1,0.9,20,20
att:3.583,1.299,5.760
run:4294965888,3.58317,0.379819,4.81257,88.6245,0.0506426,126.606,0.253213,5.06426,4.55783,4.05141,227.892,177.249,202.57,3.03856,0.0759639,2.0257,0.0101285,0,0,0,1,0.9,20,20
att:3.679,1.337,5.940
att:3.773,1.375,6.120
att:3.865,1.412,6.300
run:4294965948,3.86531,0.414533,4.58905,96.7245,0.0552711,138.178,0.276356,5.52711,4.9744,4.42169,248.72,193.449,221.085,3.31627,0.0829067,2.21085,0.0110542,0,0,0,1,0.9,20,20
att:3.956,1.449,6.480
run:4294965968,3.95631,0.426053,4.51083,99.4123,0.056807,142.018,0.284035,5.6807,5.11263,4.54456,255.632,198.825,227.228,3.40842,0.0852106,2.27228,0.0113614,0,0,0,1,0.9,20,20
att:4.046,1.485,6.660
run:4294965988,4.04573,0.437545,4.43081,102.094,0.0583393,145.848,0.291697,5.83393,5.25054,4.66714,262.527,204.188,233.357,3.50036,0.087509,2.33357,0.0116679,0,0,0,1,0.9,20,20
att:4.134,1.522,6.840
run:4294966008,4.13353,0.449009,4.34902,104.769,0.0598678,149.67,0.299339,5.98678,5.38811,4.78943,269.405,209.537,239.471,3.59207,0.0898018,2.39471,0.0119736,0,0,0,1,0.9,20,20
att:4.220,1.558,7.020
run:4294966028,4.21968,0.460444,4.26548,107.437,0.0613925,153.481,0.306963,6.13925,5.52533,4.9114,276.266,214.874,245.57,3.68355,0.0920888,2.4557,0.0122785,0,0,0,1,0.9,20,20
att:4.304,1.594,7.200
run:4294966048,4.30414,0.47185,4.18024,110.098,0.0629133,157.283,0.314567,6.29133,5.6622,5.03306,283.11,220.197,251.653,3.7748,0.09437,2.51653,0.0125827,0,0,0,1,0.9,20,20
task:4294966048,1,0,0,0,0,20,0.9,1,0,7.200,0.000,41
stat:4294966048,0,0,0,0,7,1,1,1,0,0,1,0,0,16777215
att:4.387,1.629,7.380
run:4294966068,4.38687,0.483225,4.09333,112.753,0.0644301,161.075,0.32215,6.44301,5.79871,5.1544,289.935,225.505,257.72,3.8658,0.0966451,2.5772,0.012886,0,0,0,1,0.9,20,20
att:4.468,1.664,7.560
run:4294966088,4.46786,0.49457,4.00478,115.4,0.0659427,164.857,0.329713,6.59427,5.93484,5.27541,296.742,230.799,263.771,3.95656,0.098914,2.63771,0.0131885,0,0,0,1,0.9,20,20
att:4.547,1.699,7.740
run:4294966108,4.54706,0.505883,3.91462,118.039,0.0674511,168.628,0.337255,6.74511,6.0706,5.39609,303.53,236.079,269.804,4.04707,0.101177,2.69804,0.0134902,0,0,0,1,0.9,20,20
att:4.624,1.733,7.920
run:4294966128,4.62443,0.517164,3.82291,120.672,0.0689552,172.388,0.344776,6.89552,6.20597,5.51641,310.298,241.343,275.821,4.13731,0.103433,2.75821,0.013791,0,0,0,1,0.9,20,20
att:4.700,1.767,8.100
run:4294966148,4.69996,0.528411,3.72966,123.296,0.0704548,176.137,0.352274,7.04548,6.34094,5.63639,317.047,246.592,281.819,4.22729,0.105682,2.81819,0.014091,0,0,0,1,0.9,20,20
att:4.774,1.801,8.280
run:4294966168,4.77361,0.539625,3.63492,125.913,0.07195,179.875,0.35975,7.195,6.4755,5.756,323.775,251.825,287.8,4.317,0.107925,2.878,0.01439,0,0,0,1,0.9,20,20
att:4.845,1.835,8.460
run:4294966188,4.84535,0.550804,3.53873,128.521,0.0734406,183.601,0.367203,7.34406,6.60965,5.87525,330.483,257.042,293.762,4.40643,0.110161,2.93762,0.0146881,0,0,0,1,0.9,20,20
noise from radio
att:NaN,1,2
att:4.915,1.868,8.640
run:4294966208,4.91515,0.561948,3.44112,131.121,0.0749264,187.316,0.374632,7.49264,6.74338,5.99411,337.169,262.243,299.706,4.49559,0.11239,2.99706,0.0149853,0,0,0,1,0.9,20,20
att:4.983,1.900,8.820
run:4294966228,4.98298,0.573056,3.34214,133.713,0.0764075,191.019,0.382037,7.64075,6.87667,6.1126,343.834,267.426,305.63,4.58445,0.114611,3.0563,0.0152815,0,0,0,1,0.9,20,20
att:5.049,1.933,9.000
run:4294966248,5.04883,0.584128,3.24181,136.296,0.0778837,194.709,0.389418,7.78837,7.00953,6.23069,350.477,272.593,311.535,4.67302,0.116826,3.11535,0.0155767,0,0,0,1,0.9,20,20
task:4294966248,1,0,0,0,0,20,0.9,1,0,9.000,0.000,51
stat:4294966248,0,0,0,0,7,1,1,1,0,0,1,0,0,16777215
att:5.113,1.965,9.180
run:4294966268,5.11265,0.595161,3.1402,138.871,0.0793549,198.387,0.396774,7.93549,7.14194,6.34839,357.097,277.742,317.419,4.76129,0.119032,3.17419,0.015871,0,0,0,1,0.9,20,20
att:5.174,1.996,9.360
run:4294966288,5.17443,0.606157,3.03732,141.437,0.080821,202.052,0.404105,8.0821,7.27389,6.46568,363.694,282.873,323.284,4.84926,0.121231,3.23284,0.0161642,0,0,0,1,0.9,20,20
att:5.234,2.027,9.540
run:4294966308,5.23413,0.617114,2.93323,143.993,0.0822819,205.705,0.41141,8.22819,7.40537,6.58255,370.269,287.987,329.128,4.93691,0.123423,3.29128,0.0164564,0,0,0,1,0.9,20,20
att:5.292,2.058,9.720
run:4294966328,5.29175,0.628032,2.82797,146.541,0.0837376,209.344,0.418688,8.37376,7.53638,6.69901,376.819,293.082,334.95,5.02425,0.125606,3.3495,0.0167475,0,0,0,1,0.9,20,20
att:5.347,2.088,9.900
run:4294966348,5.34724,0.638909,2.72158,149.079,0.0851879,212.97,0.425939,8.51879,7.66691,6.81503,383.346,298.158,340.752,5.11127,0.127782,3.40752,0.0170376,0,0,0,1,0.9,20,20
att:5.401,2.118,10.080
att:5.452,2.148,10.260
run:4294966388,5.4518,0.660541,2.50557,154.126,0.0880721,220.18,0.44036,8.80721,7.92649,7.04577,396.324,308.252,352.288,5.28432,0.132108,3.52288,0.0176144,0,0,0,1,0.9,20,20
att:5.501,2.177,10.440
run:4294966408,5.50082,0.671293,2.39604,156.635,0.0895058,223.764,0.447529,8.95058,8.05552,7.16046,402.776,313.27,358.023,5.37035,0.134259,3.58023,0.0179012,0,0,0,1,0.9,20,20
att:5.548,2.206,10.620
run:4294966428,5.54764,0.682003,2.28555,159.134,0.0909337,227.334,0.454669,9.09337,8.18403,7.2747,409.202,318.268,363.735,5.45602,0.136401,3.63735,0.0181867,0,0,0,1,0.9,20,20
att:5.592,2.234,10.800
run:4294966448,5.59223,0.692669,2.17415,161.623,0.0923558,230.89,0.461779,9.23558,8.31203,7.38847,415.601,323.245,369.423,5.54135,0.138534,3.69423,0.0184712,0,0,0,1,0.9,20,20
task:4294966448,1,0,0,0,0,20,0.9,1,0,10.800,0.000,61
stat:4294966448,0,0,0,0,7,1,1,1,0,0,1,0,0,16777215
att:5.635,2.262,10.980
run:4294966468,5.6346,0.70329,2.06187,164.101,0.0937721,234.43,0.46886,9.37721,8.43949,7.50176,421.974,328.202,375.088,5.62632,0.140658,3.75088,0.0187544,0,0,0,1,0.9,20,20
att:5.675,2.289,11.160
run:4294966488,5.6747,0.713867,1.94878,166.569,0.0951823,237.956,0.475911,9.51823,8.5664,7.61458,428.32,333.138,380.729,5.71094,0.142773,3.80729,0.0190365,0,0,0,1,0.9,20,20
att:5.713,2.316,11.340
run:4294966508,5.71254,0.724398,1.8349,169.026,0.0965864,241.466,0.482932,9.65864,8.69278,7.72691,434.639,338.052,386.346,5.79518,0.14488,3.86346,0.0193173,0,0,0,1,0.9,20,20
att:5.748,2.343,11.520
run:4294966528,5.7481,0.734883,1.72029,171.473,0.0979844,244.961,0.489922,9.79844,8.81859,7.83875,440.93,342.945,391.937,5.87906,0.146977,3.91937,0.0195969,0,0,0,1,0.9,20,20
att:5.781,2.369,11.700
run:4294966548,5.78135,0.74532,1.60499,173.908,0.099376,248.44,0.49688,9.9376,8.94384,7.95008,447.192,347.816,397.504,5.96256,0.149064,3.97504,0.0198752,0,0,0,1,0.9,20,20
att:5.812,2.394,11.880
run:4294966568,5.81229,0.75571,1.48905,176.332,0.100761,251.903,0.503807,10.0761,9.06852,8.06091,453.426,352.665,403.045,6.04568,0.151142,4.03045,0.0201523,0,0,0,1,0.9,20,20
att:5.841,2.419,12.060
run:4294966588,5.84091,0.766052,1.37252,178.745,0.10214,255.351,0.510701,10.214,9.19262,8.17122,459.631,357.491,408.561,6.12841,0.15321,4.08561,0.020428,0,0,0,1,0.9,20,20
att:5.867,2.444,12.240
run:4294966608,5.86719,0.776344,1.25543,181.147,0.103513,258.781,0.517563,10.3513,9.31613,8.281,465.806,362.294,414.05,6.21075,0.155269,4.1405,0.0207025,0,0,0,1,0.9,20,20
att:5.891,2.468,12.420
run:4294966628,5.89112,0.786587,1.13784,183.537,0.104878,262.196,0.524391,10.4878,9.43904,8.39026,471.952,367.074,419.513,6.29269,0.157317,4.19513,0.0209756,0,0,0,1,0.9,20,20
att:5.913,2.491,12.600
task:4294966648,1,0,0,0,0,20,0.9,1,0,12.600,0.000,71
stat:4294966648,0,0,0,0,7,1,1,1,0,0,1,0,0,16777215
att:5.932,2.515,12.780
run:4294966668,5.93191,0.806921,0.901353,188.282,0.107589,268.974,0.537947,10.7589,9.68305,8.60715,484.152,376.563,430.358,6.45537,0.161384,4.30358,0.0215179,0,0,0,1,0.9,20,20
att:5.949,2.537,12.960
run:4294966688,5.94875,0.817011,0.782542,190.636,0.108935,272.337,0.544674,10.8935,9.80413,8.71478,490.206,381.272,435.739,6.53608,0.163402,4.35739,0.0217869,0,0,0,1,0.9,20,20
att:5.963,2.559,13.140
run:4294966708,5.96321,0.827048,0.663419,192.978,0.110273,275.683,0.551365,11.0273,9.92458,8.82185,496.229,385.956,441.092,6.61638,0.16541,4.41092,0.0220546,0,0,0,1,0.9,20,20
att:5.975,2.581,13.320
run:4294966728,5.97529,0.837033,0.54403,195.308,0.111604,279.011,0.558022,11.1604,10.0444,8.92835,502.22,390.615,446.417,6.69626,0.167407,4.46417,0.0223209,0,0,0,1,0.9,20,20
att:5.985,2.602,13.500
run:4294966748,5.98497,0.846964,0.424423,197.625,0.112928,282.321,0.564642,11.2928,10.1636,9.03428,508.178,395.25,451.714,6.77571,0.169393,4.51714,0.0225857,0,0,0,1,0.9,20,20
att:5.992,2.623,13.680
run:4294966768,5.99226,0.856841,0.304647,199.929,0.114245,285.614,0.571227,11.4245,10.2821,9.13963,514.104,399.859,456.982,6.85472,0.171368,4.56982,0.0228491,0,0,0,1,0.9,20,20
att:5.997,2.643,13.860
run:4294966788,5.99715,0.866663,0.184749,202.221,0.115555,288.888,0.577775,11.5555,10.4,9.2444,519.998,404.443,462.22,6.9333,0.173333,4.6222,0.023111,0,0,0,1,0.9,20,20
att:6.000,2.663,14.040
att:6.000,2.682,14.220
run:4294966828,5.99975,0.886139,-0.0552213,206.766,0.118152,295.38,0.59076,11.8152,10.6337,9.45215,531.684,413.532,472.608,7.08912,0.177228,4.72608,0.0236304,0,0,0,1,0.9,20,20
att:5.997,2.700,14.400
run:4294966848,5.99744,0.895793,-0.175197,209.018,0.119439,298.598,0.597195,11.9439,10.7495,9.55513,537.476,418.037,477.756,7.16635,0.179159,4.77756,0.0238878,0,0,0,1,0.9,20,20
task:4294966848,1,0,0,0,0,20,0.9,1,0,14.400,0.000,81
stat:4294966848,0,0,0,0,7,1,1,1,0,0,1,0,0,16777215
att:5.993,2.718,14.580
run:4294966868,5.99274,0.90539,-0.295103,211.258,0.120719,301.797,0.603593,12.0719,10.8647,9.65749,543.234,422.515,482.874,7.24312,0.181078,4.82874,0.0241437,0,0,0,1,0.9,20,20
att:5.986,2.736,14.760
att:5.976,2.753,14.940
run:4294966908,5.97614,0.924408,-0.534513,215.695,0.123254,308.136,0.616272,12.3254,11.0929,9.86035,554.645,431.39,493.018,7.39526,0.184882,4.93018,0.0246509,0,0,0,1,0.9,20,20
att:5.964,2.769,15.120
run:4294966928,5.96426,0.933829,-0.653921,217.893,0.12451,311.276,0.622552,12.451,11.2059,9.96084,560.297,435.787,498.042,7.47063,0.186766,4.98042,0.0249021,0,0,0,1,0.9,20,20
att:5.950,2.785,15.300
run:4294966948,5.94999,0.94319,-0.773067,220.078,0.125759,314.397,0.628793,12.5759,11.3183,10.0607,565.914,440.155,503.034,7.54552,0.188638,5.03034,0.0251517,0,0,0,1,0.9,20,20
att:5.933,2.800,15.480
run:4294966968,5.93334,0.95249,-0.891904,222.248,0.126999,317.497,0.634993,12.6999,11.4299,10.1599,571.494,444.495,507.995,7.61992,0.190498,5.07995,0.0253997,0,0,0,1,0.9,20,20
att:5.914,2.815,15.660
run:4294966988,5.91432,0.96173,-1.01038,224.404,0.128231,320.577,0.641153,12.8231,11.5408,10.2585,577.038,448.807,512.923,7.69384,0.192346,5.12923,0.0256461,0,0,0,1,0.9,20,20
att:5.893,2.829,15.840
run:4294967008,5.89293,0.970908,-1.12846,226.545,0.129454,323.636,0.647272,12.9454,11.6509,10.3564,582.545,453.09,517.818,7.76726,0.194182,5.17818,0.0258909,0,0,0,1,0.9,20,20
att:5.869,2.843,16.020
run:4294967028,5.86918,0.980024,-1.24609,228.672,0.13067,326.675,0.653349,13.067,11.7603,10.4536,588.014,457.344,522.679,7.84019,0.196005,5.22679,0.026134,0,0,0,1,0.9,20,20
att:5.843,2.856,16.200
run:4294967048,5.84309,0.989077,-1.36321,230.785,0.131877,329.692,0.659385,13.1877,11.8689,10.5502,593.446,461.569,527.508,7.91262,0.197815,5.27508,0.0263754,0,0,0,1,0.9,20,20
task:4294967048,1,0,0,0,0,20,0.9,1,0,16.200,0.000,91
stat:4294967048,0,0,0,0,7,1,1,1,0,0,1,0,0,16777215
att:5.815,2.869,16.380
run:4294967068,5.81465,0.998067,-1.47979,232.882,0.133076,332.689,0.665378,13.3076,11.9768,10.646,598.84,465.765,532.302,7.98454,0.199613,5.32302,0.0266151,0,0,0,1,0.9,20,20
att:5.784,2.881,16.560
run:4294967088,5.7839,1.00699,-1.59578,234.965,0.134266,335.664,0.671329,13.4266,12.0839,10.7413,604.196,469.93,537.063,8.05594,0.201399,5.37063,0.0268531,0,0,0,1,0.9,20,20
att:5.751,2.892,16.740
run:4294967108,5.75083,1.01585,-1.71113,237.033,0.135447,338.618,0.677236,13.5447,12.1903,10.8358,609.513,474.065,541.789,8.12684,0.203171,5.41789,0.0270895,0,0,0,1,0.9,20,20
att:5.715,2.903,16.920
run:4294967128,5.71546,1.02465,-1.8258,239.085,0.13662,341.55,0.683101,13.662,12.2958,10.9296,614.791,478.171,546.481,8.19721,0.20493,5.46481,0.027324,0,0,0,1,0.9,20,20
noise from radio
att:NaN,1,2
att:5.678,2.913,17.100
run:4294967148,5.6778,1.03338,-1.93974,241.123,0.137784,344.461,0.688921,13.7784,12.4006,11.0227,620.029,482.245,551.137,8.26706,0.206676,5.51137,0.0275569,0,0,0,1,0.9,20,20
att:5.638,2.923,17.280
run:4294967168,5.63787,1.04205,-2.0529,243.144,0.13894,347.349,0.694698,13.894,12.5046,11.1152,625.228,486.289,555.758,8.33638,0.208409,5.55758,0.0277879,0,0,0,1,0.9,20,20
att:5.596,2.932,17.460
run:4294967188,5.59569,1.05065,-2.16524,245.151,0.140086,350.215,0.70043,14.0086,12.6077,11.2069,630.387,490.301,560.344,8.40516,0.210129,5.60344,0.0280172,0,0,0,1,0.9,20,20
att:5.551,2.941,17.640
run:4294967208,5.55127,1.05918,-2.27671,247.141,0.141223,353.059,0.706117,14.1223,12.7101,11.2979,635.506,494.282,564.894,8.47341,0.211835,5.64894,0.0282447,0,0,0,1,0.9,20,20
att:5.505,2.949,17.820
run:4294967228,5.50463,1.06764,-2.38727,249.116,0.142352,355.88,0.71176,14.2352,12.8117,11.3882,640.584,498.232,569.408,8.54111,0.213528,5.69408,0.0284704,0,0,0,1,0.9,20,20
att:5.456,2.956,18.000
run:4294967248,5.45578,1.07603,-2.49688,251.075,0.143471,358.678,0.717356,14.3471,12.9124,11.4777,645.62,502.149,573.885,8.60827,0.215207,5.73885,0.0286942,0,0,0,1,0.9,20,20
taskevt:2,4294967248,1,2,0,0,0
task:4294967248,2,0,0,0,0,20,0.9,2,0,18.000,0.000,101
stat:4294967248,0,0,0,0,7,1,1,1,0,0,1,0,0,16777215
att:5.405,2.963,18.180
run:4294967268,5.40476,1.08436,-2.60549,253.017,0.144581,361.453,0.722907,14.4581,13.0123,11.5665,650.616,506.035,578.325,8.67488,0.216872,5.78325,0.0289163,0,0,0,1,0.9,20,20
att:5.352,2.969,18.360
run:4294967288,5.35157,1.09262,-2.71306,254.944,0.145682,364.206,0.728411,14.5682,13.1114,11.6546,655.57,509.888,582.729,8.74093,0.218523,5.82729,0.0291364,0,0,0,1,0.9,20,20
att:5.296,2.975,18.540
run:12,5.29624,1.1008,-2.81954,256.854,0.146774,366.934,0.733869,14.6774,13.2096,11.7419,660.482,513.708,587.095,8.80643,0.220161,5.87095,0.0293548,0,0,0,1,0.9,20,20
att:5.239,2.980,18.720
run:32,5.2388,1.10892,-2.92489,258.748,0.147856,369.64,0.73928,14.7856,13.307,11.8285,665.352,517.496,591.424,8.87136,0.221784,5.91424,0.0295712,0,0,0,1,0.9,20,20
att:5.179,2.985,18.900
run:52,5.17926,1.11696,-3.02908,260.625,0.148929,372.322,0.744643,14.8929,13.4036,11.9143,670.179,521.25,595.714,8.93572,0.223393,5.95714,0.0297857,0,0,0,1,0.9,20,20
att:5.118,2.989,19.080
att:5.054,2.992,19.260
run:92,5.05398,1.13284,-3.23377,264.329,0.151045,377.613,0.755227,15.1045,13.5941,12.0836,679.704,528.659,604.181,9.06272,0.226568,6.04181,0.0302091,0,0,0,1,0.9,20,20
att:4.988,2.995,19.440
run:112,4.9883,1.14067,-3.33419,266.156,0.152089,380.223,0.760446,15.2089,13.688,12.1671,684.402,532.312,608.357,9.12535,0.228134,6.08357,0.0304178,0,0,0,1,0.9,20,20
att:4.921,2.997,19.620
run:132,4.92062,1.14843,-3.43329,267.966,0.153123,382.809,0.765617,15.3123,13.7811,12.2499,689.055,535.932,612.494,9.1874,0.229685,6.12494,0.0306247,0,0,0,1,0.9,20,20
att:4.851,2.999,19.800
run:152,4.85098,1.15611,-3.53101,269.759,0.154148,385.369,0.770739,15.4148,13.8733,12.3318,693.665,539.517,616.591,9.24887,0.231222,6.16591,0.0308296,0,0,0,1,0.9,20,20
task:152,2,0,0,0,0,20,0.9,2,0,19.800,0.000,111
stat:152,0,0,0,0,7,1,1,1,0,0,1,0,0,16777215
att:4.779,3.000,19.980
run:172,4.77939,1.16372,-3.62731,271.534,0.155162,387.906,0.775811,15.5162,13.9646,12.413,698.23,543.068,620.649,9.30974,0.232743,6.20649,0.0310325,0,0,0,1,0.9,20,20
att:4.706,3.000,20.160
run:192,4.7059,1.17125,-3.72217,273.292,0.156167,390.417,0.780834,15.6167,14.055,12.4933,702.751,546.584,624.667,9.37001,0.23425,6.24667,0.0312334,0,0,0,1,0.9,20,20
att:4.631,3.000,20.340
run:212,4.63052,1.17871,-3.81554,275.032,0.157161,392.904,0.785807,15.7161,14.1445,12.5729,707.226,550.065,628.646,9.42968,0.235742,6.28646,0.0314323,0,0,0,1,0.9,20,20
att:4.553,2.999,20.520
run:232,4.55328,1.18609,-3.90738,276.755,0.158146,395.365,0.79073,15.8146,14.2331,12.6517,711.657,553.511,632.584,9.48876,0.237219,6.32584,0.0316292,0,0,0,1,0.9,20,20
att:4.474,2.998,20.700
att:4.393,2.996,20.880
run:272,4.39339,1.20063,-4.08634,280.148,0.160085,400.211,0.800423,16.0085,14.4076,12.8068,720.38,560.296,640.338,9.60507,0.240127,6.40338,0.0320169,0,0,0,1,0.9,20,20
att:4.311,2.993,21.060
run:292,4.31079,1.20779,-4.17338,281.817,0.161038,402.596,0.805192,16.1038,14.4935,12.8831,724.673,563.635,644.154,9.66231,0.241558,6.44154,0.0322077,0,0,0,1,0.9,20,20
att:4.226,2.990,21.240
run:312,4.22646,1.21487,-4.25876,283.469,0.161982,404.955,0.809911,16.1982,14.5784,12.9586,728.92,566.938,647.929,9.71893,0.242973,6.47929,0.0323964,0,0,0,1,0.9,20,20
att:4.140,2.986,21.420
run:332,4.14045,1.22187,-4.34243,285.102,0.162915,407.289,0.814577,16.2915,14.6624,13.0332,733.12,570.204,651.662,9.77493,0.244373,6.51662,0.0325831,0,0,0,1,0.9,20,20
att:4.053,2.982,21.600
run:352,4.05278,1.22879,-4.42436,286.717,0.163838,409.596,0.819192,16.3838,14.7454,13.1071,737.272,573.434,655.353,9.8303,0.245757,6.55353,0.0327677,0,0,0,1,0.9,20,20
task:352,2,0,0,0,0,20,0.9,2,0,21.600,0.000,121
stat:352,0,0,0,0,7,1,1,1,0,0,1,0,0,16777215
att:3.963,2.977,21.780
run:372,3.96349,1.23563,-4.50453,288.314,0.164751,411.877,0.823753,16.4751,14.8276,13.1801,741.378,576.627,659.003,9.88504,0.247126,6.59003,0.0329501,0,0,0,1,0.9,20,20
att:3.873,2.972,21.960
run:392,3.87261,1.24239,-4.58289,289.892,0.165653,414.131,0.828263,16.5653,14.9087,13.2522,745.436,579.784,662.61,9.93915,0.248479,6.6261,0.0331305,0,0,0,1,0.9,20,20
att:3.780,2.966,22.140
run:412,3.78018,1.24908,-4.65942,291.452,0.166544,416.359,0.832719,16.6544,14.9889,13.3235,749.447,582.903,666.175,9.99263,0.249816,6.66175,0.0333088,0,0,0,1,0.9,20,20
att:3.686,2.959,22.320
att:3.591,2.952,22.500
att:3.494,2.944,22.680
run:472,3.49398,1.26865,-4.87771,296.018,0.169153,422.883,0.845766,16.9153,15.2238,13.5323,761.19,592.037,676.613,10.1492,0.25373,6.76613,0.0338307,0,0,0,1,0.9,20,20
att:3.396,2.936,22.860
run:492,3.39574,1.27501,-4.94661,297.503,0.170002,425.004,0.850008,17.0002,15.3001,13.6001,765.007,595.005,680.006,10.2001,0.255002,6.80006,0.0340003,0,0,0,1,0.9,20,20
att:3.296,2.927,23.040
run:512,3.29613,1.28129,-5.01353,298.968,0.170839,427.097,0.854195,17.0839,15.3755,13.6671,768.775,597.936,683.356,10.2503,0.256258,6.83356,0.0341678,0,0,0,1,0.9,20,20
att:3.195,2.917,23.220
att:3.093,2.907,23.400
task:552,2,0,0,0,0,20,0.9,2,0,23.400,0.000,131
stat:552,0,0,0,0,7,1,1,1,0,0,1,0,0,16777215
att:2.990,2.897,23.580
run:572,2.98957,1.29964,-5.20216,303.249,0.173285,433.213,0.866426,17.3285,15.5957,13.8628,779.784,606.498,693.141,10.3971,0.259928,6.93141,0.0346571,0,0,0,1,0.9,20,20
att:2.885,2.885,23.760
run:592,2.88494,1.30559,-5.26091,304.638,0.174079,435.197,0.870393,17.4079,15.6671,13.9263,783.354,609.275,696.314,10.4447,0.261118,6.96314,0.0348157,0,0,0,1,0.9,20,20
att:2.779,2.874,23.940
run:612,2.77915,1.31146,-5.31755,306.006,0.174861,437.152,0.874304,17.4861,15.7375,13.9889,786.874,612.013,699.443,10.4916,0.262291,6.99443,0.0349722,0,0,0,1,0.9,20,20
att:2.672,2.861,24.120
att:2.564,2.848,24.300
run:652,2.56428,1.32294,-5.42443,308.685,0.176392,440.979,0.881958,17.6392,15.8752,14.1113,793.762,617.37,705.566,10.5835,0.264587,7.05566,0.0352783,0,0,0,1,0.9,20,20
att:2.455,2.835,24.480
run:672,2.45529,1.32855,-5.47463,309.995,0.17714,442.85,0.8857,17.714,15.9426,14.1712,797.13,619.99,708.56,10.6284,0.26571,7.0856,0.035428,0,0,0,1,0.9,20,20
att:2.345,2.821,24.660
run:692,2.34531,1.33408,-5.52264,311.285,0.177877,444.693,0.889386,17.7877,16.0089,14.2302,800.447,622.57,711.509,10.6726,0.266816,7.11509,0.0355754,0,0,0,1,0.9,20,20
att:2.234,2.806,24.840
run:712,2.23439,1.33952,-5.56844,312.555,0.178603,446.507,0.893015,17.8603,16.0743,14.2882,803.713,625.11,714.412,10.7162,0.267904,7.14412,0.0357206,0,0,0,1,0.9,20,20
att:2.123,2.791,25.020
run:732,2.12259,1.34488,-5.61201,313.805,0.179317,448.293,0.896586,17.9317,16.1386,14.3454,806.928,627.61,717.269,10.759,0.268976,7.17269,0.0358634,0,0,0,1,0.9,20,20
att:2.010,2.776,25.200
run:752,2.00993,1.35015,-5.65333,315.035,0.18002,450.05,0.9001,18.002,16.2018,14.4016,810.09,630.07,720.08,10.8012,0.27003,7.2008,0.036004,0,0,0,1,0.9,20,20
task:752,2,0,0,0,0,20,0.9,2,0,25.200,0.000,141
stat:752,0,0,0,0,7,1,1,1,0,0,1,0,0,16777215
att:1.896,2.759,25.380
run:772,1.89647,1.35534,-5.6924,316.245,0.180711,451.779,0.903557,18.0711,16.264,14.4569,813.201,632.49,722.846,10.8427,0.271067,7.22846,0.0361423,0,0,0,1,0.9,20,20
noise from radio
att:NaN,1,2
att:1.782,2.743,25.560
run:792,1.78225,1.36043,-5.72919,317.435,0.181391,453.478,0.906956,18.1391,16.3252,14.5113,816.26,634.869,725.565,10.8835,0.272087,7.25565,0.0362782,0,0,0,1,0.9,20,20
att:1.667,2.725,25.740
run:812,1.66732,1.36544,-5.76368,318.604,0.182059,455.148,0.910297,18.2059,16.3853,14.5647,819.267,637.208,728.237,10.9236,0.273089,7.28237,0.0364119,0,0,0,1,0.9,20,20
att:1.552,2.708,25.920
run:832,1.55172,1.37037,-5.79588,319.753,0.182716,456.79,0.913579,18.2716,16.4444,14.6173,822.221,639.505,730.863,10.9629,0.274074,7.30863,0.0365432,0,0,0,1,0.9,20,20
att:1.435,2.689,26.100
run:852,1.4355,1.3752,-5.82575,320.881,0.183361,458.402,0.916803,18.3361,16.5025,14.6688,825.123,641.762,733.442,11.0016,0.275041,7.33442,0.0366721,0,0,0,1,0.9,20,20
att:1.319,2.670,26.280
run:872,1.3187,1.37995,-5.85329,321.989,0.183994,459.984,0.919968,18.3994,16.5594,14.7195,827.972,643.978,735.975,11.0396,0.275991,7.35975,0.0367987,0,0,0,1,0.9,20,20
att:1.201,2.651,26.460
run:892,1.20138,1.38461,-5.87849,323.076,0.184615,461.537,0.923075,18.4615,16.6153,14.7692,830.767,646.152,738.46,11.0769,0.276922,7.3846,0.036923,0,0,0,1,0.9,20,20
att:1.084,2.631,26.640
run:912,1.08358,1.38918,-5.90134,324.143,0.185224,463.061,0.926122,18.5224,16.6702,14.818,833.51,648.286,740.898,11.1135,0.277837,7.40898,0.0370449,0,0,0,1,0.9,20,20
att:0.965,2.611,26.820
run:932,0.965342,1.39367,-5.92183,325.189,0.185822,464.555,0.92911,18.5822,16.724,14.8658,836.199,650.377,743.288,11.1493,0.278733,7.43288,0.0371644,0,0,0,1,0.9,20,20
att:0.847,2.590,27.000
run:952,0.84672,1.39806,-5.93995,326.214,0.186408,466.02,0.932039,18.6408,16.7767,14.9126,838.835,652.427,745.631,11.1845,0.279612,7.45631,0.0372816,0,0,0,1,0.9,20,20
task:952,2,0,0,0,0,20,0.9,2,0,27.000,0.000,151
stat:952,0,0,0,0,7,1,1,1,0,0,1,0,0,16777215
att:0.728,2.568,27.180
run:972,0.72776,1.40236,-5.9557,327.218,0.186982,467.454,0.934908,18.6982,16.8283,14.9585,841.417,654.436,747.926,11.2189,0.280472,7.47926,0.0373963,0,0,0,1,0.9,20,20
att:0.609,2.546,27.360
att:0.489,2.524,27.540
run:1012,0.489013,1.4107,-5.98004,329.163,0.188093,470.233,0.940466,18.8093,16.9284,15.0475,846.42,658.326,752.373,11.2856,0.28214,7.52373,0.0376187,0,0,0,1,0.9,20,20
att:0.369,2.501,27.720
run:1032,0.369322,1.41473,-5.98862,330.104,0.188631,471.578,0.943155,18.8631,16.9768,15.0905,848.84,660.209,754.524,11.3179,0.282947,7.54524,0.0377262,0,0,0,1,0.9,20,20
att:0.249,2.477,27.900
run:1052,0.249484,1.41868,-5.99481,331.024,0.189157,472.892,0.945784,18.9157,17.0241,15.1325,851.206,662.049,756.627,11.3494,0.283735,7.56627,0.0378314,0,0,0,1,0.9,20,20
att:0.130,2.453,28.080
run:1072,0.129546,1.42253,-5.9986,331.923,0.18967,474.176,0.948352,18.967,17.0703,15.1736,853.517,663.846,758.682,11.3802,0.284506,7.58682,0.0379341,0,0,0,1,0.9,20,20
att:0.010,2.429,28.260
att:-0.110,2.404,28.440
run:1112,-0.110438,1.42996,-5.99898,333.657,0.190661,476.653,0.953306,19.0661,17.1595,15.2529,857.975,667.314,762.645,11.4397,0.285992,7.62645,0.0381322,0,0,0,1,0.9,20,20
att:-0.230,2.379,28.620
run:1132,-0.230387,1.43354,-5.99558,334.492,0.191138,477.846,0.955692,19.1138,17.2024,15.2911,860.122,668.984,764.553,11.4683,0.286707,7.64553,0.0382277,0,0,0,1,0.9,20,20
att:-0.350,2.353,28.800
run:1152,-0.350245,1.43702,-5.98977,335.306,0.191603,479.008,0.958016,19.1603,17.2443,15.3283,862.214,670.611,766.413,11.4962,0.287405,7.66413,0.0383206,0,0,0,1,0.9,20,20
task:1152,2,0,0,0,0,20,0.9,2,0,28.800,0.000,161
stat:1152,0,0,0,0,7,1,1,1,0,0,1,0,0,16777215
att:-0.470,2.327,28.980
run:1172,-0.469962,1.44042,-5.98157,336.098,0.192056,480.139,0.960279,19.2056,17.285,15.3645,864.251,672.195,768.223,11.5233,0.288084,7.68223,0.0384112,0,0,0,1,0.9,20,20
att:-0.589,2.300,29.160
run:1192,-0.589492,1.44372,-5.97097,336.868,0.192496,481.24,0.96248,19.2496,17.3246,15.3997,866.232,673.736,769.984,11.5498,0.288744,7.69984,0.0384992,0,0,0,1,0.9,20,20
att:-0.709,2.273,29.340
run:1212,-0.708785,1.44693,-5.95799,337.617,0.192924,482.31,0.96462,19.2924,17.3632,15.4339,868.158,675.234,771.696,11.5754,0.289386,7.71696,0.0385848,0,0,0,1,0.9,20,20
att:-0.828,2.245,29.520
run:1232,-0.827795,1.45005,-5.94262,338.345,0.19334,483.349,0.966699,19.334,17.4006,15.4672,870.029,676.689,773.359,11.6004,0.29001,7.73359,0.0386679,0,0,0,1,0.9,20,20
att:-0.946,2.217,29.700
run:1252,-0.946474,1.45307,-5.92488,339.05,0.193743,484.358,0.968715,19.3743,17.4369,15.4994,871.844,678.101,774.972,11.6246,0.290615,7.74972,0.0387486,0,0,0,1,0.9,20,20
att:-1.065,2.189,29.880
run:1272,-1.06477,1.456,-5.90477,339.734,0.194134,485.335,0.970669,19.4134,17.4721,15.5307,873.603,679.469,776.536,11.648,0.291201,7.76536,0.0388268,0,0,0,1,0.9,20,20
att:-1.183,2.160,30.060
run:1292,-1.18265,1.45884,-5.88229,340.397,0.194512,486.281,0.972562,19.4512,17.5061,15.561,875.306,680.793,778.049,11.6707,0.291769,7.78049,0.0389025,0,0,0,1,0.9,20,20
att:-1.300,2.130,30.240
run:1312,-1.30005,1.46159,-5.85746,341.037,0.194878,487.196,0.974392,19.4878,17.5391,15.5903,876.953,682.074,779.513,11.6927,0.292318,7.79513,0.0389757,0,0,0,1,0.9,20,20
att:-1.417,2.100,30.420
run:1332,-1.41693,1.46424,-5.83029,341.656,0.195232,488.08,0.976159,19.5232,17.5709,15.6186,878.543,683.312,780.928,11.7139,0.292848,7.80928,0.0390464,0,0,0,1,0.9,20,20
att:-1.533,2.070,30.600
run:1352,-1.53325,1.4668,-5.80079,342.253,0.195573,488.932,0.977865,19.5573,17.6016,15.6458,880.078,684.505,782.292,11.7344,0.293359,7.82292,0.0391146,0,0,0,1,0.9,20,20
task:1352,2,0,0,0,0,20,0.9,2,0,30.600,0.000,171
stat:1352,0,0,0,0,7,1,1,1,0,0,1,0,0,16777215
att:-1.649,2.040,30.780
run:1372,-1.64895,1.46926,-5.76897,342.828,0.195901,489.754,0.979507,19.5901,17.6311,15.6721,881.556,685.655,783.606,11.7541,0.293852,7.83606,0.0391803,0,0,0,1,0.9,20,20
att:-1.764,2.009,30.960
run:1392,-1.76399,1.47163,-5.73484,343.38,0.196217,490.544,0.981087,19.6217,17.6596,15.6974,882.978,686.761,784.87,11.773,0.294326,7.8487,0.0392435,0,0,0,1,0.9,20,20
att:-1.878,1.977,31.140
run:1412,-1.87833,1.47391,-5.69841,343.911,0.196521,491.302,0.982604,19.6521,17.6869,15.7217,884.344,687.823,786.083,11.7913,0.294781,7.86083,0.0393042,0,0,0,1,0.9,20,20
att:-1.992,1.945,31.320
run:1432,-1.99191,1.47609,-5.65971,344.42,0.196812,492.029,0.984058,19.6812,17.7131,15.7449,885.653,688.841,787.247,11.8087,0.295218,7.87247,0.0393623,0,0,0,1,0.9,20,20
att:-2.105,1.913,31.500
run:1452,-2.1047,1.47817,-5.61874,344.907,0.19709,492.725,0.98545,19.709,17.7381,15.7672,886.905,689.815,788.36,11.8254,0.295635,7.8836,0.039418,0,0,0,1,0.9,20,20
att:-2.217,1.881,31.680
run:1472,-2.21665,1.48017,-5.57553,345.372,0.197356,493.389,0.986778,19.7356,17.762,15.7884,888.1,690.745,789.422,11.8413,0.296033,7.89422,0.0394711,0,0,0,1,0.9,20,20
att:-2.328,1.848,31.860
run:1492,-2.32771,1.48206,-5.53008,345.815,0.197609,494.021,0.988043,19.7609,17.7848,15.8087,889.239,691.63,790.434,11.8565,0.296413,7.90434,0.0395217,0,0,0,1,0.9,20,20
att:-2.438,1.815,32.040
run:1512,-2.43783,1.48387,-5.48242,346.236,0.197849,494.622,0.989245,19.7849,17.8064,15.8279,890.32,692.471,791.396,11.8709,0.296773,7.91396,0.0395698,0,0,0,1,0.9,20,20
att:-2.547,1.781,32.220
att:-2.655,1.747,32.400
task:1552,2,0,0,0,0,20,0.9,2,0,32.400,0.000,181
stat:1552,0,0,0,0,7,1,1,1,0,0,1,0,0,16777215
att:-2.762,1.713,32.580
run:1572,-2.7622,1.48871,-5.32638,347.365,0.198494,496.235,0.99247,19.8494,17.8645,15.8795,893.223,694.729,793.976,11.9096,0.297741,7.93976,0.0396988,0,0,0,1,0.9,20,20
att:-2.868,1.678,32.760
run:1592,-2.86816,1.49013,-5.27007,347.696,0.198684,496.709,0.993418,19.8684,17.8815,15.8947,894.076,695.393,794.735,11.921,0.298025,7.94735,0.0397367,0,0,0,1,0.9,20,20
att:-2.973,1.643,32.940
run:1612,-2.97298,1.49145,-5.21166,348.006,0.198861,497.151,0.994303,19.8861,17.8974,15.9088,894.872,696.012,795.442,11.9316,0.298291,7.95442,0.0397721,0,0,0,1,0.9,20,20
att:-3.077,1.608,33.120
run:1632,-3.07662,1.49269,-5.15116,348.293,0.199025,497.562,0.995124,19.9025,17.9122,15.922,895.611,696.587,796.099,11.9415,0.298537,7.96099,0.0398049,0,0,0,1,0.9,20,20
att:-3.179,1.572,33.300
run:1652,-3.17902,1.49382,-5.0886,348.558,0.199176,497.94,0.995881,19.9176,17.9259,15.9341,896.293,697.117,796.705,11.9506,0.298764,7.96705,0.0398352,0,0,0,1,0.9,20,20
att:-3.280,1.536,33.480
run:1672,-3.28015,1.49486,-5.02401,348.801,0.199315,498.287,0.996574,19.9315,17.9383,15.9452,896.917,697.602,797.259,11.9589,0.298972,7.97259,0.039863,0,0,0,1,0.9,20,20
att:-3.380,1.500,33.660
run:1692,-3.37996,1.49581,-4.9574,349.021,0.199441,498.602,0.997204,19.9441,17.9497,15.9553,897.484,698.043,797.763,11.9664,0.299161,7.97763,0.0398882,0,0,0,1,0.9,20,20
att:-3.478,1.463,33.840
run:1712,-3.47843,1.49665,-4.88882,349.219,0.199554,498.885,0.99777,19.9554,17.9599,15.9643,897.993,698.439,798.216,11.9732,0.299331,7.98216,0.0399108,0,0,0,1,0.9,20,20
noise from radio
att:NaN,1,2
att:-3.576,1.427,34.020
run:1732,-3.5755,1.49741,-4.81828,349.395,0.199654,499.136,0.998272,19.9654,17.9689,15.9724,898.445,698.79,798.618,11.9793,0.299482,7.98618,0.0399309,0,0,0,1,0.9,20,20
att:-3.671,1.390,34.200
run:1752,-3.67115,1.49807,-4.74581,349.549,0.199742,499.355,0.99871,19.9742,17.9768,15.9794,898.839,699.097,798.968,11.9845,0.299613,7.98968,0.0399484,0,0,0,1,0.9,20,20
task:1752,2,0,0,0,0,20,0.9,2,0,34.200,0.000,191
stat:1752,0,0,0,0,7,1,1,1,0,0,1,0,0,16777215
att:-3.765,1.352,34.380
run:1772,-3.76532,1.49863,-4.67144,349.68,0.199817,499.542,0.999084,19.9817,17.9835,15.9854,899.176,699.359,799.268,11.989,0.299725,7.99268,0.0399634,0,0,0,1,0.9,20,20
att:-3.858,1.315,34.560
run:1792,-3.85799,1.49909,-4.5952,349.788,0.199879,499.697,0.999395,19.9879,17.9891,15.9903,899.455,699.576,799.516,11.9927,0.299818,7.99516,0.0399758,0,0,0,1,0.9,20,20
att:-3.949,1.277,34.740
run:1812,-3.94912,1.49946,-4.51713,349.874,0.199928,499.82,0.999641,19.9928,17.9935,15.9943,899.677,699.749,799.713,11.9957,0.299892,7.99713,0.0399856,0,0,0,1,0.9,20,20
att:-4.039,1.239,34.920
run:1832,-4.03867,1.49974,-4.43725,349.938,0.199965,499.912,0.999823,19.9965,17.9968,15.9972,899.841,699.876,799.859,11.9979,0.299947,7.99859,0.0399929,0,0,0,1,0.9,20,20
att:-4.127,1.200,35.100
run:1852,-4.1266,1.49991,-4.35559,349.98,0.199988,499.971,0.999942,19.9988,17.999,15.9991,899.948,699.959,799.953,11.9993,0.299983,7.99953,0.0399977,0,0,0,1,0.9,20,20
att:-4.213,1.162,35.280
run:1872,-4.21288,1.49999,-4.2722,349.999,0.199999,499.998,0.999996,19.9999,17.9999,15.9999,899.996,699.997,799.997,12,0.299999,7.99997,0.0399998,0,0,0,1,0.9,20,20
att:-4.297,1.123,35.460
run:1892,-4.29747,1.49998,-4.18709,349.995,0.199997,499.993,0.999986,19.9997,17.9998,15.9998,899.988,699.991,799.989,11.9998,0.299996,7.99989,0.0399995,0,0,0,1,0.9,20,20
att:-4.380,1.084,35.640
run:1912,-4.38035,1.49987,-4.10031,349.969,0.199983,499.956,0.999913,19.9983,17.9984,15.9986,899.922,699.939,799.93,11.999,0.299974,7.9993,0.0399965,0,0,0,1,0.9,20,20
att:-4.461,1.044,35.820
run:1932,-4.46147,1.49966,-4.01189,349.921,0.199955,499.888,0.999775,19.9955,17.996,15.9964,899.798,699.843,799.82,11.9973,0.299933,7.9982,0.039991,0,0,0,1,0.9,20,20
att:-4.541,1.005,36.000
run:1952,-4.54081,1.49936,-3.92186,349.851,0.199915,499.787,0.999574,19.9915,17.9923,15.9932,899.616,699.702,799.659,11.9949,0.299872,7.99659,0.0399829,0,0,0,1,0.9,20,20
taskevt:3,1952,2,4,2,0,0
task:1952,4,2,0,0,0,20,0.9,3,0,36.000,0.000,201
stat:1952,0,0,0,0,7,1,1,1,0,0,1,0,0,16777215
att:-4.618,0.965,36.180
run:1972,-4.61834,1.49896,-3.83027,349.758,0.199862,499.654,0.999308,19.9862,17.9875,15.9889,899.377,699.516,799.446,11.9917,0.299792,7.99446,0.0399723,0,0,0,1,0.9,20,20
att:-4.694,0.925,36.360
run:1992,-4.69402,1.49847,-3.73714,349.642,0.199796,499.489,0.998978,19.9796,17.9816,15.9837,899.081,699.285,799.183,11.9877,0.299694,7.99183,0.0399591,0,0,0,1,0.9,20,20
att:-4.768,0.885,36.540
run:2012,-4.76781,1.49788,-3.64252,349.505,0.199717,499.293,0.998585,19.9717,17.9745,15.9774,898.727,699.01,798.868,11.983,0.299576,7.98868,0.0399434,0,0,0,1,0.9,20,20
att:-4.840,0.845,36.720
run:2032,-4.83971,1.49719,-3.54644,349.345,0.199626,499.064,0.998128,19.9626,17.9663,15.97,898.315,698.689,798.502,11.9775,0.299438,7.98502,0.0399251,0,0,0,1,0.9,20,20
att:-4.910,0.805,36.900
run:2052,-4.90966,1.49641,-3.44894,349.162,0.199521,498.803,0.997606,19.9521,17.9569,15.9617,897.846,698.324,798.085,11.9713,0.299282,7.98085,0.0399043,0,0,0,1,0.9,20,20
att:-4.978,0.764,37.080
run:2072,-4.97766,1.49553,-3.35007,348.957,0.199404,498.511,0.997021,19.9404,17.9464,15.9523,897.319,697.915,797.617,11.9643,0.299106,7.97617,0.0398809,0,0,0,1,0.9,20,20
att:-5.044,0.724,37.260
run:2092,-5.04366,1.49456,-3.24985,348.73,0.199274,498.186,0.996372,19.9274,17.9347,15.942,896.735,697.461,797.098,11.9565,0.298912,7.97098,0.0398549,0,0,0,1,0.9,20,20
att:-5.108,0.683,37.440
run:2112,-5.10764,1.49349,-3.14833,348.481,0.199132,497.83,0.99566,19.9132,17.9219,15.9306,896.094,696.962,796.528,11.9479,0.298698,7.96528,0.0398264,0,0,0,1,0.9,20,20
att:-5.170,0.642,37.620
run:2132,-5.16958,1.49232,-3.04556,348.209,0.198977,497.442,0.994883,19.8977,17.9079,15.9181,895.395,696.418,795.907,11.9386,0.298465,7.95907,0.0397953,0,0,0,1,0.9,20,20
att:-5.229,0.601,37.800
run:2152,-5.22945,1.49106,-2.94156,347.915,0.198809,497.022,0.994043,19.8809,17.8928,15.9047,894.639,695.83,795.235,11.9285,0.298213,7.95235,0.0397617,0,0,0,1,0.9,20,20
task:2152,4,2,0,0,0,20,0.9,3,0,37.800,0.000,211
stat:2152,0,0,0,0,7,1,1,1,0,0,1,0,0,16777215
att:-5.287,0.559,37.980
run:2172,-5.28724,1.48971,-2.83639,347.599,0.198628,496.57,0.99314,19.8628,17.8765,15.8902,893.826,695.198,794.512,11.9177,0.297942,7.94512,0.0397256,0,0,0,1,0.9,20,20
att:-5.343,0.518,38.160
run:2192,-5.3429,1.48826,-2.73009,347.26,0.198434,496.086,0.992172,19.8434,17.8591,15.8748,892.955,694.521,793.738,11.9061,0.297652,7.93738,0.0396869,0,0,0,1,0.9,20,20
att:-5.396,0.477,38.340
run:2212,-5.39643,1.48671,-2.62269,346.9,0.198228,495.571,0.991142,19.8228,17.8405,15.8583,892.027,693.799,792.913,11.8937,0.297342,7.92913,0.0396457,0,0,0,1,0.9,20,20
att:-5.448,0.435,38.520
run:2232,-5.4478,1.48507,-2.51425,346.517,0.198009,495.024,0.990047,19.8009,17.8209,15.8408,891.043,693.033,792.038,11.8806,0.297014,7.92038,0.0396019,0,0,0,1,0.9,20,20
att:-5.497,0.394,38.700
run:2252,-5.497,1.48333,-2.4048,346.111,0.197778,494.445,0.98889,19.7778,17.8,15.8222,890.001,692.223,791.112,11.8667,0.296667,7.91112,0.0395556,0,0,0,1,0.9,20,20
att:-5.544,0.352,38.880
run:2272,-5.54399,1.4815,-2.29438,345.684,0.197534,493.834,0.987669,19.7534,17.778,15.8027,888.902,691.368,790.135,11.852,0.296301,7.90135,0.0395068,0,0,0,1,0.9,20,20
att:-5.589,0.310,39.060
run:2292,-5.58876,1.47958,-2.18305,345.235,0.197277,493.192,0.986385,19.7277,17.7549,15.7822,887.746,690.469,789.108,11.8366,0.295915,7.89108,0.0394554,0,0,0,1,0.9,20,20
att:-5.631,0.268,39.240
run:2312,-5.63131,1.47756,-2.07085,344.763,0.197008,492.519,0.985038,19.7008,17.7307,15.7606,886.534,689.526,788.03,11.8205,0.295511,7.8803,0.0394015,0,0,0,1,0.9,20,20
att:-5.672,0.227,39.420
run:2332,-5.67159,1.47544,-1.95781,344.27,0.196725,491.814,0.983627,19.6725,17.7053,15.738,885.265,688.539,786.902,11.8035,0.295088,7.86902,0.0393451,0,0,0,1,0.9,20,20
att:-5.710,0.185,39.600
run:2352,-5.70961,1.47323,-1.844,343.754,0.196431,491.077,0.982154,19.6431,17.6788,15.7145,883.939,687.508,785.723,11.7859,0.294646,7.85723,0.0392862,0,0,0,1,0.9,20,20
task:2352,4,2,0,0,0,20,0.9,3,0,39.600,0.000,221
stat:2352,0,0,0,0,7,1,1,1,0,0,1,0,0,16777215
att:-5.745,0.143,39.780
run:2372,-5.74535,1.47093,-1.72944,343.216,0.196124,490.309,0.980618,19.6124,17.6511,15.6899,882.556,686.433,784.495,11.7674,0.294185,7.84495,0.0392247,0,0,0,1,0.9,20,20
att:-5.779,0.101,39.960
run:2392,-5.77879,1.46853,-1.6142,342.657,0.195804,489.51,0.97902,19.5804,17.6224,15.6643,881.118,685.314,783.216,11.7482,0.293706,7.83216,0.0391608,0,0,0,1,0.9,20,20
att:-5.810,0.059,40.140
run:2412,-5.80991,1.46604,-1.49831,342.075,0.195472,488.679,0.977358,19.5472,17.5924,15.6377,879.622,684.151,781.886,11.7283,0.293207,7.81886,0.0390943,0,0,0,1,0.9,20,20
att:-5.839,0.017,40.320
run:2432,-5.83871,1.46345,-1.38182,341.472,0.195127,487.817,0.975634,19.5127,17.5614,15.6101,878.071,682.944,780.507,11.7076,0.29269,7.80507,0.0390254,0,0,0,1,0.9,20,20
att:-5.865,-0.025,40.500
run:2452,-5.86518,1.46077,-1.26477,340.847,0.19477,486.924,0.973848,19.477,17.5293,15.5816,876.463,681.693,779.078,11.6862,0.292154,7.79078,0.0389539,0,0,0,1,0.9,20,20
att:-5.889,-0.067,40.680
run:2472,-5.8893,1.458,-1.14723,340.2,0.1944,485.999,0.971999,19.44,17.496,15.552,874.799,680.399,777.599,11.664,0.2916,7.77599,0.03888,0,0,0,1,0.9,20,20
att:-5.911,-0.109,40.860
att:-5.930,-0.151,41.040
run:2512,-5.93047,1.45217,-0.910799,338.84,0.193623,484.057,0.968115,19.3623,17.4261,15.4898,871.303,677.68,774.492,11.6174,0.290434,7.74492,0.0387246,0,0,0,1,0.9,20,20
att:-5.947,-0.193,41.220
run:2532,-5.9475,1.44912,-0.792016,338.128,0.193216,483.04,0.96608,19.3216,17.3894,15.4573,869.472,676.256,772.864,11.593,0.289824,7.72864,0.0386432,0,0,0,1,0.9,20,20
att:-5.962,-0.235,41.400
run:2552,-5.96215,1.44597,-0.672915,337.394,0.192797,481.991,0.963983,19.2797,17.3517,15.4237,867.585,674.788,771.186,11.5678,0.289195,7.71186,0.0385593,0,0,0,1,0.9,20,20
task:2552,4,2,0,0,0,20,0.9,3,0,41.400,0.000,231
stat:2552,0,0,0,0,7,1,1,1,0,0,1,0,0,16777215
att:-5.974,-0.277,41.580
run:2572,-5.97441,1.44274,-0.553546,336.639,0.192365,480.912,0.961824,19.2365,17.3128,15.3892,865.642,673.277,769.46,11.5419,0.288547,7.6946,0.038473,0,0,0,1,0.9,20,20
att:-5.984,-0.319,41.760
run:2592,-5.98429,1.43941,-0.433955,335.862,0.191921,479.802,0.959604,19.1921,17.2729,15.3537,863.644,671.723,767.683,11.5153,0.287881,7.67683,0.0383842,0,0,0,1,0.9,20,20
att:-5.992,-0.360,41.940
run:2612,-5.99177,1.43598,-0.31419,335.063,0.191465,478.661,0.957323,19.1465,17.2318,15.3172,861.591,670.126,765.858,11.4879,0.287197,7.65858,0.0382929,0,0,0,1,0.9,20,20
att:-5.997,-0.402,42.120
run:2632,-5.99685,1.43247,-0.1943,334.243,0.190996,477.49,0.95498,19.0996,17.1896,15.2797,859.482,668.486,763.984,11.4598,0.286494,7.63984,0.0381992,0,0,0,1,0.9,20,20
att:-6.000,-0.444,42.300
run:2652,-5.99954,1.42886,-0.074332,333.402,0.190515,476.288,0.952576,19.0515,17.1464,15.2412,857.319,666.803,762.061,11.4309,0.285773,7.62061,0.038103,0,0,0,1,0.9,20,20
noise from radio
att:NaN,1,2
att:-6.000,-0.485,42.480
run:2672,-5.99983,1.42517,0.0456657,332.539,0.190022,475.056,0.950111,19.0022,17.102,15.2018,855.1,665.078,760.089,11.4013,0.285033,7.60089,0.0380045,0,0,0,1,0.9,20,20
att:-5.998,-0.526,42.660
run:2692,-5.99771,1.42138,0.165645,331.655,0.189517,473.793,0.947586,18.9517,17.0565,15.1614,852.827,663.31,758.069,11.371,0.284276,7.58069,0.0379034,0,0,0,1,0.9,20,20
att:-5.993,-0.568,42.840
run:2712,-5.9932,1.4175,0.285558,330.75,0.189,472.5,0.944999,18.9,17.01,15.12,850.499,661.5,755.999,11.34,0.2835,7.55999,0.0378,0,0,0,1,0.9,20,20
att:-5.986,-0.609,43.020
run:2732,-5.98629,1.41353,0.405357,329.823,0.188471,471.176,0.942353,18.8471,16.9623,15.0776,848.117,659.647,753.882,11.3082,0.282706,7.53882,0.0376941,0,0,0,1,0.9,20,20
att:-5.977,-0.650,43.200
run:2752,-5.97699,1.40947,0.524994,328.876,0.187929,469.823,0.939645,18.7929,16.9136,15.0343,845.681,657.752,751.716,11.2757,0.281894,7.51716,0.0375858,0,0,0,1,0.9,20,20
task:2752,4,2,0,0,0,20,0.9,3,0,43.200,0.000,241
stat:2752,0,0,0,0,7,1,1,1,0,0,1,0,0,16777215
att:-5.965,-0.691,43.380
run:2772,-5.96529,1.40532,0.644421,327.907,0.187376,468.439,0.936878,18.7376,16.8638,14.9901,843.19,655.815,749.503,11.2425,0.281063,7.49503,0.0374751,0,0,0,1,0.9,20,20
att:-5.951,-0.732,43.560
run:2792,-5.95121,1.40108,0.76359,326.918,0.18681,467.026,0.934051,18.681,16.8129,14.9448,840.646,653.836,747.241,11.2086,0.280215,7.47241,0.037362,0,0,0,1,0.9,20,20
att:-5.935,-0.772,43.740
run:2812,-5.93475,1.39675,0.882453,325.907,0.186233,465.582,0.931164,18.6233,16.761,14.8986,838.048,651.815,744.931,11.174,0.279349,7.44931,0.0372466,0,0,0,1,0.9,20,20
att:-5.916,-0.813,43.920
run:2832,-5.91592,1.39233,1.00096,324.876,0.185643,464.109,0.928217,18.5643,16.7079,14.8515,835.396,649.752,742.574,11.1386,0.278465,7.42574,0.0371287,0,0,0,1,0.9,20,20
att:-5.895,-0.853,44.100
run:2852,-5.89472,1.38782,1.11907,323.824,0.185042,462.606,0.925212,18.5042,16.6538,14.8034,832.69,647.648,740.169,11.1025,0.277563,7.40169,0.0370085,0,0,0,1,0.9,20,20
att:-5.871,-0.893,44.280
run:2872,-5.87116,1.38322,1.23674,322.751,0.184429,461.073,0.922146,18.4429,16.5986,14.7543,829.932,645.502,737.717,11.0658,0.276644,7.37717,0.0368859,0,0,0,1,0.9,20,20
att:-5.845,-0.933,44.460
run:2892,-5.84525,1.37853,1.3539,321.658,0.183804,459.511,0.919022,18.3804,16.5424,14.7044,827.12,643.315,735.218,11.0283,0.275707,7.35218,0.0367609,0,0,0,1,0.9,20,20
att:-5.817,-0.973,44.640
run:2912,-5.817,1.37376,1.47053,320.544,0.183168,457.92,0.915839,18.3168,16.4851,14.6534,824.255,641.087,732.671,10.9901,0.274752,7.32671,0.0366336,0,0,0,1,0.9,20,20
att:-5.786,-1.013,44.820
run:2932,-5.78643,1.3689,1.58657,319.409,0.182519,456.299,0.912597,18.2519,16.4268,14.6016,821.338,638.818,730.078,10.9512,0.273779,7.30078,0.0365039,0,0,0,1,0.9,20,20
att:-5.754,-1.052,45.000
run:2952,-5.75355,1.36395,1.70197,318.254,0.181859,454.649,0.909297,18.1859,16.3674,14.5488,818.368,636.508,727.438,10.9116,0.272789,7.27438,0.0363719,0.6,0.55,0.5,1,0.9,20,23
taskevt:4,2952,4,4,2,0,1
task:2952,4,2,0,0,1,20,0.9,4,0,45.000,0.500,251
stat:2952,2,1,0,0,7,1,1,1,0,0,1,0,0,16777215
att:-5.718,-1.092,45.180
run:2972,-5.71836,1.35891,1.8167,317.079,0.181188,452.97,0.905939,18.1188,16.3069,14.495,815.345,634.157,724.751,10.8713,0.271782,7.24751,0.0362376,0.6,0.55,0.5,1,0.9,20,23
att:-5.681,-1.131,45.360
run:2992,-5.68088,1.35378,1.93069,315.883,0.180505,451.261,0.902523,18.0505,16.2454,14.4404,812.271,631.766,722.018,10.8303,0.270757,7.22018,0.0361009,0.6,0.55,0.5,1,0.9,20,23
att:-5.641,-1.169,45.540
att:-5.599,-1.208,45.720
run:3032,-5.59913,1.34328,2.15632,313.431,0.179103,447.759,0.895517,17.9103,16.1193,14.3283,805.966,626.862,716.414,10.7462,0.268655,7.16414,0.0358207,0.6,0.55,0.5,1,0.9,20,23
att:-5.555,-1.246,45.900
run:3052,-5.55489,1.33789,2.26787,312.175,0.178386,445.964,0.891929,17.8386,16.0547,14.2709,802.736,624.35,713.543,10.7031,0.267579,7.13543,0.0356771,0.6,0.55,0.5,1,0.9,20,23
att:-5.508,-1.284,46.080
att:-5.460,-1.322,46.260
run:3092,-5.45975,1.32687,2.48819,309.603,0.176916,442.29,0.88458,17.6916,15.9224,14.1533,796.122,619.206,707.664,10.615,0.265374,7.07664,0.0353832,0.6,0.55,0.5,1,0.9,20,23
att:-5.409,-1.360,46.440
run:3112,-5.4089,1.32123,2.59688,308.287,0.176164,440.41,0.880821,17.6164,15.8548,14.0931,792.739,616.574,704.656,10.5698,0.264246,7.04656,0.0352328,0.6,0.55,0.5,1,0.9,20,23
att:-5.356,-1.397,46.620
run:3132,-5.35589,1.31551,2.70453,306.952,0.175401,438.502,0.877005,17.5401,15.7861,14.0321,789.304,613.903,701.604,10.5241,0.263101,7.01604,0.0350802,0.6,0.55,0.5,1,0.9,20,23
att:-5.301,-1.434,46.800
run:3152,-5.30073,1.3097,2.8111,305.597,0.174627,436.566,0.873133,17.4627,15.7164,13.9701,785.82,611.193,698.506,10.4776,0.26194,6.98506,0.0349253,0.6,0.55,0.5,1,0.9,20,23
task:3152,4,2,0,0,1,20,0.9,4,0,46.800,0.500,261
stat:3152,2,1,0,0,7,1,1,1,0,0,1,0,0,16777215
att:-5.243,-1.471,46.980
run:3172,-5.24345,1.30381,2.91655,304.222,0.173841,434.603,0.869205,17.3841,15.6457,13.9073,782.285,608.444,695.364,10.4305,0.260762,6.95364,0.0347682,0.6,0.55,0.5,1,0.9,20,23
att:-5.184,-1.507,47.160
run:3192,-5.18407,1.29783,3.02082,302.828,0.173044,432.611,0.865222,17.3044,15.574,13.8435,778.7,605.655,692.177,10.3827,0.259567,6.92177,0.0346089,0.6,0.55,0.5,1,0.9,20,23
att:-5.123,-1.543,47.340
run:3212,-5.12262,1.29177,3.12389,301.414,0.172237,430.592,0.861183,17.2237,15.5013,13.7789,775.065,602.828,688.946,10.3342,0.258355,6.88946,0.0344473,0.6,0.55,0.5,1,0.9,20,23
att:-5.059,-1.579,47.520
run:3232,-5.05913,1.28563,3.22572,299.981,0.171418,428.545,0.857089,17.1418,15.4276,13.7134,771.38,599.962,685.671,10.2851,0.257127,6.85671,0.0342836,0.6,0.55,0.5,1,0.9,20,23
att:-4.994,-1.615,47.700
run:3252,-4.9936,1.27941,3.32625,298.529,0.170588,426.47,0.85294,17.0588,15.3529,13.647,767.646,597.058,682.352,10.2353,0.255882,6.82352,0.0341176,0.6,0.55,0.5,1,0.9,20,23
att:-4.926,-1.650,47.880
run:3272,-4.92609,1.27311,3.42545,297.058,0.169747,424.369,0.848737,16.9747,15.2773,13.5798,763.863,594.116,678.99,10.1848,0.254621,6.7899,0.0339495,0.6,0.55,0.5,1,0.9,20,23
att:-4.857,-1.685,48.060
run:3292,-4.8566,1.26672,3.52328,295.568,0.168896,422.24,0.84448,16.8896,15.2006,13.5117,760.032,591.136,675.584,10.1338,0.253344,6.75584,0.0337792,0.6,0.55,0.5,1,0.9,20,23
att:-4.785,-1.720,48.240
run:3312,-4.78516,1.26025,3.6197,294.059,0.168034,420.084,0.840168,16.8034,15.123,13.4427,756.151,588.117,672.134,10.082,0.25205,6.72134,0.0336067,0.6,0.55,0.5,1,0.9,20,23
att:-4.712,-1.754,48.420
run:3332,-4.71182,1.2537,3.71467,292.531,0.16716,417.901,0.835802,16.716,15.0444,13.3728,752.222,585.062,668.642,10.0296,0.250741,6.68642,0.0334321,0.6,0.55,0.5,1,0.9,20,23
att:-4.637,-1.788,48.600
run:3352,-4.63659,1.24708,3.80816,290.984,0.166277,415.692,0.831383,16.6277,14.9649,13.3021,748.245,581.968,665.107,9.9766,0.249415,6.65107,0.0332553,0.6,0.55,0.5,1,0.9,20,23
task:3352,4,2,0,0,1,20,0.9,4,0,48.600,0.500,271
stat:3352,2,1,0,0,7,1,1,1,0,0,1,0,0,16777215
att:-4.560,-1.821,48.780
run:3372,-4.5595,1.24037,3.90012,289.419,0.165382,413.456,0.826911,16.5382,14.8844,13.2306,744.22,578.838,661.529,9.92294,0.248073,6.61529,0.0330765,0.6,0.55,0.5,1,0.9,20,23
att:-4.481,-1.854,48.960
run:3392,-4.48059,1.23358,3.99053,287.835,0.164477,411.193,0.822386,16.4477,14.803,13.1582,740.148,575.67,657.909,9.86863,0.246716,6.57909,0.0328954,0.6,0.55,0.5,1,0.9,20,23
att:-4.400,-1.887,49.140
run:3412,-4.39989,1.22671,4.07933,286.233,0.163562,408.904,0.817809,16.3562,14.7206,13.0849,736.028,572.466,654.247,9.8137,0.245343,6.54247,0.0327123,0.6,0.55,0.5,1,0.9,20,23
att:-4.317,-1.920,49.320
run:3432,-4.31743,1.21977,4.16651,284.612,0.162636,406.589,0.813178,16.2636,14.6372,13.0109,731.861,569.225,650.543,9.75814,0.243954,6.50543,0.0325271,0.6,0.55,0.5,1,0.9,20,23
att:-4.233,-1.952,49.500
run:3452,-4.23324,1.21274,4.25202,282.974,0.161699,404.248,0.808496,16.1699,14.5529,12.9359,727.647,565.947,646.797,9.70196,0.242549,6.46797,0.0323399,0.6,0.55,0.5,1,0.9,20,23
att:-4.147,-1.984,49.680
run:3472,-4.14736,1.20564,4.33583,281.317,0.160753,401.881,0.803763,16.0753,14.4677,12.8602,723.386,562.634,643.01,9.64515,0.241129,6.4301,0.0321505,0.6,0.55,0.5,1,0.9,20,23
att:-4.060,-2.015,49.860
run:3492,-4.05982,1.19847,4.4179,279.642,0.159795,399.489,0.798977,15.9795,14.3816,12.7836,719.08,559.284,639.182,9.58773,0.239693,6.39182,0.0319591,0.6,0.55,0.5,1,0.9,20,23
att:-3.971,-2.046,50.040
run:3512,-3.97066,1.19121,4.49821,277.949,0.158828,397.07,0.794141,15.8828,14.2945,12.7063,714.727,555.899,635.313,9.52969,0.238242,6.35313,0.0317656,0.6,0.55,0.5,1,0.9,20,23
att:-3.880,-2.076,50.220
run:3532,-3.8799,1.18388,4.57672,276.239,0.157851,394.627,0.789254,15.7851,14.2066,12.6281,710.328,552.478,631.403,9.47104,0.236776,6.31403,0.0315701,0.6,0.55,0.5,1,0.9,20,23
att:-3.788,-2.106,50.400
run:3552,-3.7876,1.17647,4.6534,274.511,0.156863,392.158,0.784316,15.6863,14.1177,12.5491,705.884,549.021,627.453,9.41179,0.235295,6.27453,0.0313726,0.6,0.55,0.5,1,0.9,20,23
task:3552,4,2,0,0,1,20,0.9,4,0,50.400,0.500,281
stat:3552,2,1,0,0,7,1,1,1,0,0,1,0,0,16777215
att:-3.694,-2.136,50.580
run:3572,-3.69378,1.16899,4.72821,272.765,0.155866,389.664,0.779328,15.5866,14.0279,12.4692,701.395,545.53,623.462,9.35194,0.233798,6.23462,0.0311731,0.6,0.55,0.5,1,0.9,20,23
att:-3.598,-2.165,50.760
run:3592,-3.59848,1.16144,4.80114,271.002,0.154858,387.145,0.77429,15.4858,13.9372,12.3886,696.861,542.003,619.432,9.29148,0.232287,6.19432,0.0309716,0.6,0.55,0.5,1,0.9,20,23
noise from radio
att:NaN,1,2
att:-3.502,-2.194,50.940
run:3612,-3.50175,1.1538,4.87214,269.221,0.153841,384.601,0.769203,15.3841,13.8457,12.3072,692.283,538.442,615.362,9.23043,0.230761,6.15362,0.0307681,0.6,0.55,0.5,1,0.9,20,23
att:-3.404,-2.223,51.120
run:3632,-3.40361,1.1461,4.9412,267.423,0.152813,382.033,0.764066,15.2813,13.7532,12.2251,687.66,534.846,611.253,9.16879,0.22922,6.11253,0.0305626,0.6,0.55,0.5,1,0.9,20,23
att:-3.304,-2.251,51.300
run:3652,-3.30411,1.13832,5.00828,265.608,0.151776,379.44,0.758881,15.1776,13.6599,12.1421,682.993,531.216,607.105,9.10657,0.227664,6.07105,0.0303552,0.6,0.55,0.5,1,0.9,20,23
att:-3.203,-2.278,51.480
run:3672,-3.20329,1.13047,5.07335,263.776,0.150729,376.823,0.753647,15.0729,13.5656,12.0583,678.282,527.553,602.917,9.04376,0.226094,6.02917,0.0301459,0.6,0.55,0.5,1,0.9,20,23
att:-3.101,-2.305,51.660
run:3692,-3.10119,1.12255,5.1364,261.928,0.149673,374.182,0.748364,14.9673,13.4706,11.9738,673.528,523.855,598.691,8.98037,0.224509,5.98691,0.0299346,0.6,0.55,0.5,1,0.9,20,23
att:-2.998,-2.332,51.840
run:3712,-2.99785,1.11455,5.19739,260.062,0.148607,371.517,0.743034,14.8607,13.3746,11.8885,668.731,520.124,594.427,8.91641,0.22291,5.94427,0.0297214,0.6,0.55,0.5,1,0.9,20,23
att:-2.893,-2.358,52.020
run:3732,-2.89331,1.10648,5.25631,258.18,0.147531,368.828,0.737656,14.7531,13.2778,11.8025,663.891,516.359,590.125,8.85188,0.221297,5.90125,0.0295063,0.6,0.55,0.5,1,0.9,20,23
att:-2.788,-2.384,52.200
run:3752,-2.78761,1.09835,5.31312,256.281,0.146446,366.116,0.732231,14.6446,13.1802,11.7157,659.008,512.562,585.785,8.78678,0.219669,5.85785,0.0292893,0.6,0.55,0.5,1,0.9,20,23
task:3752,4,2,0,0,1,20,0.9,4,0,52.200,0.500,291
stat:3752,2,1,0,0,7,1,1,1,0,0,1,0,0,16777215
att:-2.681,-2.409,52.380
run:3772,-2.6808,1.09014,5.3678,254.366,0.145352,363.38,0.72676,14.5352,13.0817,11.6282,654.084,508.732,581.408,8.72112,0.218028,5.81408,0.0290704,0.6,0.55,0.5,1,0.9,20,23
att:-2.573,-2.434,52.560
run:3792,-2.57292,1.08186,5.42034,252.434,0.144248,360.621,0.721241,14.4248,12.9823,11.5399,649.117,504.869,576.993,8.6549,0.216372,5.76993,0.0288497,0.6,0.55,0.5,1,0.9,20,23
att:-2.464,-2.458,52.740
run:3812,-2.464,1.07352,5.47071,250.487,0.143135,357.838,0.715677,14.3135,12.8822,11.4508,644.109,500.974,572.541,8.58812,0.214703,5.72541,0.0286271,0.6,0.55,0.5,1,0.9,20,23
att:-2.354,-2.482,52.920
att:-2.243,-2.505,53.100
run:3852,-2.24326,1.05662,5.56487,246.544,0.140882,352.205,0.704411,14.0882,12.6794,11.2706,633.97,493.088,563.529,8.45293,0.211323,5.63529,0.0281764,0.6,0.55,0.5,1,0.9,20,23
att:-2.132,-2.528,53.280
att:-2.019,-2.551,53.460
run:3892,-2.01893,1.03945,5.65013,242.538,0.138593,346.482,0.692964,13.8593,12.4734,11.0874,623.668,485.075,554.372,8.31557,0.207889,5.54372,0.0277186,0.6,0.55,0.5,1,0.9,20,23
att:-1.906,-2.573,53.640
run:3912,-1.90553,1.03076,5.68937,240.511,0.137435,343.587,0.687175,13.7435,12.3691,10.9948,618.457,481.022,549.74,8.24609,0.206152,5.4974,0.027487,0.6,0.55,0.5,1,0.9,20,23
att:-1.791,-2.594,53.820
run:3932,-1.79137,1.02201,5.72634,238.469,0.136268,340.67,0.681341,13.6268,12.2641,10.9015,613.207,476.938,545.073,8.17609,0.204402,5.45073,0.0272536,0.6,0.55,0.5,1,0.9,20,23
att:-1.676,-2.615,54.000
run:3952,-1.67649,1.01319,5.76102,236.412,0.135093,337.732,0.675463,13.5093,12.1583,10.8074,607.917,472.824,540.371,8.10556,0.202639,5.40371,0.0270185,0.6,0.55,0.5,1,0.9,20,23
taskevt:5,3952,4,1,0,0,1
task:3952,1,0,0,0,1,20,0.9,5,0,54.000,0.500,301
stat:3952,2,1,0,0,7,1,1,1,0,0,1,0,0,16777215
att:-1.561,-2.635,54.180
run:3972,-1.56094,1.00431,5.7934,234.34,0.133908,334.771,0.669542,13.3908,12.0518,10.7127,602.588,468.68,535.634,8.03451,0.200863,5.35634,0.0267817,0.6,0.55,0.5,1,0.9,20,23
att:-1.445,-2.655,54.360
run:3992,-1.44477,0.995368,5.82346,232.253,0.132716,331.789,0.663579,13.2716,11.9444,10.6173,597.221,464.505,530.863,7.96295,0.199074,5.30863,0.0265432,0.6,0.55,0.5,1,0.9,20,23
att:-1.328,-2.674,54.540
run:4012,-1.32802,0.986359,5.85118,230.151,0.131515,328.786,0.657573,13.1515,11.8363,10.5212,591.816,460.301,526.058,7.89087,0.197272,5.26058,0.0263029,0.6,0.55,0.5,1,0.9,20,23
att:-1.211,-2.693,54.720
run:4032,-1.21074,0.977287,5.87657,228.034,0.130305,325.762,0.651525,13.0305,11.7274,10.4244,586.372,456.067,521.22,7.8183,0.195457,5.2122,0.026061,0.6,0.55,0.5,1,0.9,20,23
att:-1.093,-2.711,54.900
run:4052,-1.09298,0.968152,5.89961,225.902,0.129087,322.717,0.645435,12.9087,11.6178,10.327,580.891,451.804,516.348,7.74522,0.19363,5.16348,0.0258174,0.6,0.55,0.5,1,0.9,20,23
att:-0.975,-2.729,55.080
run:4072,-0.974772,0.958956,5.92029,223.756,0.127861,319.652,0.639304,12.7861,11.5075,10.2289,575.373,447.513,511.443,7.67165,0.191791,5.11443,0.0255722,0.6,0.55,0.5,1,0.9,20,23
att:-0.856,-2.746,55.260
run:4092,-0.856179,0.949698,5.9386,221.596,0.126626,316.566,0.633132,12.6626,11.3964,10.1301,569.819,443.192,506.505,7.59758,0.18994,5.06505,0.0253253,0.6,0.55,0.5,1,0.9,20,23
att:-0.737,-2.763,55.440
run:4112,-0.737244,0.940379,5.95453,219.422,0.125384,313.46,0.626919,12.5384,11.2845,10.0307,564.227,438.844,501.535,7.52303,0.188076,5.01535,0.0250768,0.6,0.55,0.5,1,0.9,20,23
att:-0.618,-2.779,55.620
run:4132,-0.618014,0.931,5.96809,217.233,0.124133,310.333,0.620667,12.4133,11.172,9.93067,558.6,434.467,496.533,7.448,0.1862,4.96533,0.0248267,0.6,0.55,0.5,1,0.9,20,23
att:-0.499,-2.794,55.800
run:4152,-0.498536,0.921561,5.97925,215.031,0.122875,307.187,0.614374,12.2875,11.0587,9.82999,552.937,430.062,491.499,7.37249,0.184312,4.91499,0.024575,0.6,0.55,0.5,1,0.9,20,23
task:4152,1,0,0,0,1,20,0.9,5,0,55.800,0.500,311
stat:4152,2,1,0,0,7,1,1,1,0,0,1,0,0,16777215
att:-0.379,-2.809,55.980
run:4172,-0.37886,0.912064,5.98803,212.815,0.121609,304.021,0.608043,12.1609,10.9448,9.72868,547.238,425.63,486.434,7.29651,0.182413,4.86434,0.0243217,0.6,0.55,0.5,1,0.9,20,23
att:-0.259,-2.824,56.160
run:4192,-0.259031,0.902508,5.99441,210.585,0.120334,300.836,0.601672,12.0334,10.8301,9.62675,541.505,421.17,481.338,7.22006,0.180502,4.81338,0.0240669,0.6,0.55,0.5,1,0.9,20,23
att:-0.139,-2.838,56.340
run:4212,-0.139099,0.892894,5.99839,208.342,0.119053,297.631,0.595263,11.9053,10.7147,9.5242,535.737,416.684,476.21,7.14315,0.178579,4.7621,0.0238105,0.6,0.55,0.5,1,0.9,20,23
att:-0.019,-2.851,56.520
run:4232,-0.0191118,0.883223,5.99997,206.085,0.117763,294.408,0.588816,11.7763,10.5987,9.42105,529.934,412.171,471.052,7.06579,0.176645,4.71052,0.0235526,0.6,0.55,0.5,1,0.9,20,23
att:0.101,-2.864,56.700
run:4252,0.100883,0.873496,5.99915,203.816,0.116466,291.165,0.582331,11.6466,10.482,9.31729,524.098,407.631,465.865,6.98797,0.174699,4.65865,0.0232932,0.6,0.55,0.5,1,0.9,20,23
att:0.221,-2.876,56.880
run:4272,0.220838,0.863713,5.99593,201.533,0.115162,287.904,0.575808,11.5162,10.3646,9.21294,518.228,403.066,460.647,6.9097,0.172743,4.60647,0.0230323,0.6,0.55,0.5,1,0.9,20,23
att:0.341,-2.888,57.060
run:4292,0.340705,0.853874,5.99032,199.237,0.11385,284.625,0.569249,11.385,10.2465,9.10799,512.324,398.475,455.4,6.83099,0.170775,4.554,0.02277,0.6,0.55,0.5,1,0.9,20,23
att:0.460,-2.899,57.240
run:4312,0.460435,0.843981,5.98231,196.929,0.112531,281.327,0.562654,11.2531,10.1278,9.00246,506.389,393.858,450.123,6.75185,0.168796,4.50123,0.0225062,0.6,0.55,0.5,1,0.9,20,23
att:0.580,-2.909,57.420
att:0.699,-2.919,57.600
run:4352,0.699295,0.824033,5.95911,192.274,0.109871,274.678,0.549355,10.9871,9.8884,8.78969,494.42,384.549,439.484,6.59227,0.164807,4.39484,0.0219742,0.6,0.55,0.5,1,0.9,20,23
task:4352,1,0,0,0,1,20,0.9,5,0,57.600,0.500,321
stat:4352,2,1,0,0,7,1,1,1,0,0,1,0,0,16777215
att:0.818,-2.929,57.780
run:4372,0.81833,0.81398,5.94393,189.929,0.108531,271.327,0.542653,10.8531,9.76776,8.68245,488.388,379.857,434.123,6.51184,0.162796,4.34123,0.0217061,0.6,0.55,0.5,1,0.9,20,23
att:0.937,-2.938,57.960
att:1.055,-2.946,58.140
run:4412,1.05537,0.793718,5.90645,185.201,0.105829,264.573,0.529145,10.5829,9.52461,8.46632,476.231,370.402,423.316,6.34974,0.158744,4.23316,0.0211658,0.6,0.55,0.5,1,0.9,20,23
att:1.173,-2.953,58.320
run:4432,1.17328,0.78351,5.88417,182.819,0.104468,261.17,0.52234,10.4468,9.40212,8.35744,470.106,365.638,417.872,6.26808,0.156702,4.17872,0.0208936,0.6,0.55,0.5,1,0.9,20,23
att:1.291,-2.961,58.500
run:4452,1.29072,0.773252,5.85953,180.425,0.1031,257.751,0.515501,10.31,9.27902,8.24802,463.951,360.851,412.401,6.18602,0.15465,4.12401,0.0206201,0.6,0.55,0.5,1,0.9,20,23
att:1.408,-2.967,58.680
att:1.524,-2.973,58.860
run:4492,1.52401,0.752589,5.80322,175.604,0.100345,250.863,0.501726,10.0345,9.03106,8.02761,451.553,351.208,401.381,6.02071,0.150518,4.01381,0.020069,0.6,0.55,0.5,1,0.9,20,23
att:1.640,-2.978,59.040
run:4512,1.63976,0.742184,5.77159,173.176,0.0989579,247.395,0.49479,9.89579,8.90621,7.91663,445.311,346.353,395.832,5.93747,0.148437,3.95832,0.0197916,0.6,0.55,0.5,1,0.9,20,23
att:1.755,-2.983,59.220
run:4532,1.75485,0.731733,5.73764,170.738,0.0975643,243.911,0.487822,9.75643,8.78079,7.80515,439.04,341.475,390.257,5.85386,0.146347,3.90257,0.0195129,0.6,0.55,0.5,1,0.9,20,23
noise from radio
att:NaN,1,2
att:1.869,-2.987,59.400
run:4552,1.86925,0.721234,5.7014,168.288,0.0961645,240.411,0.480823,9.61645,8.65481,7.69316,432.74,336.576,384.658,5.76987,0.144247,3.84658,0.0192329,0.6,0.55,0.5,1,0.9,20,23
task:4552,1,0,0,0,1,20,0.9,5,0,59.400,0.500,331
stat:4552,2,1,0,0,7,1,1,1,0,0,1,0,0,16777215
att:1.983,-2.991,59.580
run:4572,1.98289,0.710689,5.66287,165.827,0.0947586,236.896,0.473793,9.47586,8.52827,7.58068,426.413,331.655,379.034,5.68551,0.142138,3.79034,0.0189517,0.6,0.55,0.5,1,0.9,20,23
att:2.096,-2.994,59.760
att:2.208,-2.996,59.940
run:4612,2.20776,0.689464,5.57905,160.875,0.0919285,229.821,0.459643,9.19285,8.27357,7.35428,413.678,321.75,367.714,5.51571,0.137893,3.67714,0.0183857,0.6,0.55,0.5,1,0.9,20,23
att:2.319,-2.998,60.120
run:4632,2.3189,0.678785,5.53378,158.383,0.0905046,226.262,0.452523,9.05046,8.14542,7.24037,407.271,316.766,362.018,5.43028,0.135757,3.62018,0.0181009,0.6,0.55,0.5,1,0.9,20,23
att:2.429,-2.999,60.300
run:4652,2.4291,0.668062,5.4863,155.881,0.0890749,222.687,0.445375,8.90749,8.01674,7.12599,400.837,311.762,356.3,5.3445,0.133612,3.563,0.017815,0.6,0.55,0.5,1,0.9,20,23
att:2.538,-3.000,60.480
run:4672,2.53833,0.657297,5.43662,153.369,0.0876395,219.099,0.438198,8.76395,7.88756,7.01116,394.378,306.738,350.558,5.25837,0.131459,3.50558,0.0175279,0.6,0.55,0.5,1,0.9,20,23
att:2.647,-3.000,60.660
run:4692,2.64655,0.646489,5.38477,150.847,0.0861985,215.496,0.430993,8.61985,7.75787,6.89588,387.893,301.695,344.794,5.17191,0.129298,3.44794,0.0172397,0.6,0.55,0.5,1,0.9,20,23
att:2.754,-2.999,60.840
run:4712,2.75371,0.63564,5.33077,148.316,0.084752,211.88,0.42376,8.4752,7.62768,6.78016,381.384,296.632,339.008,5.08512,0.127128,3.39008,0.0169504,0.6,0.55,0.5,1,0.9,20,23
att:2.860,-2.998,61.020
run:4732,2.85977,0.624751,5.27463,145.775,0.0833001,208.25,0.416501,8.33001,7.49701,6.66401,374.85,291.55,333.2,4.99801,0.12495,3.332,0.01666,0.6,0.55,0.5,1,0.9,20,23
att:2.965,-2.997,61.200
run:4752,2.96468,0.613821,5.21638,143.225,0.0818428,204.607,0.409214,8.18428,7.36586,6.54743,368.293,286.45,327.371,4.91057,0.122764,3.27371,0.0163686,0.6,0.55,0.5,1,0.9,20,23
task:4752,1,0,0,0,1,20,0.9,5,0,61.200,0.500,341
stat:4752,2,1,0,0,7,1,1,1,0,0,1,0,0,16777215
att:3.068,-2.994,61.380
run:4772,3.06841,0.602852,5.15605,140.666,0.0803803,200.951,0.401902,8.03803,7.23423,6.43043,361.711,281.331,321.521,4.82282,0.12057,3.21521,0.0160761,0.6,0.55,0.5,1,0.9,20,23
att:3.171,-2.991,61.560
run:4792,3.17091,0.591845,5.09366,138.097,0.0789127,197.282,0.394563,7.89127,7.10214,6.31301,355.107,276.194,315.651,4.73476,0.118369,3.15651,0.0157825,0.6,0.55,0.5,1,0.9,20,23
att:3.272,-2.988,61.740
run:4812,3.27214,0.5808,5.02922,135.52,0.07744,193.6,0.3872,7.744,6.9696,6.1952,348.48,271.04,309.76,4.6464,0.11616,3.0976,0.015488,0.6,0.55,0.5,1,0.9,20,23
att:3.372,-2.984,61.920
run:4832,3.37206,0.569717,4.96278,132.934,0.0759623,189.906,0.379812,7.59623,6.83661,6.07699,341.83,265.868,303.849,4.55774,0.113943,3.03849,0.0151925,0.6,0.55,0.5,1,0.9,20,23
att:3.471,-2.979,62.100
att:3.568,-2.974,62.280
run:4872,3.56782,0.547444,4.82396,127.737,0.0729925,182.481,0.364963,7.29925,6.56933,5.8394,328.466,255.474,291.97,4.37955,0.109489,2.9197,0.0145985,0.6,0.55,0.5,1,0.9,20,23
att:3.664,-2.968,62.460
run:4892,3.66358,0.536254,4.75165,125.126,0.0715006,178.751,0.357503,7.15006,6.43505,5.72005,321.753,250.252,286.002,4.29003,0.107251,2.86002,0.0143001,0.6,0.55,0.5,1,0.9,20,23
att:3.758,-2.962,62.640
att:3.851,-2.955,62.820
run:4932,3.85067,0.513773,4.60134,119.88,0.068503,171.258,0.342515,6.8503,6.16527,5.48024,308.264,239.761,274.012,4.11018,0.102755,2.74012,0.0137006,0.6,0.55,0.5,1,0.9,20,23
att:3.942,-2.947,63.000
run:4952,3.94192,0.502482,4.52341,117.246,0.0669976,167.494,0.334988,6.69976,6.02979,5.35981,301.489,234.492,267.991,4.01986,0.100496,2.67991,0.0133995,0.6,0.55,0.5,1,0.9,20,23
task:4952,1,0,0,0,1,20,0.9,5,0,63.000,0.500,351
stat:4952,2,1,0,0,7,1,1,1,0,0,1,0,0,16777215
att:4.032,-2.939,63.180
run:4972,4.03159,0.49116,4.44368,114.604,0.0654879,163.72,0.32744,6.54879,5.89392,5.23904,294.696,229.208,261.952,3.92928,0.0982319,2.61952,0.0130976,0.6,0.55,0.5,1,0.9,20,23
att:4.120,-2.931,63.360
run:4992,4.11965,0.479806,4.36216,111.955,0.0639741,159.935,0.31987,6.39741,5.75767,5.11793,287.883,223.909,255.896,3.83844,0.0959611,2.55896,0.0127948,0.6,0.55,0.5,1,0.9,20,23
att:4.206,-2.921,63.540
run:5012,4.20607,0.468421,4.2789,109.298,0.0624561,156.14,0.312281,6.24561,5.62105,4.99649,281.052,218.596,249.824,3.74737,0.0936842,2.49824,0.0124912,0.6,0.55,0.5,1,0.9,20,23
att:4.291,-2.911,63.720
att:4.374,-2.901,63.900
run:5052,4.37381,0.445562,4.10728,103.964,0.0594083,148.521,0.297041,5.94083,5.34674,4.75266,267.337,207.929,237.633,3.5645,0.0891124,2.37633,0.0118817,0.6,0.55,0.5,1,0.9,20,23
att:4.455,-2.890,64.080
run:5072,4.45508,0.43409,4.01899,101.288,0.0578786,144.697,0.289393,5.78786,5.20907,4.63029,260.454,202.575,231.514,3.47272,0.0868179,2.31514,0.0115757,0.6,0.55,0.5,1,0.9,20,23
att:4.535,-2.878,64.260
run:5092,4.53456,0.422589,3.92909,98.6042,0.0563452,140.863,0.281726,5.63452,5.07107,4.50762,253.554,197.208,225.381,3.38071,0.0845178,2.25381,0.011269,0.6,0.55,0.5,1,0.9,20,23
att:4.612,-2.866,64.440
run:5112,4.61223,0.411062,3.83762,95.9144,0.0548083,137.021,0.274041,5.48083,4.93274,4.38466,246.637,191.829,219.233,3.2885,0.0822124,2.19233,0.0109617,0.6,0.55,0.5,1,0.9,20,23
att:4.688,-2.854,64.620
run:5132,4.68806,0.399508,3.74461,93.2186,0.0532678,133.169,0.266339,5.32678,4.7941,4.26142,239.705,186.437,213.071,3.19607,0.0799016,2.13071,0.0106536,0.6,0.55,0.5,1,0.9,20,23
att:4.762,-2.840,64.800
run:5152,4.76201,0.387929,3.65011,90.5168,0.0517239,129.31,0.258619,5.17239,4.65515,4.13791,232.757,181.034,206.895,3.10343,0.0775858,2.06895,0.0103448,0.6,0.55,0.5,1,0.9,20,23
task:5152,1,0,0,0,1,20,0.9,5,0,64.800,0.500,361
stat:5152,2,1,0,0,7,1,1,1,0,0,1,0,0,16777215
att:4.834,-2.827,64.980
run:5172,4.83405,0.376325,3.55414,87.8092,0.0501767,125.442,0.250883,5.01767,4.5159,4.01413,225.795,175.618,200.707,3.0106,0.075265,2.00707,0.0100353,0.6,0.55,0.5,1,0.9,20,23
att:4.904,-2.812,65.160
run:5192,4.90416,0.364697,3.45676,85.0959,0.0486262,121.566,0.243131,4.86262,4.37636,3.8901,218.818,170.192,194.505,2.91757,0.0729394,1.94505,0.00972525,0.6,0.55,0.5,1,0.9,20,23
att:4.972,-2.797,65.340
run:5212,4.97231,0.353045,3.35799,82.3773,0.0470727,117.682,0.235364,4.70727,4.23654,3.76582,211.827,164.755,188.291,2.82436,0.0706091,1.88291,0.00941454,0.6,0.55,0.5,1,0.9,20,23
att:5.038,-2.782,65.520
run:5232,5.03847,0.341371,3.25788,79.6533,0.0455162,113.79,0.227581,4.55162,4.09646,3.64129,204.823,159.307,182.065,2.73097,0.0682743,1.82065,0.00910324,0.6,0.55,0.5,1,0.9,20,23
att:5.103,-2.766,65.700
run:5252,5.10262,0.329675,3.15647,76.9243,0.0439567,109.892,0.219784,4.39567,3.95611,3.51654,197.805,153.849,175.827,2.6374,0.0659351,1.75827,0.00879134,0.6,0.55,0.5,1,0.9,20,23
att:5.165,-2.749,65.880
att:5.225,-2.732,66.060
run:5292,5.22476,0.306221,2.94989,71.4516,0.0408295,102.074,0.204147,4.08295,3.67465,3.26636,183.733,142.903,163.318,2.44977,0.0612442,1.63318,0.00816589,0.6,0.55,0.5,1,0.9,20,23
att:5.283,-2.715,66.240
run:5312,5.28271,0.294464,2.84481,68.7083,0.0392619,98.1547,0.196309,3.92619,3.53357,3.14095,176.678,137.417,157.048,2.35571,0.0588928,1.57048,0.00785238,0.6,0.55,0.5,1,0.9,20,23
att:5.339,-2.697,66.420
run:5332,5.33855,0.282688,2.7386,65.9606,0.0376918,94.2294,0.188459,3.76918,3.39226,3.01534,169.613,131.921,150.767,2.26151,0.0565377,1.50767,0.00753835,0.6,0.55,0.5,1,0.9,20,23
att:5.392,-2.678,66.600
run:5352,5.39225,0.270894,2.63128,63.2087,0.0361193,90.2981,0.180596,3.61193,3.25073,2.88954,162.537,126.417,144.477,2.16716,0.0541789,1.44477,0.00722385,0.6,0.55,0.5,1,0.9,20,23
task:5352,1,0,0,0,1,20,0.9,5,0,66.600,0.500,371
stat:5352,2,1,0,0,7,1,1,1,0,0,1,0,0,16777215
att:5.444,-2.659,66.780
run:5372,5.44379,0.259083,2.52292,60.4527,0.0345444,86.3611,0.172722,3.45444,3.109,2.76355,155.45,120.905,138.178,2.07267,0.0518166,1.38178,0.00690888,0.6,0.55,0.5,1,0.9,20,23
att:5.493,-2.639,66.960
run:5392,5.49316,0.247255,2.41355,57.6929,0.0329674,82.4185,0.164837,3.29674,2.96706,2.63739,148.353,115.386,131.87,1.97804,0.0494511,1.3187,0.00659348,0.6,0.55,0.5,1,0.9,20,23
att:5.540,-2.619,67.140
run:5412,5.54033,0.235412,2.30321,54.9294,0.0313882,78.4706,0.156941,3.13882,2.82494,2.51106,141.247,109.859,125.553,1.88329,0.0470823,1.25553,0.00627765,0.6,0.55,0.5,1,0.9,20,23
att:5.585,-2.598,67.320
run:5432,5.58528,0.223553,2.19195,52.1624,0.0298071,74.5177,0.149035,2.98071,2.68264,2.38457,134.132,104.325,119.228,1.78842,0.0447106,1.19228,0.00596141,0.6,0.55,0.5,1,0.9,20,23
att:5.628,-2.577,67.500
att:5.668,-2.555,67.680
run:5472,5.66847,0.199793,1.96684,46.6185,0.0266391,66.5978,0.133196,2.66391,2.39752,2.13113,119.876,93.2369,106.557,1.59835,0.0399587,1.06557,0.00532783,0.6,0.55,0.5,1,0.9,20,23
noise from radio
att:NaN,1,2
att:5.707,-2.533,67.860
att:5.743,-2.510,68.040
run:5512,5.74259,0.175983,1.73859,41.0626,0.0234644,58.6609,0.117322,2.34644,2.11179,1.87715,105.59,82.1253,93.8575,1.40786,0.0351965,0.938575,0.00469287,0.6,0.55,0.5,1,0.9,20,23
att:5.776,-2.487,68.220
run:5532,5.77621,0.16406,1.6234,38.2807,0.0218747,54.6867,0.109373,2.18747,1.96872,1.74997,98.4361,76.5614,87.4987,1.31248,0.032812,0.874987,0.00437494,0.6,0.55,0.5,1,0.9,20,23
att:5.808,-2.463,68.400
run:5552,5.80752,0.152127,1.50756,35.4963,0.0202836,50.709,0.101418,2.02836,1.82552,1.62269,91.2762,70.9926,81.1344,1.21702,0.0304254,0.811344,0.00405672,0.6,0.55,0.5,1,0.9,20,23
task:5552,1,0,0,0,1,20,0.9,5,0,68.400,0.500,381
stat:5552,2,1,0,0,7,1,1,1,0,0,1,0,0,16777215
att:5.837,-2.439,68.580
run:5572,5.83651,0.140184,1.39111,32.7096,0.0186912,46.728,0.0934561,1.86912,1.68221,1.4953,84.1105,65.4193,74.7649,1.12147,0.0280368,0.747649,0.00373824,0.6,0.55,0.5,1,0.9,20,23
att:5.863,-2.414,68.760
run:5592,5.86316,0.128232,1.27411,29.9209,0.0170976,42.7441,0.0854882,1.70976,1.53879,1.36781,76.9394,59.8417,68.3905,1.02586,0.0256465,0.683905,0.00341953,0.6,0.55,0.5,1,0.9,20,23
att:5.887,-2.389,68.940
run:5612,5.88747,0.116272,1.1566,27.1302,0.015503,38.7574,0.0775148,1.5503,1.39527,1.24024,69.7633,54.2604,62.0119,0.930178,0.0232544,0.620119,0.00310059,0.6,0.55,0.5,1,0.9,20,23
att:5.909,-2.363,69.120
run:5632,5.90942,0.104305,1.03863,24.3378,0.0139073,34.7682,0.0695365,1.39073,1.25166,1.11258,62.5828,48.6755,55.6292,0.834438,0.0208609,0.556292,0.00278146,0.6,0.55,0.5,1,0.9,20,23
att:5.929,-2.337,69.300
run:5652,5.92901,0.0923306,0.920243,21.5438,0.0123107,30.7769,0.0615537,1.23107,1.10797,0.984859,55.3983,43.0876,49.243,0.738645,0.0184661,0.49243,0.00246215,0.6,0.55,0.5,1,0.9,20,23
att:5.946,-2.311,69.480
run:5672,5.94623,0.0803505,0.801487,18.7485,0.0107134,26.7835,0.053567,1.07134,0.964206,0.857072,48.2103,37.4969,42.8536,0.642804,0.0160701,0.428536,0.00214268,0.6,0.55,0.5,1,0.9,20,23
att:5.961,-2.284,69.660
run:5692,5.96107,0.0683653,0.68241,15.9519,0.00911537,22.7884,0.0455769,0.911537,0.820383,0.72923,41.0192,31.9038,36.4615,0.546922,0.0136731,0.364615,0.00182307,0.6,0.55,0.5,1,0.9,20,23
att:5.974,-2.256,69.840
run:5712,5.97352,0.0563757,0.56306,13.1543,0.00751676,18.7919,0.0375838,0.751676,0.676508,0.601341,33.8254,26.3087,30.067,0.451006,0.0112751,0.30067,0.00150335,0.6,0.55,0.5,1,0.9,20,23
att:5.984,-2.228,70.020
run:5732,5.98359,0.0443825,0.443485,10.3559,0.00591767,14.7942,0.0295883,0.591767,0.53259,0.473413,26.6295,20.7118,23.6707,0.35506,0.0088765,0.236707,0.00118353,0.6,0.55,0.5,1,0.9,20,23
att:5.991,-2.200,70.200
run:5752,5.99126,0.0323865,0.323733,7.55684,0.0043182,10.7955,0.021591,0.43182,0.388638,0.345456,19.4319,15.1137,17.2728,0.259092,0.00647729,0.172728,0.000863639,0.6,0.55,0.5,1,0.9,20,23
task:5752,1,0,0,0,1,20,0.9,5,0,70.200,0.500,391
stat:5752,2,1,0,0,7,1,1,1,0,0,1,0,0,16777215
att:5.997,-2.171,70.380
run:5772,5.99654,0.0203884,0.203851,4.75728,0.00271845,6.79612,0.0135922,0.271845,0.24466,0.217476,12.233,9.51456,10.8738,0.163107,0.00407767,0.108738,0.000543689,0.6,0.55,0.5,1,0.9,20,23
att:5.999,-2.142,70.560
run:5792,5.99941,0.00838894,0.0838871,1.95742,0.00111852,2.79631,0.00559262,0.111852,0.100667,0.089482,5.03336,3.91484,4.4741,0.0671115,0.00167779,0.044741,0.000223705,0.6,0.55,0.5,1,0.9,20,23
att:6.000,-2.112,70.740
run:5812,5.99989,-0.00361102,-0.03611,-0.84257,-0.000481469,-1.20367,-0.00240734,-0.0481469,-0.0433322,-0.0385175,-2.16661,-1.68514,-1.92588,-0.0288881,-0.000722203,-0.0192588,-9.62938e-05,0.6,0.55,0.5,1,0.9,20,23
att:5.998,-2.082,70.920
run:5832,5.99797,-0.0156107,-0.156093,-3.64251,-0.00208143,-5.20358,-0.0104072,-0.208143,-0.187329,-0.166515,-9.36644,-7.28501,-8.32573,-0.124886,-0.00312215,-0.0832573,-0.000416286,0.6,0.55,0.5,1,0.9,20,23
att:5.994,-2.052,71.100
run:5852,5.99365,-0.0276095,-0.276013,-6.44221,-0.00368126,-9.20315,-0.0184063,-0.368126,-0.331314,-0.294501,-16.5657,-12.8844,-14.725,-0.220876,-0.00552189,-0.14725,-0.000736252,0.6,0.55,0.5,1,0.9,20,23
att:5.987,-2.021,71.280
run:5872,5.98693,-0.0396064,-0.395823,-9.2415,-0.00528086,-13.2021,-0.0264043,-0.528086,-0.475277,-0.422468,-23.7638,-18.483,-21.1234,-0.316851,-0.00792128,-0.211234,-0.00105617,0.6,0.55,0.5,1,0.9,20,23
att:5.978,-1.990,71.460
run:5892,5.97782,-0.0516008,-0.515474,-12.0402,-0.00688011,-17.2003,-0.0344006,-0.688011,-0.61921,-0.550409,-30.9605,-24.0804,-27.5204,-0.412807,-0.0103202,-0.275204,-0.00137602,0.6,0.55,0.5,1,0.9,20,23
att:5.966,-1.958,71.640
att:5.952,-1.926,71.820
run:5932,5.95242,-0.075579,-0.754111,-17.6351,-0.0100772,-25.193,-0.050386,-1.00772,-0.906948,-0.806176,-45.3474,-35.2702,-40.3088,-0.604632,-0.0151158,-0.403088,-0.00201544,0.6,0.55,0.5,1,0.9,20,23
att:5.936,-1.894,72.000
taskevt:6,5952,1,6,4,4,1
task:5952,6,4,4,0,1,20,0.9,6,0,72.000,0.500,401
stat:5952,2,1,0,0,7,1,1,1,0,0,1,0,0,16777215
att:5.918,-1.861,72.180
run:5972,5.9175,-0.0995378,-0.991541,-23.2255,-0.0132717,-33.1793,-0.0663585,-1.32717,-1.19445,-1.06174,-59.7227,-46.451,-53.0868,-0.796303,-0.0199076,-0.530868,-0.00265434,0.6,0.55,0.5,1,0.9,20,23
att:5.896,-1.828,72.360
run:5992,5.89649,-0.111508,-1.10968,-26.0185,-0.0148677,-37.1694,-0.0743387,-1.48677,-1.3381,-1.18942,-66.9048,-52.0371,-59.471,-0.892064,-0.0223016,-0.59471,-0.00297355,0.6,0.55,0.5,1,0.9,20,23
att:5.873,-1.794,72.540
run:6012,5.87312,-0.123471,-1.22738,-28.8099,-0.0164628,-41.1571,-0.0823141,-1.64628,-1.48165,-1.31703,-74.0827,-57.6199,-65.8513,-0.987769,-0.0246942,-0.658513,-0.00329256,0.6,0.55,0.5,1,0.9,20,23
att:5.847,-1.761,72.720
run:6032,5.8474,-0.135426,-1.34459,-31.5995,-0.0180568,-45.1421,-0.0902842,-1.80568,-1.62512,-1.44455,-81.2558,-63.199,-72.2274,-1.08341,-0.0270853,-0.722274,-0.00361137,0.6,0.55,0.5,1,0.9,20,23
att:5.819,-1.726,72.900
run:6052,5.81934,-0.147373,-1.46126,-34.387,-0.0196497,-49.1243,-0.0982486,-1.96497,-1.76847,-1.57198,-88.4237,-68.774,-78.5989,-1.17898,-0.0294746,-0.785989,-0.00392994,0.6,0.55,0.5,1,0.9,20,23
att:5.789,-1.692,73.080
run:6072,5.78895,-0.15931,-1.57735,-37.1723,-0.0212413,-53.1033,-0.106207,-2.12413,-1.91172,-1.69931,-95.586,-74.3447,-84.9653,-1.27448,-0.031862,-0.849653,-0.00424827,0.6,0.55,0.5,1,0.9,20,23
att:5.756,-1.657,73.260
run:6092,5.75625,-0.171237,-1.69281,-39.9553,-0.0228316,-57.079,-0.114158,-2.28316,-2.05484,-1.82653,-102.742,-79.9106,-91.3263,-1.3699,-0.0342474,-0.913263,-0.00456632,0.6,0.55,0.5,1,0.9,20,23
att:5.721,-1.622,73.440
run:6112,5.72124,-0.183153,-1.80759,-42.7357,-0.0244204,-61.0509,-0.122102,-2.44204,-2.19783,-1.95363,-109.892,-85.4713,-97.6815,-1.46522,-0.0366306,-0.976815,-0.00488408,0.6,0.55,0.5,1,0.9,20,23
att:5.684,-1.586,73.620
run:6132,5.68395,-0.195057,-1.92164,-45.5133,-0.0260076,-65.019,-0.130038,-2.60076,-2.34068,-2.08061,-117.034,-91.0266,-104.03,-1.56046,-0.0390114,-1.0403,-0.00520152,0.6,0.55,0.5,1,0.9,20,23
att:5.644,-1.551,73.800
run:6152,5.64438,-0.206949,-2.03493,-48.2881,-0.0275932,-68.9829,-0.137966,-2.75932,-2.48339,-2.20745,-124.169,-96.5761,-110.373,-1.65559,-0.0413898,-1.10373,-0.00551863,0.6,0.55,0.5,1,0.9,20,23
task:6152,6,4,4,0,1,20,0.9,6,0,73.800,0.500,411
stat:6152,2,1,0,0,7,1,1,1,0,0,1,0,0,16777215
att:5.603,-1.514,73.980
run:6172,5.60256,-0.218827,-2.1474,-51.0597,-0.029177,-72.9424,-0.145885,-2.9177,-2.62593,-2.33416,-131.296,-102.119,-116.708,-1.75062,-0.0437655,-1.16708,-0.00583539,0.6,0.55,0.5,1,0.9,20,23
att:5.558,-1.478,74.160
run:6192,5.55849,-0.230692,-2.25902,-53.8281,-0.0307589,-76.8973,-0.153795,-3.07589,-2.7683,-2.46071,-138.415,-107.656,-123.036,-1.84553,-0.0461384,-1.23036,-0.00615178,0.6,0.55,0.5,1,0.9,20,23
att:5.512,-1.441,74.340
run:6212,5.5122,-0.242542,-2.36973,-56.593,-0.0323389,-80.8472,-0.161694,-3.23389,-2.9105,-2.58711,-145.525,-113.186,-129.355,-1.94033,-0.0485083,-1.29355,-0.00646777,0.6,0.55,0.5,1,0.9,20,23
att:5.464,-1.404,74.520
run:6232,5.46371,-0.254376,-2.47949,-59.3543,-0.0339168,-84.7919,-0.169584,-3.39168,-3.05251,-2.71334,-152.625,-118.709,-135.667,-2.03501,-0.0508751,-1.35667,-0.00678335,0.6,0.55,0.5,1,0.9,20,23
att:5.413,-1.367,74.700
run:6252,5.41303,-0.266194,-2.58826,-62.1118,-0.0354925,-88.7312,-0.177462,-3.54925,-3.19432,-2.8394,-159.716,-124.224,-141.97,-2.12955,-0.0532387,-1.4197,-0.0070985,0.6,0.55,0.5,1,0.9,20,23
att:5.360,-1.330,74.880
run:6272,5.36019,-0.277995,-2.696,-64.8654,-0.0370659,-92.6648,-0.18533,-3.70659,-3.33593,-2.96527,-166.797,-129.731,-148.264,-2.22396,-0.0555989,-1.48264,-0.00741319,0.6,0.55,0.5,1,0.9,20,23
att:5.305,-1.292,75.060
run:6292,5.3052,-0.289778,-2.80265,-67.6148,-0.038637,-96.5925,-0.193185,-3.8637,-3.47733,-3.09096,-173.867,-135.23,-154.548,-2.31822,-0.0579555,-1.54548,-0.0077274,0.6,0.55,0.5,1,0.9,20,23
att:5.248,-1.254,75.240
run:6312,5.24809,-0.301542,-2.90819,-70.3598,-0.0402056,-100.514,-0.201028,-4.02056,-3.61851,-3.21645,-180.925,-140.72,-160.822,-2.41234,-0.0603084,-1.60822,-0.00804112,0.6,0.55,0.5,1,0.9,20,23
att:5.189,-1.216,75.420
run:6332,5.18888,-0.313287,-3.01256,-73.1004,-0.0417717,-104.429,-0.208858,-4.17717,-3.75945,-3.34173,-187.972,-146.201,-167.087,-2.5063,-0.0626575,-1.67087,-0.00835433,0.6,0.55,0.5,1,0.9,20,23
att:5.128,-1.177,75.600
run:6352,5.12759,-0.325013,-3.11573,-75.8363,-0.043335,-108.338,-0.216675,-4.3335,-3.90015,-3.4668,-195.008,-151.673,-173.34,-2.6001,-0.0650025,-1.7334,-0.008667,0.6,0.55,0.5,1,0.9,20,23
task:6352,6,4,4,0,1,20,0.9,6,0,75.600,0.500,421
stat:6352,2,1,0,0,7,1,1,1,0,0,1,0,0,16777215
att:5.064,-1.138,75.780
run:6372,5.06426,-0.336717,-3.21765,-78.5673,-0.0448956,-112.239,-0.224478,-4.48956,-4.0406,-3.59165,-202.03,-157.135,-179.582,-2.69374,-0.0673434,-1.79582,-0.00897912,0.6,0.55,0.5,1,0.9,20,23
att:4.999,-1.099,75.960
att:4.932,-1.060,76.140
run:6412,4.93153,-0.36006,-3.4176,-84.0141,-0.0480081,-120.02,-0.24004,-4.80081,-4.32073,-3.84064,-216.036,-168.028,-192.032,-2.88048,-0.0720121,-1.92032,-0.00960161,0.6,0.55,0.5,1,0.9,20,23
noise from radio
att:NaN,1,2
att:4.862,-1.021,76.320
run:6432,4.8622,-0.371698,-3.51554,-86.7295,-0.0495597,-123.899,-0.247799,-4.95597,-4.46038,-3.96478,-223.019,-173.459,-198.239,-2.97358,-0.0743396,-1.98239,-0.00991194,0.6,0.55,0.5,1,0.9,20,23
att:4.791,-0.981,76.500
run:6452,4.79092,-0.383312,-3.61207,-89.4394,-0.0511082,-127.771,-0.255541,-5.11082,-4.59974,-4.08866,-229.987,-178.879,-204.433,-3.06649,-0.0766623,-2.04433,-0.0102216,0.6,0.55,0.5,1,0.9,20,23
att:4.718,-0.941,76.680
run:6472,4.71773,-0.394901,-3.70716,-92.1435,-0.0526534,-131.634,-0.263267,-5.26534,-4.73881,-4.21228,-236.941,-184.287,-210.614,-3.15921,-0.0789802,-2.10614,-0.0105307,0.6,0.55,0.5,1,0.9,20,23
att:4.643,-0.901,76.860
run:6492,4.64265,-0.406465,-3.80077,-94.8418,-0.0541953,-135.488,-0.270977,-5.41953,-4.87758,-4.33562,-243.879,-189.684,-216.781,-3.25172,-0.081293,-2.16781,-0.0108391,0.6,0.55,0.5,1,0.9,20,23
att:4.566,-0.861,77.040
att:4.487,-0.821,77.220
run:6532,4.48694,-0.429514,-3.98338,-100.22,-0.0572685,-143.171,-0.286343,-5.72685,-5.15417,-4.58148,-257.708,-200.44,-229.074,-3.43611,-0.0859028,-2.29074,-0.0114537,0.6,0.55,0.5,1,0.9,20,23
att:4.406,-0.780,77.400
run:6552,4.40638,-0.440997,-4.07232,-102.899,-0.0587997,-146.999,-0.293998,-5.87997,-5.29197,-4.70397,-264.598,-205.799,-235.199,-3.52798,-0.0881995,-2.35199,-0.0117599,0.6,0.55,0.5,1,0.9,20,23
task:6552,6,4,4,0,1,20,0.9,6,0,77.400,0.500,431
stat:6552,2,1,0,0,7,1,1,1,0,0,1,0,0,16777215
att:4.324,-0.740,77.580
run:6572,4.32406,-0.452453,-4.15963,-105.572,-0.0603271,-150.818,-0.301635,-6.03271,-5.42943,-4.82616,-271.472,-211.145,-241.308,-3.61962,-0.0904906,-2.41308,-0.0120654,0.6,0.55,0.5,1,0.9,20,23
att:4.240,-0.699,77.760
att:4.154,-0.658,77.940
att:4.067,-0.617,78.120
run:6632,4.06685,-0.486643,-4.41143,-113.55,-0.0648857,-162.214,-0.324428,-6.48857,-5.83971,-5.19085,-291.986,-227.1,-259.543,-3.89314,-0.0973285,-2.59543,-0.0129771,0.6,0.55,0.5,1,0.9,20,23
att:3.978,-0.576,78.300
run:6652,3.97782,-0.497978,-4.49188,-116.195,-0.066397,-165.993,-0.331985,-6.6397,-5.97573,-5.31176,-298.787,-232.39,-265.588,-3.98382,-0.0995956,-2.65588,-0.0132794,0.6,0.55,0.5,1,0.9,20,23
att:3.887,-0.535,78.480
run:6672,3.88719,-0.509281,-4.57053,-118.832,-0.0679042,-169.76,-0.339521,-6.79042,-6.11137,-5.43233,-305.569,-237.665,-271.617,-4.07425,-0.101856,-2.71617,-0.0135808,0.6,0.55,0.5,1,0.9,20,23
att:3.795,-0.493,78.660
run:6692,3.79501,-0.520552,-4.64736,-121.462,-0.0694069,-173.517,-0.347035,-6.94069,-6.24662,-5.55255,-312.331,-242.924,-277.628,-4.16442,-0.10411,-2.77628,-0.0138814,0.6,0.55,0.5,1,0.9,20,23
att:3.701,-0.452,78.840
run:6712,3.70131,-0.531789,-4.72232,-124.084,-0.0709052,-177.263,-0.354526,-7.09052,-6.38147,-5.67242,-319.074,-248.168,-283.621,-4.25431,-0.106358,-2.83621,-0.014181,0.6,0.55,0.5,1,0.9,20,23
att:3.606,-0.410,79.020
run:6732,3.60613,-0.542993,-4.7954,-126.698,-0.072399,-180.998,-0.361995,-7.2399,-6.51591,-5.79192,-325.796,-253.397,-289.596,-4.34394,-0.108599,-2.89596,-0.0144798,0.6,0.55,0.5,1,0.9,20,23
att:3.510,-0.369,79.200
run:6752,3.5095,-0.554161,-4.86656,-129.304,-0.0738882,-184.72,-0.369441,-7.38882,-6.64994,-5.91106,-332.497,-258.609,-295.553,-4.43329,-0.110832,-2.95553,-0.0147776,0.6,0.55,0.5,1,0.9,20,23
task:6752,6,4,4,0,1,20,0.9,6,0,79.200,0.500,441
stat:6752,2,1,0,0,7,1,1,1,0,0,1,0,0,16777215
att:3.411,-0.327,79.380
run:6772,3.41148,-0.565295,-4.93577,-131.902,-0.0753726,-188.432,-0.376863,-7.53726,-6.78354,-6.02981,-339.177,-263.804,-301.49,-4.52236,-0.113059,-3.0149,-0.0150745,0.6,0.55,0.5,1,0.9,20,23
att:3.312,-0.285,79.560
run:6792,3.31209,-0.576392,-5.00301,-134.491,-0.0768522,-192.131,-0.384261,-7.68522,-6.9167,-6.14818,-345.835,-268.983,-307.409,-4.61113,-0.115278,-3.07409,-0.0153704,0.6,0.55,0.5,1,0.9,20,23
att:3.211,-0.243,79.740
run:6812,3.21137,-0.587452,-5.06824,-137.072,-0.0783269,-195.817,-0.391635,-7.83269,-7.04942,-6.26615,-352.471,-274.144,-313.308,-4.69961,-0.11749,-3.13308,-0.0156654,0.6,0.55,0.5,1,0.9,20,23
att:3.109,-0.201,79.920
run:6832,3.10937,-0.598474,-5.13145,-139.644,-0.0797966,-199.491,-0.398983,-7.97966,-7.18169,-6.38373,-359.085,-279.288,-319.186,-4.78779,-0.119695,-3.19186,-0.0159593,0.6,0.55,0.5,1,0.9,20,23
att:3.006,-0.159,80.100
run:6852,3.00613,-0.609459,-5.19261,-142.207,-0.0812611,-203.153,-0.406306,-8.12611,-7.3135,-6.50089,-365.675,-284.414,-325.045,-4.87567,-0.121892,-3.25045,-0.0162522,0.6,0.55,0.5,1,0.9,20,23
att:2.902,-0.118,80.280
run:6872,2.90168,-0.620404,-5.25169,-144.761,-0.0827205,-206.801,-0.413603,-8.27205,-7.44485,-6.61764,-372.242,-289.522,-330.882,-4.96323,-0.124081,-3.30882,-0.0165441,0.6,0.55,0.5,1,0.9,20,23
att:2.796,-0.076,80.460
run:6892,2.79607,-0.631309,-5.30867,-147.306,-0.0841746,-210.436,-0.420873,-8.41746,-7.57571,-6.73397,-378.786,-294.611,-336.698,-5.05047,-0.126262,-3.36698,-0.0168349,0.6,0.55,0.5,1,0.9,20,23
att:2.689,-0.034,80.640
att:2.582,0.008,80.820
run:6932,2.58154,-0.652998,-5.41624,-152.366,-0.0870665,-217.666,-0.435332,-8.70665,-7.83598,-6.96532,-391.799,-304.733,-348.266,-5.22399,-0.1306,-3.48266,-0.0174133,0.6,0.55,0.5,1,0.9,20,23
att:2.473,0.050,81.000
run:6952,2.47271,-0.663781,-5.46678,-154.882,-0.0885041,-221.26,-0.44252,-8.85041,-7.96537,-7.08033,-398.268,-309.764,-354.016,-5.31025,-0.132756,-3.54016,-0.0177008,0.6,0.55,0.5,1,0.9,20,23
taskevt:7,6952,6,6,4,5,1
task:6952,6,4,5,0,1,20,0.9,7,0,81.000,0.500,451
stat:6952,2,1,0,0,7,1,1,1,0,0,1,0,0,16777215
att:2.363,0.092,81.180
run:6972,2.36289,-0.67452,-5.51514,-157.388,-0.0899361,-224.84,-0.44968,-8.99361,-8.09424,-7.19488,-404.712,-314.776,-359.744,-5.39616,-0.134904,-3.59744,-0.0179872,0.6,0.55,0.5,1,0.9,20,23
att:2.252,0.134,81.360
run:6992,2.25212,-0.685217,-5.56129,-159.884,-0.0913623,-228.406,-0.456811,-9.13623,-8.2226,-7.30898,-411.13,-319.768,-365.449,-5.48174,-0.137043,-3.65449,-0.0182725,0.6,0.55,0.5,1,0.9,20,23
att:2.140,0.176,81.540
run:7012,2.14045,-0.69587,-5.60522,-162.37,-0.0927826,-231.957,-0.463913,-9.27826,-8.35044,-7.42261,-417.522,-324.739,-371.131,-5.56696,-0.139174,-3.71131,-0.0185565,0.6,0.55,0.5,1,0.9,20,23
att:2.028,0.218,81.720
run:7032,2.02793,-0.706478,-5.6469,-164.845,-0.0941971,-235.493,-0.470985,-9.41971,-8.47773,-7.53576,-423.887,-329.69,-376.788,-5.65182,-0.141296,-3.76788,-0.0188394,0.6,0.55,0.5,1,0.9,20,23
att:1.915,0.260,81.900
run:7052,1.91459,-0.717041,-5.68633,-167.31,-0.0956054,-239.014,-0.478027,-9.56054,-8.60449,-7.64844,-430.225,-334.619,-382.422,-5.73633,-0.143408,-3.82422,-0.0191211,0.6,0.55,0.5,1,0.9,20,23
att:1.800,0.302,82.080
run:7072,1.80049,-0.727558,-5.72348,-169.764,-0.0970077,-242.519,-0.485039,-9.70077,-8.7307,-7.76062,-436.535,-339.527,-388.031,-5.82046,-0.145512,-3.88031,-0.0194015,0.6,0.55,0.5,1,0.9,20,23
att:1.686,0.344,82.260
run:7092,1.68567,-0.738028,-5.75834,-172.207,-0.0984038,-246.009,-0.492019,-9.84038,-8.85634,-7.8723,-442.817,-344.413,-393.615,-5.90423,-0.147606,-3.93615,-0.0196808,0.6,0.55,0.5,1,0.9,20,23
att:1.570,0.385,82.440
run:7112,1.57017,-0.748452,-5.7909,-174.639,-0.0997936,-249.484,-0.498968,-9.97936,-8.98142,-7.98349,-449.071,-349.277,-399.174,-5.98761,-0.14969,-3.99174,-0.0199587,0.6,0.55,0.5,1,0.9,20,23
att:1.454,0.427,82.620
run:7132,1.45405,-0.758827,-5.82115,-177.06,-0.101177,-252.942,-0.505885,-10.1177,-9.10593,-8.09416,-455.296,-354.119,-404.708,-6.07062,-0.151765,-4.04708,-0.0202354,0.6,0.55,0.5,1,0.9,20,23
att:1.337,0.469,82.800
run:7152,1.33734,-0.769154,-5.84906,-179.469,-0.102554,-256.385,-0.512769,-10.2554,-9.22985,-8.20431,-461.492,-358.939,-410.215,-6.15323,-0.153831,-4.10215,-0.0205108,0.6,0.55,0.5,1,0.9,20,23
task:7152,6,4,5,0,1,20,0.9,7,0,82.800,0.500,461
stat:7152,2,1,0,0,7,1,1,1,0,0,1,0,0,16777215
att:1.220,0.510,82.980
run:7172,1.2201,-0.779432,-5.87464,-181.867,-0.103924,-259.811,-0.519621,-10.3924,-9.35318,-8.31394,-467.659,-363.735,-415.697,-6.23545,-0.155886,-4.15697,-0.0207848,0.6,0.55,0.5,1,0.9,20,23
att:1.102,0.551,83.160
run:7192,1.10237,-0.789659,-5.89786,-184.254,-0.105288,-263.22,-0.52644,-10.5288,-9.47591,-8.42303,-473.796,-368.508,-421.152,-6.31727,-0.157932,-4.21152,-0.0210576,0.6,0.55,0.5,1,0.9,20,23
att:0.984,0.593,83.340
run:7212,0.9842,-0.799836,-5.91873,-186.629,-0.106645,-266.612,-0.533224,-10.6645,-9.59804,-8.53159,-479.902,-373.257,-426.579,-6.39869,-0.159967,-4.26579,-0.021329,0.6,0.55,0.5,1,0.9,20,23
att:0.866,0.634,83.520
run:7232,0.865636,-0.809962,-5.93723,-188.991,-0.107995,-269.987,-0.539975,-10.7995,-9.71955,-8.6396,-485.977,-377.982,-431.98,-6.4797,-0.161992,-4.3198,-0.021599,0.6,0.55,0.5,1,0.9,20,23
att:0.747,0.675,83.700
att:0.628,0.715,83.880
run:7272,0.627518,-0.830058,-5.96709,-193.68,-0.110674,-276.686,-0.553372,-11.0674,-9.9607,-8.85395,-498.035,-387.361,-442.698,-6.64047,-0.166012,-4.42698,-0.0221349,0.6,0.55,0.5,1,0.9,20,23
att:0.508,0.756,84.060
run:7292,0.508059,-0.840027,-5.97845,-196.006,-0.112004,-280.009,-0.560018,-11.2004,-10.0803,-8.96029,-504.016,-392.012,-448.014,-6.72021,-0.168005,-4.48014,-0.0224007,0.6,0.55,0.5,1,0.9,20,23
att:0.388,0.797,84.240
run:7312,0.388396,-0.849942,-5.98742,-198.32,-0.113326,-283.314,-0.566628,-11.3326,-10.1993,-9.06604,-509.965,-396.639,-453.302,-6.79953,-0.169988,-4.53302,-0.0226651,0.6,0.55,0.5,1,0.9,20,23
att:0.269,0.837,84.420
run:7332,0.268578,-0.859802,-5.99399,-200.62,-0.11464,-286.601,-0.573201,-11.464,-10.3176,-9.17122,-515.881,-401.241,-458.561,-6.87842,-0.17196,-4.58561,-0.0229281,0.6,0.55,0.5,1,0.9,20,23
att:0.149,0.877,84.600
run:7352,0.148653,-0.869607,-5.99816,-202.908,-0.115948,-289.869,-0.579738,-11.5948,-10.4353,-9.27581,-521.764,-405.817,-463.791,-6.95686,-0.173921,-4.63791,-0.0231895,0.6,0.55,0.5,1,0.9,20,23
task:7352,6,4,5,0,1,20,0.9,7,0,84.600,0.500,471
stat:7352,2,1,0,0,7,1,1,1,0,0,1,0,0,16777215
noise from radio
att:NaN,1,2
att:0.029,0.918,84.780
run:7372,0.0286677,-0.879357,-5.99993,-205.183,-0.117248,-293.119,-0.586238,-11.7248,-10.5523,-9.37981,-527.614,-410.367,-468.99,-7.03486,-0.175871,-4.6899,-0.0234495,0.6,0.55,0.5,1,0.9,20,23
att:-0.091,0.957,84.960
run:7392,-0.0913287,-0.88905,-5.9993,-207.445,-0.11854,-296.35,-0.5927,-11.854,-10.6686,-9.4832,-533.43,-414.89,-474.16,-7.1124,-0.17781,-4.7416,-0.023708,0.6,0.55,0.5,1,0.9,20,23
att:-0.211,0.997,85.140
run:7412,-0.211289,-0.898687,-5.99628,-209.694,-0.119825,-299.562,-0.599125,-11.9825,-10.7842,-9.58599,-539.212,-419.387,-479.3,-7.1895,-0.179737,-4.793,-0.023965,0.6,0.55,0.5,1,0.9,20,23
att:-0.331,1.037,85.320
run:7432,-0.331164,-0.908266,-5.99085,-211.929,-0.121102,-302.755,-0.605511,-12.1102,-10.8992,-9.68817,-544.96,-423.857,-484.409,-7.26613,-0.181653,-4.84409,-0.0242204,0.6,0.55,0.5,1,0.9,20,23
att:-0.451,1.076,85.500
att:-0.570,1.115,85.680
run:7472,-0.570469,-0.927249,-5.97282,-216.358,-0.123633,-309.083,-0.618166,-12.3633,-11.127,-9.89066,-556.349,-432.716,-494.533,-7.41799,-0.18545,-4.94533,-0.0247266,0.6,0.55,0.5,1,0.9,20,23
att:-0.690,1.154,85.860
run:7492,-0.689804,-0.936652,-5.96022,-218.552,-0.124887,-312.217,-0.624435,-12.4887,-11.2398,-9.99095,-561.991,-437.104,-499.548,-7.49321,-0.18733,-4.99548,-0.0249774,0.6,0.55,0.5,1,0.9,20,23
att:-0.809,1.193,86.040
run:7512,-0.808862,-0.945995,-5.94523,-220.732,-0.126133,-315.332,-0.630663,-12.6133,-11.3519,-10.0906,-567.597,-441.464,-504.53,-7.56796,-0.189199,-5.0453,-0.0252265,0.6,0.55,0.5,1,0.9,20,23
att:-0.928,1.231,86.220
run:7532,-0.927597,-0.955277,-5.92786,-222.898,-0.12737,-318.426,-0.636851,-12.737,-11.4633,-10.1896,-573.166,-445.796,-509.481,-7.64222,-0.191055,-5.09481,-0.0254741,0.6,0.55,0.5,1,0.9,20,23
att:-1.046,1.269,86.400
run:7552,-1.04596,-0.964498,-5.90813,-225.05,-0.1286,-321.499,-0.642999,-12.86,-11.574,-10.288,-578.699,-450.099,-514.399,-7.71598,-0.1929,-5.14399,-0.0257199,0.6,0.55,0.5,1,0.9,20,23
task:7552,6,4,5,0,1,20,0.9,7,0,86.400,0.500,481
stat:7552,2,1,0,0,7,1,1,1,0,0,1,0,0,16777215
att:-1.164,1.307,86.580
att:-1.281,1.345,86.760
run:7592,-1.28139,-0.982755,-5.86157,-229.309,-0.131034,-327.585,-0.65517,-13.1034,-11.7931,-10.4827,-589.653,-458.619,-524.136,-7.86204,-0.196551,-5.24136,-0.0262068,0.6,0.55,0.5,1,0.9,20,23
att:-1.398,1.382,86.940
run:7612,-1.39835,-0.991789,-5.83478,-231.417,-0.132239,-330.596,-0.661193,-13.2239,-11.9015,-10.5791,-595.073,-462.835,-528.954,-7.93431,-0.198358,-5.28954,-0.0264477,0.6,0.55,0.5,1,0.9,20,23
att:-1.515,1.419,87.120
att:-1.631,1.456,87.300
run:7652,-1.63056,-1.00967,-5.77419,-235.589,-0.134622,-336.555,-0.673111,-13.4622,-12.116,-10.7698,-605.8,-471.178,-538.489,-8.07733,-0.201933,-5.38489,-0.0269244,0.6,0.55,0.5,1,0.9,20,23
att:-1.746,1.493,87.480
run:7672,-1.74571,-1.01851,-5.74043,-237.652,-0.135801,-339.503,-0.679006,-13.5801,-12.2221,-10.8641,-611.105,-475.304,-543.205,-8.14807,-0.203702,-5.43205,-0.0271602,0.6,0.55,0.5,1,0.9,20,23
att:-1.860,1.529,87.660
run:7692,-1.86017,-1.02729,-5.70437,-239.7,-0.136971,-342.428,-0.684857,-13.6971,-12.3274,-10.9577,-616.371,-479.4,-547.886,-8.21828,-0.205457,-5.47886,-0.0273943,0.6,0.55,0.5,1,0.9,20,23
att:-1.974,1.565,87.840
run:7712,-1.97387,-1.036,-5.66602,-241.733,-0.138133,-345.332,-0.690664,-13.8133,-12.432,-11.0506,-621.598,-483.465,-552.532,-8.28797,-0.207199,-5.52532,-0.0276266,0.6,0.55,0.5,1,0.9,20,23
att:-2.087,1.601,88.020
run:7732,-2.08679,-1.04464,-5.62542,-243.75,-0.139286,-348.214,-0.696428,-13.9286,-12.5357,-11.1428,-626.785,-487.499,-557.142,-8.35713,-0.208928,-5.57142,-0.0278571,0.6,0.55,0.5,1,0.9,20,23
att:-2.199,1.636,88.200
run:7752,-2.19887,-1.05322,-5.58256,-245.751,-0.140429,-351.073,-0.702146,-14.0429,-12.6386,-11.2343,-631.932,-491.502,-561.717,-8.42576,-0.210644,-5.61717,-0.0280859,0.6,0.55,0.5,1,0.9,20,23
task:7752,6,4,5,0,1,20,0.9,7,0,88.200,0.500,491
stat:7752,2,1,0,0,7,1,1,1,0,0,1,0,0,16777215
att:-2.310,1.671,88.380
run:7772,-2.31008,-1.06173,-5.53747,-247.737,-0.141564,-353.91,-0.70782,-14.1564,-12.7408,-11.3251,-637.038,-495.474,-566.256,-8.49384,-0.212346,-5.66256,-0.0283128,0.6,0.55,0.5,1,0.9,20,23
att:-2.420,1.706,88.560
run:7792,-2.42036,-1.07017,-5.49016,-249.707,-0.14269,-356.724,-0.713448,-14.269,-12.8421,-11.4152,-642.104,-499.414,-570.759,-8.56138,-0.214035,-5.70759,-0.0285379,0.6,0.55,0.5,1,0.9,20,23
att:-2.530,1.740,88.740
run:7812,-2.52967,-1.07855,-5.44066,-251.661,-0.143806,-359.516,-0.719031,-14.3806,-12.9426,-11.5045,-647.128,-503.322,-575.225,-8.62837,-0.215709,-5.75225,-0.0287612,0.6,0.55,0.5,1,0.9,20,23
att:-2.638,1.774,88.920
run:7832,-2.63797,-1.08685,-5.38898,-253.599,-0.144914,-362.284,-0.724568,-14.4914,-13.0422,-11.5931,-652.111,-507.198,-579.654,-8.69482,-0.21737,-5.79654,-0.0289827,0.6,0.55,0.5,1,0.9,20,23
att:-2.745,1.808,89.100
run:7852,-2.74522,-1.09509,-5.33515,-255.52,-0.146012,-365.029,-0.730058,-14.6012,-13.1411,-11.6809,-657.053,-511.041,-584.047,-8.7607,-0.219018,-5.84047,-0.0292023,0.6,0.55,0.5,1,0.9,20,23
att:-2.851,1.841,89.280
run:7872,-2.85136,-1.10325,-5.27918,-257.426,-0.1471,-367.751,-0.735502,-14.71,-13.239,-11.768,-661.952,-514.851,-588.402,-8.82602,-0.220651,-5.88402,-0.0294201,0.6,0.55,0.5,1,0.9,20,23
att:-2.956,1.874,89.460
att:-3.060,1.907,89.640
run:7912,-3.06019,-1.11937,-5.16093,-261.187,-0.14925,-373.124,-0.746248,-14.925,-13.4325,-11.94,-671.623,-522.373,-596.998,-8.95497,-0.223874,-5.96998,-0.0298499,0.6,0.55,0.5,1,0.9,20,23
att:-3.163,1.939,89.820
run:7932,-3.16279,-1.12732,-5.0987,-263.042,-0.15031,-375.775,-0.751549,-15.031,-13.5279,-12.0248,-676.394,-526.084,-601.239,-9.01859,-0.225465,-6.01239,-0.030062,0.6,0.55,0.5,1,0.9,20,23
att:-3.264,1.971,90.000
run:7952,-3.26413,-1.1352,-5.03443,-264.881,-0.15136,-378.401,-0.756802,-15.136,-13.6224,-12.1088,-681.122,-529.762,-605.442,-9.08163,-0.227041,-6.05442,-0.0302721,0.6,0.55,0.5,1,0.1,20,19
taskevt:8,7952,6,7,5,0,1
task:7952,7,5,0,0,1,20,0.9,8,0,90.000,0.500,501
stat:7952,2,1,0,0,7,1,1,1,0,0,1,0,0,16777215
att:-3.364,2.002,90.180
run:7972,-3.36416,-1.14301,-4.96814,-266.703,-0.152401,-381.004,-0.762007,-15.2401,-13.7161,-12.1921,-685.807,-533.405,-609.606,-9.14409,-0.228602,-6.09606,-0.0304803,0.6,0.55,0.5,1,0.1,20,19
att:-3.463,2.034,90.360
run:7992,-3.46284,-1.15075,-4.89987,-268.507,-0.153433,-383.582,-0.767163,-15.3433,-13.8089,-12.2746,-690.447,-537.014,-613.731,-9.20596,-0.230149,-6.13731,-0.0306865,0.6,0.55,0.5,1,0.1,20,19
att:-3.560,2.064,90.540
att:-3.656,2.094,90.720
att:-3.750,2.124,90.900
run:8052,-3.75042,-1.1735,-4.68341,-273.818,-0.156467,-391.168,-0.782336,-15.6467,-14.082,-12.5174,-704.102,-547.635,-625.869,-9.38803,-0.234701,-6.25869,-0.0312934,0.6,0.55,0.5,1,0.1,20,19
att:-3.843,2.154,91.080
run:8072,-3.84334,-1.18094,-4.60747,-275.553,-0.157459,-393.647,-0.787294,-15.7459,-14.1713,-12.5967,-708.564,-551.106,-629.835,-9.44752,-0.236188,-6.29835,-0.0314917,0.6,0.55,0.5,1,0.1,20,19
att:-3.935,2.183,91.260
run:8092,-3.93471,-1.1883,-4.52969,-277.27,-0.15844,-396.101,-0.792201,-15.844,-14.2596,-12.6752,-712.981,-554.541,-633.761,-9.50641,-0.23766,-6.33761,-0.031688,0.6,0.55,0.5,1,0.1,20,19
att:-4.025,2.211,91.440
run:8112,-4.02451,-1.19559,-4.45009,-278.97,-0.159412,-398.529,-0.797058,-15.9412,-14.347,-12.7529,-717.352,-557.94,-637.646,-9.56469,-0.239117,-6.37646,-0.0318823,0.6,0.55,0.5,1,0.1,20,19
att:-4.113,2.240,91.620
run:8132,-4.1127,-1.2028,-4.36872,-280.652,-0.160373,-400.932,-0.801863,-16.0373,-14.4335,-12.8298,-721.677,-561.304,-641.491,-9.62236,-0.240559,-6.41491,-0.0320745,0.6,0.55,0.5,1,0.1,20,19
att:-4.199,2.267,91.800
run:8152,-4.19925,-1.20993,-4.28559,-282.316,-0.161324,-403.309,-0.806618,-16.1324,-14.5191,-12.9059,-725.956,-564.632,-645.294,-9.67941,-0.241985,-6.45294,-0.0322647,0.6,0.55,0.5,1,0.1,20,19
task:8152,7,5,0,0,1,20,0.9,8,0,91.800,0.500,511
stat:8152,2,1,0,0,7,1,1,1,0,0,1,0,0,16777215
att:-4.284,2.295,91.980
run:8172,-4.28411,-1.21698,-4.20076,-283.962,-0.162264,-405.66,-0.81132,-16.2264,-14.6038,-12.9811,-730.188,-567.924,-649.056,-9.73585,-0.243396,-6.49056,-0.0324528,0.6,0.55,0.5,1,0.1,20,19
att:-4.367,2.321,92.160
run:8192,-4.36727,-1.22396,-4.11424,-285.59,-0.163194,-407.986,-0.815971,-16.3194,-14.6875,-13.0555,-734.374,-571.18,-652.777,-9.79166,-0.244791,-6.52777,-0.0326389,0.6,0.55,0.5,1,0.1,20,19
att:-4.449,2.348,92.340
run:8212,-4.44867,-1.23085,-4.02608,-287.199,-0.164114,-410.285,-0.82057,-16.4114,-14.7703,-13.1291,-738.513,-574.399,-656.456,-9.84684,-0.246171,-6.56456,-0.0328228,0.6,0.55,0.5,1,0.1,20,19
att:-4.528,2.374,92.520
run:8232,-4.5283,-1.23767,-3.93631,-288.791,-0.165023,-412.558,-0.825116,-16.5023,-14.8521,-13.2019,-742.604,-577.581,-660.093,-9.90139,-0.247535,-6.60093,-0.0330046,0.6,0.55,0.5,1,0.1,20,19
att:-4.606,2.399,92.700
run:8252,-4.60611,-1.24441,-3.84496,-290.363,-0.165922,-414.805,-0.829609,-16.5922,-14.933,-13.2737,-746.648,-580.726,-663.687,-9.95531,-0.248883,-6.63687,-0.0331844,0.6,0.55,0.5,1,0.1,20,19
att:-4.682,2.424,92.880
run:8272,-4.68209,-1.25107,-3.75207,-291.917,-0.16681,-417.025,-0.834049,-16.681,-15.0129,-13.3448,-750.644,-583.835,-667.239,-10.0086,-0.250215,-6.67239,-0.033362,0.6,0.55,0.5,1,0.1,20,19
att:-4.756,2.449,93.060
run:8292,-4.75619,-1.25765,-3.65769,-293.453,-0.167687,-419.218,-0.838436,-16.7687,-15.0919,-13.415,-754.593,-586.905,-670.749,-10.0612,-0.251531,-6.70749,-0.0335374,0.6,0.55,0.5,1,0.1,20,19
noise from radio
att:NaN,1,2
att:-4.828,2.473,93.240
att:-4.899,2.496,93.420
run:8332,-4.89865,-1.27057,-3.46456,-296.467,-0.16941,-423.524,-0.847048,-16.941,-15.2469,-13.5528,-762.344,-592.934,-677.639,-10.1646,-0.254115,-6.77639,-0.0338819,0.6,0.55,0.5,1,0.1,20,19
att:-4.967,2.519,93.600
run:8352,-4.96696,-1.27691,-3.36591,-297.946,-0.170255,-425.637,-0.851273,-17.0255,-15.3229,-13.6204,-766.146,-595.891,-681.019,-10.2153,-0.255382,-6.81019,-0.0340509,0.6,0.55,0.5,1,0.1,20,19
task:8352,7,5,0,0,1,20,0.9,8,0,93.600,0.500,521
stat:8352,2,1,0,0,7,1,1,1,0,0,1,0,0,16777215
att:-5.033,2.542,93.780
run:8372,-5.03328,-1.28317,-3.2659,-299.405,-0.171089,-427.722,-0.855444,-17.1089,-15.398,-13.6871,-769.9,-598.811,-684.355,-10.2653,-0.256633,-6.84355,-0.0342178,0.6,0.55,0.5,1,0.1,20,19
att:-5.098,2.564,93.960
run:8392,-5.09759,-1.28934,-3.16459,-300.846,-0.171912,-429.78,-0.85956,-17.1912,-15.4721,-13.753,-773.604,-601.692,-687.648,-10.3147,-0.257868,-6.87648,-0.0343824,0.6,0.55,0.5,1,0.1,20,19
att:-5.160,2.585,94.140
run:8412,-5.15985,-1.29543,-3.06201,-302.267,-0.172724,-431.81,-0.86362,-17.2724,-15.5452,-13.8179,-777.258,-604.534,-690.896,-10.3634,-0.259086,-6.90896,-0.0345448,0.6,0.55,0.5,1,0.1,20,19
att:-5.220,2.606,94.320
run:8432,-5.22006,-1.30144,-2.95821,-303.669,-0.173525,-433.813,-0.867626,-17.3525,-15.6173,-13.882,-780.863,-607.338,-694.101,-10.4115,-0.260288,-6.94101,-0.034705,0.6,0.55,0.5,1,0.1,20,19
att:-5.278,2.627,94.500
run:8452,-5.27817,-1.30736,-2.85322,-305.052,-0.174315,-435.788,-0.871576,-17.4315,-15.6884,-13.9452,-784.418,-610.103,-697.261,-10.4589,-0.261473,-6.97261,-0.034863,0.6,0.55,0.5,1,0.1,20,19
att:-5.334,2.647,94.680
run:8472,-5.33418,-1.3132,-2.74709,-306.414,-0.175094,-437.735,-0.87547,-17.5094,-15.7585,-14.0075,-787.923,-612.829,-700.376,-10.5056,-0.262641,-7.00376,-0.0350188,0.6,0.55,0.5,1,0.1,20,19
att:-5.388,2.667,94.860
run:8492,-5.38805,-1.31896,-2.63987,-307.758,-0.175862,-439.654,-0.879308,-17.5862,-15.8275,-14.0689,-791.377,-615.516,-703.446,-10.5517,-0.263792,-7.03446,-0.0351723,0.6,0.55,0.5,1,0.1,20,19
att:-5.440,2.686,95.040
run:8512,-5.43977,-1.32463,-2.53159,-309.081,-0.176618,-441.545,-0.88309,-17.6618,-15.8956,-14.1294,-794.781,-618.163,-706.472,-10.5971,-0.264927,-7.06472,-0.0353236,0.6,0.55,0.5,1,0.1,20,19
att:-5.489,2.704,95.220
run:8532,-5.48931,-1.33022,-2.42229,-310.385,-0.177363,-443.408,-0.886815,-17.7363,-15.9627,-14.189,-798.134,-620.771,-709.452,-10.6418,-0.266045,-7.09452,-0.0354726,0.6,0.55,0.5,1,0.1,20,19
att:-5.537,2.722,95.400
run:8552,-5.53665,-1.33573,-2.31203,-311.669,-0.178097,-445.242,-0.890484,-17.8097,-16.0287,-14.2477,-801.435,-623.339,-712.387,-10.6858,-0.267145,-7.12387,-0.0356194,0.6,0.55,0.5,1,0.1,20,19
task:8552,7,5,0,0,1,20,0.9,8,0,95.400,0.500,531
stat:8552,2,1,0,0,7,1,1,1,0,0,1,0,0,16777215
att:-5.582,2.739,95.580
run:8572,-5.58178,-1.34114,-2.20084,-312.933,-0.178819,-447.048,-0.894095,-17.8819,-16.0937,-14.3055,-804.686,-625.867,-715.276,-10.7291,-0.268229,-7.15276,-0.0357638,0.6,0.55,0.5,1,0.1,20,19
att:-5.625,2.756,95.760
run:8592,-5.62468,-1.34647,-2.08877,-314.177,-0.17953,-448.825,-0.89765,-17.953,-16.1577,-14.3624,-807.885,-628.355,-718.12,-10.7718,-0.269295,-7.1812,-0.035906,0.6,0.55,0.5,1,0.1,20,19
att:-5.665,2.772,95.940
run:8612,-5.66533,-1.35172,-1.97587,-315.401,-0.180229,-450.573,-0.901147,-18.0229,-16.2206,-14.4183,-811.032,-630.803,-720.917,-10.8138,-0.270344,-7.20917,-0.0360459,0.6,0.55,0.5,1,0.1,20,19
att:-5.704,2.788,96.120
run:8632,-5.70371,-1.35688,-1.86217,-316.605,-0.180917,-452.293,-0.904586,-18.0917,-16.2825,-14.4734,-814.127,-633.21,-723.669,-10.855,-0.271376,-7.23669,-0.0361834,0.6,0.55,0.5,1,0.1,20,19
att:-5.740,2.803,96.300
run:8652,-5.73981,-1.36195,-1.74774,-317.789,-0.181593,-453.984,-0.907967,-18.1593,-16.3434,-14.5275,-817.171,-635.577,-726.374,-10.8956,-0.27239,-7.26374,-0.0363187,0.6,0.55,0.5,1,0.1,20,19
att:-5.774,2.818,96.480
run:8672,-5.77361,-1.36694,-1.6326,-318.952,-0.182258,-455.645,-0.91129,-18.2258,-16.4032,-14.5806,-820.161,-637.903,-729.032,-10.9355,-0.273387,-7.29032,-0.0364516,0.6,0.55,0.5,1,0.1,20,19
att:-5.805,2.832,96.660
run:8692,-5.80511,-1.37183,-1.51681,-320.094,-0.182911,-457.278,-0.914555,-18.2911,-16.462,-14.6329,-823.1,-640.189,-731.644,-10.9747,-0.274367,-7.31644,-0.0365822,0.6,0.55,0.5,1,0.1,20,19
att:-5.834,2.846,96.840
run:8712,-5.83428,-1.37664,-1.40041,-321.217,-0.183552,-458.881,-0.917762,-18.3552,-16.5197,-14.6842,-825.986,-642.433,-734.209,-11.0131,-0.275329,-7.34209,-0.0367105,0.6,0.55,0.5,1,0.1,20,19
att:-5.861,2.859,97.020
att:-5.886,2.871,97.200
task:8752,7,5,0,0,1,20,0.9,8,0,97.200,0.500,541
stat:8752,2,1,0,0,7,1,1,1,0,0,1,0,0,16777215
att:-5.908,2.883,97.380
run:8772,-5.90776,-1.39054,-1.04804,-324.46,-0.185406,-463.514,-0.927028,-18.5406,-16.6865,-14.8324,-834.325,-648.919,-741.622,-11.1243,-0.278108,-7.41622,-0.0370811,0.6,0.55,0.5,1,0.1,20,19
att:-5.928,2.895,97.560
run:8792,-5.92754,-1.395,-0.929685,-325.499,-0.186,-464.999,-0.929998,-18.6,-16.74,-14.88,-836.998,-650.999,-743.998,-11.16,-0.278999,-7.43998,-0.0371999,0.6,0.55,0.5,1,0.1,20,19
att:-5.945,2.905,97.740
run:8812,-5.94494,-1.39936,-0.810956,-326.518,-0.186582,-466.454,-0.932909,-18.6582,-16.7924,-14.9265,-839.618,-653.036,-746.327,-11.1949,-0.279873,-7.46327,-0.0373163,0.6,0.55,0.5,1,0.1,20,19
att:-5.960,2.915,97.920
run:8832,-5.95997,-1.40364,-0.691903,-327.516,-0.187152,-467.88,-0.93576,-18.7152,-16.8437,-14.9722,-842.184,-655.032,-748.608,-11.2291,-0.280728,-7.48608,-0.0374304,0.6,0.55,0.5,1,0.1,20,19
att:-5.973,2.925,98.100
run:8852,-5.97262,-1.40783,-0.572573,-328.493,-0.18771,-469.275,-0.938551,-18.771,-16.8939,-15.0168,-844.696,-656.986,-750.841,-11.2626,-0.281565,-7.50841,-0.037542,0.6,0.55,0.5,1,0.1,20,19
att:-5.983,2.934,98.280
run:8872,-5.98287,-1.41192,-0.453014,-329.449,-0.188256,-470.641,-0.941282,-18.8256,-16.9431,-15.0605,-847.154,-658.897,-753.026,-11.2954,-0.282385,-7.53026,-0.0376513,0.6,0.55,0.5,1,0.1,20,19
att:-5.991,2.943,98.460
run:8892,-5.99074,-1.41593,-0.333274,-330.383,-0.188791,-471.976,-0.943953,-18.8791,-16.9911,-15.1032,-849.557,-660.767,-755.162,-11.3274,-0.283186,-7.55162,-0.0377581,0.6,0.55,0.5,1,0.1,20,19
att:-5.996,2.950,98.640
att:-5.999,2.958,98.820
run:8932,-5.99927,-1.42367,-0.0934419,-332.19,-0.189823,-474.556,-0.949113,-18.9823,-17.084,-15.1858,-854.202,-664.379,-759.29,-11.3894,-0.284734,-7.5929,-0.0379645,0.6,0.55,0.5,1,0.1,20,19
att:-6.000,2.965,99.000
run:8952,-5.99994,-1.4274,0.0265542,-333.061,-0.19032,-475.801,-0.951602,-19.032,-17.1288,-15.2256,-856.442,-666.121,-761.282,-11.4192,-0.285481,-7.61282,-0.0380641,0.6,0.55,0.5,1,0.1,20,19
task:8952,7,5,0,0,1,20,0.9,8,0,99.000,0.500,551
stat:8952,2,1,0,0,7,1,1,1,0,0,1,0,0,16777215
att:-5.998,2.971,99.180
run:8972,-5.99821,-1.43105,0.14654,-333.911,-0.190806,-477.015,-0.95403,-19.0806,-17.1725,-15.2645,-858.627,-667.821,-763.224,-11.4484,-0.286209,-7.63224,-0.0381612,0.6,0.55,0.5,1,0.1,20,19
att:-5.994,2.976,99.360
run:8992,-5.99408,-1.4346,0.266467,-334.739,-0.191279,-478.199,-0.956397,-19.1279,-17.2152,-15.3024,-860.758,-669.478,-765.118,-11.4768,-0.286919,-7.65118,-0.0382559,0.6,0.55,0.5,1,0.1,20,19
att:-5.988,2.981,99.540
run:9012,-5.98755,-1.43805,0.386287,-335.546,-0.191741,-479.352,-0.958703,-19.1741,-17.2567,-15.3393,-862.833,-671.092,-766.963,-11.5044,-0.287611,-7.66963,-0.0383481,0.6,0.55,0.5,1,0.1,20,19
att:-5.979,2.986,99.720
run:9032,-5.97863,-1.44142,0.505953,-336.332,-0.19219,-480.474,-0.960948,-19.219,-17.2971,-15.3752,-864.853,-672.664,-768.758,-11.5314,-0.288284,-7.68758,-0.0384379,0.6,0.55,0.5,1,0.1,20,19
att:-5.967,2.989,99.900
run:9052,-5.96732,-1.4447,0.625416,-337.096,-0.192626,-481.565,-0.963131,-19.2626,-17.3364,-15.4101,-866.818,-674.192,-770.505,-11.5576,-0.288939,-7.70505,-0.0385252,0.6,0.55,0.5,1,0.1,20,19
att:-5.954,2.993,100.080
run:9072,-5.95361,-1.44788,0.744629,-337.838,-0.19305,-482.626,-0.965252,-19.305,-17.3745,-15.444,-868.727,-675.677,-772.202,-11.583,-0.289576,-7.72202,-0.0386101,0.6,0.55,0.5,1,0.1,20,19
att:-5.938,2.995,100.260
run:9092,-5.93753,-1.45097,0.863545,-338.559,-0.193462,-483.656,-0.967312,-19.3462,-17.4116,-15.477,-870.581,-677.118,-773.85,-11.6077,-0.290194,-7.7385,-0.0386925,0.6,0.55,0.5,1,0.1,20,19
att:-5.919,2.997,100.440
run:9112,-5.91908,-1.45396,0.982115,-339.258,-0.193862,-484.655,-0.96931,-19.3862,-17.4476,-15.509,-872.379,-678.517,-775.448,-11.6317,-0.290793,-7.75448,-0.0387724,0.6,0.55,0.5,1,0.1,20,19
att:-5.898,2.999,100.620
run:9132,-5.89825,-1.45687,1.10029,-339.936,-0.194249,-485.623,-0.971245,-19.4249,-17.4824,-15.5399,-874.121,-679.872,-776.996,-11.6549,-0.291374,-7.76996,-0.0388498,0.6,0.55,0.5,1,0.1,20,19
att:-5.875,3.000,100.800
run:9152,-5.87507,-1.45968,1.21803,-340.592,-0.194624,-486.559,-0.973119,-19.4624,-17.5161,-15.5699,-875.807,-681.183,-778.495,-11.6774,-0.291936,-7.78495,-0.0389248,0.6,0.55,0.5,1,0.1,20,19
task:9152,7,5,0,0,1,20,0.9,8,0,100.800,0.500,561
stat:9152,2,1,0,0,7,1,1,1,0,0,1,0,0,16777215
att:-5.850,3.000,100.980
run:9172,-5.84953,-1.4624,1.33528,-341.226,-0.194986,-487.465,-0.97493,-19.4986,-17.5487,-15.5989,-877.437,-682.451,-779.944,-11.6992,-0.292479,-7.79944,-0.0389972,0.6,0.55,0.5,1,0.1,20,19
att:-5.822,3.000,101.160
run:9192,-5.82166,-1.46502,1.45199,-341.838,-0.195336,-488.34,-0.976679,-19.5336,-17.5802,-15.6269,-879.011,-683.675,-781.343,-11.7201,-0.293004,-7.81343,-0.0390672,0.6,0.55,0.5,1,0.1,20,19
att:-5.791,2.999,101.340
att:-5.759,2.997,101.520
run:9232,-5.75894,-1.46998,1.68364,-342.996,-0.195998,-489.995,-0.979989,-19.5998,-17.6398,-15.6798,-881.99,-685.992,-783.991,-11.7599,-0.293997,-7.83991,-0.0391996,0.6,0.55,0.5,1,0.1,20,19
noise from radio
att:NaN,1,2
att:-5.724,2.995,101.700
run:9252,-5.72412,-1.47233,1.79847,-343.543,-0.19631,-490.775,-0.98155,-19.631,-17.6679,-15.7048,-883.395,-687.085,-785.24,-11.7786,-0.294465,-7.8524,-0.039262,0.6,0.55,0.5,1,0.1,20,19
att:-5.687,2.993,101.880
run:9272,-5.687,-1.47457,1.91259,-344.067,-0.19661,-491.524,-0.983048,-19.661,-17.6949,-15.7288,-884.744,-688.134,-786.439,-11.7966,-0.294915,-7.86439,-0.0393219,0.6,0.55,0.5,1,0.1,20,19
att:-5.648,2.989,102.060
run:9292,-5.64762,-1.47673,2.02594,-344.569,-0.196897,-492.242,-0.984484,-19.6897,-17.7207,-15.7517,-886.035,-689.139,-787.587,-11.8138,-0.295345,-7.87587,-0.0393794,0.6,0.55,0.5,1,0.1,20,19
att:-5.606,2.986,102.240
run:9312,-5.60597,-1.47878,2.13848,-345.05,-0.197171,-492.928,-0.985856,-19.7171,-17.7454,-15.7737,-887.27,-690.099,-788.685,-11.8303,-0.295757,-7.88685,-0.0394342,0.6,0.55,0.5,1,0.1,20,19
att:-5.562,2.981,102.420
run:9332,-5.56208,-1.48075,2.25016,-345.508,-0.197433,-493.583,-0.987165,-19.7433,-17.769,-15.7946,-888.449,-691.016,-789.732,-11.846,-0.29615,-7.89732,-0.0394866,0.6,0.55,0.5,1,0.1,20,19
att:-5.516,2.976,102.600
run:9352,-5.51597,-1.48262,2.36095,-345.944,-0.197682,-494.206,-0.988411,-19.7682,-17.7914,-15.8146,-889.57,-691.888,-790.729,-11.8609,-0.296523,-7.90729,-0.0395365,0.6,0.55,0.5,1,0.1,20,19
task:9352,7,5,0,0,1,20,0.9,8,0,102.600,0.500,571
stat:9352,2,1,0,0,7,1,1,1,0,0,1,0,0,16777215
att:-5.468,2.971,102.780
run:9372,-5.46765,-1.48439,2.47079,-346.358,-0.197919,-494.797,-0.989594,-19.7919,-17.8127,-15.8335,-890.635,-692.716,-791.675,-11.8751,-0.296878,-7.91675,-0.0395838,0.6,0.55,0.5,1,0.1,20,19
att:-5.417,2.964,102.960
run:9392,-5.41715,-1.48607,2.57964,-346.75,-0.198143,-495.357,-0.990713,-19.8143,-17.8328,-15.8514,-891.642,-693.499,-792.571,-11.8886,-0.297214,-7.92571,-0.0396285,0.6,0.55,0.5,1,0.1,20,19
att:-5.364,2.958,103.140
run:9412,-5.36447,-1.48765,2.68746,-347.119,-0.198354,-495.885,-0.991769,-19.8354,-17.8519,-15.8683,-892.593,-694.239,-793.416,-11.9012,-0.297531,-7.93416,-0.0396708,0.6,0.55,0.5,1,0.1,20,19
att:-5.310,2.950,103.320
run:9432,-5.30966,-1.48914,2.7942,-347.467,-0.198552,-496.381,-0.992762,-19.8552,-17.8697,-15.8842,-893.486,-694.933,-794.21,-11.9131,-0.297829,-7.9421,-0.0397105,0.6,0.55,0.5,1,0.1,20,19
att:-5.253,2.943,103.500
run:9452,-5.25271,-1.49054,2.89983,-347.792,-0.198738,-496.846,-0.993691,-19.8738,-17.8864,-15.8991,-894.322,-695.584,-794.953,-11.9243,-0.298107,-7.94953,-0.0397476,0.6,0.55,0.5,1,0.1,20,19
att:-5.194,2.934,103.680
run:9472,-5.19367,-1.49183,3.0043,-348.095,-0.198911,-497.278,-0.994556,-19.8911,-17.902,-15.9129,-895.101,-696.189,-795.645,-11.9347,-0.298367,-7.95645,-0.0397823,0.6,0.55,0.5,1,0.1,20,19
att:-5.133,2.925,103.860
run:9492,-5.13255,-1.49304,3.10756,-348.375,-0.199072,-497.679,-0.995358,-19.9072,-17.9164,-15.9257,-895.822,-696.751,-796.287,-11.9443,-0.298607,-7.96287,-0.0398143,0.6,0.55,0.5,1,0.1,20,19
att:-5.069,2.915,104.040
run:9512,-5.06938,-1.49414,3.20958,-348.634,-0.199219,-498.048,-0.996096,-19.9219,-17.9297,-15.9375,-896.487,-697.267,-796.877,-11.9532,-0.298829,-7.96877,-0.0398438,0.6,0.55,0.5,1,0.1,20,19
att:-5.004,2.905,104.220
run:9532,-5.00417,-1.49516,3.31032,-348.87,-0.199354,-498.385,-0.996771,-19.9354,-17.9419,-15.9483,-897.093,-697.739,-797.416,-11.9612,-0.299031,-7.97416,-0.0398708,0.6,0.55,0.5,1,0.1,20,19
att:-4.937,2.894,104.400
run:9552,-4.93697,-1.49607,3.40974,-349.083,-0.199476,-498.691,-0.997381,-19.9476,-17.9529,-15.9581,-897.643,-698.167,-797.905,-11.9686,-0.299214,-7.97905,-0.0398952,0.6,0.55,0.5,1,0.1,20,19
task:9552,7,5,0,0,1,20,0.9,8,0,104.400,0.500,581
stat:9552,2,1,0,0,7,1,1,1,0,0,1,0,0,16777215
att:-4.868,2.883,104.580
att:-4.797,2.871,104.760
run:9592,-4.79667,-1.49762,3.60444,-349.444,-0.199682,-499.205,-0.998411,-19.9682,-17.9714,-15.9746,-898.57,-698.887,-798.728,-11.9809,-0.299523,-7.98728,-0.0399364,0.6,0.55,0.5,1,0.1,20,19
att:-4.724,2.859,104.940
run:9612,-4.72363,-1.49824,3.69964,-349.59,-0.199766,-499.415,-0.998829,-19.9766,-17.9789,-15.9813,-898.947,-699.181,-799.064,-11.986,-0.299649,-7.99064,-0.0399532,0.6,0.55,0.5,1,0.1,20,19
att:-4.649,2.846,105.120
run:9632,-4.64869,-1.49878,3.79337,-349.715,-0.199837,-499.592,-0.999184,-19.9837,-17.9853,-15.987,-899.266,-699.429,-799.348,-11.9902,-0.299755,-7.99348,-0.0399674,0.6,0.55,0.5,1,0.1,20,19
att:-4.572,2.832,105.300
run:9652,-4.5719,-1.49921,3.88558,-349.816,-0.199895,-499.738,-0.999476,-19.9895,-17.9906,-15.9916,-899.528,-699.633,-799.58,-11.9937,-0.299843,-7.9958,-0.039979,0.6,0.55,0.5,1,0.1,20,19
att:-4.493,2.818,105.480
run:9672,-4.49328,-1.49955,3.97623,-349.896,-0.199941,-499.851,-0.999703,-19.9941,-17.9946,-15.9952,-899.732,-699.792,-799.762,-11.9964,-0.299911,-7.99762,-0.0399881,0.6,0.55,0.5,1,0.1,20,19
att:-4.413,2.803,105.660
att:-4.331,2.788,105.840
run:9712,-4.33068,-1.49995,4.15274,-349.988,-0.199993,-499.982,-0.999965,-19.9993,-17.9994,-15.9994,-899.968,-699.975,-799.972,-11.9996,-0.299989,-7.99972,-0.0399986,0.6,0.55,0.5,1,0.1,20,19
att:-4.247,2.772,106.020
run:9732,-4.24676,-1.5,4.23851,-350,-0.2,-500,-1,-20,-18,-16,-900,-700,-800,-12,-0.3,-8,-0.04,0.6,0.55,0.5,1,0.1,20,19
att:-4.161,2.756,106.200
run:9752,-4.16115,-1.49996,4.32259,-349.99,-0.199994,-499.986,-0.999971,-19.9994,-17.9995,-15.9995,-899.974,-699.98,-799.977,-11.9997,-0.299991,-7.99977,-0.0399988,0.6,0.55,0.5,1,0.1,20,19
task:9752,7,5,0,0,1,20,0.9,8,0,106.200,0.500,591
stat:9752,2,1,0,0,7,1,1,1,0,0,1,0,0,16777215
att:-4.074,2.739,106.380
run:9772,-4.07387,-1.49982,4.40495,-349.957,-0.199976,-499.939,-0.999878,-19.9976,-17.9978,-15.9981,-899.89,-699.915,-799.903,-11.9985,-0.299963,-7.99903,-0.0399951,0.6,0.55,0.5,1,0.1,20,19
att:-3.985,2.722,106.560
run:9792,-3.98496,-1.49958,4.48554,-349.902,-0.199944,-499.861,-0.999721,-19.9944,-17.995,-15.9955,-899.749,-699.805,-799.777,-11.9967,-0.299916,-7.99777,-0.0399889,0.6,0.55,0.5,1,0.1,20,19
att:-3.894,2.704,106.740
run:9812,-3.89446,-1.49925,4.56434,-349.825,-0.1999,-499.75,-0.9995,-19.99,-17.991,-15.992,-899.55,-699.65,-799.6,-11.994,-0.29985,-7.996,-0.03998,0.6,0.55,0.5,1,0.1,20,19
att:-3.802,2.685,106.920
run:9832,-3.8024,-1.49882,4.64131,-349.725,-0.199843,-499.608,-0.999216,-19.9843,-17.9859,-15.9874,-899.294,-699.451,-799.372,-11.9906,-0.299765,-7.99372,-0.0399686,0.6,0.55,0.5,1,0.1,20,19
att:-3.709,2.666,107.100
run:9852,-3.70882,-1.4983,4.71642,-349.603,-0.199773,-499.433,-0.998867,-19.9773,-17.9796,-15.9819,-898.98,-699.207,-799.093,-11.9864,-0.29966,-7.99093,-0.0399547,0.6,0.55,0.5,1,0.1,20,19
att:-3.614,2.647,107.280
run:9872,-3.61376,-1.49768,4.78965,-349.459,-0.199691,-499.227,-0.998454,-19.9691,-17.9722,-15.9753,-898.609,-698.918,-798.763,-11.9814,-0.299536,-7.98763,-0.0399382,0.6,0.55,0.5,1,0.1,20,19
att:-3.517,2.627,107.460
run:9892,-3.51725,-1.49697,4.86096,-349.292,-0.199596,-498.989,-0.997978,-19.9596,-17.9636,-15.9676,-898.18,-698.584,-798.382,-11.9757,-0.299393,-7.98382,-0.0399191,0.6,0.55,0.5,1,0.1,20,19
att:-3.419,2.606,107.640
run:9912,-3.41933,-1.49616,4.93033,-349.103,-0.199487,-498.719,-0.997437,-19.9487,-17.9539,-15.959,-897.693,-698.206,-797.95,-11.9692,-0.299231,-7.9795,-0.0398975,0.6,0.55,0.5,1,0.1,20,19
att:-3.320,2.585,107.820
run:9932,-3.32005,-1.49525,4.99773,-348.891,-0.199367,-498.416,-0.996833,-19.9367,-17.943,-15.9493,-897.149,-697.783,-797.466,-11.962,-0.29905,-7.97466,-0.0398733,0.6,0.55,0.5,1,0.1,20,19
rsp:3,err,RUNNING_LOCKED,Mock rejection
att:-3.219,2.564,108.000
run:9952,-3.21944,-1.49425,5.06312,-348.658,-0.199233,-498.082,-0.996165,-19.9233,-17.931,-15.9386,-896.548,-697.315,-796.932,-11.954,-0.298849,-7.96932,-0.0398466,0.6,0.55,0.5,1,0.1,20,19
taskevt:9,9952,7,8,1,0,1
task:9952,8,1,0,0,1,20,0.9,9,0,108.000,0.500,601
stat:9952,2,1,0,0,7,1,1,1,0,0,1,0,0,16777215
att:-3.118,2.542,108.180
run:9972,-3.11754,-1.49315,5.1265,-348.401,-0.199087,-497.716,-0.995433,-19.9087,-17.9178,-15.9269,-895.889,-696.803,-796.346,-11.9452,-0.29863,-7.96346,-0.0398173,0.6,0.55,0.5,1,0.1,20,19
att:-3.014,2.519,108.360
run:9992,-3.01439,-1.49196,5.18782,-348.123,-0.198927,-497.319,-0.994637,-19.8927,-17.9035,-15.9142,-895.173,-696.246,-795.71,-11.9356,-0.298391,-7.9571,-0.0397855,0.6,0.55,0.5,1,0.1,20,19
att:-2.910,2.496,108.540
run:10012,-2.91004,-1.49067,5.24706,-347.822,-0.198756,-496.889,-0.993778,-19.8756,-17.888,-15.9004,-894.4,-695.645,-795.022,-11.9253,-0.298133,-7.95022,-0.0397511,0.6,0.55,0.5,1,0.1,20,19
att:-2.805,2.473,108.720
run:10032,-2.80452,-1.48928,5.30421,-347.499,-0.198571,-496.428,-0.992855,-19.8571,-17.8714,-15.8857,-893.57,-694.999,-794.284,-11.9143,-0.297857,-7.94284,-0.0397142,0.6,0.55,0.5,1,0.1,20,19
att:-2.698,2.449,108.900
run:10052,-2.69788,-1.4878,5.35924,-347.154,-0.198374,-495.934,-0.991869,-19.8374,-17.8536,-15.8699,-892.682,-694.308,-793.495,-11.9024,-0.297561,-7.93495,-0.0396748,0.6,0.55,0.5,1,0.1,20,19
att:-2.590,2.424,109.080
run:10072,-2.59017,-1.48623,5.41212,-346.787,-0.198164,-495.409,-0.990819,-19.8164,-17.8347,-15.8531,-891.737,-693.573,-792.655,-11.8898,-0.297246,-7.92655,-0.0396328,0.6,0.55,0.5,1,0.1,20,19
att:-2.481,2.399,109.260
run:10092,-2.48141,-1.48456,5.46284,-346.397,-0.197941,-494.853,-0.989706,-19.7941,-17.8147,-15.8353,-890.735,-692.794,-791.765,-11.8765,-0.296912,-7.91765,-0.0395882,0.6,0.55,0.5,1,0.1,20,19
att:-2.372,2.374,109.440
run:10112,-2.37167,-1.48279,5.51137,-345.985,-0.197706,-494.265,-0.988529,-19.7706,-17.7935,-15.8165,-889.676,-691.97,-790.823,-11.8623,-0.296559,-7.90823,-0.0395412,0.6,0.55,0.5,1,0.1,20,19
att:-2.261,2.348,109.620
run:10132,-2.26097,-1.48093,5.5577,-345.551,-0.197458,-493.645,-0.987289,-19.7458,-17.7712,-15.7966,-888.56,-691.102,-789.831,-11.8475,-0.296187,-7.89831,-0.0394916,0.6,0.55,0.5,1,0.1,20,19
att:-2.149,2.321,109.800
run:10152,-2.14938,-1.47898,5.6018,-345.095,-0.197197,-492.993,-0.985986,-19.7197,-17.7478,-15.7758,-887.388,-690.19,-788.789,-11.8318,-0.295796,-7.88789,-0.0394394,0.6,0.55,0.5,1,0.1,20,19
task:10152,8,1,0,0,1,20,0.9,9,0,109.800,0.500,611
stat:10152,2,1,0,0,7,1,1,1,0,0,1,0,0,16777215
att:-2.037,2.294,109.980
run:10172,-2.03692,-1.47693,5.64367,-344.617,-0.196924,-492.31,-0.98462,-19.6924,-17.7232,-15.7539,-886.158,-689.234,-787.696,-11.8154,-0.295386,-7.87696,-0.0393848,0.6,0.55,0.5,1,0.1,20,19
noise from radio
att:NaN,1,2
att:-1.924,2.267,110.160
run:10192,-1.92364,-1.47479,5.68327,-344.117,-0.196638,-491.595,-0.983191,-19.6638,-17.6974,-15.7311,-884.872,-688.234,-786.553,-11.7983,-0.294957,-7.86553,-0.0393276,0.6,0.55,0.5,1,0.1,20,19
att:-1.810,2.239,110.340
run:10212,-1.8096,-1.47255,5.72061,-343.595,-0.19634,-490.849,-0.981699,-19.634,-17.6706,-15.7072,-883.529,-687.189,-785.359,-11.7804,-0.29451,-7.85359,-0.0392679,0.6,0.55,0.5,1,0.1,20,19
att:-1.695,2.211,110.520
run:10232,-1.69484,-1.47022,5.75565,-343.05,-0.196029,-490.072,-0.980144,-19.6029,-17.6426,-15.6823,-882.129,-686.101,-784.115,-11.7617,-0.294043,-7.84115,-0.0392058,0.6,0.55,0.5,1,0.1,20,19
att:-1.579,2.183,110.700
run:10252,-1.57939,-1.46779,5.7884,-342.484,-0.195705,-489.263,-0.978526,-19.5705,-17.6135,-15.6564,-880.674,-684.968,-782.821,-11.7423,-0.293558,-7.82821,-0.039141,0.6,0.55,0.5,1,0.1,20,19
att:-1.463,2.154,110.880
run:10272,-1.46331,-1.46527,5.81882,-341.896,-0.195369,-488.423,-0.976846,-19.5369,-17.5832,-15.6295,-879.161,-683.792,-781.477,-11.7222,-0.293054,-7.81477,-0.0390738,0.6,0.55,0.5,1,0.1,20,19
att:-1.347,2.124,111.060
run:10292,-1.34665,-1.46265,5.84692,-341.286,-0.195021,-487.552,-0.975103,-19.5021,-17.5519,-15.6016,-877.593,-682.572,-780.082,-11.7012,-0.292531,-7.80082,-0.0390041,0.6,0.55,0.5,1,0.1,20,19
att:-1.229,2.094,111.240
run:10312,-1.22945,-1.45995,5.87269,-340.654,-0.19466,-486.649,-0.973298,-19.466,-17.5194,-15.5728,-875.968,-681.308,-778.638,-11.6796,-0.291989,-7.78638,-0.0389319,0.6,0.55,0.5,1,0.1,20,19
att:-1.112,2.064,111.420
run:10332,-1.11176,-1.45715,5.8961,-340.001,-0.194286,-485.715,-0.97143,-19.4286,-17.4857,-15.5429,-874.287,-680.001,-777.144,-11.6572,-0.291429,-7.77144,-0.0388572,0.6,0.55,0.5,1,0.1,20,19
att:-0.994,2.033,111.600
run:10352,-0.993625,-1.45425,5.91715,-339.325,-0.1939,-484.75,-0.969501,-19.39,-17.451,-15.512,-872.551,-678.65,-775.601,-11.634,-0.29085,-7.75601,-0.03878,0.6,0.55,0.5,1,0.1,20,19
task:10352,8,1,0,0,1,20,0.9,9,0,111.600,0.500,621
stat:10352,2,1,0,0,7,1,1,1,0,0,1,0,0,16777215
att:-0.875,2.002,111.780
run:10372,-0.875091,-1.45126,5.93584,-338.628,-0.193502,-483.754,-0.967509,-19.3502,-17.4152,-15.4801,-870.758,-677.256,-774.007,-11.6101,-0.290253,-7.74007,-0.0387004,0.6,0.55,0.5,1,0.1,20,19
att:-0.756,1.971,111.960
run:10392,-0.756207,-1.44818,5.95216,-337.909,-0.193091,-482.728,-0.965455,-19.3091,-17.3782,-15.4473,-868.91,-675.819,-772.364,-11.5855,-0.289637,-7.72364,-0.0386182,0.6,0.55,0.5,1,0.1,20,19
att:-0.637,1.939,112.140
run:10412,-0.637021,-1.44501,5.96609,-337.169,-0.192668,-481.67,-0.96334,-19.2668,-17.3401,-15.4134,-867.006,-674.338,-770.672,-11.5601,-0.289002,-7.70672,-0.0385336,0.6,0.55,0.5,1,0.1,20,19
att:-0.518,1.907,112.320
att:-0.398,1.874,112.500
run:10452,-0.397931,-1.43839,5.98679,-335.623,-0.191785,-479.462,-0.958924,-19.1785,-17.2606,-15.3428,-863.032,-671.247,-767.139,-11.5071,-0.287677,-7.67139,-0.038357,0.6,0.55,0.5,1,0.1,20,19
att:-0.278,1.841,112.680
run:10472,-0.278124,-1.43494,5.99355,-334.819,-0.191325,-478.312,-0.956624,-19.1325,-17.2192,-15.306,-860.962,-669.637,-765.299,-11.4795,-0.286987,-7.65299,-0.038265,0.6,0.55,0.5,1,0.1,20,19
att:-0.158,1.808,112.860
run:10492,-0.158205,-1.43139,5.99791,-333.992,-0.190853,-477.132,-0.954263,-19.0853,-17.1767,-15.2682,-858.837,-667.984,-763.411,-11.4512,-0.286279,-7.63411,-0.0381705,0.6,0.55,0.5,1,0.1,20,19
att:-0.038,1.774,113.040
run:10512,-0.0382234,-1.42776,5.99988,-333.144,-0.190368,-475.92,-0.951841,-19.0368,-17.1331,-15.2295,-856.657,-666.289,-761.473,-11.4221,-0.285552,-7.61473,-0.0380736,0.6,0.55,0.5,1,0.1,20,19
att:0.082,1.740,113.220
run:10532,0.0817738,-1.42404,5.99944,-332.275,-0.189872,-474.679,-0.949358,-18.9872,-17.0884,-15.1897,-854.422,-664.55,-759.486,-11.3923,-0.284807,-7.59486,-0.0379743,0.6,0.55,0.5,1,0.1,20,19
att:0.202,1.706,113.400
run:10552,0.201738,-1.42022,5.99661,-331.385,-0.189363,-473.407,-0.946814,-18.9363,-17.0426,-15.149,-852.132,-662.77,-757.451,-11.3618,-0.284044,-7.57451,-0.0378726,0.6,0.55,0.5,1,0.1,20,19
task:10552,8,1,0,0,1,20,0.9,9,0,113.400,0.500,631
stat:10552,2,1,0,0,7,1,1,1,0,0,1,0,0,16777215
att:0.322,1.671,113.580
run:10572,0.321622,-1.41631,5.99137,-330.473,-0.188842,-472.105,-0.944209,-18.8842,-16.9958,-15.1073,-849.788,-660.946,-755.367,-11.3305,-0.283263,-7.55367,-0.0377684,0.6,0.55,0.5,1,0.1,20,19
att:0.441,1.636,113.760
run:10592,0.441377,-1.41232,5.98374,-329.541,-0.188309,-470.772,-0.941544,-18.8309,-16.9478,-15.0647,-847.39,-659.081,-753.235,-11.2985,-0.282463,-7.53235,-0.0376618,0.6,0.55,0.5,1,0.1,20,19
att:0.561,1.601,113.940
run:10612,0.560956,-1.40823,5.97372,-328.587,-0.187764,-469.41,-0.938819,-18.7764,-16.8987,-15.0211,-844.937,-657.173,-751.055,-11.2658,-0.281646,-7.51055,-0.0375528,0.6,0.55,0.5,1,0.1,20,19
att:0.680,1.565,114.120
run:10632,0.68031,-1.40405,5.96131,-327.612,-0.187207,-468.017,-0.936034,-18.7207,-16.8486,-14.9765,-842.43,-655.224,-748.827,-11.2324,-0.28081,-7.48827,-0.0374414,0.6,0.55,0.5,1,0.1,20,19
att:0.799,1.529,114.300
run:10652,0.799392,-1.39978,5.94651,-326.616,-0.186638,-466.594,-0.933189,-18.6638,-16.7974,-14.931,-839.87,-653.232,-746.551,-11.1983,-0.279957,-7.46551,-0.0373275,0.6,0.55,0.5,1,0.1,20,19
att:0.918,1.493,114.480
run:10672,0.918155,-1.39543,5.92933,-325.599,-0.186057,-465.142,-0.930284,-18.6057,-16.7451,-14.8845,-837.255,-651.199,-744.227,-11.1634,-0.279085,-7.44227,-0.0372113,0.6,0.55,0.5,1,0.1,20,19
att:1.037,1.456,114.660
run:10692,1.03655,-1.39098,5.90979,-324.562,-0.185464,-463.66,-0.927319,-18.5464,-16.6917,-14.8371,-834.587,-649.123,-741.855,-11.1278,-0.278196,-7.41855,-0.0370928,0.6,0.55,0.5,1,0.1,20,19
att:1.155,1.419,114.840
run:10712,1.15453,-1.38644,5.88787,-323.503,-0.184859,-462.148,-0.924295,-18.4859,-16.6373,-14.7887,-831.866,-647.007,-739.436,-11.0915,-0.277289,-7.39436,-0.0369718,0.6,0.55,0.5,1,0.1,20,19
att:1.272,1.382,115.020
att:1.389,1.345,115.200
task:10752,8,1,0,0,1,20,0.9,9,0,115.200,0.500,641
stat:10752,2,1,0,0,7,1,1,1,0,0,1,0,0,16777215
att:1.506,1.307,115.380
run:10772,1.50551,-1.3723,5.80805,-320.204,-0.182974,-457.435,-0.91487,-18.2974,-16.4677,-14.6379,-823.383,-640.409,-731.896,-10.9784,-0.274461,-7.31896,-0.0365948,0.6,0.55,0.5,1,0.1,20,19
att:1.621,1.269,115.560
run:10792,1.62137,-1.36742,5.77678,-319.064,-0.182322,-455.805,-0.911611,-18.2322,-16.409,-14.5858,-820.45,-638.127,-729.288,-10.9393,-0.273483,-7.29288,-0.0364644,0.6,0.55,0.5,1,0.1,20,19
att:1.737,1.231,115.740
run:10812,1.73657,-1.36244,5.7432,-317.903,-0.181659,-454.146,-0.908293,-18.1659,-16.3493,-14.5327,-817.464,-635.805,-726.634,-10.8995,-0.272488,-7.26634,-0.0363317,0.6,0.55,0.5,1,0.1,20,19
att:1.851,1.192,115.920
run:10832,1.85108,-1.35738,5.70732,-316.721,-0.180983,-452.459,-0.904917,-18.0983,-16.2885,-14.4787,-814.426,-633.442,-723.934,-10.859,-0.271475,-7.23934,-0.0361967,0.6,0.55,0.5,1,0.1,20,19
att:1.965,1.154,116.100
att:2.078,1.115,116.280
run:10872,2.07783,-1.34699,5.62873,-314.297,-0.179598,-448.996,-0.897992,-17.9598,-16.1639,-14.3679,-808.193,-628.595,-718.394,-10.7759,-0.269398,-7.18394,-0.0359197,0.6,0.55,0.5,1,0.1,20,19
att:2.190,1.076,116.460
run:10892,2.18998,-1.34167,5.58605,-313.055,-0.178889,-447.222,-0.894444,-17.8889,-16.1,-14.3111,-804.999,-626.11,-715.555,-10.7333,-0.268333,-7.15555,-0.0357777,0.6,0.55,0.5,1,0.1,20,19
att:2.301,1.037,116.640
run:10912,2.30126,-1.33626,5.54114,-311.793,-0.178168,-445.419,-0.890838,-17.8168,-16.0351,-14.2534,-801.754,-623.586,-712.67,-10.6901,-0.267251,-7.1267,-0.0356335,0.6,0.55,0.5,1,0.1,20,19
att:2.412,0.997,116.820
run:10932,2.41161,-1.33076,5.49401,-310.511,-0.177435,-443.587,-0.887174,-17.7435,-15.9691,-14.1948,-798.457,-621.022,-709.74,-10.6461,-0.266152,-7.0974,-0.035487,0.6,0.55,0.5,1,0.1,20,19
att:2.521,0.957,117.000
run:10952,2.521,-1.32518,5.44468,-309.209,-0.176691,-441.727,-0.883455,-17.6691,-15.9022,-14.1353,-795.109,-618.418,-706.764,-10.6015,-0.265036,-7.06764,-0.0353382,0.6,0.55,0.5,1,0.1,20,19
task:10952,8,1,0,0,1,20,0.9,9,0,117.000,0.500,651
stat:10952,2,1,0,0,7,1,1,1,0,0,1,0,0,16777215
att:2.629,0.917,117.180
run:10972,2.62938,-1.31952,5.39318,-307.887,-0.175936,-439.839,-0.879678,-17.5936,-15.8342,-14.0749,-791.71,-615.775,-703.743,-10.5561,-0.263903,-7.03743,-0.0351871,0.6,0.55,0.5,1,0.1,20,19
att:2.737,0.877,117.360
run:10992,2.73671,-1.31377,5.33951,-306.546,-0.175169,-437.923,-0.875846,-17.5169,-15.7652,-14.0135,-788.261,-613.092,-700.677,-10.5101,-0.262754,-7.00677,-0.0350338,0.6,0.55,0.5,1,0.1,20,19
att:2.843,0.837,117.540
run:11012,2.84295,-1.30794,5.28371,-305.185,-0.174391,-435.978,-0.871957,-17.4391,-15.6952,-13.9513,-784.761,-610.37,-697.566,-10.4635,-0.261587,-6.97566,-0.0348783,0.6,0.55,0.5,1,0.1,20,19
att:2.948,0.797,117.720
run:11032,2.94805,-1.30202,5.2258,-303.804,-0.173602,-434.006,-0.868012,-17.3602,-15.6242,-13.8882,-781.211,-607.609,-694.41,-10.4161,-0.260404,-6.9441,-0.0347205,0.6,0.55,0.5,1,0.1,20,19
att:3.052,0.756,117.900
run:11052,3.05197,-1.29602,5.1658,-302.404,-0.172802,-432.006,-0.864012,-17.2802,-15.5522,-13.8242,-777.611,-604.809,-691.21,-10.3681,-0.259204,-6.9121,-0.0345605,0.6,0.55,0.5,1,0.1,20,19
att:3.155,0.715,118.080
run:11072,3.15467,-1.28994,5.10373,-300.985,-0.171991,-429.978,-0.859957,-17.1991,-15.4792,-13.7593,-773.961,-601.97,-687.966,-10.3195,-0.257987,-6.87966,-0.0343983,0.6,0.55,0.5,1,0.1,20,19
att:3.256,0.675,118.260
run:11092,3.2561,-1.28377,5.03962,-299.546,-0.171169,-427.923,-0.855847,-17.1169,-15.4052,-13.6935,-770.262,-599.093,-684.677,-10.2702,-0.256754,-6.84677,-0.0342339,0.6,0.55,0.5,1,0.1,20,19
att:3.356,0.634,118.440
run:11112,3.35624,-1.27752,4.9735,-298.088,-0.170336,-425.841,-0.851681,-17.0336,-15.3303,-13.6269,-766.513,-596.177,-681.345,-10.2202,-0.255504,-6.81345,-0.0340673,0.6,0.55,0.5,1,0.1,20,19
noise from radio
att:NaN,1,2
att:3.455,0.592,118.620
run:11132,3.45503,-1.27119,4.90538,-296.612,-0.169492,-423.731,-0.847462,-16.9492,-15.2543,-13.5594,-762.716,-593.223,-677.969,-10.1695,-0.254239,-6.77969,-0.0338985,0.6,0.55,0.5,1,0.1,20,19
att:3.552,0.551,118.800
run:11152,3.55244,-1.26478,4.8353,-295.116,-0.168638,-421.594,-0.843188,-16.8638,-15.1774,-13.491,-758.869,-590.231,-674.55,-10.1183,-0.252956,-6.7455,-0.0337275,0.6,0.55,0.5,1,0.1,20,19
task:11152,8,1,0,0,1,20,0.9,9,0,118.800,0.500,661
stat:11152,2,1,0,0,7,1,1,1,0,0,1,0,0,16777215
att:3.648,0.510,118.980
run:11172,3.64843,-1.25829,4.76329,-293.601,-0.167772,-419.43,-0.83886,-16.7772,-15.0995,-13.4218,-754.974,-587.202,-671.088,-10.0663,-0.251658,-6.71088,-0.0335544,0.6,0.55,0.5,1,0.1,20,19
att:3.743,0.468,119.160
att:3.836,0.427,119.340
run:11212,3.83599,-1.24506,4.61358,-290.515,-0.166009,-415.022,-0.830043,-16.6009,-14.9408,-13.2807,-747.039,-581.03,-664.035,-9.96052,-0.249013,-6.64035,-0.0332017,0.6,0.55,0.5,1,0.1,20,19
att:3.927,0.385,119.520
run:11232,3.92749,-1.23833,4.53595,-288.944,-0.165111,-412.778,-0.825555,-16.5111,-14.86,-13.2089,-743,-577.889,-660.444,-9.90666,-0.247667,-6.60444,-0.0330222,0.6,0.55,0.5,1,0.1,20,19
att:4.017,0.344,119.700
run:11252,4.01742,-1.23152,4.4565,-287.355,-0.164203,-410.507,-0.821014,-16.4203,-14.7783,-13.1362,-738.913,-574.71,-656.811,-9.85217,-0.246304,-6.56811,-0.0328406,0.6,0.55,0.5,1,0.1,20,19
att:4.106,0.302,119.880
run:11272,4.10574,-1.22463,4.37526,-285.747,-0.163284,-408.21,-0.816421,-16.3284,-14.6956,-13.0627,-734.779,-571.495,-653.137,-9.79705,-0.244926,-6.53137,-0.0326568,0.6,0.55,0.5,1,0.1,20,19
att:4.192,0.260,120.060
run:11292,4.19242,-1.21766,4.29228,-284.121,-0.162355,-405.888,-0.811775,-16.2355,-14.612,-12.9884,-730.598,-568.243,-649.42,-9.7413,-0.243533,-6.4942,-0.032471,0.6,0.55,0.5,1,0.1,20,19
att:4.277,0.218,120.240
run:11312,4.27742,-1.21062,4.20758,-282.477,-0.161415,-403.539,-0.807077,-16.1415,-14.5274,-12.9132,-726.37,-564.954,-645.662,-9.68493,-0.242123,-6.45662,-0.0322831,0.6,0.55,0.5,1,0.1,20,19
att:4.361,0.176,120.420
run:11332,4.36071,-1.20349,4.12119,-280.815,-0.160466,-401.164,-0.802328,-16.0466,-14.4419,-12.8372,-722.095,-561.63,-641.862,-9.62794,-0.240698,-6.41862,-0.0320931,0.6,0.55,0.5,1,0.1,20,19
att:4.442,0.134,120.600
run:11352,4.44226,-1.19629,4.03316,-279.135,-0.159505,-398.764,-0.797527,-15.9505,-14.3555,-12.7604,-717.775,-558.269,-638.022,-9.57033,-0.239258,-6.38022,-0.0319011,0.6,0.55,0.5,1,0.1,20,19
task:11352,8,1,0,0,1,20,0.9,9,0,120.600,0.500,671
stat:11352,2,1,0,0,7,1,1,1,0,0,1,0,0,16777215
att:4.522,0.092,120.780
run:11372,4.52202,-1.18901,3.94351,-277.436,-0.158535,-396.338,-0.792676,-15.8535,-14.2682,-12.6828,-713.408,-554.873,-634.14,-9.51211,-0.237803,-6.3414,-0.031707,0.6,0.55,0.5,1,0.1,20,19
att:4.600,0.050,120.960
run:11392,4.59999,-1.18166,3.85229,-275.721,-0.157555,-393.887,-0.787773,-15.7555,-14.1799,-12.6044,-708.996,-551.441,-630.218,-9.45328,-0.236332,-6.30218,-0.0315109,0.6,0.55,0.5,1,0.1,20,19
att:4.676,0.008,121.140
att:4.750,-0.034,121.320
run:11432,4.75036,-1.16673,3.66526,-272.236,-0.155563,-388.909,-0.777817,-15.5563,-14.0007,-12.4451,-700.036,-544.472,-622.254,-9.33381,-0.233345,-6.22254,-0.0311127,0.6,0.55,0.5,1,0.1,20,19
att:4.823,-0.076,121.500
run:11452,4.82271,-1.15915,3.56952,-270.468,-0.154553,-386.382,-0.772764,-15.4553,-13.9098,-12.3642,-695.488,-540.935,-618.212,-9.27317,-0.231829,-6.18212,-0.0309106,0.6,0.55,0.5,1,0.1,20,19
att:4.893,-0.118,121.680
run:11472,4.89313,-1.15149,3.47236,-268.682,-0.153532,-383.831,-0.767662,-15.3532,-13.8179,-12.2826,-690.896,-537.364,-614.13,-9.21195,-0.230299,-6.1413,-0.0307065,0.6,0.55,0.5,1,0.1,20,19
att:4.962,-0.160,121.860
run:11492,4.96159,-1.14377,3.37381,-266.879,-0.152502,-381.255,-0.762511,-15.2502,-13.7252,-12.2002,-686.26,-533.758,-610.009,-9.15013,-0.228753,-6.10009,-0.0305004,0.6,0.55,0.5,1,0.1,20,19
att:5.028,-0.202,122.040
run:11512,5.02807,-1.13597,3.27391,-265.059,-0.151462,-378.655,-0.757311,-15.1462,-13.6316,-12.117,-681.58,-530.118,-605.849,-9.08773,-0.227193,-6.05849,-0.0302924,0.6,0.55,0.5,1,0.1,20,19
att:5.093,-0.243,122.220
att:5.155,-0.285,122.400
run:11552,5.15497,-1.12015,3.07022,-261.368,-0.149353,-373.383,-0.746765,-14.9353,-13.4418,-11.9482,-672.089,-522.736,-597.412,-8.96118,-0.22403,-5.97412,-0.0298706,0.6,0.55,0.5,1,0.1,20,19
task:11552,8,1,0,0,1,20,0.9,9,0,122.400,0.500,681
stat:11552,2,1,0,0,7,1,1,1,0,0,1,0,0,16777215
att:5.215,-0.327,122.580
run:11572,5.21534,-1.11213,2.96652,-259.497,-0.148284,-370.71,-0.741421,-14.8284,-13.3456,-11.8627,-667.279,-518.995,-593.137,-8.89705,-0.222426,-5.93137,-0.0296568,0.6,0.55,0.5,1,0.1,20,19
att:5.274,-0.369,122.760
run:11592,5.27362,-1.10404,2.86162,-257.61,-0.147206,-368.014,-0.736029,-14.7206,-13.2485,-11.7765,-662.426,-515.22,-588.823,-8.83235,-0.220809,-5.88823,-0.0294412,0.6,0.55,0.5,1,0.1,20,19
att:5.330,-0.410,122.940
run:11612,5.3298,-1.09588,2.75559,-255.706,-0.146118,-365.295,-0.73059,-14.6118,-13.1506,-11.6894,-657.531,-511.413,-584.472,-8.76708,-0.219177,-5.84472,-0.0292236,0.6,0.55,0.5,1,0.1,20,19
att:5.384,-0.452,123.120
run:11632,5.38384,-1.08766,2.64845,-253.786,-0.145021,-362.552,-0.725104,-14.5021,-13.0519,-11.6017,-652.594,-507.573,-580.083,-8.70125,-0.217531,-5.80083,-0.0290042,0.6,0.55,0.5,1,0.1,20,19
att:5.436,-0.493,123.300
run:11652,5.43573,-1.07936,2.54025,-251.85,-0.143914,-359.786,-0.719572,-14.3914,-12.9523,-11.5131,-647.615,-503.7,-575.657,-8.63486,-0.215872,-5.75657,-0.0287829,0.6,0.55,0.5,1,0.1,20,19
att:5.485,-0.535,123.480
run:11672,5.48544,-1.07099,2.43103,-249.898,-0.142799,-356.997,-0.713993,-14.2799,-12.8519,-11.4239,-642.594,-499.795,-571.195,-8.56792,-0.214198,-5.71195,-0.0285597,0.6,0.55,0.5,1,0.1,20,19
att:5.533,-0.576,123.660
run:11692,5.53296,-1.06255,2.32084,-247.929,-0.141674,-354.185,-0.708369,-14.1674,-12.7506,-11.3339,-637.532,-495.859,-566.695,-8.50043,-0.212511,-5.66695,-0.0283348,0.6,0.55,0.5,1,0.1,20,19
att:5.578,-0.617,123.840
run:11712,5.57827,-1.05405,2.20973,-245.945,-0.14054,-351.35,-0.7027,-14.054,-12.6486,-11.2432,-632.43,-491.89,-562.16,-8.4324,-0.21081,-5.6216,-0.028108,0.6,0.55,0.5,1,0.1,20,19
att:5.621,-0.658,124.020
run:11732,5.62135,-1.04548,2.09773,-243.945,-0.139397,-348.493,-0.696986,-13.9397,-12.5457,-11.1518,-627.287,-487.89,-557.589,-8.36383,-0.209096,-5.57589,-0.0278794,0.6,0.55,0.5,1,0.1,20,19
att:5.662,-0.699,124.200
run:11752,5.66217,-1.03684,1.98489,-241.929,-0.138245,-345.613,-0.691227,-13.8245,-12.4421,-11.0596,-622.104,-483.859,-552.981,-8.29472,-0.207368,-5.52981,-0.0276491,0.6,0.55,0.5,1,0.1,20,19
task:11752,8,1,0,0,1,20,0.9,9,0,124.200,0.500,691
stat:11752,2,1,0,0,7,1,1,1,0,0,1,0,0,16777215
att:5.701,-0.740,124.380
att:5.737,-0.781,124.560
run:11792,5.73702,-1.01936,1.75687,-237.852,-0.135915,-339.788,-0.679577,-13.5915,-12.2324,-10.8732,-611.619,-475.704,-543.661,-8.15492,-0.203873,-5.43661,-0.0271831,0.6,0.55,0.5,1,0.1,20,19
att:5.771,-0.821,124.740
run:11812,5.77101,-1.01053,1.64179,-235.79,-0.134737,-336.843,-0.673686,-13.4737,-12.1263,-10.779,-606.317,-471.58,-538.949,-8.08423,-0.202106,-5.38949,-0.0269474,0.6,0.55,0.5,1,0.1,20,19
att:5.803,-0.861,124.920
run:11832,5.80269,-1.00163,1.52605,-233.713,-0.13355,-333.876,-0.667752,-13.355,-12.0195,-10.684,-600.977,-467.427,-534.202,-8.01303,-0.200326,-5.34202,-0.0267101,0.6,0.55,0.5,1,0.1,20,19
att:5.832,-0.902,125.100
run:11852,5.83205,-0.992664,1.4097,-231.622,-0.132355,-330.888,-0.661776,-13.2355,-11.912,-10.5884,-595.598,-463.243,-529.421,-7.94131,-0.198533,-5.29421,-0.026471,0.6,0.55,0.5,1,0.1,20,19
att:5.859,-0.941,125.280
run:11872,5.85907,-0.983636,1.29278,-229.515,-0.131151,-327.879,-0.655757,-13.1151,-11.8036,-10.4921,-590.182,-459.03,-524.606,-7.86909,-0.196727,-5.24606,-0.0262303,0.6,0.55,0.5,1,0.1,20,19
att:5.884,-0.981,125.460
run:11892,5.88375,-0.974545,1.17535,-227.394,-0.129939,-324.848,-0.649697,-12.9939,-11.6945,-10.3951,-584.727,-454.788,-519.757,-7.79636,-0.194909,-5.19757,-0.0259879,0.6,0.55,0.5,1,0.1,20,19
att:5.906,-1.021,125.640
run:11912,5.90608,-0.965392,1.05745,-225.258,-0.128719,-321.797,-0.643594,-12.8719,-11.5847,-10.2975,-579.235,-450.516,-514.875,-7.72313,-0.193078,-5.14875,-0.0257438,0.6,0.55,0.5,1,0.1,20,19
att:5.926,-1.060,125.820
att:5.944,-1.099,126.000
run:11952,5.94364,-0.9469,0.820423,-220.943,-0.126253,-315.633,-0.631267,-12.6253,-11.3628,-10.1003,-568.14,-441.887,-505.013,-7.5752,-0.18938,-5.05013,-0.0252507,0.6,0.55,0.5,1,0.1,20,19
taskevt:10,11952,8,9,0,0,1
task:11952,9,0,0,0,1,20,0.9,10,0,126.000,0.500,701
stat:11952,2,1,0,0,7,1,1,1,0,0,1,0,0,16777215
att:5.959,-1.138,126.180
run:11972,5.95886,-0.937563,0.701394,-218.765,-0.125008,-312.521,-0.625042,-12.5008,-11.2508,-10.0007,-562.538,-437.529,-500.034,-7.5005,-0.187513,-5.00034,-0.0250017,0.6,0.55,0.5,1,0.1,20,19
att:5.972,-1.177,126.360
run:11992,5.9717,-0.928166,0.582085,-216.572,-0.123755,-309.389,-0.618777,-12.3755,-11.138,-9.90044,-556.9,-433.144,-495.022,-7.42533,-0.185633,-4.95022,-0.0247511,0.6,0.55,0.5,1,0.1,20,19
att:5.982,-1.216,126.540
run:12012,5.98214,-0.91871,0.462542,-214.366,-0.122495,-306.237,-0.612473,-12.2495,-11.0245,-9.79957,-551.226,-428.731,-489.978,-7.34968,-0.183742,-4.89978,-0.0244989,0.6,0.55,0.5,1,0.1,20,19
att:5.990,-1.254,126.720
run:12032,5.9902,-0.909194,0.342815,-212.145,-0.121226,-303.065,-0.60613,-12.1226,-10.9103,-9.69807,-545.517,-424.291,-484.904,-7.27356,-0.181839,-4.84904,-0.0242452,0.6,0.55,0.5,1,0.1,20,19
att:5.996,-1.292,126.900
run:12052,5.99586,-0.899621,0.22295,-209.912,-0.119949,-299.874,-0.599747,-11.9949,-10.7955,-9.59596,-539.773,-419.823,-479.798,-7.19697,-0.179924,-4.79798,-0.0239899,0.6,0.55,0.5,1,0.1,20,19
noise from radio
att:NaN,1,2
att:5.999,-1.330,127.080
run:12072,5.99912,-0.88999,0.102997,-207.664,-0.118665,-296.663,-0.593327,-11.8665,-10.6799,-9.49323,-533.994,-415.329,-474.661,-7.11992,-0.177998,-4.74661,-0.0237331,0.6,0.55,0.5,1,0.1,20,19
att:6.000,-1.367,127.260
run:12092,5.99998,-0.880302,-0.0169983,-205.404,-0.117374,-293.434,-0.586868,-11.7374,-10.5636,-9.38989,-528.181,-410.808,-469.494,-7.04242,-0.17606,-4.69494,-0.0234747,0.6,0.55,0.5,1,0.1,20,19
att:5.998,-1.405,127.440
run:12112,5.99844,-0.870558,-0.136986,-203.13,-0.116074,-290.186,-0.580372,-11.6074,-10.4467,-9.28595,-522.335,-406.26,-464.298,-6.96446,-0.174112,-4.64298,-0.0232149,0.6,0.55,0.5,1,0.1,20,19
att:5.994,-1.441,127.620
run:12132,5.9945,-0.860758,-0.25692,-200.844,-0.114768,-286.919,-0.573839,-11.4768,-10.3291,-9.18142,-516.455,-401.687,-459.071,-6.88606,-0.172152,-4.59071,-0.0229535,0.6,0.55,0.5,1,0.1,20,19
att:5.988,-1.478,127.800
run:12152,5.98816,-0.850903,-0.37675,-198.544,-0.113454,-283.634,-0.567269,-11.3454,-10.2108,-9.0763,-510.542,-397.088,-453.815,-6.80722,-0.170181,-4.53815,-0.0226907,0.6,0.55,0.5,1,0.1,20,19
task:12152,9,0,0,0,1,20,0.9,10,0,127.800,0.500,711
stat:12152,2,1,0,0,7,1,1,1,0,0,1,0,0,16777215
att:5.979,-1.515,127.980
run:12172,5.97943,-0.840993,-0.49643,-196.232,-0.112132,-280.331,-0.560662,-11.2132,-10.0919,-8.9706,-504.596,-392.464,-448.53,-6.72795,-0.168199,-4.4853,-0.0224265,0.6,0.55,0.5,1,0.1,20,19
att:5.968,-1.551,128.160
run:12192,5.9683,-0.83103,-0.615912,-193.907,-0.110804,-277.01,-0.55402,-11.0804,-9.97236,-8.86432,-498.618,-387.814,-443.216,-6.64824,-0.166206,-4.43216,-0.0221608,0.6,0.55,0.5,1,0.1,20,19
att:5.955,-1.586,128.340
run:12212,5.95479,-0.821013,-0.735146,-191.57,-0.109468,-273.671,-0.547342,-10.9468,-9.85216,-8.75748,-492.608,-383.14,-437.874,-6.56811,-0.164203,-4.37874,-0.0218937,0.6,0.55,0.5,1,0.1,20,19
att:5.939,-1.622,128.520
run:12232,5.9389,-0.810944,-0.854087,-189.22,-0.108126,-270.315,-0.54063,-10.8126,-9.73133,-8.65007,-486.567,-378.441,-432.504,-6.48755,-0.162189,-4.32504,-0.0216252,0.6,0.55,0.5,1,0.1,20,19
att:5.921,-1.657,128.700
run:12252,5.92063,-0.800823,-0.972687,-186.859,-0.106776,-266.941,-0.533882,-10.6776,-9.60988,-8.54212,-480.494,-373.718,-427.106,-6.40659,-0.160165,-4.27106,-0.0213553,0.6,0.55,0.5,1,0.1,20,19
att:5.900,-1.692,128.880
run:12272,5.9,-0.790651,-1.0909,-184.485,-0.10542,-263.55,-0.527101,-10.542,-9.48781,-8.43361,-474.391,-368.971,-421.681,-6.32521,-0.15813,-4.21681,-0.021084,0.6,0.55,0.5,1,0.1,20,19
att:5.877,-1.727,129.060
run:12292,5.877,-0.780428,-1.20867,-182.1,-0.104057,-260.143,-0.520286,-10.4057,-9.36514,-8.32457,-468.257,-364.2,-416.228,-6.24343,-0.156086,-4.16228,-0.0208114,0.6,0.55,0.5,1,0.1,20,19
att:5.852,-1.761,129.240
run:12312,5.85165,-0.770156,-1.32596,-179.703,-0.102687,-256.719,-0.513437,-10.2687,-9.24187,-8.21499,-462.093,-359.406,-410.75,-6.16124,-0.154031,-4.1075,-0.0205375,0.6,0.55,0.5,1,0.1,20,19
att:5.824,-1.795,129.420
run:12332,5.82396,-0.759834,-1.44272,-177.294,-0.101311,-253.278,-0.506556,-10.1311,-9.118,-8.10489,-455.9,-354.589,-405.245,-6.07867,-0.151967,-4.05245,-0.0202622,0.6,0.55,0.5,1,0.1,20,19
att:5.794,-1.828,129.600
run:12352,5.79395,-0.749463,-1.5589,-174.875,-0.0999284,-249.821,-0.499642,-9.99284,-8.99355,-7.99427,-449.678,-349.749,-399.714,-5.9957,-0.149893,-3.99714,-0.0199857,0.6,0.55,0.5,1,0.1,20,19
task:12352,9,0,0,0,1,20,0.9,10,0,129.600,0.500,721
stat:12352,2,1,0,0,7,1,1,1,0,0,1,0,0,16777215
att:5.762,-1.861,129.780
run:12372,5.76161,-0.739044,-1.67446,-172.444,-0.0985392,-246.348,-0.492696,-9.85392,-8.86853,-7.88314,-443.427,-344.887,-394.157,-5.91235,-0.147809,-3.94157,-0.0197078,0.6,0.55,0.5,1,0.1,20,19
att:5.727,-1.894,129.960
run:12392,5.72697,-0.728578,-1.78935,-170.002,-0.0971438,-242.859,-0.485719,-9.71438,-8.74294,-7.7715,-437.147,-340.003,-388.575,-5.82863,-0.145716,-3.88575,-0.0194288,0.6,0.55,0.5,1,0.1,20,19
att:5.690,-1.926,130.140
run:12412,5.69004,-0.718066,-1.90353,-167.549,-0.0957421,-239.355,-0.47871,-9.57421,-8.61679,-7.65937,-430.839,-335.097,-382.968,-5.74453,-0.143613,-3.82968,-0.0191484,0.6,0.55,0.5,1,0.1,20,19
att:5.651,-1.958,130.320
run:12432,5.65084,-0.707507,-2.01694,-165.085,-0.0943343,-235.836,-0.471671,-9.43343,-8.49009,-7.54674,-424.504,-330.17,-377.337,-5.66006,-0.141501,-3.77337,-0.0188669,0.6,0.55,0.5,1,0.1,20,19
att:5.609,-1.990,130.500
run:12452,5.60937,-0.696903,-2.12955,-162.611,-0.0929204,-232.301,-0.464602,-9.29204,-8.36284,-7.43363,-418.142,-325.222,-371.682,-5.57523,-0.139381,-3.71682,-0.0185841,0.6,0.55,0.5,1,0.1,20,19
att:5.566,-2.021,130.680
run:12472,5.56566,-0.686255,-2.2413,-160.126,-0.0915006,-228.752,-0.457503,-9.15006,-8.23506,-7.32005,-411.753,-320.252,-366.003,-5.49004,-0.137251,-3.66003,-0.0183001,0.6,0.55,0.5,1,0.1,20,19
att:5.520,-2.052,130.860
att:5.472,-2.082,131.040
att:5.421,-2.112,131.220
run:12532,5.42125,-0.654049,-2.57101,-152.611,-0.0872065,-218.016,-0.436033,-8.72065,-7.84859,-6.97652,-392.429,-305.223,-348.826,-5.23239,-0.13081,-3.48826,-0.0174413,0.6,0.55,0.5,1,0.1,20,19
att:5.369,-2.142,131.400
run:12552,5.36875,-0.643229,-2.67891,-150.087,-0.0857638,-214.41,-0.428819,-8.57638,-7.71875,-6.86111,-385.937,-300.173,-343.055,-5.14583,-0.128646,-3.43055,-0.0171528,0.6,0.55,0.5,1,0.1,20,19
task:12552,9,0,0,0,1,20,0.9,10,0,131.400,0.500,731
stat:12552,2,1,0,0,7,1,1,1,0,0,1,0,0,16777215
att:5.314,-2.171,131.580
run:12572,5.3141,-0.632368,-2.78574,-147.552,-0.0843157,-210.789,-0.421578,-8.43157,-7.58841,-6.74526,-379.421,-295.105,-337.263,-5.05894,-0.126474,-3.37263,-0.0168631,0.6,0.55,0.5,1,0.1,20,19
att:5.257,-2.200,131.760
run:12592,5.25732,-0.621466,-2.89146,-145.009,-0.0828621,-207.155,-0.414311,-8.28621,-7.45759,-6.62897,-372.88,-290.017,-331.449,-4.97173,-0.124293,-3.31449,-0.0165724,0.6,0.55,0.5,1,0.1,20,19
att:5.198,-2.228,131.940
run:12612,5.19845,-0.610525,-2.99602,-142.456,-0.0814033,-203.508,-0.407016,-8.14033,-7.3263,-6.51226,-366.315,-284.912,-325.613,-4.8842,-0.122105,-3.25613,-0.0162807,0.6,0.55,0.5,1,0.1,20,19
att:5.137,-2.256,132.120
run:12632,5.13749,-0.599544,-3.09938,-139.894,-0.0799392,-199.848,-0.399696,-7.99392,-7.19453,-6.39514,-359.727,-279.787,-319.757,-4.79635,-0.119909,-3.19757,-0.0159878,0.6,0.55,0.5,1,0.1,20,19
att:5.074,-2.284,132.300
run:12652,5.07448,-0.588525,-3.20151,-137.323,-0.07847,-196.175,-0.39235,-7.847,-7.0623,-6.2776,-353.115,-274.645,-313.88,-4.7082,-0.117705,-3.1388,-0.015694,0.6,0.55,0.5,1,0.1,20,19
att:5.009,-2.311,132.480
run:12672,5.00944,-0.577469,-3.30235,-134.743,-0.0769958,-192.49,-0.384979,-7.69958,-6.92963,-6.15967,-346.481,-269.485,-307.983,-4.61975,-0.115494,-3.07983,-0.0153992,0.6,0.55,0.5,1,0.1,20,19
att:4.942,-2.337,132.660
run:12692,4.9424,-0.566375,-3.40187,-132.154,-0.0755167,-188.792,-0.377584,-7.55167,-6.7965,-6.04134,-339.825,-264.309,-302.067,-4.531,-0.113275,-3.02067,-0.0151033,0.6,0.55,0.5,1,0.1,20,19
att:4.873,-2.363,132.840
run:12712,4.87337,-0.555246,-3.50003,-129.557,-0.0740328,-185.082,-0.370164,-7.40328,-6.66295,-5.92262,-333.147,-259.115,-296.131,-4.44197,-0.111049,-2.96131,-0.0148066,0.6,0.55,0.5,1,0.1,20,19
att:4.802,-2.389,133.020
att:4.730,-2.414,133.200
run:12752,4.72951,-0.53288,-3.69211,-124.339,-0.0710507,-177.627,-0.355254,-7.10507,-6.39456,-5.68406,-319.728,-248.677,-284.203,-4.26304,-0.106576,-2.84203,-0.0142101,0.6,0.55,0.5,1,0.1,20,19
task:12752,9,0,0,0,1,20,0.9,10,0,133.200,0.500,741
stat:12752,2,1,0,0,7,1,1,1,0,0,1,0,0,16777215
att:4.655,-2.439,133.380
run:12772,4.65473,-0.521646,-3.78596,-121.717,-0.0695528,-173.882,-0.347764,-6.95528,-6.25975,-5.56423,-312.988,-243.435,-278.211,-4.17317,-0.104329,-2.78211,-0.0139106,0.6,0.55,0.5,1,0.1,20,19
att:4.578,-2.463,133.560
run:12792,4.57808,-0.510379,-3.87829,-119.088,-0.0680505,-170.126,-0.340252,-6.80505,-6.12454,-5.44404,-306.227,-238.177,-272.202,-4.08303,-0.102076,-2.72202,-0.0136101,0.6,0.55,0.5,1,0.1,20,19
att:4.500,-2.487,133.740
run:12812,4.49961,-0.499078,-3.96907,-116.452,-0.0665438,-166.359,-0.332719,-6.65438,-5.98894,-5.3235,-299.447,-232.903,-266.175,-3.99263,-0.0998157,-2.66175,-0.0133088,0.6,0.55,0.5,1,0.1,20,19
att:4.419,-2.510,133.920
run:12832,4.41933,-0.487746,-4.05826,-113.807,-0.0650328,-162.582,-0.325164,-6.50328,-5.85295,-5.20263,-292.648,-227.615,-260.131,-3.90197,-0.0975492,-2.60131,-0.0130066,0.6,0.55,0.5,1,0.1,20,19
att:4.337,-2.533,134.100
att:4.254,-2.555,134.280
run:12872,4.25351,-0.464989,-4.23174,-108.497,-0.0619985,-154.996,-0.309993,-6.19985,-5.57987,-4.95988,-278.993,-216.995,-247.994,-3.71991,-0.0929978,-2.47994,-0.0123997,0.6,0.55,0.5,1,0.1,20,19
att:4.168,-2.577,134.460
run:12892,4.16803,-0.453565,-4.31596,-105.832,-0.0604754,-151.188,-0.302377,-6.04754,-5.44278,-4.83803,-272.139,-211.664,-241.902,-3.62852,-0.0907131,-2.41902,-0.0120951,0.6,0.55,0.5,1,0.1,20,19
att:4.081,-2.598,134.640
run:12912,4.08088,-0.442113,-4.39845,-103.16,-0.0589484,-147.371,-0.294742,-5.89484,-5.30535,-4.71587,-265.268,-206.319,-235.793,-3.5369,-0.0884225,-2.35793,-0.0117897,0.6,0.55,0.5,1,0.1,20,19
att:3.992,-2.619,134.820
run:12932,3.9921,-0.430632,-4.47919,-100.481,-0.0574176,-143.544,-0.287088,-5.74176,-5.16758,-4.59341,-258.379,-200.961,-229.67,-3.44505,-0.0861264,-2.2967,-0.0114835,0.6,0.55,0.5,1,0.1,20,19
att:3.902,-2.639,135.000
run:12952,3.90173,-0.419123,-4.55813,-97.7954,-0.0558831,-139.708,-0.279415,-5.58831,-5.02948,-4.47065,-251.474,-195.591,-223.532,-3.35299,-0.0838246,-2.23532,-0.0111766,0.6,0.55,0.5,1,0.9,180,23
task:12952,9,0,0,0,1,180,0.9,10,0,135.000,0.500,751
stat:12952,2,1,0,0,7,1,1,1,0,0,1,0,0,16777215
att:3.810,-2.659,135.180
run:12972,3.80979,-0.407588,-4.63525,-95.1038,-0.0543451,-135.863,-0.271725,-5.43451,-4.89105,-4.3476,-244.553,-190.208,-217.38,-3.2607,-0.0815176,-2.1738,-0.010869,0.6,0.55,0.5,1,0.9,180,23
att:3.716,-2.678,135.360
run:12992,3.71633,-0.396026,-4.71051,-92.4062,-0.0528035,-132.009,-0.264018,-5.28035,-4.75232,-4.22428,-237.616,-184.812,-211.214,-3.16821,-0.0792053,-2.11214,-0.0105607,0.6,0.55,0.5,1,0.9,180,23
noise from radio
att:NaN,1,2
att:3.621,-2.697,135.540
run:13012,3.62138,-0.38444,-4.78389,-89.7026,-0.0512586,-128.147,-0.256293,-5.12586,-4.61328,-4.10069,-230.664,-179.405,-205.035,-3.07552,-0.0768879,-2.05035,-0.0102517,0.6,0.55,0.5,1,0.9,180,23
att:3.525,-2.715,135.720
run:13032,3.52499,-0.372828,-4.85535,-86.9933,-0.0497104,-124.276,-0.248552,-4.97104,-4.47394,-3.97684,-223.697,-173.987,-198.842,-2.98263,-0.0745657,-1.98842,-0.00994209,0.6,0.55,0.5,1,0.9,180,23
att:3.427,-2.732,135.900
run:13052,3.42718,-0.361193,-4.92488,-84.2784,-0.0481591,-120.398,-0.240795,-4.81591,-4.33432,-3.85273,-216.716,-168.557,-192.636,-2.88955,-0.0722386,-1.92636,-0.00963182,0.6,0.55,0.5,1,0.9,180,23
att:3.328,-2.749,136.080
att:3.227,-2.766,136.260
run:13092,3.2275,-0.337854,-5.05799,-78.8326,-0.0450472,-112.618,-0.225236,-4.50472,-4.05425,-3.60378,-202.712,-157.665,-180.189,-2.70283,-0.0675708,-1.80189,-0.00900944,0.6,0.55,0.5,1,0.9,180,23
att:3.126,-2.782,136.440
run:13112,3.1257,-0.326152,-5.12152,-76.1021,-0.0434869,-108.717,-0.217434,-4.34869,-3.91382,-3.47895,-195.691,-152.204,-173.948,-2.60921,-0.0652303,-1.73948,-0.00869738,0.6,0.55,0.5,1,0.9,180,23
att:3.023,-2.797,136.620
run:13132,3.02265,-0.314429,-5.18301,-73.3667,-0.0419238,-104.81,-0.209619,-4.19238,-3.77314,-3.3539,-188.657,-146.733,-167.695,-2.51543,-0.0628857,-1.67695,-0.00838476,0.6,0.55,0.5,1,0.9,180,23
att:2.918,-2.812,136.800
run:13152,2.91839,-0.302685,-5.24242,-70.6265,-0.040358,-100.895,-0.20179,-4.0358,-3.63222,-3.22864,-181.611,-141.253,-161.432,-2.42148,-0.060537,-1.61432,-0.00807161,0.6,0.55,0.5,1,0.9,180,23
task:13152,9,0,0,0,1,180,0.9,10,0,136.800,0.500,761
stat:13152,2,1,0,0,7,1,1,1,0,0,1,0,0,16777215
att:2.813,-2.827,136.980
run:13172,2.81297,-0.290922,-5.29974,-67.8819,-0.0387897,-96.9742,-0.193948,-3.87897,-3.49107,-3.10317,-174.553,-135.764,-155.159,-2.32738,-0.0581845,-1.55159,-0.00775793,0.6,0.55,0.5,1,0.9,180,23
att:2.706,-2.840,137.160
run:13192,2.70642,-0.279141,-5.35493,-65.1329,-0.0372188,-93.0471,-0.186094,-3.72188,-3.34969,-2.97751,-167.485,-130.266,-148.875,-2.23313,-0.0558282,-1.48875,-0.00744376,0.6,0.55,0.5,1,0.9,180,23
att:2.599,-2.854,137.340
att:2.490,-2.866,137.520
run:13232,2.49011,-0.255526,-5.45888,-59.6227,-0.0340701,-85.1752,-0.17035,-3.40701,-3.06631,-2.72561,-153.315,-119.245,-136.28,-2.04421,-0.0511051,-1.3628,-0.00681402,0.6,0.55,0.5,1,0.9,180,23
att:2.380,-2.879,137.700
run:13252,2.38044,-0.243693,-5.50758,-56.8617,-0.0324924,-81.231,-0.162462,-3.24924,-2.92432,-2.59939,-146.216,-113.723,-129.97,-1.94954,-0.0487386,-1.2997,-0.00649848,0.6,0.55,0.5,1,0.9,180,23
att:2.270,-2.890,137.880
run:13272,2.26982,-0.231845,-5.55409,-54.0971,-0.0309126,-77.2816,-0.154563,-3.09126,-2.78214,-2.47301,-139.107,-108.194,-123.651,-1.85476,-0.046369,-1.23651,-0.00618253,0.6,0.55,0.5,1,0.9,180,23
att:2.158,-2.901,138.060
att:2.046,-2.911,138.240
att:1.933,-2.921,138.420
att:1.819,-2.931,138.600
run:13352,1.81871,-0.184311,-5.71772,-43.0059,-0.0245748,-61.437,-0.122874,-2.45748,-2.21173,-1.96598,-110.587,-86.0118,-98.2992,-1.47449,-0.0368622,-0.982992,-0.00491496,0.6,0.55,0.5,1,0.9,180,23
task:13352,9,0,0,0,1,180,0.9,10,0,138.600,0.500,771
stat:13352,2,1,0,0,7,1,1,1,0,0,1,0,0,16777215
att:1.704,-2.939,138.780
run:13372,1.704,-0.172396,-5.75295,-40.2258,-0.0229862,-57.4654,-0.114931,-2.29862,-2.06875,-1.83889,-103.438,-80.4515,-91.9446,-1.37917,-0.0344792,-0.919446,-0.00459723,0.6,0.55,0.5,1,0.9,180,23
att:1.589,-2.947,138.960
run:13392,1.58861,-0.16047,-5.78587,-37.4431,-0.021396,-53.4901,-0.10698,-2.1396,-1.92564,-1.71168,-96.2822,-74.8861,-85.5842,-1.28376,-0.0320941,-0.855842,-0.00427921,0.6,0.55,0.5,1,0.9,180,23
att:1.473,-2.955,139.140
run:13412,1.47258,-0.148534,-5.81649,-34.658,-0.0198046,-49.5114,-0.0990228,-1.98046,-1.78241,-1.58436,-89.1205,-69.3159,-79.2182,-1.18827,-0.0297068,-0.792182,-0.00396091,0.6,0.55,0.5,1,0.9,180,23
att:1.356,-2.962,139.320
run:13432,1.35596,-0.136588,-5.84477,-31.8706,-0.0182118,-45.5295,-0.091059,-1.82118,-1.63906,-1.45694,-81.9531,-63.7413,-72.8472,-1.09271,-0.0273177,-0.728472,-0.00364236,0.6,0.55,0.5,1,0.9,180,23
att:1.239,-2.968,139.500
run:13452,1.2388,-0.124634,-5.87072,-29.0813,-0.0166179,-41.5447,-0.0830894,-1.66179,-1.49561,-1.32943,-74.7805,-58.1626,-66.4715,-0.997073,-0.0249268,-0.664715,-0.00332358,0.6,0.55,0.5,1,0.9,180,23
att:1.121,-2.974,139.680
run:13472,1.12115,-0.112672,-5.89432,-26.2901,-0.0150229,-37.5572,-0.0751145,-1.50229,-1.35206,-1.20183,-67.603,-52.5801,-60.0916,-0.901374,-0.0225343,-0.600916,-0.00300458,0.6,0.55,0.5,1,0.9,180,23
att:1.003,-2.979,139.860
run:13492,1.00305,-0.100702,-5.91556,-23.4972,-0.013427,-33.5674,-0.0671348,-1.3427,-1.20843,-1.07416,-60.4213,-46.9943,-53.7078,-0.805617,-0.0201404,-0.537078,-0.00268539,0.6,0.55,0.5,1,0.9,180,23
att:0.885,-2.984,140.040
run:13512,0.884544,-0.0887261,-5.93444,-20.7028,-0.0118302,-29.5754,-0.0591508,-1.18302,-1.06471,-0.946412,-53.2357,-41.4055,-47.3206,-0.709809,-0.0177452,-0.473206,-0.00236603,0.6,0.55,0.5,1,0.9,180,23
att:0.766,-2.988,140.220
run:13532,0.765686,-0.0767444,-5.95094,-17.907,-0.0102326,-25.5815,-0.051163,-1.02326,-0.920933,-0.818607,-46.0467,-35.8141,-40.9304,-0.613956,-0.0153489,-0.409304,-0.00204652,0.6,0.55,0.5,1,0.9,180,23
att:0.647,-2.991,140.400
run:13552,0.646522,-0.0647578,-5.96507,-15.1102,-0.00863438,-21.5859,-0.0431719,-0.863438,-0.777094,-0.69075,-38.8547,-30.2203,-34.5375,-0.518063,-0.0129516,-0.345375,-0.00172688,0.6,0.55,0.5,1,0.9,180,23
task:13552,9,0,0,0,1,180,0.9,10,0,140.400,0.500,781
stat:13552,2,1,0,0,7,1,1,1,0,0,1,0,0,16777215
att:0.527,-2.994,140.580
run:13572,0.527099,-0.0527671,-5.9768,-12.3123,-0.00703561,-17.589,-0.035178,-0.703561,-0.633205,-0.562849,-31.6602,-24.6246,-28.1424,-0.422137,-0.0105534,-0.281424,-0.00140712,0.6,0.55,0.5,1,0.9,180,23
att:0.407,-2.997,140.760
att:0.288,-2.998,140.940
run:13612,0.287669,-0.0287762,-5.9931,-6.71445,-0.00383683,-9.59207,-0.0191841,-0.383683,-0.345314,-0.306946,-17.2657,-13.4289,-15.3473,-0.23021,-0.00575524,-0.153473,-0.000767365,0.6,0.55,0.5,1,0.9,180,23
att:0.168,-2.999,141.120
run:13632,0.167758,-0.0167776,-5.99765,-3.91478,-0.00223701,-5.59254,-0.0111851,-0.223701,-0.201331,-0.178961,-10.0666,-7.82955,-8.94806,-0.134221,-0.00335552,-0.0894806,-0.000447403,0.6,0.55,0.5,1,0.9,180,23
att:0.048,-3.000,141.300
run:13652,0.0477791,-0.00477795,-5.99981,-1.11486,-0.00063706,-1.59265,-0.0031853,-0.063706,-0.0573354,-0.0509648,-2.86677,-2.22971,-2.54824,-0.0382236,-0.000955591,-0.0254824,-0.000127412,0.6,0.55,0.5,1,0.9,180,23
att:-0.072,-3.000,141.480
run:13672,-0.0722186,0.00722201,-5.99957,1.68514,0.000962935,2.40734,0.00481467,0.0962935,0.0866641,0.0770348,4.33321,3.37027,3.85174,0.0577761,0.0014444,0.0385174,0.000192587,0.6,0.55,0.5,1,0.9,180,23
att:-0.192,-2.999,141.660
att:-0.312,-2.998,141.840
run:13712,-0.31208,0.0312198,-5.99188,7.28462,0.00416264,10.4066,0.0208132,0.416264,0.374637,0.333011,18.7319,14.5692,16.6506,0.249758,0.00624396,0.166506,0.000832528,0.6,0.55,0.5,1,0.9,180,23
att:-0.432,-2.996,142.020
run:13732,-0.431847,0.0432161,-5.98444,10.0837,0.00576214,14.4054,0.0288107,0.576214,0.518593,0.460971,25.9296,20.1675,23.0486,0.345728,0.00864321,0.230486,0.00115243,0.6,0.55,0.5,1,0.9,180,23
att:-0.551,-2.994,142.200
run:13752,-0.551441,0.0552096,-5.97461,12.8822,0.00736128,18.4032,0.0368064,0.736128,0.662515,0.588902,33.1257,25.7645,29.4451,0.441677,0.0110419,0.294451,0.00147226,0.6,0.55,0.5,1,0.9,180,23
task:13752,9,0,0,0,1,180,0.9,10,0,142.200,0.500,791
stat:13752,2,1,0,0,7,1,1,1,0,0,1,0,0,16777215
att:-0.671,-2.991,142.380
run:13772,-0.670815,0.0671995,-5.96238,15.6799,0.00895994,22.3998,0.0447997,0.895994,0.806394,0.716795,40.3197,31.3598,35.8398,0.537596,0.0134399,0.358398,0.00179199,0.6,0.55,0.5,1,0.9,180,23
att:-0.790,-2.987,142.560
run:13792,-0.789921,0.0791852,-5.94777,18.4765,0.010558,26.3951,0.0527901,1.0558,0.950223,0.844642,47.5111,36.9531,42.2321,0.633482,0.015837,0.422321,0.00211161,0.6,0.55,0.5,1,0.9,180,23
att:-0.909,-2.983,142.740
run:13812,-0.90871,0.0911658,-5.93079,21.272,0.0121554,30.3886,0.0607772,1.21554,1.09399,0.972435,54.6995,42.544,48.6218,0.729327,0.0182332,0.486218,0.00243109,0.6,0.55,0.5,1,0.9,180,23
att:-1.027,-2.978,142.920
run:13832,-1.02714,0.103141,-5.91143,24.0661,0.0137521,34.3802,0.0687604,1.37521,1.23769,1.10017,61.8844,48.1323,55.0083,0.825125,0.0206281,0.550083,0.00275042,0.6,0.55,0.5,1,0.9,180,23
att:-1.145,-2.973,143.100
run:13852,-1.14515,0.115109,-5.88971,26.8587,0.0153478,38.3696,0.0767392,1.53478,1.38131,1.22783,69.0653,53.7174,61.3913,0.92087,0.0230218,0.613913,0.00306957,0.6,0.55,0.5,1,0.9,180,23
att:-1.263,-2.967,143.280
run:13872,-1.26271,0.12707,-5.86563,29.6496,0.0169426,42.3565,0.084713,1.69426,1.52483,1.35541,76.2417,59.2991,67.7704,1.01656,0.0254139,0.677704,0.00338852,0.6,0.55,0.5,1,0.9,180,23
att:-1.380,-2.961,143.460
run:13892,-1.37976,0.139022,-5.8392,32.4385,0.0185363,46.3407,0.0926815,1.85363,1.66827,1.4829,83.4133,64.877,74.1452,1.11218,0.0278044,0.741452,0.00370726,0.6,0.55,0.5,1,0.9,180,23
att:-1.496,-2.953,143.640
run:13912,-1.49626,0.150966,-5.81044,35.2254,0.0201288,50.322,0.100644,2.01288,1.81159,1.6103,90.5796,70.4508,80.5152,1.20773,0.0301932,0.805152,0.00402576,0.6,0.55,0.5,1,0.9,180,23
att:-1.612,-2.946,143.820
run:13932,-1.61216,0.1629,-5.77935,38.01,0.02172,54.3,0.1086,2.172,1.9548,1.7376,97.7401,76.0201,86.8801,1.3032,0.03258,0.868801,0.004344,0.6,0.55,0.5,1,0.9,180,23
noise from radio
att:NaN,1,2
att:-1.727,-2.938,144.000
run:13952,-1.72742,0.174824,-5.74596,40.7922,0.0233098,58.2746,0.116549,2.33098,2.09789,1.86479,104.894,81.5844,93.2394,1.39859,0.0349648,0.932394,0.00466197,0.6,0.55,0.5,1,0.9,180,23
taskevt:11,13952,9,10,0,0,1
task:13952,10,0,0,0,1,180,0.9,11,0,144.000,0.500,801
stat:13952,2,1,0,0,7,1,1,1,0,0,1,0,0,16777215
att:-1.842,-2.929,144.180
run:13972,-1.84199,0.186736,-5.71026,43.5718,0.0248982,62.2454,0.124491,2.48982,2.24084,1.99185,112.042,87.1436,99.5927,1.49389,0.0373473,0.995927,0.00497963,0.6,0.55,0.5,1,0.9,180,23
att:-1.956,-2.919,144.360
run:13992,-1.95582,0.198637,-5.67228,46.3486,0.0264849,66.2123,0.132425,2.64849,2.38364,2.11879,119.182,92.6972,105.94,1.58909,0.0397274,1.0594,0.00529698,0.6,0.55,0.5,1,0.9,180,23
att:-2.069,-2.909,144.540
run:14011,-2.06886,0.210525,-5.63203,49.1224,0.02807,70.1749,0.14035,2.807,2.5263,2.2456,126.315,98.2449,112.28,1.6842,0.0421049,1.1228,0.00561399,0.6,0.55,0.5,1,0.9,180,23
att:-2.181,-2.899,144.720
run:14032,-2.18108,0.222399,-5.58953,51.8931,0.0296532,74.133,0.148266,2.96532,2.66879,2.37226,133.439,103.786,118.613,1.77919,0.0444798,1.18613,0.00593064,0.6,0.55,0.5,1,0.9,180,23
att:-2.292,-2.888,144.900
run:14052,-2.29243,0.234259,-5.5448,54.6605,0.0312346,78.0864,0.156173,3.12346,2.81111,2.49876,140.556,109.321,124.938,1.87407,0.0468518,1.24938,0.00624691,0.6,0.55,0.5,1,0.9,180,23
att:-2.403,-2.876,145.080
run:14072,-2.40286,0.246104,-5.49784,57.4243,0.0328139,82.0348,0.16407,3.28139,2.95325,2.62511,147.663,114.849,131.256,1.96883,0.0492209,1.31256,0.00656278,0.6,0.55,0.5,1,0.9,180,23
att:-2.512,-2.864,145.260
att:-2.621,-2.851,145.440
run:14112,-2.62079,0.269747,-5.39736,62.9409,0.0359662,89.9155,0.179831,3.59662,3.23696,2.8773,161.848,125.882,143.865,2.15797,0.0539493,1.43865,0.00719324,0.6,0.55,0.5,1,0.9,180,23
att:-2.728,-2.838,145.620
run:14132,-2.72821,0.281542,-5.34386,65.6932,0.037539,93.8474,0.187695,3.7539,3.37851,3.00312,168.925,131.386,150.156,2.25234,0.0563084,1.50156,0.00750779,0.6,0.55,0.5,1,0.9,180,23
att:-2.835,-2.824,145.800
run:14152,-2.83453,0.29332,-5.28823,68.4413,0.0391093,97.7733,0.195547,3.91093,3.51984,3.12874,175.992,136.883,156.437,2.34656,0.058664,1.56437,0.00782186,0.6,0.55,0.5,1,0.9,180,23
task:14152,10,0,0,0,1,180,0.9,11,0,145.800,0.500,811
stat:14152,2,1,0,0,7,1,1,1,0,0,1,0,0,16777215
att:-2.940,-2.809,145.980
att:-3.044,-2.794,146.160
att:-3.147,-2.779,146.340
run:14212,-3.14654,0.328537,-5.10875,76.6586,0.0438049,109.512,0.219025,4.38049,3.94244,3.50439,197.122,153.317,175.22,2.6283,0.0657074,1.7522,0.00876098,0.6,0.55,0.5,1,0.9,180,23
att:-3.248,-2.763,146.520
run:14232,-3.24807,0.340235,-5.0448,79.3881,0.0453647,113.412,0.226823,4.53647,4.08282,3.62917,204.141,158.776,181.459,2.72188,0.068047,1.81459,0.00907293,0.6,0.55,0.5,1,0.9,180,23
att:-3.348,-2.746,146.700
run:14252,-3.34831,0.351911,-4.97883,82.1126,0.0469215,117.304,0.234607,4.69215,4.22293,3.75372,211.147,164.225,187.686,2.81529,0.0703822,1.87686,0.0093843,0.6,0.55,0.5,1,0.9,180,23
att:-3.447,-2.729,146.880
run:14272,-3.44721,0.363565,-4.91088,84.8318,0.0484753,121.188,0.242377,4.84753,4.36278,3.87802,218.139,169.664,193.901,2.90852,0.072713,1.93901,0.00969506,0.6,0.55,0.5,1,0.9,180,23
att:-3.545,-2.711,147.060
run:14292,-3.54474,0.375195,-4.84096,87.5456,0.050026,125.065,0.25013,5.0026,4.50234,4.00208,225.117,175.091,200.104,3.00156,0.075039,2.00104,0.0100052,0.6,0.55,0.5,1,0.9,180,23
att:-3.641,-2.693,147.240
run:14312,-3.64084,0.386802,-4.7691,90.2537,0.0515736,128.934,0.257868,5.15736,4.64162,4.12588,232.081,180.507,206.294,3.09441,0.0773603,2.06294,0.0103147,0.6,0.55,0.5,1,0.9,180,23
att:-3.735,-2.674,147.420
run:14331,-3.73549,0.398383,-4.69533,92.9561,0.0531178,132.794,0.265589,5.31178,4.7806,4.24942,239.03,185.912,212.471,3.18707,0.0796767,2.12471,0.0106236,0.6,0.55,0.5,1,0.9,180,23
att:-3.829,-2.655,147.600
run:14352,-3.82864,0.409939,-4.61969,95.6525,0.0546586,136.646,0.273293,5.46586,4.91927,4.37269,245.964,191.305,218.634,3.27952,0.0819879,2.18634,0.0109317,0.6,0.55,0.5,1,0.9,180,23
task:14352,10,0,0,0,1,180,0.9,11,0,147.600,0.500,821
stat:14352,2,1,0,0,7,1,1,1,0,0,1,0,0,16777215
att:-3.920,-2.635,147.780
run:14372,-3.92026,0.421469,-4.5422,98.3429,0.0561959,140.49,0.28098,5.61959,5.05763,4.49567,252.882,196.686,224.784,3.37176,0.0842939,2.24784,0.0112392,0.6,0.55,0.5,1,0.9,180,23
att:-4.010,-2.615,147.960
run:14392,-4.01032,0.432972,-4.46289,101.027,0.0577297,144.324,0.288648,5.77297,5.19567,4.61837,259.783,202.054,230.919,3.46378,0.0865945,2.30919,0.0115459,0.6,0.55,0.5,1,0.9,180,23
att:-4.099,-2.594,148.140
run:14412,-4.09877,0.444448,-4.38179,103.704,0.0592597,148.149,0.296298,5.92597,5.33337,4.74077,266.669,207.409,237.039,3.55558,0.0888895,2.37039,0.0118519,0.6,0.55,0.5,1,0.9,180,23
att:-4.186,-2.572,148.320
run:14432,-4.18558,0.455894,-4.29895,106.375,0.0607859,151.965,0.30393,6.07859,5.47073,4.86287,273.537,212.751,243.144,3.64716,0.0911789,2.43144,0.0121572,0.6,0.55,0.5,1,0.9,180,23
att:-4.271,-2.551,148.500
run:14452,-4.27071,0.467312,-4.21438,109.039,0.0623083,155.771,0.311541,6.23083,5.60774,4.98466,280.387,218.079,249.233,3.7385,0.0934624,2.49233,0.0124617,0.6,0.55,0.5,1,0.9,180,23
att:-4.354,-2.528,148.680
run:14472,-4.35414,0.4787,-4.12813,111.697,0.0638266,159.567,0.319133,6.38266,5.7444,5.10613,287.22,223.393,255.307,3.8296,0.09574,2.55307,0.0127653,0.6,0.55,0.5,1,0.9,180,23
att:-4.436,-2.505,148.860
run:14492,-4.43583,0.490057,-4.04023,114.347,0.0653409,163.352,0.326705,6.53409,5.88068,5.22727,294.034,228.693,261.364,3.92045,0.0980114,2.61364,0.0130682,0.6,0.55,0.5,1,0.9,180,23
att:-4.516,-2.482,149.040
run:14512,-4.51574,0.501383,-3.95071,116.989,0.066851,167.128,0.334255,6.6851,6.01659,5.34808,300.83,233.979,267.404,4.01106,0.100277,2.67404,0.0133702,0.6,0.55,0.5,1,0.9,180,23
att:-4.594,-2.458,149.220
run:14532,-4.59384,0.512676,-3.85961,119.624,0.0683568,170.892,0.341784,6.83568,6.15211,5.46855,307.606,239.249,273.427,4.10141,0.102535,2.73427,0.0136714,0.6,0.55,0.5,1,0.9,180,23
att:-4.670,-2.434,149.400
run:14552,-4.67011,0.523937,-3.76697,122.252,0.0698583,174.646,0.349291,6.98583,6.28724,5.58866,314.362,244.504,279.433,4.1915,0.104787,2.79433,0.0139717,0.6,0.55,0.5,1,0.9,180,23
task:14552,10,0,0,0,1,180,0.9,11,0,149.400,0.500,831
stat:14552,2,1,0,0,7,1,1,1,0,0,1,0,0,16777215
att:-4.745,-2.409,149.580
run:14572,-4.74451,0.535164,-3.67282,124.872,0.0713552,178.388,0.356776,7.13552,6.42197,5.70842,321.099,249.743,285.421,4.28131,0.107033,2.85421,0.014271,0.6,0.55,0.5,1,0.9,180,23
att:-4.817,-2.384,149.760
run:14592,-4.81702,0.546357,-3.5772,127.483,0.0728476,182.119,0.364238,7.28476,6.55629,5.82781,327.814,254.967,291.391,4.37086,0.109271,2.91391,0.0145695,0.6,0.55,0.5,1,0.9,180,23
att:-4.888,-2.358,149.940
run:14612,-4.88759,0.557515,-3.48015,130.087,0.0743354,185.838,0.371677,7.43354,6.69018,5.94683,334.509,260.174,297.342,4.46012,0.111503,2.97342,0.0148671,0.6,0.55,0.5,1,0.9,180,23
att:-4.956,-2.332,150.120
run:14632,-4.95621,0.568638,-3.38171,132.682,0.0758184,189.546,0.379092,7.58184,6.82365,6.06547,341.183,265.364,303.273,4.5491,0.113728,3.03273,0.0151637,0.6,0.55,0.5,1,0.9,180,23
att:-5.023,-2.305,150.300
run:14652,-5.02285,0.579724,-3.28192,135.269,0.0772965,193.241,0.386483,7.72965,6.95669,6.18372,347.834,270.538,309.186,4.63779,0.115945,3.09186,0.0154593,0.6,0.55,0.5,1,0.9,180,23
att:-5.087,-2.278,150.480
run:14672,-5.08748,0.590773,-3.18081,137.847,0.0787697,196.924,0.393848,7.87697,7.08927,6.30157,354.464,275.694,315.079,4.72618,0.118155,3.15079,0.0157539,0.6,0.55,0.5,1,0.9,180,23
att:-5.150,-2.251,150.660
run:14692,-5.15007,0.601784,-3.07843,140.416,0.0802378,200.595,0.401189,8.02378,7.2214,6.41903,361.07,280.832,320.951,4.81427,0.120357,3.20951,0.0160476,0.6,0.55,0.5,1,0.9,180,23
att:-5.211,-2.223,150.840
run:14712,-5.21061,0.612756,-2.97482,142.976,0.0817008,204.252,0.408504,8.17008,7.35308,6.53607,367.654,285.953,326.803,4.90205,0.122551,3.26803,0.0163402,0.6,0.55,0.5,1,0.9,180,23
att:-5.269,-2.194,151.020
run:14732,-5.26906,0.62369,-2.87002,145.528,0.0831586,207.897,0.415793,8.31586,7.48428,6.65269,374.214,291.055,332.634,4.98952,0.124738,3.32634,0.0166317,0.6,0.55,0.5,1,0.9,180,23
att:-5.325,-2.165,151.200
run:14752,-5.3254,0.634583,-2.76407,148.069,0.0846111,211.528,0.423055,8.46111,7.615,6.76889,380.75,296.139,338.444,5.07666,0.126917,3.38444,0.0169222,0.6,0.55,0.5,1,0.9,180,23
task:14752,10,0,0,0,1,180,0.9,11,0,151.200,0.500,841
stat:14752,2,1,0,0,7,1,1,1,0,0,1,0,0,16777215
att:-5.380,-2.136,151.380
run:14772,-5.37961,0.645436,-2.65702,150.602,0.0860581,215.145,0.430291,8.60581,7.74523,6.88465,387.262,301.203,344.232,5.16349,0.129087,3.44232,0.0172116,0.6,0.55,0.5,1,0.9,180,23
att:-5.432,-2.106,151.560
run:14792,-5.43168,0.656247,-2.5489,153.124,0.0874997,218.749,0.437498,8.74997,7.87497,6.99997,393.748,306.249,349.999,5.24998,0.131249,3.49999,0.0174999,0.6,0.55,0.5,1,0.9,180,23
att:-5.482,-2.076,151.740
run:14812,-5.48156,0.667017,-2.43977,155.637,0.0889356,222.339,0.444678,8.89356,8.0042,7.11485,400.21,311.275,355.742,5.33614,0.133403,3.55742,0.0177871,0.6,0.55,0.5,1,0.9,180,23
att:-5.529,-2.046,151.920
run:14832,-5.52926,0.677744,-2.32965,158.14,0.0903658,225.915,0.451829,9.03658,8.13293,7.22927,406.646,316.28,361.463,5.42195,0.135549,3.61463,0.0180732,0.6,0.55,0.5,1,0.9,180,23
att:-5.575,-2.015,152.100
run:14852,-5.57474,0.688427,-2.21861,160.633,0.0917903,229.476,0.458951,9.17903,8.26113,7.34322,413.056,321.266,367.161,5.50742,0.137685,3.67161,0.0183581,0.6,0.55,0.5,1,0.9,180,23
att:-5.618,-1.983,152.280
run:14872,-5.618,0.699067,-2.10668,163.116,0.0932089,233.022,0.466044,9.32089,8.3888,7.45671,419.44,326.231,372.836,5.59253,0.139813,3.72836,0.0186418,0.6,0.55,0.5,1,0.9,180,23
noise from radio
att:NaN,1,2
att:-5.659,-1.952,152.460
run:14892,-5.65901,0.709661,-1.9939,165.588,0.0946215,236.554,0.473108,9.46215,8.51594,7.56972,425.797,331.175,378.486,5.67729,0.141932,3.78486,0.0189243,0.6,0.55,0.5,1,0.9,180,23
att:-5.698,-1.920,152.640
run:14912,-5.69775,0.720211,-1.88033,168.049,0.0960281,240.07,0.48014,9.60281,8.64253,7.68225,432.126,336.098,384.112,5.76168,0.144042,3.84112,0.0192056,0.6,0.55,0.5,1,0.9,180,23
att:-5.734,-1.887,152.820
run:14932,-5.73421,0.730714,-1.76601,170.5,0.0974285,243.571,0.487142,9.74285,8.76856,7.79428,438.428,341,389.714,5.84571,0.146143,3.89714,0.0194857,0.6,0.55,0.5,1,0.9,180,23
att:-5.768,-1.854,153.000
run:14952,-5.76838,0.74117,-1.65098,172.94,0.0988227,247.057,0.494113,9.88227,8.89404,7.90581,444.702,345.879,395.291,5.92936,0.148234,3.95291,0.0197645,0.6,0.55,0.5,1,0.9,180,23
task:14952,10,0,0,0,1,180,0.9,11,0,153.000,0.500,851
stat:14952,2,1,0,0,7,1,1,1,0,0,1,0,0,16777215
att:-5.800,-1.821,153.180
run:14972,-5.80025,0.751579,-1.53529,175.368,0.100211,250.526,0.501053,10.0211,9.01895,8.01684,450.947,350.737,400.842,6.01263,0.150316,4.00842,0.0200421,0.6,0.55,0.5,1,0.9,180,23
att:-5.830,-1.788,153.360
run:14992,-5.82979,0.76194,-1.41899,177.786,0.101592,253.98,0.50796,10.1592,9.14328,8.12736,457.164,355.572,406.368,6.09552,0.152388,4.06368,0.0203184,0.6,0.55,0.5,1,0.9,180,23
att:-5.857,-1.754,153.540
run:15012,-5.857,0.772252,-1.30211,180.192,0.102967,257.417,0.514835,10.2967,9.26702,8.23735,463.351,360.384,411.868,6.17802,0.15445,4.11868,0.0205934,0.6,0.55,0.5,1,0.9,180,23
att:-5.882,-1.720,153.720
run:15032,-5.88187,0.782515,-1.18472,182.587,0.104335,260.838,0.521676,10.4335,9.39017,8.34682,469.509,365.173,417.341,6.26012,0.156503,4.17341,0.0208671,0.6,0.55,0.5,1,0.9,180,23
att:-5.904,-1.685,153.900
run:15052,-5.90439,0.792727,-1.06685,184.97,0.105697,264.242,0.528485,10.5697,9.51273,8.45576,475.636,369.939,422.788,6.34182,0.158545,4.22788,0.0211394,0.6,0.55,0.5,1,0.9,180,23
att:-5.925,-1.650,154.080
att:-5.942,-1.615,154.260
run:15092,-5.94233,0.812999,-0.829888,189.7,0.1084,271,0.542,10.84,9.75599,8.67199,487.8,379.4,433.6,6.504,0.1626,4.336,0.02168,0.6,0.55,0.5,1,0.9,180,23
att:-5.958,-1.579,154.440
run:15112,-5.95774,0.823058,-0.710884,192.047,0.109741,274.353,0.548705,10.9741,9.87669,8.77928,493.835,384.094,438.964,6.58446,0.164612,4.38964,0.0219482,0.6,0.55,0.5,1,0.9,180,23
att:-5.971,-1.543,154.620
run:15132,-5.97076,0.833064,-0.591595,194.381,0.111075,277.688,0.555376,11.1075,9.99676,8.88601,499.838,388.763,444.301,6.66451,0.166613,4.44301,0.022215,0.6,0.55,0.5,1,0.9,180,23
att:-5.981,-1.507,154.800
run:15152,-5.9814,0.843016,-0.472069,196.704,0.112402,281.005,0.562011,11.2402,10.1162,8.99217,505.81,393.407,449.609,6.74413,0.168603,4.49609,0.0224804,0.6,0.55,0.5,1,0.9,180,23
task:15152,10,0,0,0,1,180,0.9,11,0,154.800,0.500,861
stat:15152,2,1,0,0,7,1,1,1,0,0,1,0,0,16777215
att:-5.990,-1.471,154.980
run:15172,-5.98964,0.852914,-0.352355,199.013,0.113722,284.305,0.56861,11.3722,10.235,9.09775,511.749,398.027,454.888,6.82332,0.170583,4.54888,0.0227444,0.6,0.55,0.5,1,0.9,180,23
att:-5.995,-1.434,155.160
run:15192,-5.99549,0.862758,-0.232499,201.31,0.115034,287.586,0.575172,11.5034,10.3531,9.20276,517.655,402.621,460.138,6.90207,0.172552,4.60138,0.0230069,0.6,0.55,0.5,1,0.9,180,23
att:-5.999,-1.397,155.340
run:15212,-5.99894,0.872547,-0.112551,203.594,0.11634,290.849,0.581698,11.634,10.4706,9.30717,523.528,407.189,465.358,6.98038,0.174509,4.65358,0.0232679,0.6,0.55,0.5,1,0.9,180,23
att:-6.000,-1.360,155.520
run:15232,-6,0.88228,0.00744243,205.865,0.117637,294.093,0.588187,11.7637,10.5874,9.41099,529.368,411.731,470.549,7.05824,0.176456,4.70549,0.0235275,0.6,0.55,0.5,1,0.9,180,23
att:-5.999,-1.322,155.700
run:15252,-5.99865,0.891956,0.127433,208.123,0.118927,297.319,0.594637,11.8927,10.7035,9.5142,535.174,416.246,475.71,7.13565,0.178391,4.7571,0.0237855,0.6,0.55,0.5,1,0.9,180,23
att:-5.995,-1.284,155.880
run:15272,-5.9949,0.901576,0.247372,210.368,0.12021,300.525,0.60105,12.021,10.8189,9.61681,540.945,420.735,480.84,7.2126,0.180315,4.8084,0.024042,0.6,0.55,0.5,1,0.9,180,23
att:-5.989,-1.246,156.060
run:15292,-5.98875,0.911137,0.367213,212.599,0.121485,303.712,0.607425,12.1485,10.9336,9.7188,546.682,425.197,485.94,7.2891,0.182227,4.8594,0.024297,0.6,0.55,0.5,1,0.9,180,23
att:-5.980,-1.208,156.240
run:15312,-5.98021,0.92064,0.486906,214.816,0.122752,306.88,0.61376,12.2752,11.0477,9.82016,552.384,429.632,491.008,7.36512,0.184128,4.91008,0.0245504,0.6,0.55,0.5,1,0.9,180,23
att:-5.969,-1.169,156.420
run:15332,-5.96928,0.930085,0.606405,217.02,0.124011,310.028,0.620056,12.4011,11.161,9.9209,558.051,434.04,496.045,7.44068,0.186017,4.96045,0.0248023,0.6,0.55,0.5,1,0.9,180,23
att:-5.956,-1.130,156.600
run:15352,-5.95596,0.93947,0.725662,219.21,0.125263,313.157,0.626313,12.5263,11.2736,10.021,563.682,438.419,501.05,7.51576,0.187894,5.0105,0.0250525,0.6,0.55,0.5,1,0.9,180,23
task:15352,10,0,0,0,1,180,0.9,11,0,156.600,0.500,871
stat:15352,2,1,0,0,7,1,1,1,0,0,1,0,0,16777215
att:-5.940,-1.091,156.780
run:15372,-5.94025,0.948794,0.844628,221.385,0.126506,316.265,0.632529,12.6506,11.3855,10.1205,569.277,442.771,506.024,7.59035,0.189759,5.06024,0.0253012,0.6,0.55,0.5,1,0.9,180,23
att:-5.922,-1.052,156.960
run:15392,-5.92217,0.958058,0.963256,223.547,0.127741,319.353,0.638705,12.7741,11.4967,10.2193,574.835,447.094,510.964,7.66447,0.191612,5.10964,0.0255482,0.6,0.55,0.5,1,0.9,180,23
att:-5.902,-1.013,157.140
run:15412,-5.90173,0.967261,1.0815,225.694,0.128968,322.42,0.644841,12.8968,11.6071,10.3174,580.357,451.388,515.872,7.73809,0.193452,5.15872,0.0257936,0.6,0.55,0.5,1,0.9,180,23
att:-5.879,-0.973,157.320
run:15432,-5.87892,0.976402,1.19931,227.827,0.130187,325.467,0.650934,13.0187,11.7168,10.415,585.841,455.654,520.748,7.81121,0.19528,5.20748,0.0260374,0.6,0.55,0.5,1,0.9,180,23
att:-5.854,-0.933,157.500
run:15452,-5.85376,0.98548,1.31664,229.945,0.131397,328.493,0.656987,13.1397,11.8258,10.5118,591.288,459.891,525.589,7.88384,0.197096,5.25589,0.0262795,0.6,0.55,0.5,1,0.9,180,23
att:-5.826,-0.893,157.680
run:15472,-5.82625,0.994495,1.43344,232.049,0.132599,331.498,0.662997,13.2599,11.9339,10.6079,596.697,464.098,530.397,7.95596,0.198899,5.30397,0.0265199,0.6,0.55,0.5,1,0.9,180,23
att:-5.796,-0.853,157.860
run:15492,-5.79642,1.00345,1.54967,234.138,0.133793,334.482,0.668964,13.3793,12.0414,10.7034,602.068,468.275,535.172,8.02757,0.200689,5.35172,0.0267586,0.6,0.55,0.5,1,0.9,180,23
att:-5.764,-0.813,158.040
run:15512,-5.76427,1.01233,1.66529,236.211,0.134978,337.445,0.674889,13.4978,12.148,10.7982,607.4,472.423,539.911,8.09867,0.202467,5.39911,0.0269956,0.6,0.55,0.5,1,0.9,180,23
att:-5.730,-0.772,158.220
run:15532,-5.72982,1.02116,1.78023,238.27,0.136154,340.386,0.680771,13.6154,12.2539,10.8923,612.694,476.54,544.617,8.16925,0.204231,5.44617,0.0272308,0.6,0.55,0.5,1,0.9,180,23
att:-5.693,-0.732,158.400
task:15552,10,0,0,0,1,180,0.9,11,0,158.400,0.500,881
stat:15552,2,1,0,0,7,1,1,1,0,0,1,0,0,16777215
att:-5.654,-0.691,158.580
run:15572,-5.65404,1.0386,2.00794,242.341,0.138481,346.202,0.692403,13.8481,12.4633,11.0785,623.163,484.682,553.923,8.30884,0.207721,5.53923,0.0276961,0.6,0.55,0.5,1,0.9,180,23
att:-5.613,-0.650,158.760
run:15592,-5.61275,1.04723,2.12061,244.354,0.139631,349.077,0.698153,13.9631,12.5668,11.1705,628.338,488.707,558.523,8.37784,0.209446,5.58523,0.0279261,0.6,0.55,0.5,1,0.9,180,23
att:-5.569,-0.609,158.940
run:15612,-5.56922,1.05579,2.23243,246.35,0.140772,351.929,0.703858,14.0772,12.6695,11.2617,633.473,492.701,563.087,8.4463,0.211158,5.63087,0.0281543,0.6,0.55,0.5,1,0.9,180,23
att:-5.523,-0.568,159.120
run:15632,-5.52346,1.06428,2.34336,248.331,0.141904,354.759,0.709519,14.1904,12.7713,11.3523,638.567,496.663,567.615,8.51422,0.212856,5.67615,0.0283807,0.6,0.55,0.5,1,0.9,180,23
att:-5.475,-0.526,159.300
run:15652,-5.47549,1.0727,2.45336,250.297,0.143027,357.567,0.715133,14.3027,12.8724,11.4421,643.62,500.593,572.107,8.5816,0.21454,5.72107,0.0286053,0.6,0.55,0.5,1,0.9,180,23
att:-5.425,-0.485,159.480
run:15672,-5.42534,1.08105,2.56237,252.246,0.14414,360.351,0.720702,14.414,12.9726,11.5312,648.632,504.492,576.562,8.64843,0.216211,5.76562,0.0288281,0.6,0.55,0.5,1,0.9,180,23
att:-5.373,-0.443,159.660
run:15692,-5.37301,1.08934,2.67036,254.179,0.145245,363.113,0.726225,14.5245,13.0721,11.6196,653.603,508.358,580.98,8.7147,0.217868,5.8098,0.029049,0.6,0.55,0.5,1,0.9,180,23
att:-5.319,-0.402,159.840
att:-5.262,-0.360,160.020
run:15732,-5.26192,1.1057,2.88308,257.996,0.147426,368.565,0.737131,14.7426,13.2684,11.7941,663.418,515.992,589.705,8.84557,0.221139,5.89705,0.0294852,0.6,0.55,0.5,1,0.9,180,23
att:-5.203,-0.319,160.200
run:15752,-5.20321,1.11377,2.98774,259.88,0.148503,371.257,0.742513,14.8503,13.3652,11.8802,668.262,519.759,594.011,8.91016,0.222754,5.94011,0.0297005,0.6,0.55,0.5,1,0.9,180,23
task:15752,10,0,0,0,1,180,0.9,11,0,160.200,0.500,891
stat:15752,2,1,0,0,7,1,1,1,0,0,1,0,0,16777215
att:-5.142,-0.277,160.380
run:15772,-5.14242,1.12177,3.0912,261.747,0.14957,373.924,0.747848,14.957,13.4613,11.9656,673.063,523.494,598.278,8.97418,0.224354,5.98278,0.0299139,0.6,0.55,0.5,1,0.9,180,23
att:-5.080,-0.235,160.560
run:15792,-5.07957,1.1297,3.19342,263.597,0.150627,376.568,0.753135,15.0627,13.5564,12.0502,677.822,527.195,602.508,9.03762,0.225941,6.02508,0.0301254,0.6,0.55,0.5,1,0.9,180,23
att:-5.015,-0.193,160.740
run:15812,-5.01469,1.13756,3.29437,265.431,0.151675,379.187,0.758374,15.1675,13.6507,12.134,682.536,530.862,606.699,9.10049,0.227512,6.06699,0.030335,0.6,0.55,0.5,1,0.9,180,23
noise from radio
att:NaN,1,2
att:-4.948,-0.151,160.920
run:15832,-4.94781,1.14535,3.39399,267.247,0.152713,381.782,0.763564,15.2713,13.7442,12.217,687.208,534.495,610.851,9.16277,0.229069,6.10851,0.0305426,0.6,0.55,0.5,1,0.9,180,23
att:-4.879,-0.109,161.100
run:15852,-4.87894,1.15306,3.49227,269.047,0.153741,384.353,0.768705,15.3741,13.8367,12.2993,691.835,538.094,614.964,9.22447,0.230612,6.14964,0.0307482,0.6,0.55,0.5,1,0.9,180,23
att:-4.808,-0.067,161.280
run:15872,-4.80813,1.1607,3.58914,270.829,0.15476,386.899,0.773798,15.476,13.9284,12.3808,696.418,541.658,619.038,9.28557,0.232139,6.19038,0.0309519,0.6,0.55,0.5,1,0.9,180,23
att:-4.735,-0.025,161.460
run:15892,-4.73539,1.16826,3.68458,272.594,0.155768,389.42,0.77884,15.5768,14.0191,12.4614,700.956,545.188,623.072,9.34608,0.233652,6.23072,0.0311536,0.6,0.55,0.5,1,0.9,180,23
att:-4.661,0.017,161.640
run:15912,-4.66075,1.17575,3.77854,274.342,0.156767,391.917,0.783833,15.6767,14.109,12.5413,705.45,548.683,627.066,9.406,0.23515,6.27066,0.0313533,0.6,0.55,0.5,1,0.9,180,23
att:-4.584,0.059,161.820
run:15932,-4.58426,1.18316,3.871,276.071,0.157755,394.388,0.788776,15.7755,14.198,12.6204,709.898,552.143,631.021,9.46531,0.236633,6.31021,0.031551,0.6,0.55,0.5,1,0.9,180,23
att:-4.506,0.101,162.000
run:15952,-4.50592,1.1905,3.9619,277.784,0.158734,396.834,0.793668,15.8734,14.286,12.6987,714.301,555.568,634.934,9.52401,0.2381,6.34934,0.0317467,0.6,0.55,0.5,1,0.9,180,23
taskevt:12,15952,10,3,0,0,1
task:15952,3,0,0,0,1,180,0.9,12,0,162.000,0.500,901
stat:15952,2,1,0,0,7,1,1,1,0,0,1,0,0,16777215
att:-4.426,0.143,162.180
run:15972,-4.42579,1.19776,4.05122,279.478,0.159702,399.255,0.798509,15.9702,14.3732,12.7761,718.658,558.956,638.807,9.58211,0.239553,6.38807,0.0319404,0.6,0.55,0.5,1,0.9,180,23
att:-4.344,0.185,162.360
run:15992,-4.34389,1.20495,4.13892,281.155,0.16066,401.65,0.803299,16.066,14.4594,12.8528,722.97,562.31,642.64,9.63959,0.24099,6.4264,0.032132,0.6,0.55,0.5,1,0.9,180,23
att:-4.260,0.227,162.540
run:16012,-4.26024,1.21206,4.22496,282.813,0.161608,404.019,0.808038,16.1608,14.5447,12.9286,727.234,565.627,646.431,9.69646,0.242411,6.46431,0.0323215,0.6,0.55,0.5,1,0.9,180,23
att:-4.175,0.269,162.720
run:16032,-4.1749,1.21909,4.30932,284.454,0.162545,406.363,0.812725,16.2545,14.6291,13.0036,731.453,568.908,650.18,9.75271,0.243818,6.5018,0.032509,0.6,0.55,0.5,1,0.9,180,23
att:-4.088,0.310,162.900
run:16052,-4.08788,1.22604,4.39195,286.076,0.163472,408.68,0.817361,16.3472,14.7125,13.0778,735.625,572.152,653.888,9.80833,0.245208,6.53888,0.0326944,0.6,0.55,0.5,1,0.9,180,23
att:-3.999,0.352,163.080
run:16072,-3.99923,1.23292,4.47282,287.68,0.164389,410.972,0.821943,16.4389,14.795,13.1511,739.749,575.36,657.555,9.86332,0.246583,6.57555,0.0328777,0.6,0.55,0.5,1,0.9,180,23
att:-3.909,0.394,163.260
run:16092,-3.90898,1.23971,4.55191,289.266,0.165295,413.237,0.826474,16.5295,14.8765,13.2236,743.826,578.532,661.179,9.91768,0.247942,6.61179,0.0330589,0.6,0.55,0.5,1,0.9,180,23
att:-3.817,0.435,163.440
run:16112,-3.81717,1.24643,4.62917,290.833,0.16619,415.475,0.830951,16.619,14.9571,13.2952,747.856,581.666,664.761,9.97141,0.249285,6.64761,0.033238,0.6,0.55,0.5,1,0.9,180,23
att:-3.724,0.477,163.620
run:16132,-3.72383,1.25306,4.70458,292.381,0.167075,417.688,0.835375,16.7075,15.0368,13.366,751.838,584.763,668.3,10.0245,0.250613,6.683,0.033415,0.6,0.55,0.5,1,0.9,180,23
att:-3.629,0.518,163.800
task:16152,3,0,0,0,1,180,0.9,12,0,163.800,0.500,911
stat:16152,2,1,0,0,7,1,1,1,0,0,1,0,0,16777215
att:-3.533,0.560,163.980
run:16172,-3.53272,1.26609,4.84973,295.422,0.168813,422.031,0.844063,16.8813,15.1931,13.505,759.656,590.844,675.25,10.1288,0.253219,6.7525,0.0337625,0.6,0.55,0.5,1,0.9,180,23
att:-3.435,0.601,164.160
run:16192,-3.43502,1.27249,4.91941,296.914,0.169665,424.163,0.848326,16.9665,15.2699,13.5732,763.493,593.828,678.66,10.1799,0.254498,6.7866,0.033933,0.6,0.55,0.5,1,0.9,180,23
att:-3.336,0.642,164.340
run:16212,-3.33595,1.2788,4.98713,298.387,0.170507,426.267,0.852534,17.0507,15.3456,13.6405,767.281,596.774,682.027,10.2304,0.25576,6.82027,0.0341014,0.6,0.55,0.5,1,0.9,180,23
att:-3.236,0.683,164.520
run:16232,-3.23555,1.28503,5.05284,299.841,0.171338,428.344,0.856688,17.1338,15.4204,13.707,771.019,599.682,685.351,10.2803,0.257006,6.85351,0.0342675,0.6,0.55,0.5,1,0.9,180,23
att:-3.134,0.724,164.700
run:16252,-3.13385,1.29118,5.11654,301.276,0.172157,430.394,0.860787,17.2157,15.4942,13.7726,774.709,602.551,688.63,10.3294,0.258236,6.8863,0.0344315,0.6,0.55,0.5,1,0.9,180,23
att:-3.031,0.764,164.880
run:16272,-3.0309,1.29725,5.17819,302.691,0.172966,432.416,0.864832,17.2966,15.567,13.8373,778.348,605.382,691.865,10.378,0.259449,6.91865,0.0345933,0.6,0.55,0.5,1,0.9,180,23
att:-2.927,0.805,165.060
run:16292,-2.92674,1.30323,5.23777,304.087,0.173764,434.41,0.86882,17.3764,15.6388,13.9011,781.938,608.174,695.056,10.4258,0.260646,6.95056,0.0347528,0.6,0.55,0.5,1,0.9,180,23
att:-2.821,0.845,165.240
att:-2.715,0.885,165.420
run:16332,-2.71494,1.31495,5.35062,306.821,0.175326,438.315,0.876631,17.5326,15.7794,14.0261,788.968,613.642,701.305,10.5196,0.262989,7.01305,0.0350652,0.6,0.55,0.5,1,0.9,180,23
att:-2.607,0.926,165.600
run:16352,-2.60739,1.32068,5.40384,308.158,0.17609,440.226,0.880452,17.609,15.8481,14.0872,792.407,616.316,704.362,10.5654,0.264136,7.04362,0.0352181,0.6,0.55,0.5,1,0.9,180,23
task:16352,3,0,0,0,1,180,0.9,12,0,165.600,0.500,921
stat:16352,2,1,0,0,7,1,1,1,0,0,1,0,0,16777215
att:-2.499,0.965,165.780
run:16372,-2.4988,1.32633,5.4549,309.476,0.176843,442.108,0.884217,17.6843,15.9159,14.1475,795.795,618.952,707.374,10.6106,0.265265,7.07374,0.0353687,0.6,0.55,0.5,1,0.9,180,23
att:-2.389,1.005,165.960
run:16392,-2.38921,1.33189,5.50379,310.774,0.177585,443.963,0.887925,17.7585,15.9827,14.2068,799.133,621.548,710.34,10.6551,0.266378,7.1034,0.035517,0.6,0.55,0.5,1,0.9,180,23
att:-2.279,1.045,166.140
run:16412,-2.27867,1.33736,5.55047,312.052,0.178315,445.788,0.891577,17.8315,16.0484,14.2652,802.419,624.104,713.261,10.6989,0.267473,7.13261,0.0356631,0.6,0.55,0.5,1,0.9,180,23
att:-2.167,1.084,166.320
run:16432,-2.16721,1.34276,5.59493,313.31,0.179034,447.585,0.895171,17.9034,16.1131,14.3227,805.654,626.62,716.137,10.7421,0.268551,7.16137,0.0358068,0.6,0.55,0.5,1,0.9,180,23
att:-2.055,1.123,166.500
run:16452,-2.05488,1.34806,5.63715,314.548,0.179742,449.354,0.898708,17.9742,16.1767,14.3793,808.837,629.096,718.966,10.7845,0.269612,7.18966,0.0359483,0.6,0.55,0.5,1,0.9,180,23
att:-1.942,1.162,166.680
run:16472,-1.94174,1.35328,5.67712,315.766,0.180438,451.094,0.902188,18.0438,16.2394,14.435,811.969,631.531,721.75,10.8263,0.270656,7.2175,0.0360875,0.6,0.55,0.5,1,0.9,180,23
att:-1.828,1.200,166.860
run:16492,-1.82781,1.35841,5.71481,316.963,0.181122,452.805,0.90561,18.1122,16.301,14.4898,815.049,633.927,724.488,10.8673,0.271683,7.24488,0.0362244,0.6,0.55,0.5,1,0.9,180,23
att:-1.713,1.239,167.040
run:16512,-1.71316,1.36346,5.75022,318.141,0.181795,454.487,0.908973,18.1795,16.3615,14.5436,818.076,636.281,727.179,10.9077,0.272692,7.27179,0.0363589,0.6,0.55,0.5,1,0.9,180,23
att:-1.598,1.277,167.220
run:16532,-1.59782,1.36842,5.78334,319.298,0.182456,456.14,0.912279,18.2456,16.421,14.5965,821.051,638.595,729.823,10.9473,0.273684,7.29823,0.0364912,0.6,0.55,0.5,1,0.9,180,23
att:-1.482,1.315,167.400
run:16552,-1.48184,1.37329,5.81413,320.434,0.183105,457.763,0.915526,18.3105,16.4795,14.6484,823.974,640.869,732.421,10.9863,0.274658,7.32421,0.0366211,0.6,0.55,0.5,1,0.9,180,23
task:16552,3,0,0,0,1,180,0.9,12,0,167.400,0.500,931
stat:16552,2,1,0,0,7,1,1,1,0,0,1,0,0,16777215
att:-1.365,1.352,167.580
run:16572,-1.36527,1.37807,5.84261,321.55,0.183743,459.358,0.918715,18.3743,16.5369,14.6994,826.844,643.101,734.972,11.0246,0.275615,7.34972,0.0367486,0.6,0.55,0.5,1,0.9,180,23
att:-1.248,1.390,167.760
run:16592,-1.24815,1.38277,5.86874,322.646,0.184369,460.923,0.921845,18.4369,16.5932,14.7495,829.661,645.292,737.476,11.0621,0.276554,7.37476,0.0368738,0.6,0.55,0.5,1,0.9,180,23
att:-1.131,1.427,167.940
run:16612,-1.13054,1.38737,5.89253,323.721,0.184983,462.458,0.924916,18.4983,16.6485,14.7987,832.424,647.441,739.933,11.099,0.277475,7.39933,0.0369966,0.6,0.55,0.5,1,0.9,180,23
att:-1.012,1.464,168.120
run:16632,-1.01247,1.39189,5.91396,324.775,0.185586,463.964,0.927928,18.5586,16.7027,14.8468,835.135,649.549,742.342,11.1351,0.278378,7.42342,0.0371171,0.6,0.55,0.5,1,0.9,180,23
att:-0.894,1.500,168.300
run:16652,-0.893994,1.39632,5.93302,325.808,0.186176,465.44,0.93088,18.6176,16.7558,14.8941,837.792,651.616,744.704,11.1706,0.279264,7.44704,0.0372352,0.6,0.55,0.5,1,0.9,180,23
att:-0.775,1.536,168.480
run:16672,-0.775163,1.40066,5.94972,326.821,0.186755,466.886,0.933773,18.6755,16.8079,14.9404,840.396,653.641,747.018,11.2053,0.280132,7.47018,0.0373509,0.6,0.55,0.5,1,0.9,180,23
att:-0.656,1.572,168.660
run:16692,-0.656021,1.40491,5.96403,327.812,0.187321,468.303,0.936606,18.7321,16.8589,14.9857,842.945,655.624,749.285,11.2393,0.280982,7.49285,0.0374642,0.6,0.55,0.5,1,0.9,180,23
att:-0.537,1.608,168.840
run:16712,-0.536618,1.40907,5.97596,328.783,0.187876,469.69,0.939379,18.7876,16.9088,15.0301,845.441,657.565,751.503,11.2725,0.281814,7.51503,0.0375752,0.6,0.55,0.5,1,0.9,180,23
att:-0.417,1.643,169.020
att:-0.297,1.678,169.200
run:16752,-0.297214,1.41712,5.99263,330.661,0.188949,472.372,0.944745,18.8949,17.0054,15.1159,850.27,661.321,755.796,11.3369,0.283423,7.55796,0.0377898,0.6,0.55,0.5,1,0.9,180,23
task:16752,3,0,0,0,1,180,0.9,12,0,169.200,0.500,941
stat:16752,2,1,0,0,7,1,1,1,0,0,1,0,0,16777215
noise from radio
att:NaN,1,2
att:-0.177,1.713,169.380
run:16772,-0.17731,1.42101,5.99738,331.568,0.189467,473.668,0.947337,18.9467,17.0521,15.1574,852.603,663.136,757.869,11.368,0.284201,7.57869,0.0378935,0.6,0.55,0.5,1,0.9,180,23
att:-0.057,1.747,169.560
run:16792,-0.0573347,1.4248,5.99973,332.454,0.189974,474.934,0.949868,18.9974,17.0976,15.1979,854.882,664.908,759.895,11.3984,0.284961,7.59895,0.0379947,0.6,0.55,0.5,1,0.9,180,23
att:0.063,1.781,169.740
run:16812,0.0626633,1.42851,5.99967,333.319,0.190468,476.17,0.952339,19.0468,17.1421,15.2374,857.105,666.637,761.871,11.4281,0.285702,7.61871,0.0380936,0.6,0.55,0.5,1,0.9,180,23
att:0.183,1.815,169.920
run:16832,0.182636,1.43212,5.99722,334.162,0.19095,477.375,0.954749,19.095,17.1855,15.276,859.274,668.324,763.799,11.457,0.286425,7.63799,0.03819,0.6,0.55,0.5,1,0.9,180,23
att:0.303,1.848,170.100
run:16852,0.302536,1.43565,5.99237,334.984,0.19142,478.549,0.957098,19.142,17.2278,15.3136,861.388,669.968,765.678,11.4852,0.287129,7.65678,0.0382839,0.6,0.55,0.5,1,0.9,180,23
att:0.422,1.881,170.280
run:16872,0.422315,1.43908,5.98512,335.785,0.191877,479.693,0.959385,19.1877,17.2689,15.3502,863.447,671.57,767.508,11.5126,0.287816,7.67508,0.0383754,0.6,0.55,0.5,1,0.9,180,23
att:0.542,1.913,170.460
run:16892,0.541925,1.44242,5.97548,336.564,0.192322,480.806,0.961611,19.2322,17.309,15.3858,865.45,673.128,769.289,11.5393,0.288483,7.69289,0.0384645,0.6,0.55,0.5,1,0.9,180,23
att:0.661,1.946,170.640
run:16912,0.661318,1.44566,5.96344,337.322,0.192755,481.888,0.963776,19.2755,17.348,15.4204,867.398,674.643,771.021,11.5653,0.289133,7.71021,0.038551,0.6,0.55,0.5,1,0.9,180,23
att:0.780,1.977,170.820
run:16932,0.780447,1.44882,5.94903,338.058,0.193176,482.939,0.965879,19.3176,17.3858,15.4541,869.291,676.115,772.703,11.5905,0.289764,7.72703,0.0386351,0.6,0.55,0.5,1,0.9,180,23
att:0.899,2.009,171.000
run:16952,0.899263,1.45188,5.93223,338.772,0.193584,483.96,0.96792,19.3584,17.4226,15.4867,871.128,677.544,774.336,11.615,0.290376,7.74336,0.0387168,0.6,0.55,0.5,1,0.9,180,23
task:16952,3,0,0,0,1,180,0.9,12,0,171.000,0.500,951
stat:16952,2,1,0,0,7,1,1,1,0,0,1,0,0,16777215
att:1.018,2.040,171.180
run:16972,1.01772,1.45485,5.91306,339.465,0.19398,484.949,0.969899,19.398,17.4582,15.5184,872.909,678.929,775.919,11.6388,0.29097,7.75919,0.038796,0.6,0.55,0.5,1,0.9,180,23
att:1.136,2.070,171.360
run:16992,1.13577,1.45772,5.89152,340.136,0.194363,485.908,0.971816,19.4363,17.4927,15.5491,874.634,680.271,777.453,11.6618,0.291545,7.77453,0.0388726,0.6,0.55,0.5,1,0.9,180,23
att:1.253,2.100,171.540
run:17012,1.25337,1.46051,5.86763,340.785,0.194734,486.835,0.973671,19.4734,17.5261,15.5787,876.304,681.569,778.936,11.684,0.292101,7.78936,0.0389468,0.6,0.55,0.5,1,0.9,180,23
att:1.370,2.130,171.720
run:17032,1.37046,1.46319,5.84139,341.412,0.195093,487.732,0.975463,19.5093,17.5583,15.6074,877.917,682.824,780.37,11.7056,0.292639,7.8037,0.0390185,0.6,0.55,0.5,1,0.9,180,23
att:1.487,2.160,171.900
run:17052,1.48701,1.46579,5.81281,342.018,0.195439,488.597,0.977193,19.5439,17.5895,15.6351,879.474,684.035,781.755,11.7263,0.293158,7.81755,0.0390877,0.6,0.55,0.5,1,0.9,180,23
att:1.603,2.189,172.080
run:17072,1.60296,1.46829,5.78191,342.601,0.195772,489.43,0.978861,19.5772,17.6195,15.6618,880.975,685.202,783.089,11.7463,0.293658,7.83089,0.0391544,0.6,0.55,0.5,1,0.9,180,23
att:1.718,2.217,172.260
run:17092,1.71827,1.4707,5.7487,343.163,0.196093,490.233,0.980466,19.6093,17.6484,15.6874,882.419,686.326,784.372,11.7656,0.29414,7.84372,0.0392186,0.6,0.55,0.5,1,0.9,180,23
att:1.833,2.245,172.440
run:17112,1.83289,1.47301,5.71319,343.703,0.196402,491.004,0.982008,19.6402,17.6761,15.7121,883.807,687.405,785.606,11.7841,0.294602,7.85606,0.0392803,0.6,0.55,0.5,1,0.9,180,23
att:1.947,2.273,172.620
run:17132,1.94678,1.47523,5.67539,344.22,0.196697,491.743,0.983487,19.6697,17.7028,15.7358,885.138,688.441,786.79,11.8018,0.295046,7.8679,0.0393395,0.6,0.55,0.5,1,0.9,180,23
att:2.060,2.300,172.800
task:17152,3,0,0,0,1,180,0.9,12,0,172.800,0.500,961
stat:17152,2,1,0,0,7,1,1,1,0,0,1,0,0,16777215
att:2.172,2.327,172.980
run:17172,2.17218,1.47938,5.593,345.19,0.197251,493.128,0.986257,19.7251,17.7526,15.7801,887.631,690.38,789.005,11.8351,0.295877,7.89005,0.0394503,0.6,0.55,0.5,1,0.9,180,23
att:2.284,2.353,173.160
run:17192,2.28359,1.48132,5.54844,345.641,0.197509,493.773,0.987547,19.7509,17.7758,15.8007,888.792,691.283,790.037,11.8506,0.296264,7.90037,0.0395019,0.6,0.55,0.5,1,0.9,180,23
att:2.394,2.379,173.340
att:2.504,2.404,173.520
run:17232,2.50365,1.48491,5.45268,346.478,0.197988,494.969,0.989938,19.7988,17.8189,15.839,890.944,692.956,791.95,11.8793,0.296981,7.9195,0.0395975,0.6,0.55,0.5,1,0.9,180,23
att:2.612,2.429,173.700
run:17252,2.61219,1.48656,5.40152,346.863,0.198208,495.519,0.991038,19.8208,17.8387,15.8566,891.934,693.727,792.83,11.8925,0.297311,7.9283,0.0396415,0.6,0.55,0.5,1,0.9,180,23
att:2.720,2.453,173.880
run:17272,2.71969,1.48811,5.3482,347.226,0.198415,496.037,0.992075,19.8415,17.8573,15.8732,892.867,694.452,793.66,11.9049,0.297622,7.9366,0.039683,0.6,0.55,0.5,1,0.9,180,23
att:2.826,2.477,174.060
run:17292,2.82611,1.48957,5.29274,347.567,0.19861,496.524,0.993048,19.861,17.8749,15.8888,893.743,695.134,794.439,11.9166,0.297914,7.94439,0.0397219,0.6,0.55,0.5,1,0.9,180,23
att:2.931,2.501,174.240
run:17312,2.93139,1.49094,5.23517,347.885,0.198792,496.979,0.993958,19.8792,17.8912,15.9033,894.562,695.771,795.166,11.9275,0.298187,7.95166,0.0397583,0.6,0.55,0.5,1,0.9,180,23
att:3.035,2.524,174.420
run:17332,3.0355,1.49221,5.17549,348.182,0.198961,497.402,0.994804,19.8961,17.9065,15.9169,895.324,696.363,795.844,11.9377,0.298441,7.95844,0.0397922,0.6,0.55,0.5,1,0.9,180,23
att:3.138,2.546,174.600
run:17352,3.13839,1.49338,5.11375,348.455,0.199117,497.793,0.995587,19.9117,17.9206,15.9294,896.028,696.911,796.47,11.947,0.298676,7.9647,0.0398235,0.6,0.55,0.5,1,0.9,180,23
task:17352,3,0,0,0,1,180,0.9,12,0,174.600,0.500,971
stat:17352,2,1,0,0,7,1,1,1,0,0,1,0,0,16777215
att:3.240,2.568,174.780
run:17372,3.24004,1.49446,5.04997,348.707,0.199261,498.153,0.996306,19.9261,17.9335,15.9409,896.675,697.414,797.045,11.9557,0.298892,7.97045,0.0398522,0.6,0.55,0.5,1,0.9,180,23
att:3.340,2.590,174.960
run:17392,3.34038,1.49544,4.98416,348.936,0.199392,498.48,0.996961,19.9392,17.9453,15.9514,897.265,697.873,797.569,11.9635,0.299088,7.97569,0.0398784,0.6,0.55,0.5,1,0.9,180,23
att:3.439,2.611,175.140
run:17412,3.43939,1.49633,4.91636,349.143,0.19951,498.776,0.997552,19.951,17.9559,15.9608,897.797,698.287,798.042,11.9706,0.299266,7.98042,0.0399021,0.6,0.55,0.5,1,0.9,180,23
att:3.537,2.631,175.320
run:17432,3.53702,1.49712,4.84659,349.328,0.199616,499.04,0.99808,19.9616,17.9654,15.9693,898.272,698.656,798.464,11.977,0.299424,7.98464,0.0399232,0.6,0.55,0.5,1,0.9,180,23
att:3.633,2.651,175.500
run:17452,3.63324,1.49782,4.77489,349.49,0.199709,499.272,0.998543,19.9709,17.9738,15.9767,898.689,698.98,798.835,11.9825,0.299563,7.98835,0.0399417,0.6,0.55,0.5,1,0.9,180,23
att:3.728,2.670,175.680
att:3.821,2.689,175.860
run:17492,3.82128,1.49892,4.62578,349.748,0.199856,499.639,0.999279,19.9856,17.987,15.9885,899.351,699.495,799.423,11.9913,0.299784,7.99423,0.0399712,0.6,0.55,0.5,1,0.9,180,23
att:3.913,2.708,176.040
run:17512,3.91302,1.49933,4.54843,349.843,0.19991,499.775,0.999551,19.991,17.9919,15.9928,899.596,699.685,799.64,11.9946,0.299865,7.9964,0.039982,0.6,0.55,0.5,1,0.9,180,23
att:4.003,2.725,176.220
run:17532,4.0032,1.49964,4.46927,349.915,0.199952,499.879,0.999758,19.9952,17.9957,15.9961,899.783,699.831,799.807,11.9971,0.299928,7.99807,0.0399903,0.6,0.55,0.5,1,0.9,180,23
att:4.092,2.743,176.400
run:17552,4.09178,1.49985,4.38832,349.966,0.19998,499.951,0.999902,19.998,17.9982,15.9984,899.912,699.932,799.922,11.9988,0.299971,7.99922,0.0399961,0.6,0.55,0.5,1,0.9,180,23
task:17552,3,0,0,0,1,180,0.9,12,0,176.400,0.500,981
stat:17552,2,1,0,0,7,1,1,1,0,0,1,0,0,16777215
att:4.179,2.759,176.580
run:17572,4.17872,1.49997,4.30561,349.994,0.199996,499.991,0.999982,19.9996,17.9997,15.9997,899.984,699.987,799.986,11.9998,0.299995,7.99986,0.0399993,0.6,0.55,0.5,1,0.9,180,23
att:4.264,2.776,176.760
run:17592,4.26399,1.5,4.22118,349.999,0.2,499.999,0.999998,20,18,16,899.998,699.999,799.998,12,0.299999,7.99998,0.0399999,0.6,0.55,0.5,1,0.9,180,23
att:4.348,2.791,176.940
run:17612,4.34756,1.49992,4.13506,349.982,0.19999,499.975,0.99995,19.999,17.9991,15.9992,899.955,699.965,799.96,11.9994,0.299985,7.9996,0.039998,0.6,0.55,0.5,1,0.9,180,23
att:4.429,2.806,177.120
run:17632,4.42939,1.49976,4.04729,349.943,0.199968,499.919,0.999838,19.9968,17.9971,15.9974,899.854,699.886,799.87,11.9981,0.299951,7.9987,0.0399935,0.6,0.55,0.5,1,0.9,180,23
att:4.509,2.821,177.300
run:17652,4.50944,1.49949,3.9579,349.882,0.199932,499.831,0.999662,19.9932,17.9939,15.9946,899.695,699.763,799.729,11.9959,0.299898,7.99729,0.0399865,0.6,0.55,0.5,1,0.9,180,23
att:4.588,2.835,177.480
run:17672,4.58769,1.49913,3.86692,349.798,0.199884,499.711,0.999421,19.9884,17.9896,15.9907,899.479,699.595,799.537,11.9931,0.299826,7.99537,0.0399769,0.6,0.55,0.5,1,0.9,180,23
att:4.664,2.848,177.660
run:17692,4.66411,1.49868,3.7744,349.691,0.199823,499.559,0.999117,19.9823,17.9841,15.9859,899.206,699.382,799.294,11.9894,0.299735,7.99294,0.0399647,0.6,0.55,0.5,1,0.9,180,23
noise from radio
att:NaN,1,2
att:4.739,2.861,177.840
run:17712,4.73866,1.49812,3.68037,349.562,0.19975,499.375,0.998749,19.975,17.9775,15.98,898.874,699.125,798.999,11.985,0.299625,7.98999,0.03995,0.6,0.55,0.5,1,0.9,180,23
att:4.811,2.874,178.020
run:17732,4.81131,1.49748,3.58487,349.411,0.199663,499.159,0.998317,19.9663,17.9697,15.9731,898.486,698.822,798.654,11.9798,0.299495,7.98654,0.0399327,0.6,0.55,0.5,1,0.9,180,23
att:4.882,2.886,178.200
run:17752,4.88204,1.49673,3.48793,349.238,0.199564,498.911,0.997822,19.9564,17.9608,15.9651,898.039,698.475,798.257,11.9739,0.299346,7.98257,0.0399129,0.6,0.55,0.5,1,0.9,180,23
task:17752,3,0,0,0,1,180,0.9,12,0,178.200,0.500,991
stat:17752,2,1,0,0,7,1,1,1,0,0,1,0,0,16777215
att:4.951,2.897,178.380
att:5.018,2.907,178.560
run:17792,5.01762,1.49496,3.28991,348.823,0.199328,498.319,0.996638,19.9328,17.9395,15.9462,896.975,697.647,797.311,11.9597,0.298992,7.97311,0.0398655,0.6,0.55,0.5,1,0.9,180,23
att:5.082,2.917,178.740
run:17812,5.08241,1.49393,3.18891,348.583,0.19919,497.976,0.995951,19.919,17.9271,15.9352,896.356,697.166,796.761,11.9514,0.298785,7.96761,0.039838,0.6,0.55,0.5,1,0.9,180,23
att:5.145,2.927,178.920
run:17832,5.14517,1.4928,3.08663,348.32,0.19904,497.6,0.9952,19.904,17.9136,15.9232,895.68,696.64,796.16,11.9424,0.29856,7.9616,0.039808,0.6,0.55,0.5,1,0.9,180,23
att:5.206,2.936,179.100
run:17852,5.20586,1.49158,2.98311,348.035,0.198877,497.193,0.994385,19.8877,17.8989,15.9102,894.947,696.07,795.508,11.9326,0.298316,7.95508,0.0397754,0.6,0.55,0.5,1,0.9,180,23
att:5.264,2.944,179.280
run:17872,5.26448,1.49026,2.87841,347.727,0.198701,496.753,0.993507,19.8701,17.8831,15.8961,894.156,695.455,794.806,11.9221,0.298052,7.94806,0.0397403,0.6,0.55,0.5,1,0.9,180,23
att:5.321,2.952,179.460
att:5.375,2.959,179.640
run:17912,5.37538,1.48734,2.66558,347.046,0.198312,495.78,0.99156,19.8312,17.8481,15.865,892.404,694.092,793.248,11.8987,0.297468,7.93248,0.0396624,0.6,0.55,0.5,1,0.9,180,23
att:5.428,2.966,179.820
run:17932,5.42761,1.48574,2.55755,346.672,0.198098,495.245,0.990491,19.8098,17.8288,15.8478,891.442,693.343,792.392,11.8859,0.297147,7.92392,0.0396196,0.6,0.55,0.5,1,0.9,180,23
att:5.478,2.972,180.000
run:17952,5.47767,1.48404,2.44849,346.275,0.197872,494.679,0.989358,19.7872,17.8084,15.8297,890.422,692.551,6800,11.8723,0.296807,7.91487,0.0395743,0.6,0.55,0.5,0.15,0.9,20,23
taskevt:13,17952,3,1,0,0,1
task:17952,1,0,0,0,1,20,0.9,13,0,180.000,0.500,1001
stat:17952,2,1,0,0,7,1,1,1,0,0,1,0,0,16777215
att:5.526,2.977,180.180
run:17972,5.52554,1.48224,2.33846,345.857,0.197633,494.081,0.988163,19.7633,17.7869,15.8106,889.346,691.714,6800,11.858,0.296449,7.9053,0.0395265,0.6,0.55,0.5,0.15,0.9,20,23
att:5.571,2.982,180.360
run:17992,5.5712,1.48036,2.22749,345.416,0.197381,493.452,0.986904,19.7381,17.7643,15.7905,888.213,690.833,6800,11.8428,0.296071,7.89523,0.0394761,0.6,0.55,0.5,0.15,0.9,20,23
att:5.615,2.986,180.540
run:18012,5.61464,1.47837,2.11562,344.954,0.197116,492.791,0.985582,19.7116,17.7405,15.7693,887.023,689.907,6800,11.827,0.295674,7.88465,0.0394233,0.6,0.55,0.5,0.15,0.9,20,23
att:5.656,2.990,180.720
run:18032,5.65582,1.47629,2.00291,344.469,0.196839,492.098,0.984197,19.6839,17.7155,15.7471,885.777,688.938,6800,11.8104,0.295259,7.87357,0.0393679,0.6,0.55,0.5,0.15,0.9,20,23
att:5.695,2.993,180.900
run:18052,5.69475,1.47412,1.88941,343.962,0.19655,491.374,0.982748,19.655,17.6895,15.724,884.474,687.924,6800,11.793,0.294825,7.86199,0.0393099,0.6,0.55,0.5,0.15,0.9,20,23
att:5.731,2.996,181.080
run:18072,5.73139,1.47186,1.77514,343.433,0.196247,490.619,0.981237,19.6247,17.6623,15.6998,883.114,686.866,6800,11.7748,0.294371,7.8499,0.0392495,0.6,0.55,0.5,0.15,0.9,20,23
att:5.766,2.998,181.260
run:18092,5.76575,1.4695,1.66016,342.882,0.195933,489.832,0.979664,19.5933,17.6339,15.6746,881.697,685.765,6800,11.756,0.293899,7.83731,0.0391865,0.6,0.55,0.5,0.15,0.9,20,23
att:5.798,2.999,181.440
run:18112,5.7978,1.46704,1.54453,342.309,0.195605,489.014,0.978027,19.5605,17.6045,15.6484,880.224,684.619,6800,11.7363,0.293408,7.82422,0.0391211,0.6,0.55,0.5,0.15,0.9,20,23
att:5.828,3.000,181.620
run:18132,5.82753,1.46449,1.42827,341.715,0.195266,488.164,0.976328,19.5266,17.5739,15.6212,878.695,683.43,6800,11.7159,0.292898,7.81062,0.0390531,0.6,0.55,0.5,0.15,0.9,20,23
att:5.855,3.000,181.800
run:18152,5.85492,1.46185,1.31144,341.098,0.194913,487.283,0.974566,19.4913,17.5422,15.5931,877.11,682.196,6800,11.6948,0.29237,7.79653,0.0389827,0.6,0.55,0.5,0.15,0.9,20,23
task:18152,1,0,0,0,1,20,0.9,13,0,181.800,0.500,1011
stat:18152,2,1,0,0,7,1,1,1,0,0,1,0,0,16777215
att:5.880,3.000,181.980
run:18172,5.87998,1.45911,1.19409,340.46,0.194548,486.371,0.972742,19.4548,17.5094,15.5639,875.468,680.92,6800,11.6729,0.291823,7.78194,0.0389097,0.6,0.55,0.5,0.15,0.9,20,23
att:5.903,2.999,182.160
run:18192,5.90268,1.45628,1.07626,339.8,0.194171,485.428,0.970856,19.4171,17.4754,15.5337,873.771,679.599,6800,11.6503,0.291257,7.76685,0.0388342,0.6,0.55,0.5,0.15,0.9,20,23
att:5.923,2.997,182.340
run:18212,5.92303,1.45336,0.957996,339.118,0.193782,484.454,0.968908,19.3782,17.4403,15.5025,872.017,678.236,6800,11.6269,0.290672,7.75126,0.0387563,0.6,0.55,0.5,0.15,0.9,20,23
att:5.941,2.995,182.520
att:5.957,2.992,182.700
run:18252,5.9566,1.44724,0.720371,337.689,0.192965,482.413,0.964825,19.2965,17.3669,15.4372,868.343,675.378,6800,11.5779,0.289448,7.7186,0.038593,0.6,0.55,0.5,0.15,0.9,20,23
att:5.970,2.989,182.880
run:18272,5.96981,1.44404,0.601103,336.942,0.192538,481.346,0.962691,19.2538,17.3284,15.4031,866.422,673.884,6800,11.5523,0.288807,7.70153,0.0385077,0.6,0.55,0.5,0.15,0.9,20,23
att:5.981,2.985,183.060
run:18292,5.98064,1.44074,0.481595,336.173,0.192099,480.248,0.960496,19.2099,17.2889,15.3679,864.446,672.347,6800,11.5259,0.288149,7.68397,0.0384198,0.6,0.55,0.5,0.15,0.9,20,23
att:5.989,2.980,183.240
run:18312,5.98908,1.43736,0.361894,335.384,0.191648,479.119,0.958239,19.1648,17.2483,15.3318,862.415,670.767,6800,11.4989,0.287472,7.66591,0.0383295,0.6,0.55,0.5,0.15,0.9,20,23
att:5.995,2.975,183.420
run:18332,5.99512,1.43388,0.242048,334.572,0.191184,477.96,0.95592,19.1184,17.2066,15.2947,860.328,669.144,6800,11.471,0.286776,7.64736,0.0382368,0.6,0.55,0.5,0.15,0.9,20,23
att:5.999,2.969,183.600
run:18352,5.99876,1.43031,0.122105,333.739,0.190708,476.77,0.953541,19.0708,17.1637,15.2567,858.187,667.478,6800,11.4425,0.286062,7.62833,0.0381416,0.6,0.55,0.5,0.15,0.9,20,23
task:18352,1,0,0,0,1,20,0.9,13,0,183.600,0.500,1021
stat:18352,2,1,0,0,7,1,1,1,0,0,1,0,0,16777215
att:6.000,2.963,183.780
run:18372,6,1.42665,0.00211349,332.885,0.19022,475.55,0.9511,19.022,17.1198,15.2176,855.99,665.77,6800,11.4132,0.28533,7.6088,0.038044,0.6,0.55,0.5,0.15,0.9,20,23
att:5.999,2.956,183.960
run:18392,5.99884,1.4229,-0.117879,332.01,0.18972,474.299,0.948599,18.972,17.0748,15.1776,853.739,664.019,6800,11.3832,0.28458,7.58879,0.0379439,0.6,0.55,0.5,0.15,0.9,20,23
att:5.995,2.949,184.140
run:18412,5.99528,1.41905,-0.237824,331.113,0.189207,473.018,0.946036,18.9207,17.0287,15.1366,851.433,662.225,6800,11.3524,0.283811,7.56829,0.0378415,0.6,0.55,0.5,0.15,0.9,20,23
att:5.989,2.941,184.320
run:18432,5.98933,1.41512,-0.357674,330.195,0.188683,471.707,0.943414,18.8683,16.9814,15.0946,849.072,660.39,6800,11.321,0.283024,7.54731,0.0377365,0.6,0.55,0.5,0.15,0.9,20,23
att:5.981,2.932,184.500
run:18452,5.98098,1.4111,-0.477381,329.256,0.188146,470.365,0.940731,18.8146,16.9332,15.0517,846.658,658.511,6800,11.2888,0.282219,7.52584,0.0376292,0.6,0.55,0.5,0.15,0.9,20,23
att:5.970,2.923,184.680
run:18472,5.97024,1.40698,-0.596898,328.296,0.187597,468.994,0.937987,18.7597,16.8838,15.0078,844.189,656.591,6800,11.2558,0.281396,7.5039,0.0375195,0.6,0.55,0.5,0.15,0.9,20,23
att:5.957,2.913,184.860
run:18492,5.9571,1.40278,-0.716175,327.314,0.187037,467.592,0.935184,18.7037,16.8333,14.9629,841.666,654.629,6800,11.2222,0.280555,7.48147,0.0374074,0.6,0.55,0.5,0.15,0.9,20,23
att:5.942,2.903,185.040
att:5.924,2.892,185.220
run:18532,5.9237,1.3941,-0.953823,325.289,0.18588,464.699,0.929398,18.588,16.7292,14.8704,836.458,650.578,6800,11.1528,0.278819,7.43518,0.0371759,0.6,0.55,0.5,0.15,0.9,20,23
att:5.903,2.881,185.400
run:18552,5.90344,1.38962,-1.0721,324.245,0.185283,463.208,0.926415,18.5283,16.6755,14.8226,833.774,648.491,6800,11.117,0.277925,7.41132,0.0370566,0.6,0.55,0.5,0.15,0.9,20,23
task:18552,1,0,0,0,1,20,0.9,13,0,185.400,0.500,1031
stat:18552,2,1,0,0,7,1,1,1,0,0,1,0,0,16777215
att:5.881,2.869,185.580
run:18572,5.88082,1.38506,-1.18994,323.181,0.184675,461.687,0.923374,18.4675,16.6207,14.774,831.036,646.362,6800,11.0805,0.277012,7.38699,0.036935,0.6,0.55,0.5,0.15,0.9,20,23
att:5.856,2.856,185.760
run:18592,5.85585,1.38041,-1.30732,322.096,0.184055,460.137,0.920273,18.4055,16.5649,14.7244,828.246,644.191,6800,11.0433,0.276082,7.36219,0.0368109,0.6,0.55,0.5,0.15,0.9,20,23
att:5.829,2.843,185.940
run:18612,5.82853,1.37567,-1.42416,320.99,0.183423,458.557,0.917114,18.3423,16.508,14.6738,825.402,641.979,6800,11.0054,0.275134,7.33691,0.0366845,0.6,0.55,0.5,0.15,0.9,20,23
att:5.799,2.829,186.120
run:18632,5.79888,1.37084,-1.54044,319.863,0.182779,456.948,0.913895,18.2779,16.4501,14.6223,822.506,639.727,6800,10.9667,0.274169,7.31116,0.0365558,0.6,0.55,0.5,0.15,0.9,20,23
noise from radio
att:NaN,1,2
att:5.767,2.815,186.300
run:18652,5.76692,1.36593,-1.6561,318.716,0.182124,455.309,0.910618,18.2124,16.3911,14.5699,819.557,637.433,6800,10.9274,0.273186,7.28495,0.0364247,0.6,0.55,0.5,0.15,0.9,20,23
att:5.733,2.800,186.480
run:18672,5.73264,1.36092,-1.7711,317.549,0.181457,453.642,0.907283,18.1457,16.3311,14.5165,816.555,635.098,6800,10.8874,0.272185,7.25827,0.0362913,0.6,0.55,0.5,0.15,0.9,20,23
att:5.696,2.785,186.660
run:18692,5.69608,1.35584,-1.88539,316.362,0.180778,451.945,0.90389,18.0778,16.27,14.4622,813.501,632.723,6800,10.8467,0.271167,7.23112,0.0361556,0.6,0.55,0.5,0.15,0.9,20,23
att:5.657,2.769,186.840
run:18712,5.65723,1.35066,-1.99893,315.154,0.180088,450.22,0.900439,18.0088,16.2079,14.407,810.395,630.307,6800,10.8053,0.270132,7.20351,0.0360176,0.6,0.55,0.5,0.15,0.9,20,23
att:5.616,2.753,187.020
run:18732,5.61613,1.3454,-2.11167,313.926,0.179386,448.465,0.89693,17.9386,16.1447,14.3509,807.237,627.851,6800,10.7632,0.269079,7.17544,0.0358772,0.6,0.55,0.5,0.15,0.9,20,23
att:5.573,2.736,187.200
run:18752,5.57277,1.34005,-2.22356,312.678,0.178673,446.682,0.893364,17.8673,16.0806,14.2938,804.028,625.355,6800,10.7204,0.268009,7.14692,0.0357346,0.6,0.55,0.5,0.15,0.9,20,23
task:18752,1,0,0,0,1,20,0.9,13,0,187.200,0.500,1041
stat:18752,2,1,0,0,7,1,1,1,0,0,1,0,0,16777215
att:5.527,2.718,187.380
run:18772,5.52719,1.33461,-2.33456,311.409,0.177948,444.871,0.889741,17.7948,16.0153,14.2359,800.767,622.819,6800,10.6769,0.266922,7.11793,0.0355896,0.6,0.55,0.5,0.15,0.9,20,23
att:5.479,2.700,187.560
run:18792,5.4794,1.32909,-2.44463,310.121,0.177212,443.031,0.886061,17.7212,15.9491,14.177,797.455,620.243,6800,10.6327,0.265818,7.08849,0.0354424,0.6,0.55,0.5,0.15,0.9,20,23
att:5.429,2.682,187.740
run:18812,5.42941,1.32349,-2.55372,308.813,0.176465,441.162,0.882324,17.6465,15.8818,14.1172,794.092,617.627,6800,10.5879,0.264697,7.05859,0.035293,0.6,0.55,0.5,0.15,0.9,20,23
att:5.377,2.663,187.920
run:18832,5.37725,1.3178,-2.66179,307.486,0.175706,439.265,0.878531,17.5706,15.8136,14.0565,790.678,614.972,6800,10.5424,0.263559,7.02825,0.0351412,0.6,0.55,0.5,0.15,0.9,20,23
att:5.323,2.643,188.100
run:18852,5.32295,1.31202,-2.7688,306.138,0.174936,437.341,0.874681,17.4936,15.7443,13.9949,787.213,612.277,6800,10.4962,0.262404,6.99745,0.0349873,0.6,0.55,0.5,0.15,0.9,20,23
att:5.267,2.623,188.280
run:18872,5.26651,1.30616,-2.8747,304.772,0.174155,435.388,0.870776,17.4155,15.674,13.9324,783.698,609.543,6800,10.4493,0.261233,6.96621,0.034831,0.6,0.55,0.5,0.15,0.9,20,23
att:5.208,2.602,188.460
run:18892,5.20796,1.30022,-2.97945,303.385,0.173363,433.407,0.866815,17.3363,15.6027,13.869,780.133,606.77,6800,10.4018,0.260044,6.93452,0.0346726,0.6,0.55,0.5,0.15,0.9,20,23
att:5.147,2.581,188.640
run:18912,5.14734,1.2942,-3.083,301.979,0.17256,431.399,0.862798,17.256,15.5304,13.8048,776.518,603.958,6800,10.3536,0.258839,6.90238,0.0345119,0.6,0.55,0.5,0.15,0.9,20,23
att:5.085,2.559,188.820
run:18932,5.08465,1.28809,-3.18533,300.554,0.171745,429.363,0.858726,17.1745,15.4571,13.7396,772.853,601.108,6800,10.3047,0.257618,6.86981,0.034349,0.6,0.55,0.5,0.15,0.9,20,23
att:5.020,2.537,189.000
run:18952,5.01993,1.2819,-3.28638,299.11,0.17092,427.299,0.854599,17.092,15.3828,13.6736,769.139,598.219,6800,10.2552,0.25638,6.83679,0.034184,0.6,0.55,0.5,0.15,0.9,20,23
task:18952,1,0,0,0,1,20,0.9,13,0,189.000,0.500,1051
stat:18952,2,1,0,0,7,1,1,1,0,0,1,0,0,16777215
att:4.953,2.515,189.180
run:18972,4.95321,1.27563,-3.38611,297.646,0.170083,425.209,0.850417,17.0083,15.3075,13.6067,765.376,595.292,6800,10.205,0.255125,6.80334,0.0340167,0.6,0.55,0.5,0.15,0.9,20,23
att:4.884,2.491,189.360
run:18992,4.8845,1.26927,-3.48449,296.163,0.169236,423.091,0.846181,16.9236,15.2313,13.5389,761.563,592.327,6800,10.1542,0.253854,6.76945,0.0338473,0.6,0.55,0.5,0.15,0.9,20,23
att:4.814,2.468,189.540
run:19012,4.81384,1.26284,-3.58148,294.662,0.168378,420.946,0.841891,16.8378,15.154,13.4703,757.702,589.324,6800,10.1027,0.252567,6.73513,0.0336756,0.6,0.55,0.5,0.15,0.9,20,23
att:4.741,2.444,189.720
run:19032,4.74125,1.25632,-3.67703,293.141,0.167509,418.773,0.837547,16.7509,15.0758,13.4008,753.792,586.283,6800,10.0506,0.251264,6.70038,0.0335019,0.6,0.55,0.5,0.15,0.9,20,23
att:4.667,2.419,189.900
run:19052,4.66676,1.24972,-3.77111,291.602,0.16663,416.575,0.833149,16.663,14.9967,13.3304,749.834,583.205,6800,9.99779,0.249945,6.66519,0.033326,0.6,0.55,0.5,0.15,0.9,20,23
att:4.590,2.394,190.080
run:19072,4.59041,1.24305,-3.86369,290.044,0.16574,414.349,0.828698,16.574,14.9166,13.2592,745.828,580.089,6800,9.94438,0.248609,6.62959,0.0331479,0.6,0.55,0.5,0.15,0.9,20,23
att:4.512,2.368,190.260
att:4.432,2.342,190.440
run:19112,4.43224,1.22946,-4.04417,286.873,0.163927,409.819,0.819637,16.3927,14.7535,13.1142,737.674,573.746,6800,9.83565,0.245891,6.5571,0.0327855,0.6,0.55,0.5,0.15,0.9,20,23
att:4.350,2.316,190.620
run:19132,4.35047,1.22254,-4.132,285.26,0.163006,407.514,0.815028,16.3006,14.6705,13.0405,733.525,570.52,6800,9.78034,0.244508,6.52023,0.0326011,0.6,0.55,0.5,0.15,0.9,20,23
att:4.267,2.289,190.800
run:19152,4.26697,1.21555,-4.21817,283.628,0.162073,405.183,0.810367,16.2073,14.5866,12.9659,729.33,567.257,6800,9.7244,0.24311,6.48293,0.0324147,0.6,0.55,0.5,0.15,0.9,20,23
task:19152,1,0,0,0,1,20,0.9,13,0,190.800,0.500,1061
stat:19152,2,1,0,0,7,1,1,1,0,0,1,0,0,16777215
att:4.182,2.262,190.980
run:19172,4.18176,1.20848,-4.30266,281.979,0.161131,402.827,0.805654,16.1131,14.5018,12.8905,725.088,563.958,6800,9.66784,0.241696,6.44523,0.0322261,0.6,0.55,0.5,0.15,0.9,20,23
att:4.095,2.234,191.160
run:19192,4.09487,1.20133,-4.38543,280.311,0.160178,400.444,0.800889,16.0178,14.416,12.8142,720.8,560.622,6800,9.61067,0.240267,6.40711,0.0320356,0.6,0.55,0.5,0.15,0.9,20,23
att:4.006,2.206,191.340
run:19212,4.00635,1.19411,-4.46645,278.625,0.159215,398.036,0.796073,15.9215,14.3293,12.7372,716.465,557.251,6800,9.55287,0.238822,6.36858,0.0318429,0.6,0.55,0.5,0.15,0.9,20,23
att:3.916,2.177,191.520
run:19232,3.91623,1.18681,-4.54568,276.922,0.158241,395.603,0.791206,15.8241,14.2417,12.6593,712.085,553.844,6800,9.49447,0.237362,6.32965,0.0316482,0.6,0.55,0.5,0.15,0.9,20,23
att:3.825,2.148,191.700
att:3.731,2.118,191.880
att:3.637,2.088,192.060
run:19292,3.6366,1.16445,-4.77233,271.706,0.15526,388.151,0.776302,15.526,13.9734,12.4208,698.672,543.411,6800,9.31562,0.232891,6.21042,0.0310521,0.6,0.55,0.5,0.15,0.9,20,23
att:3.540,2.058,192.240
run:19312,3.54043,1.15685,-4.8441,269.932,0.154247,385.617,0.771234,15.4247,13.8822,12.3397,694.111,539.864,6800,9.25481,0.23137,6.16987,0.0308494,0.6,0.55,0.5,0.15,0.9,20,23
att:3.443,2.027,192.420
run:19332,3.44285,1.14918,-4.91394,268.141,0.153223,383.059,0.766117,15.3223,13.7901,12.2579,689.506,536.282,6800,9.19341,0.229835,6.12894,0.0306447,0.6,0.55,0.5,0.15,0.9,20,23
att:3.344,1.996,192.600
run:19352,3.34389,1.14143,-4.98181,266.333,0.15219,380.476,0.760951,15.219,13.6971,12.1752,684.856,532.666,6800,9.13141,0.228285,6.08761,0.030438,0.6,0.55,0.5,0.15,0.9,20,23
task:19352,1,0,0,0,1,20,0.9,13,0,192.600,0.500,1071
stat:19352,2,1,0,0,7,1,1,1,0,0,1,0,0,16777215
att:3.244,1.965,192.780
run:19372,3.24359,1.1336,-5.04768,264.508,0.151147,377.868,0.755736,15.1147,13.6033,12.0918,680.163,529.016,6800,9.06884,0.226721,6.04589,0.0302295,0.6,0.55,0.5,0.15,0.9,20,23
att:3.142,1.933,192.960
run:19392,3.142,1.12571,-5.11154,262.666,0.150095,375.237,0.750473,15.0095,13.5085,12.0076,675.426,525.331,6800,9.00568,0.225142,6.00379,0.0300189,0.6,0.55,0.5,0.15,0.9,20,23
att:3.039,1.900,193.140
run:19412,3.03914,1.11774,-5.17336,260.807,0.149032,372.581,0.745162,14.9032,13.4129,11.9226,670.646,521.614,6800,8.94195,0.223549,5.9613,0.0298065,0.6,0.55,0.5,0.15,0.9,20,23
att:2.935,1.868,193.320
run:19432,2.93508,1.1097,-5.2331,258.931,0.147961,369.902,0.739803,14.7961,13.3165,11.8369,665.823,517.862,6800,8.87764,0.221941,5.91843,0.0295921,0.6,0.55,0.5,0.15,0.9,20,23
att:2.830,1.835,193.500
att:2.723,1.801,193.680
att:2.616,1.767,193.860
run:19492,2.616,1.08517,-5.39968,253.205,0.144689,361.722,0.723444,14.4689,13.022,11.5751,651.1,506.411,6800,8.68133,0.217033,5.78755,0.0289378,0.6,0.55,0.5,0.15,0.9,20,23
att:2.507,1.733,194.040
run:19512,2.50749,1.07685,-5.45092,251.264,0.14358,358.949,0.717898,14.358,12.9222,11.4864,646.108,502.529,6800,8.61477,0.215369,5.74318,0.0287159,0.6,0.55,0.5,0.15,0.9,20,23
att:2.398,1.699,194.220
run:19532,2.39797,1.06846,-5.49997,249.307,0.142461,356.153,0.712306,14.2461,12.8215,11.3969,641.075,498.614,6800,8.54767,0.213692,5.69845,0.0284922,0.6,0.55,0.5,0.15,0.9,20,23
att:2.288,1.664,194.400
run:19552,2.2875,1.06,-5.54683,247.334,0.141334,353.334,0.706668,14.1334,12.72,11.3067,636.001,494.668,6800,8.48002,0.212,5.65334,0.0282667,0.6,0.55,0.5,0.15,0.9,20,23
task:19552,1,0,0,0,1,20,0.9,13,0,194.400,0.500,1081
stat:19552,2,1,0,0,7,1,1,1,0,0,1,0,0,16777215
att:2.176,1.629,194.580
run:19572,2.17612,1.05148,-5.59147,245.345,0.140197,350.493,0.700985,14.0197,12.6177,11.2158,630.887,490.69,6800,8.41182,0.210296,5.60788,0.0280394,0.6,0.55,0.5,0.15,0.9,20,23
noise from radio
att:NaN,1,2
att:2.064,1.593,194.760
run:19592,2.06386,1.04289,-5.63387,243.34,0.139051,347.629,0.695257,13.9051,12.5146,11.1241,625.732,486.68,6800,8.34309,0.208577,5.56206,0.0278103,0.6,0.55,0.5,0.15,0.9,20,23
att:1.951,1.558,194.940
run:19612,1.95078,1.03423,-5.67402,241.32,0.137897,344.743,0.689485,13.7897,12.4107,11.0318,620.537,482.64,6800,8.27382,0.206846,5.51588,0.0275794,0.6,0.55,0.5,0.15,0.9,20,23
att:1.837,1.522,195.120
run:19632,1.83691,1.0255,-5.7119,239.284,0.136734,341.834,0.683669,13.6734,12.306,10.9387,615.302,478.568,6800,8.20402,0.205101,5.46935,0.0273467,0.6,0.55,0.5,0.15,0.9,20,23
att:1.722,1.485,195.300
run:19652,1.72232,1.01671,-5.74749,237.233,0.135562,338.904,0.677809,13.5562,12.2006,10.8449,610.028,474.466,6800,8.1337,0.203343,5.42247,0.0271123,0.6,0.55,0.5,0.15,0.9,20,23
att:1.607,1.449,195.480
run:19672,1.60703,1.00786,-5.78078,235.167,0.134381,335.953,0.671905,13.4381,12.0943,10.7505,604.715,470.334,6800,8.06286,0.201572,5.37524,0.0268762,0.6,0.55,0.5,0.15,0.9,20,23
att:1.491,1.412,195.660
run:19692,1.4911,0.998938,-5.81177,233.085,0.133192,332.979,0.665959,13.3192,11.9873,10.6553,599.363,466.171,6800,7.9915,0.199788,5.32767,0.0266383,0.6,0.55,0.5,0.15,0.9,20,23
att:1.375,1.375,195.840
run:19712,1.37457,0.989954,-5.84042,230.989,0.131994,329.985,0.659969,13.1994,11.8794,10.5595,593.972,461.979,6800,7.91963,0.197991,5.27975,0.0263988,0.6,0.55,0.5,0.15,0.9,20,23
att:1.257,1.337,196.020
run:19732,1.2575,0.980907,-5.86675,228.878,0.130788,326.969,0.653938,13.0788,11.7709,10.463,588.544,457.757,6800,7.84726,0.196181,5.2315,0.0261575,0.6,0.55,0.5,0.15,0.9,20,23
att:1.140,1.299,196.200
run:19752,1.13992,0.971797,-5.89072,226.753,0.129573,323.932,0.647865,12.9573,11.6616,10.3658,583.078,453.505,6800,7.77438,0.194359,5.18292,0.0259146,0.6,0.55,0.5,0.15,0.9,20,23
task:19752,1,0,0,0,1,20,0.9,13,0,196.200,0.500,1091
stat:19752,2,1,0,0,7,1,1,1,0,0,1,0,0,16777215
att:1.022,1.261,196.380
run:19772,1.02189,0.962625,-5.91234,224.612,0.12835,320.875,0.64175,12.835,11.5515,10.268,577.575,449.225,6800,7.701,0.192525,5.134,0.02567,0.6,0.55,0.5,0.15,0.9,20,23
att:0.903,1.223,196.560
run:19792,0.903442,0.953391,-5.93159,222.458,0.127119,317.797,0.635594,12.7119,11.4407,10.1695,572.035,444.916,6800,7.62713,0.190678,5.08475,0.0254238,0.6,0.55,0.5,0.15,0.9,20,23
att:0.785,1.185,196.740
run:19812,0.784638,0.944097,-5.94847,220.289,0.12588,314.699,0.629398,12.588,11.3292,10.0704,566.458,440.578,6800,7.55277,0.188819,5.03518,0.0251759,0.6,0.55,0.5,0.15,0.9,20,23
att:0.666,1.146,196.920
run:19832,0.665519,0.934742,-5.96298,218.106,0.124632,311.581,0.623161,12.4632,11.2169,9.97058,560.845,436.213,6800,7.47793,0.186948,4.98529,0.0249264,0.6,0.55,0.5,0.15,0.9,20,23
att:0.546,1.107,197.100
run:19852,0.546134,0.925327,-5.97509,215.91,0.123377,308.442,0.616884,12.3377,11.1039,9.87015,555.196,431.819,6800,7.40261,0.185065,4.93508,0.0246754,0.6,0.55,0.5,0.15,0.9,20,23
att:0.427,1.068,197.280
att:0.307,1.029,197.460
run:19892,0.306758,0.90632,-5.99215,211.475,0.120843,302.107,0.604213,12.0843,10.8758,9.66741,543.792,422.949,6800,7.25056,0.181264,4.8337,0.0241685,0.6,0.55,0.5,0.15,0.9,20,23
att:0.187,0.989,197.640
run:19912,0.186861,0.896729,-5.99709,209.237,0.119564,298.91,0.597819,11.9564,10.7607,9.56511,538.037,418.473,6800,7.17383,0.179346,4.78255,0.0239128,0.6,0.55,0.5,0.15,0.9,20,23
att:0.067,0.949,197.820
run:19932,0.0668901,0.887081,-5.99963,206.986,0.118277,295.694,0.591387,11.8277,10.645,9.46219,532.248,413.971,6800,7.09665,0.177416,4.7311,0.0236555,0.6,0.55,0.5,0.15,0.9,20,23
att:-0.053,0.909,198.000
run:19952,-0.0531079,0.877376,-5.99976,204.721,0.116983,292.459,0.584917,11.6983,10.5285,9.35868,526.425,409.442,6800,7.01901,0.175475,4.67934,0.0233967,0.6,0.55,0.5,0.15,0.9,20,23
task:19952,1,0,0,0,1,20,0.9,13,0,198.000,0.500,1101
stat:19952,2,1,0,0,7,1,1,1,0,0,1,0,0,16777215
att:-0.173,0.869,198.180
run:19972,-0.173085,0.867615,-5.9975,202.443,0.115682,289.205,0.57841,11.5682,10.4114,9.25456,520.569,404.887,6800,6.94092,0.173523,4.62728,0.0231364,0.6,0.55,0.5,0.15,0.9,20,23
att:-0.293,0.829,198.360
run:19992,-0.292992,0.857798,-5.99284,200.153,0.114373,285.933,0.571865,11.4373,10.2936,9.14985,514.679,400.306,6800,6.86238,0.17156,4.57492,0.0228746,0.6,0.55,0.5,0.15,0.9,20,23
att:-0.413,0.789,198.540
run:20012,-0.412782,0.847927,-5.98578,197.85,0.113057,282.642,0.565284,11.3057,10.1751,9.04455,508.756,395.699,6800,6.78341,0.169585,4.52228,0.0226114,0.6,0.55,0.5,0.15,0.9,20,23
att:-0.532,0.748,198.720
run:20032,-0.532407,0.838001,-5.97633,195.534,0.111733,279.334,0.558667,11.1733,10.056,8.93868,502.8,391.067,6800,6.70401,0.1676,4.46934,0.0223467,0.6,0.55,0.5,0.15,0.9,20,23
att:-0.652,0.707,198.900
run:20052,-0.65182,0.828021,-5.96449,193.205,0.110403,276.007,0.552014,11.0403,9.93626,8.83223,496.813,386.41,6800,6.62417,0.165604,4.41611,0.0220806,0.6,0.55,0.5,0.15,0.9,20,23
att:-0.771,0.666,199.080
att:-0.890,0.625,199.260
run:20092,-0.889814,0.807904,-5.93365,188.511,0.107721,269.301,0.538603,10.7721,9.69485,8.61764,484.743,377.022,6800,6.46323,0.161581,4.30882,0.0215441,0.6,0.55,0.5,0.15,0.9,20,23
att:-1.008,0.584,199.440
run:20112,-1.0083,0.797768,-5.91467,186.146,0.106369,265.923,0.531845,10.6369,9.57321,8.50952,478.661,372.292,6800,6.38214,0.159554,4.25476,0.0212738,0.6,0.55,0.5,0.15,0.9,20,23
att:-1.126,0.543,199.620
run:20132,-1.12639,0.78758,-5.89332,183.769,0.105011,262.527,0.525053,10.5011,9.45096,8.40086,472.548,367.537,6800,6.30064,0.157516,4.20043,0.0210021,0.6,0.55,0.5,0.15,0.9,20,23
att:-1.244,0.502,199.800
task:20152,1,0,0,0,1,20,0.9,13,0,199.800,0.500,1111
stat:20152,2,1,0,0,7,1,1,1,0,0,1,0,0,16777215
att:-1.361,0.460,199.980
run:20172,-1.36115,0.767055,-5.84357,178.979,0.102274,255.685,0.51137,10.2274,9.20466,8.18192,460.233,357.959,6800,6.13644,0.153411,4.09096,0.0204548,0.6,0.55,0.5,0.15,0.9,20,23
att:-1.478,0.419,200.160
att:-1.594,0.377,200.340
run:20212,-1.59375,0.746333,-5.78446,174.144,0.099511,248.778,0.497555,9.9511,8.95599,7.96088,447.8,348.289,6800,5.97066,0.149267,3.98044,0.0199022,0.6,0.55,0.5,0.15,0.9,20,23
att:-1.709,0.335,200.520
run:20232,-1.70911,0.7359,-5.75143,171.71,0.09812,245.3,0.4906,9.812,8.8308,7.8496,441.54,343.42,6800,5.8872,0.14718,3.9248,0.019624,0.6,0.55,0.5,0.15,0.9,20,23
att:-1.824,0.293,200.700
run:20252,-1.82379,0.72542,-5.7161,169.265,0.0967226,241.807,0.483613,9.67226,8.70504,7.73781,435.252,338.529,6800,5.80336,0.145084,3.8689,0.0193445,0.6,0.55,0.5,0.15,0.9,20,23
att:-1.938,0.252,200.880
run:20272,-1.93774,0.714893,-5.67848,166.808,0.0953191,238.298,0.476595,9.53191,8.57872,7.62553,428.936,333.617,6800,5.71915,0.142979,3.81276,0.0190638,0.6,0.55,0.5,0.15,0.9,20,23
att:-2.051,0.210,201.060
run:20292,-2.05091,0.704321,-5.6386,164.342,0.0939095,234.774,0.469547,9.39095,8.45185,7.51276,422.593,328.683,6800,5.63457,0.140864,3.75638,0.0187819,0.6,0.55,0.5,0.15,0.9,20,23
att:-2.163,0.168,201.240
run:20312,-2.16327,0.693704,-5.59645,161.864,0.0924938,231.235,0.462469,9.24938,8.32444,7.39951,416.222,323.728,6800,5.54963,0.138741,3.69975,0.0184988,0.6,0.55,0.5,0.15,0.9,20,23
att:-2.275,0.126,201.420
run:20332,-2.27476,0.683042,-5.55207,159.376,0.0910723,227.681,0.455361,9.10723,8.1965,7.28578,409.825,318.753,6800,5.46434,0.136608,3.64289,0.0182145,0.6,0.55,0.5,0.15,0.9,20,23
att:-2.385,0.084,201.600
run:20352,-2.38533,0.672336,-5.50547,156.879,0.0896449,224.112,0.448224,8.96449,8.06804,7.17159,403.402,313.757,6800,5.37869,0.134467,3.58579,0.017929,0.6,0.55,0.5,0.15,0.9,20,23
task:20352,1,0,0,0,1,20,0.9,13,0,201.600,0.500,1121
stat:20352,2,1,0,0,7,1,1,1,0,0,1,0,0,16777215
att:-2.495,0.042,201.780
run:20372,-2.49496,0.661588,-5.45666,154.371,0.0882117,220.529,0.441059,8.82117,7.93906,7.05694,396.953,308.741,6800,5.2927,0.132318,3.52847,0.0176423,0.6,0.55,0.5,0.15,0.9,20,23
att:-2.604,-0.000,201.960
run:20392,-2.60359,0.650797,-5.40568,151.853,0.086773,216.932,0.433865,8.6773,7.80957,6.94184,390.478,303.705,6800,5.20638,0.130159,3.47092,0.0173546,0.6,0.55,0.5,0.15,0.9,20,23
att:-2.711,-0.042,202.140
run:20412,-2.71117,0.639965,-5.35253,149.325,0.0853286,213.322,0.426643,8.53286,7.67958,6.82629,383.979,298.65,6800,5.11972,0.127993,3.41315,0.0170657,0.6,0.55,0.5,0.15,0.9,20,23
att:-2.818,-0.084,202.320
att:-2.923,-0.126,202.500
run:20452,-2.92305,0.618178,-5.23983,144.241,0.0824237,206.059,0.412118,8.24237,7.41813,6.5939,370.907,288.483,6800,4.94542,0.123636,3.29695,0.0164847,0.6,0.55,0.5,0.15,0.9,20,23
att:-3.027,-0.168,202.680
run:20472,-3.02725,0.607224,-5.18032,141.686,0.0809633,202.408,0.404816,8.09633,7.28669,6.47706,364.335,283.371,6800,4.8578,0.121445,3.23853,0.0161927,0.6,0.55,0.5,0.15,0.9,20,23
att:-3.130,-0.210,202.860
run:20492,-3.13025,0.596232,-5.11875,139.121,0.0794977,198.744,0.397488,7.94977,7.15479,6.35981,357.739,278.242,6800,4.76986,0.119246,3.17991,0.0158995,0.6,0.55,0.5,0.15,0.9,20,23
att:-3.232,-0.252,203.040
noise from radio
att:NaN,1,2
att:-3.332,-0.294,203.220
run:20532,-3.33244,0.574134,-4.98947,133.965,0.0765513,191.378,0.382756,7.65513,6.88961,6.1241,344.481,267.929,6800,4.59308,0.114827,3.06205,0.0153103,0.6,0.55,0.5,0.15,0.9,20,23
att:-3.432,-0.335,203.400
run:20552,-3.43155,0.56303,-4.92183,131.374,0.0750707,187.677,0.375353,7.50707,6.75636,6.00565,337.818,262.747,6800,4.50424,0.112606,3.00283,0.0150141,0.6,0.55,0.5,0.15,0.9,20,23
task:20552,1,0,0,0,1,20,0.9,13,0,203.400,0.500,1131
stat:20552,2,1,0,0,7,1,1,1,0,0,1,0,0,16777215
att:-3.529,-0.377,203.580
run:20572,-3.5293,0.55189,-4.85222,128.774,0.0735853,183.963,0.367926,7.35853,6.62267,5.88682,331.134,257.548,6800,4.41512,0.110378,2.94341,0.0147171,0.6,0.55,0.5,0.15,0.9,20,23
att:-3.626,-0.419,203.760
run:20592,-3.62563,0.540714,-4.78067,126.167,0.0720952,180.238,0.360476,7.20952,6.48856,5.76761,324.428,252.333,6800,4.32571,0.108143,2.88381,0.014419,0.6,0.55,0.5,0.15,0.9,20,23
att:-3.721,-0.460,203.940
run:20612,-3.72051,0.529503,-4.70721,123.551,0.0706004,176.501,0.353002,7.06004,6.35404,5.64804,317.702,247.102,6800,4.23603,0.105901,2.82402,0.0141201,0.6,0.55,0.5,0.15,0.9,20,23
att:-3.814,-0.502,204.120
run:20632,-3.81391,0.518259,-4.63186,120.927,0.0691012,172.753,0.345506,6.91012,6.21911,5.5281,310.955,241.854,6800,4.14607,0.103652,2.76405,0.0138202,0.6,0.55,0.5,0.15,0.9,20,23
att:-3.906,-0.543,204.300
run:20652,-3.90577,0.506982,-4.55466,118.296,0.0675975,168.994,0.337988,6.75975,6.08378,5.4078,304.189,236.591,6800,4.05585,0.101396,2.7039,0.0135195,0.6,0.55,0.5,0.15,0.9,20,23
att:-3.996,-0.584,204.480
run:20672,-3.99608,0.495672,-4.47564,115.657,0.0660896,165.224,0.330448,6.60896,5.94806,5.28716,297.403,231.313,6800,3.96537,0.0991343,2.64358,0.0132179,0.6,0.55,0.5,0.15,0.9,20,23
att:-4.085,-0.625,204.660
att:-4.172,-0.667,204.840
run:20712,-4.17186,0.472957,-4.31226,110.357,0.063061,157.652,0.315305,6.3061,5.67549,5.04488,283.774,220.713,6800,3.78366,0.0945915,2.52244,0.0126122,0.6,0.55,0.5,0.15,0.9,20,23
att:-4.257,-0.707,205.020
run:20732,-4.25727,0.461555,-4.22796,107.696,0.0615406,153.852,0.307703,6.15406,5.53865,4.92325,276.933,215.392,6800,3.69244,0.0923109,2.46162,0.0123081,0.6,0.55,0.5,0.15,0.9,20,23
att:-4.341,-0.748,205.200
run:20752,-4.34097,0.450122,-4.14198,105.028,0.0600163,150.041,0.300081,6.00163,5.40146,4.8013,270.073,210.057,6800,3.60098,0.0900244,2.40065,0.0120033,0.6,0.55,0.5,0.15,0.9,20,23
task:20752,1,0,0,0,1,20,0.9,13,0,205.200,0.500,1141
stat:20752,2,1,0,0,7,1,1,1,0,0,1,0,0,16777215
att:-4.423,-0.789,205.380
run:20772,-4.42293,0.438661,-4.05434,102.354,0.0584881,146.22,0.292441,5.84881,5.26393,4.67905,263.196,204.708,6800,3.50929,0.0877322,2.33952,0.0116976,0.6,0.55,0.5,0.15,0.9,20,23
att:-4.503,-0.829,205.560
run:20792,-4.50313,0.427172,-3.96507,99.6734,0.0569562,142.391,0.284781,5.69562,5.12606,4.5565,256.303,199.347,6800,3.41737,0.0854343,2.27825,0.0113912,0.6,0.55,0.5,0.15,0.9,20,23
att:-4.582,-0.869,205.740
run:20812,-4.58153,0.415655,-3.87422,96.9861,0.0554206,138.552,0.277103,5.54206,4.98786,4.43365,249.393,193.972,6800,3.32524,0.083131,2.21683,0.0110841,0.6,0.55,0.5,0.15,0.9,20,23
att:-4.658,-0.910,205.920
run:20832,-4.65809,0.404112,-3.78182,94.2927,0.0538815,134.704,0.269408,5.38815,4.84934,4.31052,242.467,188.585,6800,3.23289,0.0808223,2.15526,0.0107763,0.6,0.55,0.5,0.15,0.9,20,23
att:-4.733,-0.949,206.100
run:20852,-4.73279,0.392542,-3.68791,91.5932,0.052339,130.847,0.261695,5.2339,4.71051,4.18712,235.525,183.186,6800,3.14034,0.0785085,2.09356,0.0104678,0.6,0.55,0.5,0.15,0.9,20,23
att:-4.806,-0.989,206.280
run:20872,-4.8056,0.380948,-3.59253,88.8879,0.0507931,126.983,0.253965,5.07931,4.57138,4.06345,228.569,177.776,6800,3.04759,0.0761896,2.03172,0.0101586,0.6,0.55,0.5,0.15,0.9,20,23
att:-4.876,-1.029,206.460
run:20892,-4.87648,0.36933,-3.4957,86.1769,0.0492439,123.11,0.24622,4.92439,4.43196,3.93952,221.598,172.354,6800,2.95464,0.0738659,1.96976,0.00984879,0.6,0.55,0.5,0.15,0.9,20,23
att:-4.945,-1.068,206.640
run:20912,-4.94542,0.357687,-3.39748,83.4604,0.0476916,119.229,0.238458,4.76916,4.29225,3.81533,214.612,166.921,6800,2.8615,0.0715375,1.90767,0.00953833,0.6,0.55,0.5,0.15,0.9,20,23
att:-5.012,-1.107,206.820
run:20932,-5.01237,0.346022,-3.2979,80.7385,0.0461363,115.341,0.230681,4.61363,4.15227,3.6909,207.613,161.477,6800,2.76818,0.0692044,1.84545,0.00922726,0.6,0.55,0.5,0.15,0.9,20,23
att:-5.077,-1.146,207.000
run:20952,-5.07732,0.334335,-3.197,78.0115,0.044578,111.445,0.22289,4.4578,4.01202,3.56624,200.601,156.023,6800,2.67468,0.066867,1.78312,0.0089156,0.6,0.55,0.5,0.15,0.9,20,23
task:20952,1,0,0,0,1,20,0.9,13,0,207.000,0.500,1151
stat:20952,2,1,0,0,7,1,1,1,0,0,1,0,0,16777215
att:-5.140,-1.185,207.180
run:20972,-5.14024,0.322626,-3.09482,75.2794,0.0430168,107.542,0.215084,4.30168,3.87151,3.44135,193.576,150.559,6800,2.58101,0.0645252,1.72067,0.00860336,0.6,0.55,0.5,0.15,0.9,20,23
att:-5.201,-1.223,207.360
run:20992,-5.20111,0.310897,-2.9914,72.5426,0.0414529,103.632,0.207265,4.14529,3.73076,3.31623,186.538,145.085,6800,2.48717,0.0621794,1.65812,0.00829058,0.6,0.55,0.5,0.15,0.9,20,23
att:-5.260,-1.262,207.540
att:-5.317,-1.300,207.720
run:21032,-5.31657,0.287379,-2.78102,67.0551,0.0383172,95.7931,0.191586,3.83172,3.44855,3.06538,172.428,134.11,6800,2.29903,0.0574758,1.53269,0.00766345,0.6,0.55,0.5,0.15,0.9,20,23
att:-5.371,-1.337,207.900
run:21052,-5.37112,0.275592,-2.67414,64.3049,0.0367457,91.8641,0.183728,3.67457,3.30711,2.93965,165.355,128.61,6800,2.20474,0.0551185,1.46983,0.00734913,0.6,0.55,0.5,0.15,0.9,20,23
att:-5.424,-1.375,208.080
run:21072,-5.42353,0.263788,-2.56619,61.5505,0.0351717,87.9293,0.175859,3.51717,3.16546,2.81374,158.273,123.101,6800,2.1103,0.0527576,1.40687,0.00703435,0.6,0.55,0.5,0.15,0.9,20,23
att:-5.474,-1.412,208.260
run:21092,-5.47376,0.251967,-2.45721,58.7922,0.0335956,83.9889,0.167978,3.35956,3.0236,2.68764,151.18,117.584,6800,2.01573,0.0503933,1.34382,0.00671911,0.6,0.55,0.5,0.15,0.9,20,23
att:-5.522,-1.449,208.440
run:21112,-5.52181,0.240129,-2.34725,56.0302,0.0320172,80.0431,0.160086,3.20172,2.88155,2.56138,144.078,112.06,6800,1.92103,0.0480259,1.28069,0.00640345,0.6,0.55,0.5,0.15,0.9,20,23
att:-5.568,-1.486,208.620
run:21132,-5.56765,0.228276,-2.23636,53.2645,0.0304369,76.0922,0.152184,3.04369,2.73932,2.43495,136.966,106.529,6800,1.82621,0.0456553,1.21747,0.00608737,0.6,0.55,0.5,0.15,0.9,20,23
att:-5.611,-1.522,208.800
run:21152,-5.61126,0.216409,-2.12456,50.4955,0.0288545,72.1364,0.144273,2.88545,2.59691,2.30836,129.845,100.991,6800,1.73127,0.0432818,1.15418,0.00577091,0.6,0.55,0.5,0.15,0.9,20,23
task:21152,1,0,0,0,1,20,0.9,13,0,208.800,0.500,1161
stat:21152,2,1,0,0,7,1,1,1,0,0,1,0,0,16777215
att:-5.653,-1.558,208.980
run:21172,-5.65263,0.204528,-2.01192,47.7232,0.0272704,68.1759,0.136352,2.72704,2.45433,2.18163,122.717,95.4463,6800,1.63622,0.0409056,1.09082,0.00545408,0.6,0.55,0.5,0.15,0.9,20,23
att:-5.692,-1.594,209.160
run:21192,-5.69173,0.192633,-1.89847,44.9478,0.0256845,64.2112,0.128422,2.56845,2.3116,2.05476,115.58,89.8956,6800,1.54107,0.0385267,1.02738,0.00513689,0.6,0.55,0.5,0.15,0.9,20,23
att:-5.729,-1.629,209.340
run:21212,-5.72856,0.180727,-1.78427,42.1696,0.0240969,60.2423,0.120485,2.40969,2.16872,1.92775,108.436,84.3392,6800,1.44581,0.0361454,0.963876,0.00481938,0.6,0.55,0.5,0.15,0.9,20,23
att:-5.763,-1.664,209.520
run:21232,-5.7631,0.168809,-1.66935,39.3887,0.0225078,56.2695,0.112539,2.25078,2.0257,1.80062,101.285,78.7773,6800,1.35047,0.0337617,0.900312,0.00450156,0.6,0.55,0.5,0.15,0.9,20,23
att:-5.795,-1.699,209.700
run:21252,-5.79533,0.15688,-1.55376,36.6052,0.0209173,52.2932,0.104586,2.09173,1.88255,1.67338,94.1277,73.2104,6800,1.25504,0.0313759,0.836691,0.00418345,0.6,0.55,0.5,0.15,0.9,20,23
att:-5.825,-1.733,209.880
run:21272,-5.82524,0.14494,-1.43755,33.8194,0.0193254,48.3135,0.096627,1.93254,1.73929,1.54603,86.9643,67.6389,6800,1.15952,0.0289881,0.773016,0.00386508,0.6,0.55,0.5,0.15,0.9,20,23
att:-5.853,-1.768,210.060
run:21292,-5.85283,0.132992,-1.32076,31.0315,0.0177323,44.3307,0.0886614,1.77323,1.59591,1.41858,79.7953,62.063,6800,1.06394,0.0265984,0.709291,0.00354646,0.6,0.55,0.5,0.15,0.9,20,23
att:-5.878,-1.801,210.240
run:21312,-5.87807,0.121035,-1.20345,28.2415,0.016138,40.3451,0.0806901,1.6138,1.45242,1.29104,72.6211,56.4831,6800,0.968282,0.024207,0.645521,0.00322761,0.6,0.55,0.5,0.15,0.9,20,23
att:-5.901,-1.835,210.420
run:21332,-5.90096,0.109071,-1.08566,25.4498,0.0145427,36.3569,0.0727137,1.45427,1.30885,1.16342,65.4424,50.8996,6800,0.872565,0.0218141,0.58171,0.00290855,0.6,0.55,0.5,0.15,0.9,20,23
att:-5.921,-1.868,210.600
run:21352,-5.92149,0.097099,-0.967428,22.6564,0.0129465,32.3663,0.0647327,1.29465,1.16519,1.03572,58.2594,45.3129,6800,0.776792,0.0194198,0.517861,0.00258931,0.6,0.55,0.5,0.15,0.9,20,23
task:21352,1,0,0,0,1,20,0.9,13,0,210.600,0.500,1171
stat:21352,2,1,0,0,7,1,1,1,0,0,1,0,0,16777215
att:-5.940,-1.900,210.780
run:21372,-5.93966,0.0851212,-0.848812,19.8616,0.0113495,28.3737,0.0567475,1.13495,1.02145,0.907959,51.0727,39.7232,6800,0.68097,0.0170242,0.45398,0.0022699,0.6,0.55,0.5,0.15,0.9,20,23
att:-5.955,-1.933,210.960
run:21392,-5.95544,0.0731379,-0.729857,17.0655,0.00975172,24.3793,0.0487586,0.975172,0.877655,0.780138,43.8828,34.131,6800,0.585103,0.0146276,0.390069,0.00195034,0.6,0.55,0.5,0.15,0.9,20,23
att:-5.969,-1.965,211.140
run:21412,-5.96885,0.06115,-0.61061,14.2683,0.00815333,20.3833,0.0407667,0.815333,0.7338,0.652267,36.69,28.5367,6800,0.4892,0.01223,0.326133,0.00163067,0.6,0.55,0.5,0.15,0.9,20,23
att:-5.980,-1.996,211.320
run:21432,-5.97987,0.0491581,-0.491119,11.4702,0.00655442,16.386,0.0327721,0.655442,0.589898,0.524353,29.4949,22.9405,6800,0.393265,0.00983163,0.262177,0.00131088,0.6,0.55,0.5,0.15,0.9,20,23
att:-5.988,-2.027,211.500
run:21452,-5.98849,0.0371631,-0.371432,8.6714,0.00495509,12.3877,0.0247754,0.495509,0.445958,0.396407,22.2979,17.3428,6800,0.297305,0.00743263,0.198203,0.000991017,0.6,0.55,0.5,0.15,0.9,20,23
noise from radio
att:NaN,1,2
att:-5.995,-2.058,211.680
run:21472,-5.99472,0.0251658,-0.251596,5.87201,0.00335543,8.38859,0.0167772,0.335543,0.301989,0.268435,15.0995,11.744,6800,0.201326,0.00503315,0.134217,0.000671087,0.6,0.55,0.5,0.15,0.9,20,23
att:-5.999,-2.088,211.860
run:21492,-5.99856,0.0131668,-0.131659,3.07225,0.00175557,4.38892,0.00877785,0.175557,0.158001,0.140446,7.90006,6.14449,6800,0.105334,0.00263335,0.0702228,0.000351114,0.6,0.55,0.5,0.15,0.9,20,23
att:-6.000,-2.118,212.040
att:-5.999,-2.148,212.220
run:21532,-5.99902,-0.010833,0.108325,-2.52769,-0.0014444,-3.61099,-0.00722198,-0.14444,-0.129996,-0.115552,-6.49978,-5.05538,6800,-0.0866637,-0.00216659,-0.0577758,-0.000288879,0.6,0.55,0.5,0.15,0.9,20,23
att:-5.996,-2.177,212.400
run:21552,-5.99566,-0.0228322,0.228275,-5.32751,-0.00304429,-7.61073,-0.0152215,-0.304429,-0.273986,-0.243543,-13.6993,-10.655,6800,-0.182657,-0.00456644,-0.121772,-0.000608858,0.6,0.55,0.5,0.15,0.9,20,23
task:21552,1,0,0,0,1,20,0.9,13,0,212.400,0.500,1181
stat:21552,2,1,0,0,7,1,1,1,0,0,1,0,0,16777215
att:-5.990,-2.206,212.580
att:-5.982,-2.234,212.760
run:21592,-5.98173,-0.0468255,0.467855,-10.9259,-0.00624339,-15.6085,-0.031217,-0.624339,-0.561905,-0.499471,-28.0953,-21.8519,6800,-0.374604,-0.00936509,-0.249736,-0.00124868,0.6,0.55,0.5,0.15,0.9,20,23
att:-5.971,-2.262,212.940
run:21612,-5.97118,-0.058818,0.587388,-13.7242,-0.0078424,-19.606,-0.039212,-0.78424,-0.705816,-0.627392,-35.2908,-27.4484,6800,-0.470544,-0.0117636,-0.313696,-0.00156848,0.6,0.55,0.5,0.15,0.9,20,23
att:-5.958,-2.289,213.120
run:21632,-5.95824,-0.0708067,0.706686,-16.5216,-0.0094409,-23.6022,-0.0472045,-0.94409,-0.849681,-0.755272,-42.484,-33.0431,6800,-0.566454,-0.0141613,-0.377636,-0.00188818,0.6,0.55,0.5,0.15,0.9,20,23
att:-5.943,-2.316,213.300
run:21652,-5.94291,-0.082791,0.825702,-19.3179,-0.0110388,-27.597,-0.055194,-1.10388,-0.993492,-0.883104,-49.6746,-38.6358,6800,-0.662328,-0.0165582,-0.441552,-0.00220776,0.6,0.55,0.5,0.15,0.9,20,23
att:-5.925,-2.343,213.480
att:-5.905,-2.369,213.660
att:-5.883,-2.394,213.840
run:21712,-5.88271,-0.118709,1.18058,-27.6987,-0.0158278,-39.5696,-0.0791392,-1.58278,-1.42451,-1.26623,-71.2253,-55.3974,6800,-0.94967,-0.0237418,-0.633114,-0.00316557,0.6,0.55,0.5,0.15,0.9,20,23
att:-5.858,-2.419,214.020
run:21732,-5.85792,-0.130667,1.29799,-30.489,-0.0174223,-43.5557,-0.0871115,-1.74223,-1.56801,-1.39378,-78.4003,-60.978,6800,-1.04534,-0.0261334,-0.696892,-0.00348446,0.6,0.55,0.5,0.15,0.9,20,23
att:-5.831,-2.444,214.200
run:21752,-5.83079,-0.142617,1.41488,-33.2774,-0.0190156,-47.5391,-0.0950782,-1.90156,-1.71141,-1.52125,-85.5704,-66.5547,6800,-1.14094,-0.0285235,-0.760626,-0.00380313,0.6,0.55,0.5,0.15,0.9,20,23
task:21752,1,0,0,0,1,20,0.9,13,0,214.200,0.500,1191
stat:21752,2,1,0,0,7,1,1,1,0,0,1,0,0,16777215
att:-5.801,-2.468,214.380
run:21772,-5.80133,-0.154558,1.5312,-36.0636,-0.0206078,-51.5194,-0.103039,-2.06078,-1.8547,-1.64862,-92.735,-72.1272,6800,-1.23647,-0.0309117,-0.824311,-0.00412155,0.6,0.55,0.5,0.15,0.9,20,23
att:-5.770,-2.492,214.560
att:-5.735,-2.515,214.740
run:21812,-5.73546,-0.17841,1.76197,-41.6289,-0.023788,-59.4699,-0.11894,-2.3788,-2.14092,-1.90304,-107.046,-83.2579,6800,-1.42728,-0.0356819,-0.951518,-0.00475759,0.6,0.55,0.5,0.15,0.9,20,23
att:-5.699,-2.537,214.920
run:21832,-5.69907,-0.190319,1.87632,-44.4077,-0.0253758,-63.4396,-0.126879,-2.53758,-2.28382,-2.03007,-114.191,-88.8154,6800,-1.52255,-0.0380637,-1.01503,-0.00507517,0.6,0.55,0.5,0.15,0.9,20,23
att:-5.660,-2.560,215.100
run:21852,-5.66041,-0.202215,1.98992,-47.1836,-0.0269621,-67.4052,-0.13481,-2.69621,-2.42659,-2.15697,-121.329,-94.3672,6800,-1.61772,-0.0404431,-1.07848,-0.00539241,0.6,0.55,0.5,0.15,0.9,20,23
att:-5.619,-2.581,215.280
run:21872,-5.61948,-0.214099,2.10272,-49.9565,-0.0285466,-71.3664,-0.142733,-2.85466,-2.56919,-2.28373,-128.46,-99.913,6800,-1.71279,-0.0428199,-1.14186,-0.00570932,0.6,0.55,0.5,0.15,0.9,20,23
att:-5.576,-2.602,215.460
run:21892,-5.57631,-0.22597,2.21468,-52.7262,-0.0301293,-75.3232,-0.150646,-3.01293,-2.71163,-2.41034,-135.582,-105.452,6800,-1.80776,-0.0451939,-1.20517,-0.00602585,0.6,0.55,0.5,0.15,0.9,20,23
att:-5.531,-2.623,215.640
att:-5.483,-2.643,215.820
run:21932,-5.48328,-0.249666,2.4359,-58.2553,-0.0332888,-83.2219,-0.166444,-3.32888,-2.99599,-2.6631,-149.799,-116.511,6800,-1.99733,-0.0499331,-1.33155,-0.00665775,0.6,0.55,0.5,0.15,0.9,20,23
att:-5.433,-2.663,216.000
run:21952,-5.43347,-0.26149,2.54507,-61.0144,-0.0348654,-87.1634,-0.174327,-3.48654,-3.13788,-2.78923,-156.894,-122.029,6800,-2.09192,-0.052298,-1.39461,-0.00697307,0.6,0.55,0.5,0.15,0.9,20,23
taskevt:14,21952,1,2,0,0,1
task:21952,2,0,0,0,1,20,0.9,14,0,216.000,0.500,1201
stat:21952,2,1,0,0,7,1,1,1,0,0,1,0,0,16777215
att:-5.381,-2.682,216.180
run:21972,-5.38149,-0.273298,2.65323,-63.7695,-0.0364397,-91.0993,-0.182199,-3.64397,-3.27958,-2.91518,-163.979,-127.539,6800,-2.18638,-0.0546596,-1.45759,-0.00728794,0.6,0.55,0.5,0.15,0.9,20,23
att:-5.327,-2.700,216.360
run:21992,-5.32735,-0.285088,2.76032,-66.5206,-0.0380118,-95.0294,-0.190059,-3.80118,-3.42106,-3.04094,-171.053,-133.041,6800,-2.28071,-0.0570176,-1.52047,-0.00760235,0.6,0.55,0.5,0.15,0.9,20,23
att:-5.271,-2.718,216.540
run:22012,-5.27108,-0.29686,2.86631,-69.2674,-0.0395814,-98.9534,-0.197907,-3.95814,-3.56232,-3.16651,-178.116,-138.535,6800,-2.37488,-0.059372,-1.58325,-0.00791627,0.6,0.55,0.5,0.15,0.9,20,23
att:-5.213,-2.736,216.720
run:22032,-5.2127,-0.308613,2.97115,-72.0098,-0.0411484,-102.871,-0.205742,-4.11484,-3.70336,-3.29187,-185.168,-144.02,6800,-2.46891,-0.0617227,-1.64594,-0.00822969,0.6,0.55,0.5,0.15,0.9,20,23
att:-5.152,-2.753,216.900
att:-5.090,-2.769,217.080
run:22072,-5.08972,-0.332059,3.17722,-77.4805,-0.0442746,-110.686,-0.221373,-4.42746,-3.98471,-3.54197,-199.236,-154.961,6800,-2.65647,-0.0664119,-1.77098,-0.00885491,0.6,0.55,0.5,0.15,0.9,20,23
att:-5.025,-2.785,217.260
run:22092,-5.02516,-0.343751,3.27838,-80.2085,-0.0458334,-114.584,-0.229167,-4.58334,-4.12501,-3.66668,-206.25,-160.417,6800,-2.75001,-0.0687502,-1.83334,-0.00916669,0.6,0.55,0.5,0.15,0.9,20,23
att:-4.959,-2.800,217.440
run:22112,-4.95859,-0.35542,3.37822,-82.9314,-0.0473894,-118.473,-0.236947,-4.73894,-4.26504,-3.79115,-213.252,-165.863,6800,-2.84336,-0.0710841,-1.89558,-0.00947788,0.6,0.55,0.5,0.15,0.9,20,23
att:-4.890,-2.815,217.620
run:22132,-4.89004,-0.367067,3.47671,-85.649,-0.0489423,-122.356,-0.244711,-4.89423,-4.40481,-3.91538,-220.24,-171.298,6800,-2.93654,-0.0734134,-1.95769,-0.00978846,0.6,0.55,0.5,0.15,0.9,20,23
att:-4.820,-2.830,217.800
run:22152,-4.81953,-0.37869,3.57381,-88.3611,-0.0504921,-126.23,-0.25246,-5.04921,-4.54428,-4.03936,-227.214,-176.722,6800,-3.02952,-0.0757381,-2.01968,-0.0100984,0.6,0.55,0.5,0.15,0.9,20,23
task:22152,2,0,0,0,1,20,0.9,14,0,217.800,0.500,1211
stat:22152,2,1,0,0,7,1,1,1,0,0,1,0,0,16777215
att:-4.747,-2.843,217.980
run:22172,-4.7471,-0.390289,3.66948,-91.0675,-0.0520386,-130.096,-0.260193,-5.20386,-4.68347,-4.16309,-234.174,-182.135,6800,-3.12232,-0.0780579,-2.08154,-0.0104077,0.6,0.55,0.5,0.15,0.9,20,23
att:-4.673,-2.856,218.160
run:22192,-4.67277,-0.401864,3.76368,-93.7682,-0.0535818,-133.955,-0.267909,-5.35818,-4.82236,-4.28654,-241.118,-187.536,6800,-3.21491,-0.0803727,-2.14327,-0.0107164,0.6,0.55,0.5,0.15,0.9,20,23
att:-4.597,-2.869,218.340
run:22212,-4.59656,-0.413412,3.85637,-96.4628,-0.0551216,-137.804,-0.275608,-5.51216,-4.96094,-4.40973,-248.047,-192.926,6800,-3.30729,-0.0826824,-2.20486,-0.0110243,0.6,0.55,0.5,0.15,0.9,20,23
att:-4.519,-2.881,218.520
run:22232,-4.51852,-0.424934,3.94753,-99.1512,-0.0566578,-141.645,-0.283289,-5.66578,-5.0992,-4.53263,-254.96,-198.302,6800,-3.39947,-0.0849867,-2.26631,-0.0113316,0.6,0.55,0.5,0.15,0.9,20,23
att:-4.439,-2.892,218.700
run:22252,-4.43867,-0.436428,4.0371,-101.833,-0.0581905,-145.476,-0.290952,-5.81905,-5.23714,-4.65524,-261.857,-203.667,6800,-3.49143,-0.0872857,-2.32762,-0.0116381,0.6,0.55,0.5,0.15,0.9,20,23
att:-4.357,-2.903,218.880
run:22272,-4.35705,-0.447895,4.12506,-104.509,-0.0597194,-149.298,-0.298597,-5.97194,-5.37474,-4.77755,-268.737,-209.018,6800,-3.58316,-0.089579,-2.38877,-0.0119439,0.6,0.55,0.5,0.15,0.9,20,23
att:-4.274,-2.913,219.060
run:22292,-4.27368,-0.459333,4.21137,-107.178,-0.0612444,-153.111,-0.306222,-6.12444,-5.512,-4.89956,-275.6,-214.356,6800,-3.67467,-0.0918667,-2.44978,-0.0122489,0.6,0.55,0.5,0.15,0.9,20,23
att:-4.189,-2.923,219.240
att:-4.102,-2.932,219.420
run:22332,-4.10185,-0.482121,4.37891,-112.495,-0.0642827,-160.707,-0.321414,-6.42827,-5.78545,-5.14262,-289.272,-224.99,6800,-3.85696,-0.0964241,-2.57131,-0.0128565,0.6,0.55,0.5,0.15,0.9,20,23
att:-4.013,-2.941,219.600
run:22352,-4.01346,-0.493468,4.46006,-115.143,-0.0657958,-164.489,-0.328979,-6.57958,-5.92162,-5.26366,-296.081,-230.285,6800,-3.94775,-0.0986937,-2.63183,-0.0131592,0.6,0.55,0.5,0.15,0.9,20,23
task:22352,2,0,0,0,1,20,0.9,14,0,219.600,0.500,1221
stat:22352,2,1,0,0,7,1,1,1,0,0,1,0,0,16777215
att:-3.923,-2.949,219.780
run:22372,-3.92346,-0.504784,4.53943,-117.783,-0.0673046,-168.261,-0.336523,-6.73046,-6.05741,-5.38437,-302.871,-235.566,6800,-4.03828,-0.100957,-2.69218,-0.0134609,0.6,0.55,0.5,0.15,0.9,20,23
att:-3.832,-2.956,219.960
run:22392,-3.83189,-0.516068,4.61699,-120.416,-0.0688091,-172.023,-0.344046,-6.88091,-6.19282,-5.50473,-309.641,-240.832,6800,-4.12855,-0.103214,-2.75236,-0.0137618,0.6,0.55,0.5,0.15,0.9,20,23
noise from radio
att:NaN,1,2
att:-3.739,-2.963,220.140
run:22412,-3.73879,-0.527319,4.6927,-123.041,-0.0703092,-175.773,-0.351546,-7.03092,-6.32783,-5.62474,-316.391,-246.082,6800,-4.21855,-0.105464,-2.81237,-0.0140618,0.6,0.55,0.5,0.15,0.9,20,23
att:-3.644,-2.969,220.320
run:22432,-3.6442,-0.538536,4.76653,-125.658,-0.0718048,-179.512,-0.359024,-7.18048,-6.46243,-5.74439,-323.122,-251.317,6800,-4.30829,-0.107707,-2.87219,-0.014361,0.6,0.55,0.5,0.15,0.9,20,23
att:-3.548,-2.975,220.500
run:22452,-3.54815,-0.549719,4.83846,-128.268,-0.0732958,-183.24,-0.366479,-7.32958,-6.59662,-5.86367,-329.831,-256.535,6800,-4.39775,-0.109944,-2.93183,-0.0146592,0.6,0.55,0.5,0.15,0.9,20,23
att:-3.451,-2.980,220.680
run:22472,-3.45067,-0.560866,4.90845,-130.869,-0.0747821,-186.955,-0.373911,-7.47821,-6.73039,-5.98257,-336.52,-261.738,6800,-4.48693,-0.112173,-2.99129,-0.0149564,0.6,0.55,0.5,0.15,0.9,20,23
att:-3.352,-2.985,220.860
run:22492,-3.35182,-0.571978,4.97647,-133.461,-0.0762637,-190.659,-0.381318,-7.62637,-6.86373,-6.10109,-343.187,-266.923,6800,-4.57582,-0.114396,-3.05055,-0.0152527,0.6,0.55,0.5,0.15,0.9,20,23
att:-3.252,-2.989,221.040
att:-3.150,-2.992,221.220
run:22532,-3.15013,-0.59409,5.10653,-138.621,-0.079212,-198.03,-0.39606,-7.9212,-7.12908,-6.33696,-356.454,-277.242,6800,-4.75272,-0.118818,-3.16848,-0.0158424,0.6,0.55,0.5,0.15,0.9,20,23
att:-3.047,-2.995,221.400
run:22552,-3.04738,-0.60509,5.16851,-141.188,-0.0806786,-201.697,-0.403393,-8.06786,-7.26108,-6.45429,-363.054,-282.375,6800,-4.84072,-0.121018,-3.22714,-0.0161357,0.6,0.55,0.5,0.15,0.9,20,23
task:22552,2,0,0,0,1,20,0.9,14,0,221.400,0.500,1231
stat:22552,2,1,0,0,7,1,1,1,0,0,1,0,0,16777215
att:-2.943,-2.997,221.580
run:22572,-2.94341,-0.616051,5.22842,-143.745,-0.0821401,-205.35,-0.4107,-8.21401,-7.39261,-6.57121,-369.63,-287.49,6800,-4.9284,-0.12321,-3.2856,-0.016428,0.6,0.55,0.5,0.15,0.9,20,23
att:-2.838,-2.999,221.760
run:22592,-2.83826,-0.626972,5.28624,-146.293,-0.0835963,-208.991,-0.417981,-8.35963,-7.52366,-6.6877,-376.183,-292.587,6800,-5.01578,-0.125394,-3.34385,-0.0167193,0.6,0.55,0.5,0.15,0.9,20,23
att:-2.732,-3.000,221.940
run:22612,-2.73197,-0.637853,5.34194,-148.832,-0.0850471,-212.618,-0.425235,-8.50471,-7.65424,-6.80377,-382.712,-297.665,6800,-5.10283,-0.127571,-3.40188,-0.0170094,0.6,0.55,0.5,0.15,0.9,20,23
att:-2.625,-3.000,222.120
run:22632,-2.62459,-0.648694,5.39551,-151.362,-0.0864925,-216.231,-0.432462,-8.64925,-7.78432,-6.9194,-389.216,-302.724,6800,-5.18955,-0.129739,-3.4597,-0.0172985,0.6,0.55,0.5,0.15,0.9,20,23
att:-2.516,-3.000,222.300
run:22652,-2.51617,-0.659493,5.44692,-153.882,-0.0879324,-219.831,-0.439662,-8.79324,-7.91391,-7.03459,-395.696,-307.763,6800,-5.27594,-0.131899,-3.51729,-0.0175865,0.6,0.55,0.5,0.15,0.9,20,23
att:-2.407,-2.999,222.480
run:22672,-2.40673,-0.670249,5.49615,-156.392,-0.0893666,-223.416,-0.446833,-8.93666,-8.04299,-7.14933,-402.15,-312.783,6800,-5.36199,-0.13405,-3.57466,-0.0178733,0.6,0.55,0.5,0.15,0.9,20,23
att:-2.296,-2.998,222.660
run:22692,-2.29633,-0.680963,5.54318,-158.891,-0.0907951,-226.988,-0.453975,-9.07951,-8.17156,-7.26361,-408.578,-317.783,6800,-5.44771,-0.136193,-3.6318,-0.018159,0.6,0.55,0.5,0.15,0.9,20,23
att:-2.185,-2.996,222.840
run:22712,-2.18502,-0.691633,5.588,-161.381,-0.0922178,-230.544,-0.461089,-9.22178,-8.2996,-7.37742,-414.98,-322.762,6800,-5.53307,-0.138327,-3.68871,-0.0184436,0.6,0.55,0.5,0.15,0.9,20,23
att:-2.073,-2.993,223.020
run:22732,-2.07283,-0.702259,5.63058,-163.861,-0.0936346,-234.086,-0.468173,-9.36346,-8.42711,-7.49077,-421.356,-327.721,6800,-5.61808,-0.140452,-3.74538,-0.0187269,0.6,0.55,0.5,0.15,0.9,20,23
att:-1.960,-2.990,223.200
task:22752,2,0,0,0,1,20,0.9,14,0,223.200,0.500,1241
stat:22752,2,1,0,0,7,1,1,1,0,0,1,0,0,16777215
att:-1.846,-2.986,223.380
run:22772,-1.84601,-0.723376,5.70896,-168.788,-0.0964501,-241.125,-0.482251,-9.64501,-8.68051,-7.71601,-434.026,-337.575,6800,-5.78701,-0.144675,-3.85801,-0.01929,0.6,0.55,0.5,0.15,0.9,20,23
att:-1.731,-2.982,223.560
run:22792,-1.73147,-0.733865,5.74474,-171.235,-0.0978487,-244.622,-0.489243,-9.78487,-8.80638,-7.82789,-440.319,-342.47,6800,-5.87092,-0.146773,-3.91395,-0.0195697,0.6,0.55,0.5,0.15,0.9,20,23
att:-1.616,-2.977,223.740
run:22812,-1.61623,-0.744307,5.77822,-173.672,-0.099241,-248.102,-0.496205,-9.9241,-8.93169,-7.93928,-446.584,-347.343,6800,-5.95446,-0.148861,-3.96964,-0.0198482,0.6,0.55,0.5,0.15,0.9,20,23
att:-1.500,-2.972,223.920
att:-1.384,-2.966,224.100
run:22852,-1.38387,-0.765048,5.83823,-178.511,-0.102006,-255.016,-0.510032,-10.2006,-9.18058,-8.16051,-459.029,-357.022,6800,-6.12038,-0.15301,-4.08026,-0.0204013,0.6,0.55,0.5,0.15,0.9,20,23
att:-1.267,-2.959,224.280
run:22872,-1.26684,-0.775345,5.86473,-180.914,-0.103379,-258.448,-0.516897,-10.3379,-9.30414,-8.27035,-465.207,-361.828,6800,-6.20276,-0.155069,-4.13518,-0.0206759,0.6,0.55,0.5,0.15,0.9,20,23
att:-1.149,-2.952,224.460
run:22892,-1.1493,-0.785593,5.8889,-183.305,-0.104746,-261.864,-0.523729,-10.4746,-9.42712,-8.37966,-471.356,-366.61,6800,-6.28474,-0.157119,-4.18983,-0.0209491,0.6,0.55,0.5,0.15,0.9,20,23
att:-1.031,-2.944,224.640
run:22912,-1.0313,-0.79579,5.9107,-185.684,-0.106105,-265.263,-0.530527,-10.6105,-9.54948,-8.48843,-477.474,-371.369,6800,-6.36632,-0.159158,-4.24422,-0.0212211,0.6,0.55,0.5,0.15,0.9,20,23
att:-0.913,-2.936,224.820
run:22932,-0.912888,-0.805937,5.93015,-188.052,-0.107458,-268.646,-0.537291,-10.7458,-9.67124,-8.59666,-483.562,-376.104,6800,-6.44749,-0.161187,-4.29833,-0.0214916,0.6,0.55,0.5,0.15,0.9,20,23
att:-0.794,-2.927,225.000
run:22952,-0.794111,-0.816032,5.94722,-190.407,-0.108804,-272.011,-0.544021,-10.8804,-9.79238,-8.70434,-489.619,-380.815,-435.217,-6.52825,-0.163206,-4.35217,-0.0217608,0,0,0,1,0.9,20,20
taskevt:15,22952,2,2,0,0,0
task:22952,2,0,0,0,0,20,0.9,15,0,225.000,0.000,1251
stat:22952,0,0,0,0,7,1,1,1,0,0,1,0,0,16777215
att:-0.675,-2.917,225.180
run:22972,-0.675015,-0.826074,5.96191,-192.751,-0.110143,-275.358,-0.550716,-11.0143,-9.91289,-8.81146,-495.645,-385.501,-440.573,-6.60859,-0.165215,-4.40573,-0.0220286,0,0,0,1,0.9,20,20
att:-0.556,-2.907,225.360
run:22992,-0.55565,-0.836064,5.97422,-195.082,-0.111475,-278.688,-0.557376,-11.1475,-10.0328,-8.91802,-501.638,-390.163,-445.901,-6.68851,-0.167213,-4.45901,-0.022295,0,0,0,1,0.9,20,20
att:-0.436,-2.897,225.540
run:23012,-0.436063,-0.846,5.98413,-197.4,-0.1128,-282,-0.564,-11.28,-10.152,-9.024,-507.6,-394.8,-451.2,-6.768,-0.1692,-4.512,-0.02256,0,0,0,1,0.9,20,20
att:-0.316,-2.885,225.720
run:23032,-0.316301,-0.855882,5.99166,-199.706,-0.114118,-285.294,-0.570588,-11.4118,-10.2706,-9.12941,-513.529,-399.412,-456.471,-6.84706,-0.171176,-4.56471,-0.0228235,0,0,0,1,0.9,20,20
att:-0.196,-2.874,225.900
run:23052,-0.196412,-0.86571,5.99678,-201.999,-0.115428,-288.57,-0.57714,-11.5428,-10.3885,-9.23424,-519.426,-403.998,-461.712,-6.92568,-0.173142,-4.61712,-0.0230856,0,0,0,1,0.9,20,20
att:-0.076,-2.861,226.080
run:23072,-0.0764453,-0.875482,5.99951,-204.279,-0.116731,-291.827,-0.583654,-11.6731,-10.5058,-9.33847,-525.289,-408.558,-466.924,-7.00385,-0.175096,-4.66924,-0.0233462,0,0,0,1,0.9,20,20
att:0.044,-2.848,226.260
run:23092,0.0435522,-0.885198,5.99984,-206.546,-0.118026,-295.066,-0.590132,-11.8026,-10.6224,-9.44211,-531.119,-413.092,-472.105,-7.08158,-0.17704,-4.72105,-0.0236053,0,0,0,1,0.9,20,20
att:0.164,-2.835,226.440
run:23112,0.163532,-0.894857,5.99777,-208.8,-0.119314,-298.286,-0.596571,-11.9314,-10.7383,-9.54514,-536.914,-417.6,-477.257,-7.15886,-0.178971,-4.77257,-0.0238629,0,0,0,1,0.9,20,20
att:0.283,-2.821,226.620
run:23132,0.283447,-0.904459,5.9933,-211.04,-0.120595,-301.486,-0.602973,-12.0595,-10.8535,-9.64756,-542.675,-422.081,-482.378,-7.23567,-0.180892,-4.82378,-0.0241189,0,0,0,1,0.9,20,20
att:0.403,-2.806,226.800
run:23152,0.403248,-0.914003,5.98643,-213.267,-0.121867,-304.668,-0.609335,-12.1867,-10.968,-9.74937,-548.402,-426.535,-487.468,-7.31202,-0.182801,-4.87468,-0.0243734,0,0,0,1,0.9,20,20
task:23152,2,0,0,0,0,20,0.9,15,0,226.800,0.000,1261
stat:23152,0,0,0,0,7,1,1,1,0,0,1,0,0,16777215
att:0.523,-2.791,226.980
run:23172,0.522888,-0.923489,5.97717,-215.481,-0.123132,-307.83,-0.615659,-12.3132,-11.0819,-9.85054,-554.093,-430.961,-492.527,-7.38791,-0.184698,-4.92527,-0.0246264,0,0,0,1,0.9,20,20
att:0.642,-2.776,227.160
run:23192,0.642319,-0.932915,5.96552,-217.68,-0.124389,-310.972,-0.621943,-12.4389,-11.195,-9.95109,-559.749,-435.36,-497.555,-7.46332,-0.186583,-4.97555,-0.0248777,0,0,0,1,0.9,20,20
att:0.761,-2.759,227.340
run:23212,0.761493,-0.942282,5.95148,-219.866,-0.125638,-314.094,-0.628188,-12.5638,-11.3074,-10.051,-565.369,-439.732,-502.55,-7.53825,-0.188456,-5.0255,-0.0251275,0,0,0,1,0.9,20,20
att:0.880,-2.743,227.520
run:23232,0.880363,-0.951588,5.93506,-222.037,-0.126878,-317.196,-0.634392,-12.6878,-11.4191,-10.1503,-570.953,-444.075,-507.514,-7.61271,-0.190318,-5.07514,-0.0253757,0,0,0,1,0.9,20,20
att:0.999,-2.725,227.700
run:23252,0.99888,-0.960834,5.91627,-224.195,-0.128111,-320.278,-0.640556,-12.8111,-11.53,-10.2489,-576.5,-448.389,-512.445,-7.68667,-0.192167,-5.12445,-0.0256222,0,0,0,1,0.9,20,20
att:1.117,-2.708,227.880
run:23272,1.117,-0.970018,5.89511,-226.338,-0.129336,-323.339,-0.646679,-12.9336,-11.6402,-10.3469,-582.011,-452.675,-517.343,-7.76014,-0.194004,-5.17343,-0.0258671,0,0,0,1,0.9,20,20
att:1.235,-2.689,228.060
run:23292,1.23467,-0.97914,5.87159,-228.466,-0.130552,-326.38,-0.65276,-13.0552,-11.7497,-10.4442,-587.484,-456.932,-522.208,-7.83312,-0.195828,-5.22208,-0.0261104,0,0,0,1,0.9,20,20
att:1.352,-2.670,228.240
run:23312,1.35185,-0.988199,5.84573,-230.58,-0.13176,-329.4,-0.6588,-13.176,-11.8584,-10.5408,-592.92,-461.16,-527.04,-7.9056,-0.19764,-5.2704,-0.026352,0,0,0,1,0.9,20,20
att:1.468,-2.651,228.420
run:23332,1.46848,-0.997195,5.81752,-232.679,-0.132959,-332.398,-0.664797,-13.2959,-11.9663,-10.6368,-598.317,-465.358,-531.838,-7.97756,-0.199439,-5.31838,-0.0265919,0,0,0,1,0.9,20,20
noise from radio
att:NaN,1,2
att:1.585,-2.631,228.600
run:23352,1.58453,-1.00613,5.78699,-234.763,-0.13415,-335.376,-0.670752,-13.415,-12.0735,-10.732,-603.677,-469.526,-536.601,-8.04902,-0.201226,-5.36601,-0.0268301,0,0,0,1,0.9,20,20
task:23352,2,0,0,0,0,20,0.9,15,0,228.600,0.000,1271
stat:23352,0,0,0,0,7,1,1,1,0,0,1,0,0,16777215
att:1.700,-2.611,228.780
att:1.815,-2.590,228.960
run:23392,1.81468,-1.0238,5.719,-238.886,-0.136506,-341.266,-0.682532,-13.6506,-12.2856,-10.9205,-614.279,-477.773,-546.026,-8.19039,-0.20476,-5.46026,-0.0273013,0,0,0,1,0.9,20,20
att:1.929,-2.568,229.140
run:23412,1.92869,-1.03254,5.68156,-240.925,-0.137671,-344.179,-0.688357,-13.7671,-12.3904,-11.0137,-619.522,-481.85,-550.686,-8.26029,-0.206507,-5.50686,-0.0275343,0,0,0,1,0.9,20,20
att:2.042,-2.546,229.320
run:23432,2.04193,-1.04121,5.64185,-242.948,-0.138828,-347.069,-0.694138,-13.8828,-12.4945,-11.1062,-624.724,-485.897,-555.311,-8.32966,-0.208241,-5.55311,-0.0277655,0,0,0,1,0.9,20,20
att:2.154,-2.524,229.500
run:23452,2.15435,-1.04981,5.59989,-244.956,-0.139975,-349.937,-0.699875,-13.9975,-12.5977,-11.198,-629.887,-489.912,-559.9,-8.3985,-0.209962,-5.599,-0.027995,0,0,0,1,0.9,20,20
att:2.266,-2.501,229.680
run:23472,2.26591,-1.05835,5.55569,-246.948,-0.141113,-352.783,-0.705566,-14.1113,-12.7002,-11.2891,-635.01,-493.896,-564.453,-8.4668,-0.21167,-5.64453,-0.0282227,0,0,0,1,0.9,20,20
att:2.377,-2.477,229.860
run:23492,2.37656,-1.06682,5.50926,-248.925,-0.142243,-355.606,-0.711213,-14.2243,-12.8018,-11.3794,-640.092,-497.849,-568.97,-8.53455,-0.213364,-5.6897,-0.0284485,0,0,0,1,0.9,20,20
att:2.486,-2.453,230.040
run:23512,2.48627,-1.07522,5.46063,-250.885,-0.143363,-358.407,-0.716814,-14.3363,-12.9026,-11.469,-645.132,-501.77,-573.451,-8.60177,-0.215044,-5.73451,-0.0286726,0,0,0,1,0.9,20,20
att:2.595,-2.429,230.220
run:23532,2.59497,-1.08355,5.40982,-252.829,-0.144474,-361.184,-0.722369,-14.4474,-13.0026,-11.5579,-650.132,-505.658,-577.895,-8.66843,-0.216711,-5.77895,-0.0288948,0,0,0,1,0.9,20,20
att:2.703,-2.404,230.400
run:23552,2.70264,-1.09182,5.35684,-254.757,-0.145576,-363.939,-0.727878,-14.5576,-13.1018,-11.646,-655.09,-509.515,-582.302,-8.73453,-0.218363,-5.82302,-0.0291151,0,0,0,1,0.9,20,20
task:23552,2,0,0,0,0,20,0.9,15,0,230.400,0.000,1281
stat:23552,0,0,0,0,7,1,1,1,0,0,1,0,0,16777215
att:2.809,-2.379,230.580
run:23572,2.80923,-1.10001,5.30172,-256.669,-0.146668,-366.67,-0.73334,-14.6668,-13.2001,-11.7334,-660.006,-513.338,-586.672,-8.80008,-0.220002,-5.86672,-0.0293336,0,0,0,1,0.9,20,20
att:2.915,-2.353,230.760
run:23592,2.9147,-1.10813,5.24448,-258.564,-0.147751,-369.378,-0.738756,-14.7751,-13.2976,-11.8201,-664.88,-517.129,-591.004,-8.86507,-0.221627,-5.91004,-0.0295502,0,0,0,1,0.9,20,20
att:3.019,-2.327,230.940
run:23612,3.019,-1.11619,5.18514,-260.443,-0.148825,-372.062,-0.744124,-14.8825,-13.3942,-11.906,-669.711,-520.887,-595.299,-8.92948,-0.223237,-5.95299,-0.0297649,0,0,0,1,0.9,20,20
att:3.122,-2.300,231.120
run:23632,3.12209,-1.12417,5.12372,-262.305,-0.149889,-374.722,-0.749444,-14.9889,-13.49,-11.9911,-674.5,-524.611,-599.555,-8.99333,-0.224833,-5.99555,-0.0299778,0,0,0,1,0.9,20,20
att:3.224,-2.273,231.300
run:23652,3.22393,-1.13207,5.06026,-264.151,-0.150943,-377.358,-0.754717,-15.0943,-13.5849,-12.0755,-679.245,-528.302,-603.773,-9.0566,-0.226415,-6.03773,-0.0301887,0,0,0,1,0.9,20,20
att:3.324,-2.245,231.480
run:23672,3.32449,-1.13991,4.99478,-265.979,-0.151988,-379.97,-0.759941,-15.1988,-13.6789,-12.1591,-683.947,-531.959,-607.953,-9.11929,-0.227982,-6.07953,-0.0303976,0,0,0,1,0.9,20,20
att:3.424,-2.217,231.660
run:23692,3.42371,-1.14767,4.92729,-267.791,-0.153023,-382.558,-0.765116,-15.3023,-13.7721,-12.2419,-688.605,-535.581,-612.093,-9.1814,-0.229535,-6.12093,-0.0306047,0,0,0,1,0.9,20,20
att:3.522,-2.188,231.840
run:23712,3.52157,-1.15536,4.85784,-269.585,-0.154049,-385.121,-0.770243,-15.4049,-13.8644,-12.3239,-693.219,-539.17,-616.194,-9.24292,-0.231073,-6.16194,-0.0308097,0,0,0,1,0.9,20,20
att:3.618,-2.159,232.020
run:23732,3.61801,-1.16298,4.78644,-271.362,-0.155064,-387.66,-0.77532,-15.5064,-13.9558,-12.4051,-697.788,-542.724,-620.256,-9.30384,-0.232596,-6.20256,-0.0310128,0,0,0,1,0.9,20,20
att:3.713,-2.130,232.200
run:23752,3.71301,-1.17052,4.71313,-273.122,-0.15607,-390.174,-0.780348,-15.607,-14.0463,-12.4856,-702.313,-546.244,-624.278,-9.36418,-0.234104,-6.24278,-0.0312139,0,0,0,1,0.9,20,20
task:23752,2,0,0,0,0,20,0.9,15,0,232.200,0.000,1291
stat:23752,0,0,0,0,7,1,1,1,0,0,1,0,0,16777215
att:3.807,-2.100,232.380
run:23772,3.80652,-1.17799,4.63793,-274.864,-0.157065,-392.663,-0.785326,-15.7065,-14.1359,-12.5652,-706.793,-549.728,-628.261,-9.42391,-0.235598,-6.28261,-0.031413,0,0,0,1,0.9,20,20
att:3.899,-2.070,232.560
run:23792,3.89851,-1.18538,4.56088,-276.589,-0.158051,-395.127,-0.790253,-15.8051,-14.2246,-12.6441,-711.228,-553.177,-632.203,-9.48304,-0.237076,-6.32203,-0.0316101,0,0,0,1,0.9,20,20
att:3.989,-2.040,232.740
run:23812,3.98895,-1.1927,4.482,-278.296,-0.159026,-397.565,-0.79513,-15.9026,-14.3123,-12.7221,-715.617,-556.591,-636.104,-9.54156,-0.238539,-6.36104,-0.0318052,0,0,0,1,0.9,20,20
att:4.078,-2.009,232.920
run:23832,4.07778,-1.19993,4.40133,-279.985,-0.159991,-399.978,-0.799956,-15.9991,-14.3992,-12.7993,-719.96,-559.969,-639.965,-9.59947,-0.239987,-6.39965,-0.0319982,0,0,0,1,0.9,20,20
att:4.165,-1.977,233.100
run:23852,4.16499,-1.2071,4.3189,-281.656,-0.160946,-402.365,-0.804731,-16.0946,-14.4852,-12.8757,-724.258,-563.312,-643.785,-9.65677,-0.241419,-6.43785,-0.0321892,0,0,0,1,0.9,20,20
att:4.251,-1.945,233.280
run:23872,4.25053,-1.21418,4.23474,-283.309,-0.161891,-404.727,-0.809454,-16.1891,-14.5702,-12.9513,-728.509,-566.618,-647.563,-9.71345,-0.242836,-6.47563,-0.0323782,0,0,0,1,0.9,20,20
att:4.334,-1.913,233.460
run:23892,4.33437,-1.22119,4.14889,-284.944,-0.162825,-407.063,-0.814126,-16.2825,-14.6543,-13.026,-732.713,-569.888,-651.301,-9.76951,-0.244238,-6.51301,-0.032565,0,0,0,1,0.9,20,20
att:4.416,-1.881,233.640
run:23912,4.41647,-1.22812,4.06138,-286.561,-0.163749,-409.373,-0.818745,-16.3749,-14.7374,-13.0999,-736.871,-573.122,-654.996,-9.82494,-0.245624,-6.54996,-0.0327498,0,0,0,1,0.9,20,20
att:4.497,-1.848,233.820
run:23932,4.49681,-1.23497,3.97224,-288.159,-0.164662,-411.656,-0.823312,-16.4662,-14.8196,-13.173,-740.981,-576.319,-658.65,-9.87975,-0.246994,-6.5865,-0.0329325,0,0,0,1,0.9,20,20
att:4.575,-1.814,234.000
run:23952,4.57535,-1.24174,3.88152,-289.739,-0.165565,-413.913,-0.827826,-16.5565,-14.9009,-13.2452,-745.044,-579.479,-662.261,-9.93392,-0.248348,-6.62261,-0.0331131,0,0,0,1,0.9,20,20
taskevt:16,23952,2,4,2,0,0
task:23952,4,2,0,0,0,20,0.9,16,0,234.000,0.000,1301
stat:23952,0,0,0,0,7,1,1,1,0,0,1,0,0,16777215
att:4.652,-1.781,234.180
run:23972,4.65206,-1.24843,3.78924,-291.301,-0.166458,-416.144,-0.832288,-16.6458,-14.9812,-13.3166,-749.059,-582.601,-665.83,-9.98745,-0.249686,-6.6583,-0.0332915,0,0,0,1,0.9,20,20
att:4.727,-1.747,234.360
run:23992,4.72691,-1.25504,3.69545,-292.844,-0.167339,-418.348,-0.836696,-16.7339,-15.0605,-13.3871,-753.026,-585.687,-669.357,-10.0404,-0.251009,-6.69357,-0.0334678,0,0,0,1,0.9,20,20
att:4.800,-1.713,234.540
run:24012,4.79987,-1.26158,3.60017,-294.368,-0.16821,-420.525,-0.84105,-16.821,-15.1389,-13.4568,-756.945,-588.735,-672.84,-10.0926,-0.252315,-6.7284,-0.033642,0,0,0,1,0.9,20,20
att:4.871,-1.678,234.720
run:24032,4.87091,-1.26803,3.50346,-295.873,-0.16907,-422.676,-0.845351,-16.907,-15.2163,-13.5256,-760.816,-591.746,-676.281,-10.1442,-0.253605,-6.76281,-0.033814,0,0,0,1,0.9,20,20
att:4.940,-1.643,234.900
run:24052,4.94,-1.2744,3.40535,-297.359,-0.16992,-424.799,-0.849598,-16.992,-15.2928,-13.5936,-764.638,-594.718,-679.678,-10.1952,-0.254879,-6.79678,-0.0339839,0,0,0,1,0.9,20,20
att:5.007,-1.608,235.080
run:24072,5.00711,-1.28068,3.30588,-298.826,-0.170758,-426.895,-0.85379,-17.0758,-15.3682,-13.6606,-768.411,-597.653,-683.032,-10.2455,-0.256137,-6.83032,-0.0341516,0,0,0,1,0.9,20,20
att:5.072,-1.572,235.260
run:24092,5.07222,-1.28689,3.20508,-300.275,-0.171585,-428.964,-0.857927,-17.1585,-15.4427,-13.7268,-772.135,-600.549,-686.342,-10.2951,-0.257378,-6.86342,-0.0343171,0,0,0,1,0.9,20,20
att:5.135,-1.536,235.440
run:24112,5.13531,-1.29302,3.103,-301.704,-0.172402,-431.005,-0.86201,-17.2402,-15.5162,-13.7922,-775.809,-603.407,-689.608,-10.3441,-0.258603,-6.89608,-0.0344804,0,0,0,1,0.9,20,20
att:5.196,-1.500,235.620
run:24132,5.19634,-1.29906,2.99968,-303.113,-0.173208,-433.019,-0.866038,-17.3208,-15.5887,-13.8566,-779.434,-606.226,-692.83,-10.3925,-0.259811,-6.9283,-0.0346415,0,0,0,1,0.9,20,20
att:5.255,-1.463,235.800
run:24152,5.25529,-1.30501,2.89516,-304.503,-0.174002,-435.005,-0.87001,-17.4002,-15.6602,-13.9202,-783.009,-609.007,-696.008,-10.4401,-0.261003,-6.96008,-0.0348004,0,0,0,1,0.9,20,20
task:24152,4,2,0,0,0,20,0.9,16,0,235.800,0.000,1311
stat:24152,0,0,0,0,7,1,1,1,0,0,1,0,0,16777215
att:5.312,-1.427,235.980
run:24172,5.31213,-1.31089,2.78948,-305.874,-0.174785,-436.963,-0.873926,-17.4785,-15.7307,-13.9828,-786.534,-611.748,-699.141,-10.4871,-0.262178,-6.99141,-0.034957,0,0,0,1,0.9,20,20
att:5.367,-1.389,236.160
run:24192,5.36686,-1.31668,2.68269,-307.225,-0.175557,-438.893,-0.877787,-17.5557,-15.8002,-14.0446,-790.008,-614.451,-702.229,-10.5334,-0.263336,-7.02229,-0.0351115,0,0,0,1,0.9,20,20
att:5.419,-1.352,236.340
run:24212,5.41944,-1.32239,2.57482,-308.557,-0.176318,-440.795,-0.881591,-17.6318,-15.8686,-14.1055,-793.432,-617.114,-705.273,-10.5791,-0.264477,-7.05273,-0.0352636,0,0,0,1,0.9,20,20
att:5.470,-1.314,236.520
run:24232,5.46984,-1.32801,2.46593,-309.869,-0.177068,-442.669,-0.885339,-17.7068,-15.9361,-14.1654,-796.805,-619.737,-708.271,-10.6241,-0.265602,-7.08271,-0.0354135,0,0,0,1,0.9,20,20
att:5.518,-1.277,236.700
run:24252,5.51807,-1.33354,2.35605,-311.16,-0.177806,-444.515,-0.88903,-17.7806,-16.0025,-14.2245,-800.127,-622.321,-711.224,-10.6684,-0.266709,-7.11224,-0.0355612,0,0,0,1,0.9,20,20
att:5.564,-1.238,236.880
run:24272,5.56408,-1.339,2.24522,-312.432,-0.178533,-446.332,-0.892664,-17.8533,-16.068,-14.2826,-803.398,-624.865,-714.131,-10.712,-0.267799,-7.14131,-0.0357066,0,0,0,1,0.9,20,20
noise from radio
att:NaN,1,2
att:5.608,-1.200,237.060
run:24292,5.60787,-1.34436,2.1335,-313.684,-0.179248,-448.121,-0.896241,-17.9248,-16.1323,-14.3399,-806.617,-627.369,-716.993,-10.7549,-0.268872,-7.16993,-0.0358497,0,0,0,1,0.9,20,20
att:5.649,-1.161,237.240
run:24312,5.64941,-1.34964,2.02092,-314.916,-0.179952,-449.881,-0.899761,-17.9952,-16.1957,-14.3962,-809.785,-629.833,-719.809,-10.7971,-0.269928,-7.19809,-0.0359904,0,0,0,1,0.9,20,20
att:5.689,-1.123,237.420
run:24332,5.6887,-1.35484,1.90754,-316.128,-0.180645,-451.612,-0.903223,-18.0645,-16.258,-14.4516,-812.901,-632.256,-722.579,-10.8387,-0.270967,-7.22579,-0.0361289,0,0,0,1,0.9,20,20
att:5.726,-1.084,237.600
run:24352,5.72571,-1.35994,1.79339,-317.32,-0.181326,-453.314,-0.906628,-18.1326,-16.3193,-14.506,-815.965,-634.64,-725.302,-10.8795,-0.271988,-7.25302,-0.0362651,0,0,0,1,0.9,20,20
task:24352,4,2,0,0,0,20,0.9,16,0,237.600,0.000,1321
stat:24352,0,0,0,0,7,1,1,1,0,0,1,0,0,16777215
att:5.760,-1.044,237.780
run:24372,5.76043,-1.36496,1.67852,-318.491,-0.181995,-454.987,-0.909974,-18.1995,-16.3795,-14.5596,-818.977,-636.982,-727.979,-10.9197,-0.272992,-7.27979,-0.036399,0,0,0,1,0.9,20,20
att:5.793,-1.005,237.960
run:24392,5.79285,-1.36989,1.56299,-319.642,-0.182652,-456.631,-0.913262,-18.2652,-16.4387,-14.6122,-821.936,-639.284,-730.61,-10.9591,-0.273979,-7.3061,-0.0365305,0,0,0,1,0.9,20,20
att:5.823,-0.965,238.140
run:24412,5.82295,-1.37474,1.44682,-320.772,-0.183298,-458.246,-0.916492,-18.3298,-16.4969,-14.6639,-824.843,-641.545,-733.194,-10.9979,-0.274948,-7.33194,-0.0366597,0,0,0,1,0.9,20,20
att:5.851,-0.925,238.320
run:24432,5.85072,-1.37949,1.33008,-321.882,-0.183933,-459.832,-0.919663,-18.3933,-16.5539,-14.7146,-827.697,-643.764,-735.731,-11.036,-0.275899,-7.35731,-0.0367865,0,0,0,1,0.9,20,20
att:5.876,-0.885,238.500
att:5.899,-0.845,238.680
run:24472,5.89923,-1.38874,1.09505,-324.04,-0.185166,-462.914,-0.925829,-18.5166,-16.6649,-14.8133,-833.246,-648.08,-740.663,-11.1099,-0.277749,-7.40663,-0.0370331,0,0,0,1,0.9,20,20
att:5.920,-0.805,238.860
run:24492,5.91995,-1.39323,0.976857,-325.088,-0.185764,-464.411,-0.928822,-18.5764,-16.7188,-14.8612,-835.94,-650.176,-743.058,-11.1459,-0.278647,-7.43058,-0.0371529,0,0,0,1,0.9,20,20
att:5.938,-0.764,239.040
run:24512,5.9383,-1.39764,0.858271,-326.115,-0.186351,-465.878,-0.931757,-18.6351,-16.7716,-14.9081,-838.581,-652.23,-745.406,-11.1811,-0.279527,-7.45406,-0.0372703,0,0,0,1,0.9,20,20
att:5.954,-0.723,239.220
run:24532,5.95427,-1.40195,0.739341,-327.121,-0.186926,-467.316,-0.934632,-18.6926,-16.8234,-14.9541,-841.169,-654.242,-747.705,-11.2156,-0.28039,-7.47705,-0.0373853,0,0,0,1,0.9,20,20
att:5.968,-0.683,239.400
run:24552,5.96787,-1.40617,0.620116,-328.106,-0.187489,-468.723,-0.937447,-18.7489,-16.874,-14.9991,-843.702,-656.213,-749.957,-11.2494,-0.281234,-7.49957,-0.0374979,0,0,0,1,0.9,20,20
task:24552,4,2,0,0,0,20,0.9,16,0,239.400,0.000,1331
stat:24552,0,0,0,0,7,1,1,1,0,0,1,0,0,16777215
att:5.979,-0.642,239.580
run:24572,5.97908,-1.4103,0.500643,-329.071,-0.18804,-470.101,-0.940202,-18.804,-16.9236,-15.0432,-846.182,-658.141,-752.161,-11.2824,-0.282061,-7.52161,-0.0376081,0,0,0,1,0.9,20,20
att:5.988,-0.601,239.760
run:24592,5.98789,-1.41434,0.380969,-330.014,-0.188579,-471.448,-0.942897,-18.8579,-16.9721,-15.0863,-848.607,-660.028,-754.317,-11.3148,-0.282869,-7.54317,-0.0377159,0,0,0,1,0.9,20,20
att:5.994,-0.559,239.940
run:24612,5.99431,-1.4183,0.261143,-330.936,-0.189106,-472.766,-0.945531,-18.9106,-17.0196,-15.1285,-850.978,-661.872,-756.425,-11.3464,-0.283659,-7.56425,-0.0378212,0,0,0,1,0.9,20,20
att:5.998,-0.518,240.120
run:24632,5.99834,-1.42216,0.141212,-331.837,-0.189621,-474.053,-0.948105,-18.9621,-17.0659,-15.1697,-853.295,-663.674,-758.484,-11.3773,-0.284432,-7.58484,-0.0379242,0,0,0,1,0.9,20,20
att:6.000,-0.477,240.300
run:24652,5.99996,-1.42593,0.0212253,-332.716,-0.190124,-475.309,-0.950618,-19.0124,-17.1111,-15.2099,-855.556,-665.433,-760.495,-11.4074,-0.285185,-7.60495,-0.0380247,0,0,0,1,0.9,20,20
att:5.999,-0.435,240.480
run:24672,5.99919,-1.42961,-0.0987702,-333.575,-0.190614,-476.535,-0.953071,-19.0614,-17.1553,-15.2491,-857.764,-667.15,-762.457,-11.4368,-0.285921,-7.62457,-0.0381228,0,0,0,1,0.9,20,20
att:5.996,-0.394,240.660
run:24692,5.99601,-1.43319,-0.218726,-334.412,-0.191092,-477.731,-0.955462,-19.1092,-17.1983,-15.2874,-859.916,-668.824,-764.37,-11.4655,-0.286639,-7.6437,-0.0382185,0,0,0,1,0.9,20,20
att:5.990,-0.352,240.840
run:24712,5.99044,-1.43669,-0.338595,-335.227,-0.191559,-478.896,-0.957793,-19.1559,-17.2403,-15.3247,-862.013,-670.455,-766.234,-11.4935,-0.287338,-7.66234,-0.0383117,0,0,0,1,0.9,20,20
att:5.982,-0.310,241.020
run:24732,5.98247,-1.44009,-0.458328,-336.022,-0.192012,-480.031,-0.960062,-19.2012,-17.2811,-15.361,-864.055,-672.043,-768.049,-11.5207,-0.288018,-7.68049,-0.0384025,0,0,0,1,0.9,20,20
att:5.972,-0.268,241.200
run:24752,5.97211,-1.4434,-0.577878,-336.794,-0.192454,-481.135,-0.962269,-19.2454,-17.3208,-15.3963,-866.042,-673.588,-769.815,-11.5472,-0.288681,-7.69815,-0.0384908,0,0,0,1,0.9,20,20
task:24752,4,2,0,0,0,20,0.9,16,0,241.200,0.000,1341
stat:24752,0,0,0,0,7,1,1,1,0,0,1,0,0,16777215
att:5.959,-0.226,241.380
run:24772,5.95936,-1.44662,-0.697196,-337.545,-0.192883,-482.208,-0.964415,-19.2883,-17.3595,-15.4306,-867.974,-675.091,-771.532,-11.573,-0.289325,-7.71532,-0.0385766,0,0,0,1,0.9,20,20
att:5.944,-0.185,241.560
run:24792,5.94422,-1.44975,-0.816236,-338.275,-0.1933,-483.25,-0.966499,-19.33,-17.397,-15.464,-869.849,-676.55,-773.199,-11.598,-0.28995,-7.73199,-0.03866,0,0,0,1,0.9,20,20
att:5.927,-0.143,241.740
run:24812,5.92671,-1.45278,-0.934949,-338.983,-0.193704,-484.261,-0.968522,-19.3704,-17.4334,-15.4963,-871.67,-677.965,-774.817,-11.6223,-0.290557,-7.74817,-0.0387409,0,0,0,1,0.9,20,20
att:5.907,-0.101,241.920
run:24832,5.90683,-1.45572,-1.05329,-339.669,-0.194096,-485.241,-0.970482,-19.4096,-17.4687,-15.5277,-873.434,-679.338,-776.386,-11.6458,-0.291145,-7.76386,-0.0388193,0,0,0,1,0.9,20,20
att:5.885,-0.059,242.100
run:24852,5.88458,-1.45857,-1.17121,-340.333,-0.194476,-486.19,-0.97238,-19.4476,-17.5028,-15.5581,-875.142,-680.666,-777.904,-11.6686,-0.291714,-7.77904,-0.0388952,0,0,0,1,0.9,20,20
att:5.860,-0.017,242.280
run:24872,5.85998,-1.46132,-1.28866,-340.976,-0.194843,-487.108,-0.974217,-19.4843,-17.5359,-15.5875,-876.795,-681.952,-779.373,-11.6906,-0.292265,-7.79373,-0.0389687,0,0,0,1,0.9,20,20
att:5.833,0.025,242.460
run:24892,5.83304,-1.46399,-1.40559,-341.597,-0.195198,-487.995,-0.97599,-19.5198,-17.5678,-15.6158,-878.391,-683.193,-780.792,-11.7119,-0.292797,-7.80792,-0.0390396,0,0,0,1,0.9,20,20
att:5.804,0.067,242.640
run:24912,5.80376,-1.46655,-1.52196,-342.196,-0.19554,-488.851,-0.977702,-19.554,-17.5986,-15.6432,-879.931,-684.391,-782.161,-11.7324,-0.29331,-7.82161,-0.0391081,0,0,0,1,0.9,20,20
att:5.772,0.109,242.820
run:24932,5.77216,-1.46903,-1.63772,-342.773,-0.19587,-489.675,-0.97935,-19.587,-17.6283,-15.6696,-881.415,-685.545,-783.48,-11.7522,-0.293805,-7.8348,-0.039174,0,0,0,1,0.9,20,20
att:5.738,0.151,243.000
run:24952,5.73826,-1.4714,-1.75283,-343.328,-0.196187,-490.468,-0.980936,-19.6187,-17.6569,-15.695,-882.843,-686.655,-784.749,-11.7712,-0.294281,-7.84749,-0.0392374,0,0,0,1,0.9,20,20
task:24952,4,2,0,0,0,20,0.9,16,0,243.000,0.000,1351
stat:24952,0,0,0,0,7,1,1,1,0,0,1,0,0,16777215
att:5.702,0.193,243.180
run:24972,5.70205,-1.47369,-1.86724,-343.861,-0.196492,-491.23,-0.982459,-19.6492,-17.6843,-15.7194,-884.214,-687.722,-785.968,-11.7895,-0.294738,-7.85968,-0.0392984,0,0,0,1,0.9,20,20
att:5.664,0.235,243.360
run:24992,5.66357,-1.47588,-1.9809,-344.372,-0.196784,-491.96,-0.98392,-19.6784,-17.7106,-15.7427,-885.528,-688.744,-787.136,-11.807,-0.295176,-7.87136,-0.0393568,0,0,0,1,0.9,20,20
att:5.623,0.277,243.540
run:25012,5.62282,-1.47798,-2.09377,-344.861,-0.197063,-492.659,-0.985317,-19.7063,-17.7357,-15.7651,-886.785,-689.722,-788.254,-11.8238,-0.295595,-7.88254,-0.0394127,0,0,0,1,0.9,20,20
att:5.580,0.319,243.720
run:25032,5.57983,-1.47998,-2.2058,-345.328,-0.19733,-493.326,-0.986652,-19.733,-17.7597,-15.7864,-887.986,-690.656,-789.321,-11.8398,-0.295995,-7.89321,-0.0394661,0,0,0,1,0.9,20,20
att:5.535,0.360,243.900
run:25052,5.5346,-1.48188,-2.31695,-345.773,-0.197585,-493.961,-0.987923,-19.7585,-17.7826,-15.8068,-889.13,-691.546,-790.338,-11.8551,-0.296377,-7.90338,-0.0395169,0,0,0,1,0.9,20,20
att:5.487,0.402,244.080
run:25072,5.48715,-1.4837,-2.42717,-346.196,-0.197826,-494.565,-0.989131,-19.7826,-17.8044,-15.8261,-890.218,-692.391,-791.305,-11.8696,-0.296739,-7.91305,-0.0395652,0,0,0,1,0.9,20,20
att:5.438,0.444,244.260
run:25092,5.43752,-1.48541,-2.53642,-346.596,-0.198055,-495.138,-0.990275,-19.8055,-17.825,-15.8444,-891.248,-693.193,-792.22,-11.8833,-0.297083,-7.9222,-0.039611,0,0,0,1,0.9,20,20
att:5.386,0.485,244.440
run:25112,5.3857,-1.48703,-2.64465,-346.975,-0.198271,-495.678,-0.991357,-19.8271,-17.8444,-15.8617,-892.221,-693.95,-793.085,-11.8963,-0.297407,-7.93085,-0.0396543,0,0,0,1,0.9,20,20
att:5.332,0.527,244.620
run:25132,5.33174,-1.48856,-2.75183,-347.331,-0.198475,-496.187,-0.992374,-19.8475,-17.8627,-15.878,-893.137,-694.662,-793.9,-11.9085,-0.297712,-7.939,-0.039695,0,0,0,1,0.9,20,20
att:5.276,0.568,244.800
run:25152,5.27564,-1.48999,-2.85791,-347.665,-0.198666,-496.664,-0.993329,-19.8666,-17.8799,-15.8933,-893.996,-695.33,-794.663,-11.9199,-0.297999,-7.94663,-0.0397331,0,0,0,1,0.9,20,20
task:25152,4,2,0,0,0,20,0.9,16,0,244.800,0.000,1361
stat:25152,0,0,0,0,7,1,1,1,0,0,1,0,0,16777215
att:5.217,0.609,244.980
run:25172,5.21743,-1.49133,-2.96284,-347.977,-0.198844,-497.11,-0.994219,-19.8844,-17.896,-15.9075,-894.798,-695.954,-795.376,-11.9306,-0.298266,-7.95376,-0.0397688,0,0,0,1,0.9,20,20
att:5.157,0.650,245.160
run:25192,5.15713,-1.49257,-3.06659,-348.266,-0.199009,-497.523,-0.995047,-19.9009,-17.9108,-15.9207,-895.542,-696.533,-796.037,-11.9406,-0.298514,-7.96037,-0.0398019,0,0,0,1,0.9,20,20
att:5.095,0.691,245.340
run:25212,5.09477,-1.49372,-3.16911,-348.534,-0.199162,-497.905,-0.99581,-19.9162,-17.9246,-15.933,-896.229,-697.067,-796.648,-11.9497,-0.298743,-7.96648,-0.0398324,0,0,0,1,0.9,20,20
noise from radio
att:NaN,1,2
att:5.030,0.732,245.520
run:25232,5.03038,-1.49476,-3.27037,-348.778,-0.199302,-498.255,-0.99651,-19.9302,-17.9372,-15.9442,-896.859,-697.557,-797.208,-11.9581,-0.298953,-7.97208,-0.0398604,0,0,0,1,0.9,20,20
att:4.964,0.773,245.700
run:25252,4.96397,-1.49572,-3.37032,-349.001,-0.199429,-498.573,-0.997146,-19.9429,-17.9486,-15.9543,-897.431,-698.002,-797.716,-11.9657,-0.299144,-7.97716,-0.0398858,0,0,0,1,0.9,20,20
att:4.896,0.813,245.880
run:25272,4.89557,-1.49658,-3.46891,-349.201,-0.199544,-498.859,-0.997718,-19.9544,-17.9589,-15.9635,-897.946,-698.402,-798.174,-11.9726,-0.299315,-7.98174,-0.0399087,0,0,0,1,0.9,20,20
att:4.825,0.853,246.060
run:25292,4.82522,-1.49734,-3.56613,-349.379,-0.199645,-499.113,-0.998226,-19.9645,-17.9681,-15.9716,-898.403,-698.758,-798.581,-11.9787,-0.299468,-7.98581,-0.039929,0,0,0,1,0.9,20,20
att:4.753,0.894,246.240
run:25312,4.75294,-1.49801,-3.66191,-349.535,-0.199734,-499.335,-0.99867,-19.9734,-17.9761,-15.9787,-898.803,-699.069,-798.936,-11.984,-0.299601,-7.98936,-0.0399468,0,0,0,1,0.9,20,20
att:4.679,0.934,246.420
run:25332,4.67875,-1.49858,-3.75623,-349.668,-0.19981,-499.525,-0.999051,-19.981,-17.9829,-15.9848,-899.146,-699.336,-799.241,-11.9886,-0.299715,-7.99241,-0.039962,0,0,0,1,0.9,20,20
att:4.603,0.973,246.600
task:25352,4,2,0,0,0,20,0.9,16,0,246.600,0.000,1371
stat:25352,0,0,0,0,7,1,1,1,0,0,1,0,0,16777215
att:4.525,1.013,246.780
run:25372,4.5248,-1.49943,-3.94033,-349.867,-0.199924,-499.81,-0.99962,-19.9924,-17.9932,-15.9939,-899.658,-699.734,-799.696,-11.9954,-0.299886,-7.99696,-0.0399848,0,0,0,1,0.9,20,20
att:4.445,1.052,246.960
run:25392,4.4451,-1.49971,-4.03003,-349.933,-0.199962,-499.904,-0.999808,-19.9962,-17.9966,-15.9969,-899.828,-699.866,-799.847,-11.9977,-0.299943,-7.99847,-0.0399923,0,0,0,1,0.9,20,20
att:4.364,1.092,247.140
run:25412,4.36361,-1.4999,-4.11812,-349.977,-0.199987,-499.967,-0.999933,-19.9987,-17.9988,-15.9989,-899.94,-699.953,-799.946,-11.9992,-0.29998,-7.99946,-0.0399973,0,0,0,1,0.9,20,20
att:4.280,1.131,247.320
run:25432,4.28038,-1.49999,-4.20456,-349.998,-0.199999,-499.997,-0.999994,-19.9999,-17.9999,-15.9999,-899.994,-699.996,-799.995,-11.9999,-0.299998,-7.99995,-0.0399997,0,0,0,1,0.9,20,20
att:4.195,1.169,247.500
run:25452,4.19544,-1.49999,-4.28932,-349.997,-0.199998,-499.995,-0.99999,-19.9998,-17.9998,-15.9998,-899.991,-699.993,-799.992,-11.9999,-0.299997,-7.99992,-0.0399996,0,0,0,1,0.9,20,20
att:4.109,1.208,247.680
run:25472,4.10882,-1.49988,-4.37237,-349.973,-0.199985,-499.961,-0.999923,-19.9985,-17.9986,-15.9988,-899.931,-699.946,-799.938,-11.9991,-0.299977,-7.99938,-0.0399969,0,0,0,1,0.9,20,20
att:4.021,1.246,247.860
run:25492,4.02056,-1.49969,-4.45366,-349.927,-0.199958,-499.896,-0.999791,-19.9958,-17.9962,-15.9967,-899.812,-699.854,-799.833,-11.9975,-0.299937,-7.99833,-0.0399917,0,0,0,1,0.9,20,20
att:3.931,1.284,248.040
run:25512,3.93069,-1.49939,-4.53318,-349.859,-0.199919,-499.798,-0.999596,-19.9919,-17.9927,-15.9935,-899.636,-699.717,-799.677,-11.9952,-0.299879,-7.99677,-0.0399838,0,0,0,1,0.9,20,20
att:3.839,1.322,248.220
run:25532,3.83924,-1.499,-4.61088,-349.768,-0.199867,-499.668,-0.999337,-19.9867,-17.9881,-15.9894,-899.403,-699.536,-799.469,-11.992,-0.299801,-7.99469,-0.0399735,0,0,0,1,0.9,20,20
att:3.746,1.360,248.400
run:25552,3.74626,-1.49852,-4.68674,-349.655,-0.199803,-499.507,-0.999013,-19.9803,-17.9822,-15.9842,-899.112,-699.309,-799.211,-11.9882,-0.299704,-7.99211,-0.0399605,0,0,0,1,0.9,20,20
task:25552,4,2,0,0,0,20,0.9,16,0,248.400,0.000,1381
stat:25552,0,0,0,0,7,1,1,1,0,0,1,0,0,16777215
att:3.652,1.397,248.580
run:25572,3.65179,-1.49794,-4.76072,-349.519,-0.199725,-499.313,-0.998626,-19.9725,-17.9753,-15.978,-898.763,-699.038,-798.901,-11.9835,-0.299588,-7.98901,-0.039945,0,0,0,1,0.9,20,20
att:3.556,1.434,248.760
run:25592,3.55585,-1.49726,-4.8328,-349.361,-0.199635,-499.087,-0.998175,-19.9635,-17.9671,-15.9708,-898.357,-698.722,-798.54,-11.9781,-0.299452,-7.9854,-0.039927,0,0,0,1,0.9,20,20
att:3.458,1.471,248.940
run:25612,3.45849,-1.49649,-4.90295,-349.181,-0.199532,-498.83,-0.99766,-19.9532,-17.9579,-15.9626,-897.894,-698.362,-798.128,-11.9719,-0.299298,-7.98128,-0.0399064,0,0,0,1,0.9,20,20
att:3.360,1.507,249.120
run:25632,3.35974,-1.49562,-4.97113,-348.978,-0.199416,-498.54,-0.997081,-19.9416,-17.9475,-15.9533,-897.373,-697.957,-797.665,-11.965,-0.299124,-7.97665,-0.0398832,0,0,0,1,0.9,20,20
att:3.260,1.544,249.300
run:25652,3.25965,-1.49466,-5.03733,-348.753,-0.199288,-498.219,-0.996438,-19.9288,-17.9359,-15.943,-896.794,-697.507,-797.151,-11.9573,-0.298931,-7.97151,-0.0398575,0,0,0,1,0.9,20,20
att:3.158,1.579,249.480
run:25672,3.15826,-1.4936,-5.10151,-348.506,-0.199146,-497.866,-0.995732,-19.9146,-17.9232,-15.9317,-896.159,-697.012,-796.585,-11.9488,-0.29872,-7.96585,-0.0398293,0,0,0,1,0.9,20,20
att:3.056,1.615,249.660
run:25692,3.05561,-1.49244,-5.16365,-348.237,-0.198992,-497.481,-0.994962,-19.8992,-17.9093,-15.9194,-895.465,-696.473,-795.969,-11.9395,-0.298488,-7.95969,-0.0397985,0,0,0,1,0.9,20,20
att:2.952,1.650,249.840
run:25712,2.95173,-1.49119,-5.22372,-347.945,-0.198826,-497.064,-0.994128,-19.8826,-17.8943,-15.906,-894.715,-695.889,-795.302,-11.9295,-0.298238,-7.95302,-0.0397651,0,0,0,1,0.9,20,20
att:2.847,1.685,250.020
run:25732,2.84667,-1.48985,-5.28171,-347.631,-0.198646,-496.615,-0.99323,-19.8646,-17.8781,-15.8917,-893.907,-695.261,-794.584,-11.9188,-0.297969,-7.94584,-0.0397292,0,0,0,1,0.9,20,20
att:2.740,1.720,250.200
run:25752,2.74048,-1.4884,-5.33758,-347.294,-0.198454,-496.135,-0.992269,-19.8454,-17.8608,-15.8763,-893.042,-694.588,-793.815,-11.9072,-0.297681,-7.93815,-0.0396908,0,0,0,1,0.9,20,20
task:25752,4,2,0,0,0,20,0.9,16,0,250.200,0.000,1391
stat:25752,0,0,0,0,7,1,1,1,0,0,1,0,0,16777215
att:2.633,1.754,250.380
run:25772,2.63318,-1.48687,-5.39132,-346.936,-0.198249,-495.622,-0.991245,-19.8249,-17.8424,-15.8599,-892.12,-693.871,-792.996,-11.8949,-0.297373,-7.92996,-0.0396498,0,0,0,1,0.9,20,20
att:2.525,1.788,250.560
run:25792,2.52484,-1.48523,-5.4429,-346.555,-0.198031,-495.078,-0.990157,-19.8031,-17.8228,-15.8425,-891.141,-693.11,-792.125,-11.8819,-0.297047,-7.92125,-0.0396063,0,0,0,1,0.9,20,20
att:2.415,1.821,250.740
att:2.305,1.855,250.920
run:25832,2.30516,-1.48169,-5.53952,-345.727,-0.197558,-493.895,-0.98779,-19.7558,-17.7802,-15.8046,-889.011,-691.453,-790.232,-11.8535,-0.296337,-7.90232,-0.0395116,0,0,0,1,0.9,20,20
att:2.194,1.887,251.100
run:25852,2.19392,-1.47977,-5.58451,-345.279,-0.197303,-493.256,-0.986513,-19.7303,-17.7572,-15.7842,-887.861,-690.559,-789.21,-11.8382,-0.295954,-7.8921,-0.0394605,0,0,0,1,0.9,20,20
att:2.082,1.920,251.280
att:1.969,1.952,251.460
run:25892,1.96884,-1.47565,-5.66777,-344.319,-0.196753,-491.884,-0.983767,-19.6753,-17.7078,-15.7403,-885.391,-688.637,-787.014,-11.8052,-0.29513,-7.87014,-0.0393507,0,0,0,1,0.9,20,20
att:1.855,1.984,251.640
run:25912,1.8551,-1.47345,-5.70602,-343.805,-0.19646,-491.15,-0.9823,-19.646,-17.6814,-15.7168,-884.07,-687.61,-785.84,-11.7876,-0.29469,-7.8584,-0.039292,0,0,0,1,0.9,20,20
att:1.741,2.015,251.820
run:25932,1.74061,-1.47116,-5.74197,-343.27,-0.196154,-490.385,-0.98077,-19.6154,-17.6539,-15.6923,-882.693,-686.539,-784.616,-11.7692,-0.294231,-7.84616,-0.0392308,0,0,0,1,0.9,20,20
stat:92,0,0,0,0,7,1,1,1,0,0,1,0,0,16777215
att:1.625,2.046,252.000
run:25952,1.62543,-1.46877,-5.77564,-342.712,-0.195836,-489.589,-0.979178,-19.5836,-17.6252,-15.6668,-881.26,-685.424,-783.342,-11.7501,-0.293753,-7.83342,-0.0391671,0,0,0,1,0.9,20,20
taskevt:17,25952,4,1,0,0,0
task:25952,1,0,0,0,0,20,0.9,17,0,252.000,0.000,1401
stat:25952,0,0,0,0,7,1,1,1,0,0,1,0,0,16777215
att:1.510,2.076,252.180
run:25972,1.5096,-1.46628,-5.80699,-342.133,-0.195504,-488.761,-0.977522,-19.5504,-17.5954,-15.6404,-879.77,-684.266,-782.018,-11.7303,-0.293257,-7.82018,-0.0391009,0,0,0,1,0.9,20,20
att:1.393,2.107,252.360
run:25992,1.39317,-1.46371,-5.83602,-341.532,-0.195161,-487.902,-0.975804,-19.5161,-17.5645,-15.6129,-878.224,-683.063,-780.644,-11.7097,-0.292741,-7.80644,-0.0390322,0,0,0,1,0.9,20,20
att:1.276,2.136,252.540
run:26012,1.27618,-1.46104,-5.86271,-340.908,-0.194805,-487.012,-0.974024,-19.4805,-17.5324,-15.5844,-876.622,-681.817,-779.219,-11.6883,-0.292207,-7.79219,-0.038961,0,0,0,1,0.9,20,20
att:1.159,2.165,252.720
run:26032,1.15868,-1.45827,-5.88706,-340.263,-0.194436,-486.091,-0.972181,-19.4436,-17.4993,-15.5549,-874.963,-680.527,-777.745,-11.6662,-0.291654,-7.77745,-0.0388873,0,0,0,1,0.9,20,20
att:1.041,2.194,252.900
run:26052,1.04071,-1.45541,-5.90905,-339.597,-0.194055,-485.138,-0.970276,-19.4055,-17.465,-15.5244,-873.249,-679.194,-776.221,-11.6433,-0.291083,-7.76221,-0.0388111,0,0,0,1,0.9,20,20
att:0.922,2.223,253.080
run:26072,0.922332,-1.45246,-5.92868,-338.908,-0.193662,-484.155,-0.968309,-19.3662,-17.4296,-15.493,-871.478,-677.817,-774.648,-11.6197,-0.290493,-7.74648,-0.0387324,0,0,0,1,0.9,20,20
att:0.804,2.251,253.260
run:26092,0.803581,-1.44942,-5.94594,-338.198,-0.193256,-483.14,-0.96628,-19.3256,-17.393,-15.4605,-869.652,-676.396,-773.024,-11.5954,-0.289884,-7.73024,-0.0386512,0,0,0,1,0.9,20,20
att:0.685,2.278,253.440
run:26112,0.68451,-1.44628,-5.96083,-337.466,-0.192838,-482.095,-0.96419,-19.2838,-17.3554,-15.427,-867.771,-674.933,-771.352,-11.5703,-0.289257,-7.71352,-0.0385676,0,0,0,1,0.9,20,20
att:0.565,2.305,253.620
run:26132,0.565164,-1.44306,-5.97332,-336.713,-0.192407,-481.019,-0.962037,-19.2407,-17.3167,-15.3926,-865.833,-673.426,-769.63,-11.5444,-0.288611,-7.6963,-0.0384815,0,0,0,1,0.9,20,20
att:0.446,2.332,253.800
run:26152,0.445593,-1.43973,-5.98343,-335.938,-0.191965,-479.911,-0.959823,-19.1965,-17.2768,-15.3572,-863.841,-671.876,-767.858,-11.5179,-0.287947,-7.67858,-0.0383929,0,0,0,1,0.9,20,20
task:26152,1,0,0,0,0,20,0.9,17,0,253.800,0.000,1411
stat:26152,0,0,0,0,7,1,1,1,0,0,1,0,0,16777215
noise from radio
att:NaN,1,2
att:0.326,2.358,253.980
run:26172,0.325843,-1.43632,-5.99115,-335.142,-0.191509,-478.774,-0.957547,-19.1509,-17.2359,-15.3208,-861.793,-670.283,-766.038,-11.4906,-0.287264,-7.66038,-0.0383019,0,0,0,1,0.9,20,20
att:0.206,2.384,254.160
run:26192,0.205963,-1.43282,-5.99646,-334.324,-0.191042,-477.605,-0.955211,-19.1042,-17.1938,-15.2834,-859.69,-668.647,-764.168,-11.4625,-0.286563,-7.64168,-0.0382084,0,0,0,1,0.9,20,20
att:0.086,2.409,254.340
run:26212,0.0860003,-1.42922,-5.99938,-333.484,-0.190563,-476.406,-0.952813,-19.0563,-17.1506,-15.245,-857.531,-666.969,-762.25,-11.4338,-0.285844,-7.6225,-0.0381125,0,0,0,1,0.9,20,20
att:-0.034,2.434,254.520
run:26232,-0.0339965,-1.42553,-5.9999,-332.624,-0.190071,-475.177,-0.950354,-19.0071,-17.1064,-15.2057,-855.318,-665.248,-760.283,-11.4042,-0.285106,-7.60283,-0.0380141,0,0,0,1,0.9,20,20
att:-0.154,2.458,254.700
run:26252,-0.15398,-1.42175,-5.99802,-331.742,-0.189567,-473.917,-0.947834,-18.9567,-17.061,-15.1653,-853.051,-663.484,-758.267,-11.374,-0.28435,-7.58267,-0.0379134,0,0,0,1,0.9,20,20
att:-0.274,2.482,254.880
run:26272,-0.273901,-1.41788,-5.99374,-330.839,-0.189051,-472.627,-0.945254,-18.9051,-17.0146,-15.1241,-850.728,-661.677,-756.203,-11.343,-0.283576,-7.56203,-0.0378101,0,0,0,1,0.9,20,20
att:-0.394,2.506,255.060
run:26292,-0.393714,-1.41392,-5.98707,-329.914,-0.188523,-471.306,-0.942613,-18.8523,-16.967,-15.0818,-848.351,-659.829,-754.09,-11.3114,-0.282784,-7.5409,-0.0377045,0,0,0,1,0.9,20,20
att:-0.513,2.528,255.240
run:26312,-0.513368,-1.40987,-5.978,-328.969,-0.187982,-469.956,-0.939911,-18.7982,-16.9184,-15.0386,-845.92,-657.938,-751.929,-11.2789,-0.281973,-7.51929,-0.0375965,0,0,0,1,0.9,20,20
att:-0.633,2.551,255.420
run:26332,-0.632818,-1.40572,-5.96654,-328.002,-0.18743,-468.575,-0.93715,-18.743,-16.8687,-14.9944,-843.435,-656.005,-749.72,-11.2458,-0.281145,-7.4972,-0.037486,0,0,0,1,0.9,20,20
att:-0.752,2.573,255.600
run:26352,-0.752014,-1.40149,-5.95269,-327.015,-0.186866,-467.164,-0.934329,-18.6866,-16.8179,-14.9493,-840.896,-654.03,-747.463,-11.2119,-0.280299,-7.47463,-0.0373731,0,0,0,1,0.9,20,20
task:26352,1,0,0,0,0,20,0.9,17,0,255.600,0.000,1421
stat:26352,0,0,0,0,7,1,1,1,0,0,1,0,0,16777215
att:-0.871,2.594,255.780
run:26372,-0.870909,-1.39717,-5.93646,-326.007,-0.186289,-465.724,-0.931447,-18.6289,-16.7661,-14.9032,-838.303,-652.013,-745.158,-11.1774,-0.279434,-7.45158,-0.0372579,0,0,0,1,0.9,20,20
att:-0.989,2.615,255.960
run:26392,-0.989456,-1.39276,-5.91785,-324.977,-0.185701,-464.253,-0.928507,-18.5701,-16.7131,-14.8561,-835.656,-649.955,-742.805,-11.1421,-0.278552,-7.42805,-0.0371403,0,0,0,1,0.9,20,20
att:-1.108,2.635,256.140
run:26412,-1.10761,-1.38826,-5.89688,-323.927,-0.185101,-462.753,-0.925506,-18.5101,-16.6591,-14.8081,-832.956,-647.855,-740.405,-11.1061,-0.277652,-7.40405,-0.0370203,0,0,0,1,0.9,20,20
att:-1.225,2.655,256.320
run:26432,-1.22532,-1.38367,-5.87355,-322.856,-0.184489,-461.224,-0.922447,-18.4489,-16.604,-14.7592,-830.202,-645.713,-737.958,-11.0694,-0.276734,-7.37958,-0.0368979,0,0,0,1,0.9,20,20
att:-1.343,2.674,256.500
run:26452,-1.34253,-1.37899,-5.84787,-321.765,-0.183866,-459.664,-0.919329,-18.3866,-16.5479,-14.7093,-827.396,-643.53,-735.463,-11.0319,-0.275799,-7.35463,-0.0367731,0,0,0,1,0.9,20,20
att:-1.459,2.693,256.680
run:26472,-1.45921,-1.37423,-5.81985,-320.653,-0.18323,-458.076,-0.916151,-18.323,-16.4907,-14.6584,-824.536,-641.306,-732.921,-10.9938,-0.274845,-7.32921,-0.036646,0,0,0,1,0.9,20,20
att:-1.575,2.711,256.860
run:26492,-1.57531,-1.36937,-5.78951,-319.52,-0.182583,-456.458,-0.912915,-18.2583,-16.4325,-14.6066,-821.624,-639.041,-730.332,-10.955,-0.273875,-7.30332,-0.0365166,0,0,0,1,0.9,20,20
att:-1.691,2.729,257.040
run:26512,-1.69078,-1.36443,-5.75684,-318.367,-0.181924,-454.81,-0.909621,-18.1924,-16.3732,-14.5539,-818.659,-636.735,-727.697,-10.9155,-0.272886,-7.27697,-0.0363848,0,0,0,1,0.9,20,20
att:-1.806,2.746,257.220
run:26532,-1.80557,-1.3594,-5.72188,-317.194,-0.181254,-453.134,-0.906268,-18.1254,-16.3128,-14.5003,-815.641,-634.388,-725.015,-10.8752,-0.27188,-7.25015,-0.0362507,0,0,0,1,0.9,20,20
att:-1.920,2.763,257.400
run:26552,-1.91964,-1.35429,-5.68463,-316,-0.180572,-451.429,-0.902858,-18.0572,-16.2514,-14.4457,-812.572,-632,-722.286,-10.8343,-0.270857,-7.22286,-0.0361143,0,0,0,1,0.9,20,20
task:26552,1,0,0,0,0,20,0.9,17,0,257.400,0.000,1431
stat:26552,0,0,0,0,7,1,1,1,0,0,1,0,0,16777215
att:-2.033,2.779,257.580
run:26572,-2.03294,-1.34908,-5.6451,-314.786,-0.179878,-449.695,-0.899389,-17.9878,-16.189,-14.3902,-809.45,-629.573,-719.511,-10.7927,-0.269817,-7.19511,-0.0359756,0,0,0,1,0.9,20,20
att:-2.145,2.794,257.760
run:26592,-2.14543,-1.3438,-5.60331,-313.552,-0.179173,-447.932,-0.895863,-17.9173,-16.1255,-14.3338,-806.277,-627.104,-716.691,-10.7504,-0.268759,-7.16691,-0.0358345,0,0,0,1,0.9,20,20
att:-2.257,2.809,257.940
run:26612,-2.25706,-1.33842,-5.55929,-312.298,-0.178456,-446.14,-0.89228,-17.8456,-16.061,-14.2765,-803.052,-624.596,-713.824,-10.7074,-0.267684,-7.13824,-0.0356912,0,0,0,1,0.9,20,20
att:-2.368,2.824,258.120
att:-2.478,2.838,258.300
run:26652,-2.47757,-1.32741,-5.46458,-309.73,-0.176989,-442.471,-0.884943,-17.6989,-15.929,-14.1591,-796.448,-619.46,-707.954,-10.6193,-0.265483,-7.07954,-0.0353977,0,0,0,1,0.9,20,20
att:-2.586,2.851,258.480
run:26672,-2.58635,-1.32178,-5.41394,-308.416,-0.176238,-440.594,-0.881189,-17.6238,-15.8614,-14.099,-793.07,-616.832,-704.951,-10.5743,-0.264357,-7.04951,-0.0352475,0,0,0,1,0.9,20,20
att:-2.694,2.864,258.660
run:26692,-2.69411,-1.31607,-5.36114,-307.082,-0.175476,-438.689,-0.877378,-17.5476,-15.7928,-14.0381,-789.641,-614.165,-701.903,-10.5285,-0.263214,-7.01903,-0.0350951,0,0,0,1,0.9,20,20
att:-2.801,2.876,258.840
run:26712,-2.80079,-1.31027,-5.30619,-305.729,-0.174702,-436.756,-0.873512,-17.4702,-15.7232,-13.9762,-786.161,-611.458,-698.81,-10.4821,-0.262054,-6.9881,-0.0349405,0,0,0,1,0.9,20,20
att:-2.906,2.888,259.020
run:26732,-2.90634,-1.30438,-5.24911,-304.356,-0.173918,-434.795,-0.86959,-17.3918,-15.6526,-13.9134,-782.631,-608.713,-695.672,-10.4351,-0.260877,-6.95672,-0.0347836,0,0,0,1,0.9,20,20
att:-3.011,2.899,259.200
run:26752,-3.01074,-1.29842,-5.18994,-302.964,-0.173122,-432.806,-0.865612,-17.3122,-15.581,-13.8498,-779.05,-605.928,-692.489,-10.3873,-0.259683,-6.92489,-0.0346245,0,0,0,1,0.9,20,20
task:26752,1,0,0,0,0,20,0.9,17,0,259.200,0.000,1441
stat:26752,0,0,0,0,7,1,1,1,0,0,1,0,0,16777215
att:-3.114,2.909,259.380
run:26772,-3.11393,-1.29237,-5.12869,-301.552,-0.172316,-430.789,-0.861578,-17.2316,-15.5084,-13.7853,-775.42,-603.105,-689.263,-10.3389,-0.258473,-6.89263,-0.0344631,0,0,0,1,0.9,20,20
att:-3.216,2.919,259.560
run:26792,-3.21587,-1.28623,-5.06539,-300.121,-0.171498,-428.745,-0.85749,-17.1498,-15.4348,-13.7198,-771.741,-600.243,-685.992,-10.2899,-0.257247,-6.85992,-0.0342996,0,0,0,1,0.9,20,20
att:-3.317,2.929,259.740
run:26812,-3.31653,-1.28002,-5.00006,-298.671,-0.170669,-426.673,-0.853346,-17.0669,-15.3602,-13.6535,-768.012,-597.342,-682.677,-10.2402,-0.256004,-6.82677,-0.0341339,0,0,0,1,0.9,20,20
att:-3.416,2.938,259.920
run:26832,-3.41586,-1.27372,-4.93274,-297.202,-0.16983,-424.574,-0.849148,-16.983,-15.2847,-13.5864,-764.233,-594.404,-679.319,-10.1898,-0.254744,-6.79319,-0.0339659,0,0,0,1,0.9,20,20
att:-3.514,2.946,260.100
run:26852,-3.51382,-1.26734,-4.86344,-295.714,-0.168979,-422.448,-0.844896,-16.8979,-15.2081,-13.5183,-760.406,-591.427,-675.917,-10.1388,-0.253469,-6.75917,-0.0337958,0,0,0,1,0.9,20,20
att:-3.610,2.953,260.280
att:-3.705,2.961,260.460
run:26892,-3.7055,-1.25434,-4.71903,-292.68,-0.167246,-418.115,-0.836229,-16.7246,-15.0521,-13.3797,-752.606,-585.36,-668.983,-10.0348,-0.250869,-6.68983,-0.0334492,0,0,0,1,0.9,20,20
att:-3.799,2.967,260.640
run:26912,-3.79913,-1.24772,-4.64398,-291.135,-0.166363,-415.908,-0.831816,-16.6363,-14.9727,-13.309,-748.634,-582.271,-665.452,-9.98179,-0.249545,-6.65452,-0.0332726,0,0,0,1,0.9,20,20
att:-3.891,2.973,260.820
run:26932,-3.89125,-1.24102,-4.56708,-289.572,-0.16547,-413.674,-0.827349,-16.547,-14.8923,-13.2376,-744.614,-579.144,-661.879,-9.92818,-0.248205,-6.61879,-0.0330939,0,0,0,1,0.9,20,20
att:-3.982,2.978,261.000
run:26952,-3.9818,-1.23424,-4.48835,-287.99,-0.164566,-411.414,-0.822829,-16.4566,-14.8109,-13.1653,-740.546,-575.98,-658.263,-9.87394,-0.246849,-6.58263,-0.0329131,0,0,0,1,0.9,20,20
task:26952,1,0,0,0,0,20,0.9,17,0,261.000,0.000,1451
stat:26952,0,0,0,0,7,1,1,1,0,0,1,0,0,16777215
att:-4.071,2.983,261.180
run:26972,-4.07077,-1.22738,-4.40782,-286.39,-0.163651,-409.128,-0.818256,-16.3651,-14.7286,-13.0921,-736.43,-572.779,-654.605,-9.81907,-0.245477,-6.54605,-0.0327302,0,0,0,1,0.9,20,20
att:-4.158,2.987,261.360
run:26992,-4.1581,-1.22045,-4.32553,-284.771,-0.162726,-406.816,-0.813631,-16.2726,-14.6454,-13.0181,-732.268,-569.542,-650.905,-9.76357,-0.244089,-6.50905,-0.0325452,0,0,0,1,0.9,20,20
att:-4.244,2.991,261.540
att:-4.328,2.994,261.720
att:-4.410,2.996,261.900
run:27052,-4.41,-1.19917,-4.06841,-279.806,-0.159889,-399.722,-0.799445,-15.9889,-14.39,-12.7911,-719.5,-559.611,-639.556,-9.59334,-0.239833,-6.39556,-0.0319778,0,0,0,1,0.9,20,20
att:-4.490,2.998,262.080
run:27072,-4.49048,-1.19192,-3.9794,-278.115,-0.158923,-397.307,-0.794613,-15.8923,-14.303,-12.7138,-715.152,-556.229,-635.691,-9.53536,-0.238384,-6.35691,-0.0317845,0,0,0,1,0.9,20,20
att:-4.569,2.999,262.260
run:27092,-4.56916,-1.1846,-3.8888,-276.406,-0.157946,-394.866,-0.789731,-15.7946,-14.2152,-12.6357,-710.758,-552.812,-631.785,-9.47677,-0.236919,-6.31785,-0.0315892,0,0,0,1,0.9,20,20
noise from radio
att:NaN,1,2
att:-4.646,3.000,262.440
run:27112,-4.64602,-1.1772,-3.79664,-274.679,-0.15696,-392.399,-0.784798,-15.696,-14.1264,-12.5568,-706.318,-549.359,-627.839,-9.41758,-0.235439,-6.27839,-0.0313919,0,0,0,1,0.9,20,20
att:-4.721,3.000,262.620
run:27132,-4.72102,-1.16972,-3.70297,-272.935,-0.155963,-389.908,-0.779815,-15.5963,-14.0367,-12.477,-701.834,-545.871,-623.852,-9.35778,-0.233945,-6.23852,-0.0311926,0,0,0,1,0.9,20,20
att:-4.794,2.999,262.800
run:27152,-4.79413,-1.16217,-3.60781,-271.174,-0.154956,-387.391,-0.774782,-15.4956,-13.9461,-12.3965,-697.304,-542.348,-619.826,-9.29739,-0.232435,-6.19826,-0.0309913,0,0,0,1,0.9,20,20
task:27152,1,0,0,0,0,20,0.9,17,0,262.800,0.000,1461
stat:27152,0,0,0,0,7,1,1,1,0,0,1,0,0,16777215
att:-4.865,2.998,262.980
run:27172,-4.86532,-1.15455,-3.51122,-269.395,-0.15394,-384.85,-0.7697,-15.394,-13.8546,-12.3152,-692.73,-538.79,-615.76,-9.2364,-0.23091,-6.1576,-0.030788,0,0,0,1,0.9,20,20
att:-4.935,2.997,263.160
run:27192,-4.93457,-1.14685,-3.41322,-267.599,-0.152914,-382.284,-0.764568,-15.2914,-13.7622,-12.2331,-688.111,-535.198,-611.654,-9.17481,-0.22937,-6.11654,-0.0305827,0,0,0,1,0.9,20,20
att:-5.002,2.994,263.340
run:27212,-5.00184,-1.13908,-3.31385,-265.785,-0.151877,-379.694,-0.759387,-15.1877,-13.669,-12.1502,-683.448,-531.571,-607.51,-9.11265,-0.227816,-6.0751,-0.0303755,0,0,0,1,0.9,20,20
att:-5.067,2.991,263.520
run:27232,-5.06711,-1.13124,-3.21315,-263.955,-0.150832,-377.079,-0.754158,-15.0832,-13.5748,-12.0665,-678.742,-527.91,-603.326,-9.04989,-0.226247,-6.03326,-0.0301663,0,0,0,1,0.9,20,20
att:-5.130,2.988,263.700
run:27252,-5.13036,-1.12332,-3.11118,-262.108,-0.149776,-374.44,-0.74888,-14.9776,-13.4798,-11.9821,-673.992,-524.216,-599.104,-8.98656,-0.224664,-5.99104,-0.0299552,0,0,0,1,0.9,20,20
att:-5.192,2.984,263.880
run:27272,-5.19155,-1.11533,-3.00795,-260.244,-0.148711,-371.777,-0.743555,-14.8711,-13.384,-11.8969,-669.199,-520.488,-594.844,-8.92265,-0.223066,-5.94844,-0.0297422,0,0,0,1,0.9,20,20
att:-5.251,2.979,264.060
run:27292,-5.25067,-1.10727,-2.90353,-258.364,-0.147636,-369.091,-0.738181,-14.7636,-13.2873,-11.8109,-664.363,-516.727,-590.545,-8.85818,-0.221454,-5.90545,-0.0295273,0,0,0,1,0.9,20,20
att:-5.308,2.974,264.240
run:27312,-5.30769,-1.09914,-2.79794,-256.466,-0.146552,-366.381,-0.732761,-14.6552,-13.1897,-11.7242,-659.485,-512.933,-586.209,-8.79313,-0.219828,-5.86209,-0.0293104,0,0,0,1,0.9,20,20
att:-5.363,2.968,264.420
run:27332,-5.36258,-1.09094,-2.69124,-254.553,-0.145459,-363.647,-0.727294,-14.5459,-13.0913,-11.6367,-654.564,-509.106,-581.835,-8.72753,-0.218188,-5.81835,-0.0290918,0,0,0,1,0.9,20,20
att:-5.415,2.962,264.600
run:27352,-5.41533,-1.08267,-2.58345,-252.623,-0.144356,-360.89,-0.72178,-14.4356,-12.992,-11.5485,-649.602,-505.246,-577.424,-8.66136,-0.216534,-5.77424,-0.0288712,0,0,0,1,0.9,20,20
task:27352,1,0,0,0,0,20,0.9,17,0,264.600,0.000,1471
stat:27352,0,0,0,0,7,1,1,1,0,0,1,0,0,16777215
att:-5.466,2.955,264.780
run:27372,-5.46591,-1.07433,-2.47464,-250.677,-0.143244,-358.11,-0.71622,-14.3244,-12.892,-11.4595,-644.598,-501.354,-572.976,-8.59464,-0.214866,-5.72976,-0.0286488,0,0,0,1,0.9,20,20
att:-5.514,2.947,264.960
run:27392,-5.51431,-1.06592,-2.36483,-248.715,-0.142123,-355.307,-0.710614,-14.2123,-12.7911,-11.3698,-639.553,-497.43,-568.491,-8.52737,-0.213184,-5.68491,-0.0284246,0,0,0,1,0.9,20,20
att:-5.560,2.939,265.140
run:27412,-5.5605,-1.05744,-2.25408,-246.737,-0.140993,-352.481,-0.704963,-14.0993,-12.6893,-11.2794,-634.466,-493.474,-563.97,-8.45955,-0.211489,-5.6397,-0.0281985,0,0,0,1,0.9,20,20
att:-5.604,2.931,265.320
run:27432,-5.60446,-1.0489,-2.14243,-244.743,-0.139853,-349.633,-0.699266,-13.9853,-12.5868,-11.1883,-629.34,-489.486,-559.413,-8.3912,-0.20978,-5.59413,-0.0279707,0,0,0,1,0.9,20,20
att:-5.646,2.921,265.500
run:27452,-5.64619,-1.04029,-2.02992,-242.734,-0.138705,-346.763,-0.693525,-13.8705,-12.4835,-11.0964,-624.173,-485.468,-554.82,-8.3223,-0.208058,-5.5482,-0.027741,0,0,0,1,0.9,20,20
att:-5.686,2.911,265.680
run:27472,-5.68565,-1.03161,-1.91659,-240.709,-0.137548,-343.87,-0.687739,-13.7548,-12.3793,-11.0038,-618.966,-481.418,-550.192,-8.25287,-0.206322,-5.50192,-0.0275096,0,0,0,1,0.9,20,20
att:-5.723,2.901,265.860
run:27492,-5.72285,-1.02286,-1.8025,-238.668,-0.136382,-340.955,-0.68191,-13.6382,-12.2744,-10.9106,-613.719,-477.337,-545.528,-8.18292,-0.204573,-5.45528,-0.0272764,0,0,0,1,0.9,20,20
att:-5.758,2.890,266.040
run:27512,-5.75775,-1.01405,-1.68769,-236.613,-0.135207,-338.018,-0.676037,-13.5207,-12.1687,-10.8166,-608.433,-473.226,-540.829,-8.11244,-0.202811,-5.40829,-0.0270415,0,0,0,1,0.9,20,20
att:-5.790,2.878,266.220
run:27532,-5.79035,-1.00518,-1.57221,-234.542,-0.134024,-335.06,-0.67012,-13.4024,-12.0622,-10.7219,-603.108,-469.084,-536.096,-8.04144,-0.201036,-5.36096,-0.0268048,0,0,0,1,0.9,20,20
att:-5.821,2.866,266.400
run:27552,-5.82063,-0.996241,-1.4561,-232.456,-0.132832,-332.08,-0.664161,-13.2832,-11.9549,-10.6266,-597.745,-464.913,-531.329,-7.96993,-0.199248,-5.31329,-0.0265664,0,0,0,1,0.9,20,20
task:27552,1,0,0,0,0,20,0.9,17,0,266.400,0.000,1481
stat:27552,0,0,0,0,7,1,1,1,0,0,1,0,0,16777215
att:-5.849,2.854,266.580
run:27572,-5.84859,-0.987238,-1.3394,-230.356,-0.131632,-329.079,-0.658159,-13.1632,-11.8469,-10.5305,-592.343,-460.711,-526.527,-7.89791,-0.197448,-5.26527,-0.0263264,0,0,0,1,0.9,20,20
att:-5.874,2.840,266.760
run:27592,-5.87421,-0.978172,-1.22217,-228.24,-0.130423,-326.057,-0.652115,-13.0423,-11.7381,-10.4338,-586.903,-456.48,-521.692,-7.82538,-0.195634,-5.21692,-0.0260846,0,0,0,1,0.9,20,20
att:-5.897,2.827,266.940
run:27612,-5.89747,-0.969044,-1.10445,-226.11,-0.129206,-323.015,-0.646029,-12.9206,-11.6285,-10.3365,-581.426,-452.22,-516.823,-7.75235,-0.193809,-5.16823,-0.0258412,0,0,0,1,0.9,20,20
att:-5.918,2.812,267.120
run:27632,-5.91838,-0.959853,-0.986285,-223.966,-0.12798,-319.951,-0.639902,-12.798,-11.5182,-10.2384,-575.912,-447.931,-511.922,-7.67882,-0.191971,-5.11922,-0.0255961,0,0,0,1,0.9,20,20
att:-5.937,2.797,267.300
att:-5.953,2.782,267.480
run:27672,-5.95309,-0.941288,-0.748824,-219.634,-0.125505,-313.763,-0.627525,-12.5505,-11.2955,-10.0404,-564.773,-439.268,-502.02,-7.5303,-0.188258,-5.0202,-0.025101,0,0,0,1,0.9,20,20
att:-5.967,2.766,267.660
run:27692,-5.96687,-0.931915,-0.62962,-217.447,-0.124255,-310.638,-0.621276,-12.4255,-11.183,-9.94042,-559.149,-434.894,-497.021,-7.45532,-0.186383,-4.97021,-0.0248511,0,0,0,1,0.9,20,20
att:-5.978,2.749,267.840
run:27712,-5.97827,-0.922482,-0.510165,-215.246,-0.122998,-307.494,-0.614988,-12.2998,-11.0698,-9.83981,-553.489,-430.492,-491.99,-7.37985,-0.184496,-4.9199,-0.0245995,0,0,0,1,0.9,20,20
att:-5.987,2.732,268.020
run:27732,-5.98728,-0.91299,-0.390505,-213.031,-0.121732,-304.33,-0.60866,-12.1732,-10.9559,-9.73856,-547.794,-426.062,-486.928,-7.30392,-0.182598,-4.86928,-0.0243464,0,0,0,1,0.9,20,20
att:-5.994,2.715,268.200
run:27752,-5.99389,-0.90344,-0.270689,-210.803,-0.120459,-301.147,-0.602293,-12.0459,-10.8413,-9.63669,-542.064,-421.605,-481.835,-7.22752,-0.180688,-4.81835,-0.0240917,0,0,0,1,0.9,20,20
task:27752,1,0,0,0,0,20,0.9,17,0,268.200,0.000,1491
stat:27752,0,0,0,0,7,1,1,1,0,0,1,0,0,16777215
att:-5.998,2.697,268.380
run:27772,-5.99811,-0.893832,-0.150765,-208.561,-0.119178,-297.944,-0.595888,-11.9178,-10.726,-9.5342,-536.299,-417.121,-476.71,-7.15065,-0.178766,-4.7671,-0.0238355,0,0,0,1,0.9,20,20
att:-6.000,2.678,268.560
att:-5.999,2.659,268.740
run:27812,-5.99934,-0.874444,0.0892155,-204.037,-0.116593,-291.481,-0.582963,-11.6593,-10.4933,-9.32741,-524.667,-408.074,-466.37,-6.99556,-0.174889,-4.6637,-0.0233185,0,0,0,1,0.9,20,20
att:-5.996,2.639,268.920
run:27832,-5.99635,-0.864667,0.209176,-201.756,-0.115289,-288.222,-0.576444,-11.5289,-10.376,-9.22311,-518.8,-403.511,-461.155,-6.91733,-0.172933,-4.61155,-0.0230578,0,0,0,1,0.9,20,20
att:-5.991,2.619,269.100
run:27852,-5.99097,-0.854833,0.329054,-199.461,-0.113978,-284.944,-0.569889,-11.3978,-10.258,-9.11822,-512.9,-398.922,-455.911,-6.83867,-0.170967,-4.55911,-0.0227956,0,0,0,1,0.9,20,20
att:-5.983,2.598,269.280
run:27872,-5.98319,-0.844945,0.448799,-197.154,-0.112659,-281.648,-0.563297,-11.2659,-10.1393,-9.01275,-506.967,-394.308,-450.638,-6.75956,-0.168989,-4.50638,-0.0225319,0,0,0,1,0.9,20,20
att:-5.973,2.577,269.460
run:27892,-5.97302,-0.835003,0.568365,-194.834,-0.111334,-278.334,-0.556669,-11.1334,-10.02,-8.9067,-501.002,-389.668,-445.335,-6.68003,-0.167001,-4.45335,-0.0222668,0,0,0,1,0.9,20,20
att:-5.960,2.555,269.640
run:27912,-5.96046,-0.825008,0.687704,-192.502,-0.110001,-275.003,-0.550005,-11.0001,-9.9001,-8.80009,-495.005,-385.004,-440.004,-6.60006,-0.165002,-4.40004,-0.0220002,0,0,0,1,0.9,20,20
att:-5.946,2.533,269.820
run:27932,-5.94551,-0.81496,0.806768,-190.157,-0.108661,-271.653,-0.543307,-10.8661,-9.77952,-8.6929,-488.976,-380.315,-434.645,-6.51968,-0.162992,-4.34645,-0.0217323,0,0,0,1,0.9,20,20
att:-5.928,2.510,270.000
run:27952,-5.92819,-0.804859,0.925509,-187.801,-0.107315,-268.286,-0.536573,-10.7315,-9.65831,-8.58517,-482.916,-375.601,-429.258,-6.43888,-0.160972,-4.29258,-0.0214629,0,0,0,1,0.9,20,20
taskevt:18,27952,1,6,4,1,0
task:27952,6,4,1,0,0,20,0.9,18,0,270.000,0.000,1501
stat:27952,0,0,0,0,7,1,1,1,0,0,1,0,0,16777215
att:-5.908,2.487,270.180
att:-5.886,2.463,270.360
run:27992,-5.88644,-0.784505,1.16183,-183.051,-0.104601,-261.502,-0.523003,-10.4601,-9.41406,-8.36805,-470.703,-366.102,-418.403,-6.27604,-0.156901,-4.18403,-0.0209201,0,0,0,1,0.9,20,20
att:-5.862,2.439,270.540
run:28012,-5.86202,-0.774252,1.27932,-180.659,-0.103234,-258.084,-0.516168,-10.3234,-9.29102,-8.25869,-464.551,-361.317,-412.934,-6.19401,-0.15485,-4.12934,-0.0206467,0,0,0,1,0.9,20,20
att:-5.835,2.414,270.720
noise from radio
att:NaN,1,2
att:-5.806,2.389,270.900
run:28052,-5.80618,-0.753598,1.51272,-175.839,-0.10048,-251.199,-0.502399,-10.048,-9.04317,-8.03838,-452.159,-351.679,-401.919,-6.02878,-0.15072,-4.01919,-0.0200959,0,0,0,1,0.9,20,20
att:-5.775,2.363,271.080
run:28072,-5.77476,-0.743198,1.62853,-173.413,-0.0990931,-247.733,-0.495465,-9.90931,-8.91838,-7.92745,-445.919,-346.826,-396.372,-5.94559,-0.14864,-3.96372,-0.0198186,0,0,0,1,0.9,20,20
att:-5.741,2.337,271.260
run:28092,-5.74104,-0.732751,1.74369,-170.975,-0.0977001,-244.25,-0.488501,-9.77001,-8.79301,-7.81601,-439.651,-341.95,-390.801,-5.86201,-0.14655,-3.90801,-0.01954,0,0,0,1,0.9,20,20
att:-5.705,2.311,271.440
run:28112,-5.70502,-0.722257,1.85816,-168.527,-0.0963009,-240.752,-0.481505,-9.63009,-8.66708,-7.70407,-433.354,-337.053,-385.204,-5.77806,-0.144451,-3.85204,-0.0192602,0,0,0,1,0.9,20,20
att:-5.667,2.284,271.620
run:28132,-5.66672,-0.711717,1.97188,-166.067,-0.0948955,-237.239,-0.474478,-9.48955,-8.5406,-7.59164,-427.03,-332.134,-379.582,-5.69373,-0.142343,-3.79582,-0.0189791,0,0,0,1,0.9,20,20
att:-5.626,2.256,271.800
run:28152,-5.62615,-0.701131,2.08481,-163.597,-0.0934841,-233.71,-0.46742,-9.34841,-8.41357,-7.47873,-420.678,-327.194,-373.936,-5.60905,-0.140226,-3.73936,-0.0186968,0,0,0,1,0.9,20,20
task:28152,6,4,1,0,0,20,0.9,18,0,271.800,0.000,1511
stat:28152,0,0,0,0,7,1,1,1,0,0,1,0,0,16777215
att:-5.583,2.228,271.980
run:28172,-5.58333,-0.6905,2.19691,-161.117,-0.0920667,-230.167,-0.460333,-9.20667,-8.286,-7.36533,-414.3,-322.233,-368.267,-5.524,-0.1381,-3.68267,-0.0184133,0,0,0,1,0.9,20,20
att:-5.538,2.200,272.160
run:28192,-5.53828,-0.679825,2.30813,-158.626,-0.0906433,-226.608,-0.453217,-9.06433,-8.1579,-7.25147,-407.895,-317.252,-362.573,-5.4386,-0.135965,-3.62573,-0.0181287,0,0,0,1,0.9,20,20
att:-5.491,2.171,272.340
att:-5.442,2.142,272.520
run:28232,-5.44155,-0.658345,2.52775,-153.614,-0.0877794,-219.448,-0.438897,-8.77794,-7.90014,-7.02235,-395.007,-307.228,-351.117,-5.26676,-0.131669,-3.51117,-0.0175559,0,0,0,1,0.9,20,20
att:-5.390,2.112,272.700
run:28252,-5.38991,-0.647542,2.63607,-151.093,-0.0863389,-215.847,-0.431695,-8.63389,-7.7705,-6.90711,-388.525,-302.186,-345.356,-5.18034,-0.129508,-3.45356,-0.0172678,0,0,0,1,0.9,20,20
att:-5.336,2.082,272.880
run:28272,-5.33611,-0.636697,2.74334,-148.563,-0.0848929,-212.232,-0.424465,-8.48929,-7.64036,-6.79144,-382.018,-297.125,-339.572,-5.09358,-0.127339,-3.39572,-0.0169786,0,0,0,1,0.9,20,20
att:-5.280,2.052,273.060
run:28292,-5.28018,-0.625811,2.8495,-146.023,-0.0834415,-208.604,-0.417208,-8.34415,-7.50974,-6.67532,-375.487,-292.045,-333.766,-5.00649,-0.125162,-3.33766,-0.0166883,0,0,0,1,0.9,20,20
att:-5.222,2.021,273.240
run:28312,-5.22214,-0.614886,2.95453,-143.473,-0.0819848,-204.962,-0.409924,-8.19848,-7.37863,-6.55878,-368.931,-286.947,-327.939,-4.91909,-0.122977,-3.27939,-0.016397,0,0,0,1,0.9,20,20
att:-5.162,1.990,273.420
run:28332,-5.16201,-0.603921,3.05837,-140.915,-0.0805228,-201.307,-0.402614,-8.05228,-7.24705,-6.44182,-362.353,-281.83,-322.091,-4.83137,-0.120784,-3.22091,-0.0161046,0,0,0,1,0.9,20,20
att:-5.100,1.958,273.600
run:28352,-5.09981,-0.592917,3.161,-138.347,-0.0790556,-197.639,-0.395278,-7.90556,-7.11501,-6.32445,-355.75,-276.695,-316.222,-4.74334,-0.118583,-3.16222,-0.0158111,0,0,0,1,0.9,20,20
task:28352,6,4,1,0,0,20,0.9,18,0,273.600,0.000,1521
stat:28352,0,0,0,0,7,1,1,1,0,0,1,0,0,16777215
att:-5.036,1.926,273.780
run:28372,-5.03558,-0.581876,3.26235,-135.771,-0.0775834,-193.959,-0.387917,-7.75834,-6.98251,-6.20667,-349.125,-271.542,-310.334,-4.655,-0.116375,-3.10334,-0.0155167,0,0,0,1,0.9,20,20
att:-4.969,1.894,273.960
run:28392,-4.96933,-0.570797,3.36241,-133.186,-0.0761062,-190.266,-0.380531,-7.61062,-6.84956,-6.0885,-342.478,-266.372,-304.425,-4.56637,-0.114159,-3.04425,-0.0152212,0,0,0,1,0.9,20,20
att:-4.901,1.861,274.140
run:28412,-4.90109,-0.559681,3.46111,-130.592,-0.0746242,-186.56,-0.373121,-7.46242,-6.71618,-5.96993,-335.809,-261.185,-298.497,-4.47745,-0.111936,-2.98497,-0.0149248,0,0,0,1,0.9,20,20
att:-4.831,1.828,274.320
run:28432,-4.83089,-0.54853,3.55844,-127.99,-0.0731374,-182.843,-0.365687,-7.31374,-6.58236,-5.85099,-329.118,-255.981,-292.549,-4.38824,-0.109706,-2.92549,-0.0146275,0,0,0,1,0.9,20,20
att:-4.759,1.794,274.500
run:28452,-4.75876,-0.537344,3.65434,-125.38,-0.0716459,-179.115,-0.358229,-7.16459,-6.44813,-5.73167,-322.406,-250.76,-286.583,-4.29875,-0.107469,-2.86583,-0.0143292,0,0,0,1,0.9,20,20
att:-4.685,1.761,274.680
run:28472,-4.68473,-0.526123,3.74877,-122.762,-0.0701498,-175.374,-0.350749,-7.01498,-6.31348,-5.61198,-315.674,-245.524,-280.599,-4.20899,-0.105225,-2.80599,-0.01403,0,0,0,1,0.9,20,20
att:-4.609,1.726,274.860
run:28492,-4.60882,-0.514869,3.84171,-120.136,-0.0686492,-171.623,-0.343246,-6.86492,-6.17843,-5.49193,-308.921,-240.272,-274.597,-4.11895,-0.102974,-2.74597,-0.0137298,0,0,0,1,0.9,20,20
att:-4.531,1.692,275.040
run:28512,-4.53107,-0.503582,3.93311,-117.502,-0.0671442,-167.861,-0.335721,-6.71442,-6.04298,-5.37154,-302.149,-235.005,-268.577,-4.02865,-0.100716,-2.68577,-0.0134288,0,0,0,1,0.9,20,20
att:-4.452,1.657,275.220
run:28532,-4.45151,-0.492262,4.02294,-114.861,-0.0656349,-164.087,-0.328175,-6.56349,-5.90714,-5.2508,-295.357,-229.722,-262.54,-3.9381,-0.0984524,-2.6254,-0.013127,0,0,0,1,0.9,20,20
att:-4.370,1.622,275.400
run:28552,-4.37016,-0.480911,4.11116,-112.213,-0.0641215,-160.304,-0.320607,-6.41215,-5.77093,-5.12972,-288.547,-224.425,-256.486,-3.84729,-0.0961822,-2.56486,-0.0128243,0,0,0,1,0.9,20,20
task:28552,6,4,1,0,0,20,0.9,18,0,275.400,0.000,1531
stat:28552,0,0,0,0,7,1,1,1,0,0,1,0,0,16777215
att:-4.287,1.586,275.580
run:28572,-4.28707,-0.469529,4.19774,-109.557,-0.0626039,-156.51,-0.313019,-6.26039,-5.63435,-5.00831,-281.718,-219.114,-250.416,-3.75623,-0.0939058,-2.50416,-0.0125208,0,0,0,1,0.9,20,20
att:-4.202,1.551,275.760
run:28592,-4.20227,-0.458117,4.28263,-106.894,-0.0610823,-152.706,-0.305412,-6.10823,-5.49741,-4.88659,-274.87,-213.788,-244.329,-3.66494,-0.0916235,-2.44329,-0.0122165,0,0,0,1,0.9,20,20
att:-4.116,1.514,275.940
run:28612,-4.11578,-0.446676,4.36582,-104.224,-0.0595568,-148.892,-0.297784,-5.95568,-5.36011,-4.76455,-268.006,-208.449,-238.227,-3.57341,-0.0893352,-2.38227,-0.0119114,0,0,0,1,0.9,20,20
att:-4.028,1.478,276.120
run:28632,-4.02765,-0.435206,4.44725,-101.548,-0.0580275,-145.069,-0.290138,-5.80275,-5.22248,-4.6422,-261.124,-203.096,-232.11,-3.48165,-0.0870413,-2.3211,-0.0116055,0,0,0,1,0.9,20,20
att:-3.938,1.441,276.300
run:28652,-3.9379,-0.423709,4.52691,-98.8654,-0.0564945,-141.236,-0.282473,-5.64945,-5.08451,-4.51956,-254.225,-197.731,-225.978,-3.38967,-0.0847418,-2.25978,-0.0112989,0,0,0,1,0.9,20,20
att:-3.847,1.404,276.480
run:28672,-3.84658,-0.412184,4.60476,-96.1763,-0.0549579,-137.395,-0.274789,-5.49579,-4.94621,-4.39663,-247.31,-192.353,-219.831,-3.29747,-0.0824368,-2.19831,-0.0109916,0,0,0,1,0.9,20,20
att:-3.754,1.367,276.660
run:28692,-3.75372,-0.400633,4.68077,-93.481,-0.0534177,-133.544,-0.267089,-5.34177,-4.80759,-4.27342,-240.38,-186.962,-213.671,-3.20506,-0.0801266,-2.13671,-0.0106835,0,0,0,1,0.9,20,20
att:-3.659,1.330,276.840
run:28712,-3.65936,-0.389056,4.7549,-90.7798,-0.0518742,-129.685,-0.259371,-5.18742,-4.66867,-4.14993,-233.434,-181.56,-207.497,-3.11245,-0.0778112,-2.07497,-0.0103748,0,0,0,1,0.9,20,20
att:-3.564,1.292,277.020
run:28732,-3.56354,-0.377454,4.82713,-88.0727,-0.0503273,-125.818,-0.251636,-5.03273,-4.52945,-4.02618,-226.473,-176.145,-201.309,-3.01964,-0.0754909,-2.01309,-0.0100655,0,0,0,1,0.9,20,20
att:-3.466,1.254,277.200
run:28752,-3.46629,-0.365829,4.89743,-85.36,-0.0487772,-121.943,-0.243886,-4.87772,-4.38994,-3.90217,-219.497,-170.72,-195.109,-2.92663,-0.0731657,-1.95109,-0.00975543,0,0,0,1,0.9,20,20
task:28752,6,4,1,0,0,20,0.9,18,0,277.200,0.000,1541
stat:28752,0,0,0,0,7,1,1,1,0,0,1,0,0,16777215
att:-3.368,1.215,277.380
run:28772,-3.36765,-0.354179,4.96577,-82.6419,-0.0472239,-118.06,-0.23612,-4.72239,-4.25015,-3.77791,-212.508,-165.284,-188.896,-2.83344,-0.0708359,-1.88896,-0.00944479,0,0,0,1,0.9,20,20
att:-3.268,1.177,277.560
att:-3.166,1.138,277.740
run:28812,-3.16638,-0.330814,5.09647,-77.1899,-0.0441085,-110.271,-0.220542,-4.41085,-3.96976,-3.52868,-198.488,-154.38,-176.434,-2.64651,-0.0661627,-1.76434,-0.0088217,0,0,0,1,0.9,20,20
att:-3.064,1.099,277.920
run:28832,-3.06383,-0.319099,5.15878,-74.4564,-0.0425465,-106.366,-0.212732,-4.25465,-3.82918,-3.40372,-191.459,-148.913,-170.186,-2.55279,-0.0638197,-1.70186,-0.0085093,0,0,0,1,0.9,20,20
att:-2.960,1.060,278.100
run:28852,-2.96005,-0.307363,5.21902,-71.7181,-0.0409818,-102.454,-0.204909,-4.09818,-3.68836,-3.27854,-184.418,-143.436,-163.927,-2.45891,-0.0614727,-1.63927,-0.00819636,0,0,0,1,0.9,20,20
att:-2.855,1.021,278.280
att:-2.749,0.981,278.460
run:28892,-2.74897,-0.283834,5.33321,-66.228,-0.0378446,-94.6114,-0.189223,-3.78446,-3.40601,-3.02757,-170.301,-132.456,-151.378,-2.27067,-0.0567668,-1.51378,-0.00756891,0,0,0,1,0.9,20,20
att:-2.642,0.941,278.640
att:-2.534,0.901,278.820
run:28932,-2.5335,-0.260232,5.43888,-60.7209,-0.0346977,-86.7442,-0.173488,-3.46977,-3.12279,-2.77581,-156.139,-121.442,-138.791,-2.08186,-0.0520465,-1.38791,-0.00693953,0,0,0,1,0.9,20,20
att:-2.424,0.861,279.000
run:28952,-2.42423,-0.248406,5.48845,-57.9615,-0.0331208,-82.8021,-0.165604,-3.31208,-2.98088,-2.64967,-149.044,-115.923,-132.483,-1.98725,-0.0496813,-1.32483,-0.00662417,0,0,0,1,0.9,20,20
taskevt:19,28952,6,6,4,2,0
task:28952,6,4,2,0,0,20,0.9,19,0,279.000,0.000,1551
stat:28952,0,0,0,0,7,1,1,1,0,0,1,0,0,16777215
att:-2.314,0.821,279.180
run:28972,-2.31398,-0.236564,5.53584,-55.1983,-0.0315419,-78.8547,-0.157709,-3.15419,-2.83877,-2.52335,-141.938,-110.397,-126.168,-1.89251,-0.0473128,-1.26168,-0.00630838,0,0,0,1,0.9,20,20
noise from radio
att:NaN,1,2
att:-2.203,0.780,279.360
run:28992,-2.20281,-0.224707,5.58101,-52.4316,-0.0299609,-74.9023,-0.149805,-2.99609,-2.69648,-2.39687,-134.824,-104.863,-119.844,-1.79765,-0.0449414,-1.19844,-0.00599218,0,0,0,1,0.9,20,20
att:-2.091,0.740,279.540
run:29012,-2.09075,-0.212835,5.62394,-49.6615,-0.028378,-70.9451,-0.14189,-2.8378,-2.55402,-2.27024,-127.701,-99.3231,-113.512,-1.70268,-0.042567,-1.13512,-0.00567561,0,0,0,1,0.9,20,20
att:-1.978,0.699,279.720
run:29032,-1.97786,-0.20095,5.66463,-46.8883,-0.0267933,-66.9833,-0.133967,-2.67933,-2.4114,-2.14347,-120.57,-93.7766,-107.173,-1.6076,-0.04019,-1.07173,-0.00535867,0,0,0,1,0.9,20,20
att:-1.864,0.658,279.900
run:29052,-1.86418,-0.189052,5.70305,-44.1121,-0.0252069,-63.0173,-0.126035,-2.52069,-2.26862,-2.01655,-113.431,-88.2242,-100.828,-1.51241,-0.0378104,-1.00828,-0.00504138,0,0,0,1,0.9,20,20
att:-1.750,0.617,280.080
run:29072,-1.74976,-0.177142,5.73919,-41.333,-0.0236189,-59.0472,-0.118094,-2.36189,-2.1257,-1.88951,-106.285,-82.6661,-94.4755,-1.41713,-0.0354283,-0.944755,-0.00472378,0,0,0,1,0.9,20,20
att:-1.635,0.576,280.260
run:29092,-1.63463,-0.16522,5.77304,-38.5513,-0.0220293,-55.0733,-0.110147,-2.20293,-1.98264,-1.76235,-99.132,-77.1027,-88.1173,-1.32176,-0.033044,-0.881173,-0.00440587,0,0,0,1,0.9,20,20
att:-1.519,0.535,280.440
run:29112,-1.51885,-0.153288,5.80457,-35.7672,-0.0204384,-51.096,-0.102192,-2.04384,-1.83945,-1.63507,-91.9727,-71.5343,-81.7535,-1.2263,-0.0306576,-0.817535,-0.00408768,0,0,0,1,0.9,20,20
att:-1.402,0.493,280.620
run:29132,-1.40246,-0.141346,5.83379,-32.9807,-0.0188461,-47.1153,-0.0942306,-1.88461,-1.69615,-1.50769,-84.8075,-65.9614,-75.3845,-1.13077,-0.0282692,-0.753845,-0.00376922,0,0,0,1,0.9,20,20
att:-1.286,0.452,280.800
run:29152,-1.28552,-0.129395,5.86067,-30.1921,-0.0172527,-43.1316,-0.0862633,-1.72527,-1.55274,-1.38021,-77.6369,-60.3843,-69.0106,-1.03516,-0.025879,-0.690106,-0.00345053,0,0,0,1,0.9,20,20
task:29152,6,4,2,0,0,20,0.9,19,0,280.800,0.000,1561
stat:29152,0,0,0,0,7,1,1,1,0,0,1,0,0,16777215
att:-1.168,0.410,280.980
run:29172,-1.16805,-0.117436,5.88521,-27.4016,-0.0156581,-39.1452,-0.0782904,-1.56581,-1.40923,-1.25265,-70.4614,-54.8033,-62.6323,-0.939485,-0.0234871,-0.626323,-0.00313162,0,0,0,1,0.9,20,20
att:-1.050,0.369,281.160
run:29192,-1.05012,-0.105469,5.90739,-24.6094,-0.0140625,-35.1563,-0.0703125,-1.40625,-1.26563,-1.125,-63.2813,-49.2188,-56.25,-0.843751,-0.0210938,-0.5625,-0.0028125,0,0,0,1,0.9,20,20
att:-0.932,0.327,281.340
run:29212,-0.931773,-0.0934953,5.92721,-21.8156,-0.012466,-31.1651,-0.0623302,-1.2466,-1.12194,-0.997283,-56.0972,-43.6311,-49.8641,-0.747962,-0.0186991,-0.498641,-0.00249321,0,0,0,1,0.9,20,20
att:-0.813,0.285,281.520
run:29232,-0.81305,-0.0815157,5.94466,-19.0203,-0.0108688,-27.1719,-0.0543438,-1.08688,-0.978189,-0.869501,-48.9094,-38.0407,-43.4751,-0.652126,-0.0163031,-0.434751,-0.00217375,0,0,0,1,0.9,20,20
att:-0.694,0.243,281.700
run:29252,-0.694002,-0.069531,5.95973,-16.2239,-0.0092708,-23.177,-0.046354,-0.92708,-0.834372,-0.741664,-41.7186,-32.4478,-37.0832,-0.556248,-0.0139062,-0.370832,-0.00185416,0,0,0,1,0.9,20,20
att:-0.575,0.201,281.880
run:29272,-0.574677,-0.0575418,5.97242,-13.4264,-0.00767224,-19.1806,-0.0383612,-0.767224,-0.690502,-0.613779,-34.5251,-26.8528,-30.689,-0.460334,-0.0115084,-0.30689,-0.00153445,0,0,0,1,0.9,20,20
att:-0.455,0.159,282.060
att:-0.335,0.117,282.240
run:29312,-0.335384,-0.0335531,5.99062,-7.82906,-0.00447375,-11.1844,-0.0223687,-0.447375,-0.402637,-0.3579,-20.1319,-15.6581,-17.895,-0.268425,-0.00671062,-0.17895,-0.00089475,0,0,0,1,0.9,20,20
att:-0.216,0.075,282.420
run:29332,-0.215513,-0.0215552,5.99613,-5.02954,-0.00287402,-7.18506,-0.0143701,-0.287402,-0.258662,-0.229922,-12.9331,-10.0591,-11.4961,-0.172441,-0.00431104,-0.114961,-0.000574805,0,0,0,1,0.9,20,20
att:-0.096,0.033,282.600
run:29352,-0.0955552,-0.00955586,5.99924,-2.2297,-0.00127411,-3.18529,-0.00637057,-0.127411,-0.11467,-0.101929,-5.73351,-4.4594,-5.09646,-0.0764469,-0.00191117,-0.0509646,-0.000254823,0,0,0,1,0.9,20,20
task:29352,6,4,2,0,0,20,0.9,19,0,282.600,0.000,1571
stat:29352,0,0,0,0,7,1,1,1,0,0,1,0,0,16777215
att:0.024,-0.009,282.780
run:29372,0.0244407,0.00244408,5.99995,0.570285,0.000325877,0.814692,0.00162938,0.0325877,0.0293289,0.0260702,1.46645,1.14057,1.30351,0.0195526,0.000488815,0.0130351,6.51754e-05,0,0,0,1,0.9,20,20
att:0.144,-0.051,282.960
run:29392,0.144427,0.0144439,5.99826,3.37023,0.00192585,4.81462,0.00962924,0.192585,0.173326,0.154068,8.66631,6.74047,7.70339,0.115551,0.00288877,0.0770339,0.000385169,0,0,0,1,0.9,20,20
att:0.264,-0.093,283.140
run:29412,0.264355,0.0264427,5.99417,6.16997,0.00352569,8.81424,0.0176285,0.352569,0.317313,0.282056,15.8656,12.3399,14.1028,0.211542,0.00528854,0.141028,0.000705139,0,0,0,1,0.9,20,20
att:0.384,-0.135,283.320
run:29432,0.384178,0.0384399,5.98769,8.9693,0.00512532,12.8133,0.0256266,0.512532,0.461278,0.410025,23.0639,17.9386,20.5013,0.307519,0.00768797,0.205013,0.00102506,0,0,0,1,0.9,20,20
att:0.504,-0.176,283.500
run:29452,0.503847,0.0504346,5.97881,11.7681,0.00672461,16.8115,0.033623,0.672461,0.605215,0.537969,30.2607,23.5361,26.8984,0.403477,0.0100869,0.268984,0.00134492,0,0,0,1,0.9,20,20
att:0.623,-0.218,283.680
run:29472,0.623314,0.062426,5.96754,14.5661,0.00832347,20.8087,0.0416174,0.832347,0.749113,0.665878,37.4556,29.1322,33.2939,0.499408,0.0124852,0.332939,0.00166469,0,0,0,1,0.9,20,20
att:0.743,-0.260,283.860
run:29492,0.742532,0.0744135,5.95388,17.3632,0.0099218,24.8045,0.049609,0.99218,0.892962,0.793744,44.6481,34.7263,39.6872,0.595308,0.0148827,0.396872,0.00198436,0,0,0,1,0.9,20,20
att:0.861,-0.302,284.040
run:29512,0.861453,0.0863962,5.93784,20.1591,0.0115195,28.7987,0.0575975,1.15195,1.03675,0.92156,51.8377,40.3182,46.078,0.69117,0.0172792,0.46078,0.0023039,0,0,0,1,0.9,20,20
att:0.980,-0.344,284.220
run:29532,0.98003,0.0983734,5.91942,22.9538,0.0131165,32.7911,0.0655823,1.31165,1.18048,1.04932,59.0241,45.9076,52.4658,0.786987,0.0196747,0.524658,0.00262329,0,0,0,1,0.9,20,20
att:1.098,-0.385,284.400
run:29552,1.09821,0.110344,5.89864,25.747,0.0147126,36.7814,0.0735629,1.47126,1.32413,1.17701,66.2066,51.494,58.8503,0.882755,0.0220689,0.588503,0.00294252,0,0,0,1,0.9,20,20
task:29552,6,4,2,0,0,20,0.9,19,0,284.400,0.000,1581
stat:29552,0,0,0,0,7,1,1,1,0,0,1,0,0,16777215
att:1.216,-0.427,284.580
run:29572,1.21596,0.122308,5.8755,28.5386,0.0163078,40.7694,0.0815388,1.63078,1.4677,1.30462,73.3849,57.0771,65.231,0.978465,0.0244616,0.65231,0.00326155,0,0,0,1,0.9,20,20
att:1.333,-0.469,284.760
att:1.450,-0.510,284.940
run:29612,1.44994,0.146212,5.82217,34.116,0.0194949,48.7372,0.0974744,1.94949,1.75454,1.55959,87.7269,68.2321,77.9795,1.16969,0.0292423,0.779795,0.00389897,0,0,0,1,0.9,20,20
att:1.566,-0.551,285.120
att:1.682,-0.593,285.300
run:29652,1.68161,0.170078,5.75953,39.6848,0.022677,56.6925,0.113385,2.2677,2.04093,1.81416,102.047,79.3695,90.708,1.36062,0.0340155,0.90708,0.0045354,0,0,0,1,0.9,20,20
att:1.796,-0.634,285.480
run:29672,1.79646,0.181995,5.72475,42.4654,0.0242659,60.6649,0.12133,2.42659,2.18393,1.94128,109.197,84.9308,97.0638,1.45596,0.0363989,0.970638,0.00485319,0,0,0,1,0.9,20,20
att:1.911,-0.675,285.660
run:29692,1.91058,0.1939,5.68768,45.2433,0.0258533,64.6333,0.129267,2.58533,2.3268,2.06827,116.34,90.4867,103.413,1.5512,0.03878,1.03413,0.00517067,0,0,0,1,0.9,20,20
att:2.024,-0.716,285.840
run:29712,2.02395,0.205793,5.64833,48.0184,0.0274391,68.5977,0.137195,2.74391,2.46952,2.19512,123.476,96.0367,109.756,1.64634,0.0411586,1.09756,0.00548781,0,0,0,1,0.9,20,20
att:2.137,-0.756,286.020
run:29732,2.1365,0.217673,5.60672,50.7903,0.029023,72.5576,0.145115,2.9023,2.61207,2.32184,130.604,101.581,116.092,1.74138,0.0435346,1.16092,0.00580461,0,0,0,1,0.9,20,20
att:2.248,-0.797,286.200
task:29752,6,4,2,0,0,20,0.9,19,0,286.200,0.000,1591
stat:29752,0,0,0,0,7,1,1,1,0,0,1,0,0,16777215
att:2.359,-0.837,286.380
run:29772,2.359,0.24139,5.5168,56.3243,0.0321853,80.4633,0.160927,3.21853,2.89668,2.57483,144.834,112.649,128.741,1.93112,0.048278,1.28741,0.00643706,0,0,0,1,0.9,20,20
att:2.469,-0.878,286.560
run:29792,2.46886,0.253226,5.46852,59.086,0.0337634,84.4085,0.168817,3.37634,3.03871,2.70107,151.935,118.172,135.054,2.0258,0.0506451,1.35054,0.00675268,0,0,0,1,0.9,20,20
att:2.578,-0.918,286.740
run:29812,2.57773,0.265045,5.41805,61.8439,0.0353394,88.3484,0.176697,3.53394,3.18054,2.82715,159.027,123.688,141.357,2.12036,0.053009,1.41357,0.00706787,0,0,0,1,0.9,20,20
att:2.686,-0.958,286.920
run:29832,2.68557,0.276848,5.36542,64.5978,0.036913,92.2826,0.184565,3.6913,3.32217,2.95304,166.109,129.196,147.652,2.21478,0.0553695,1.47652,0.00738261,0,0,0,1,0.9,20,20
att:2.792,-0.997,287.100
run:29852,2.79233,0.288633,5.31064,67.3476,0.0384843,96.2109,0.192422,3.84843,3.46359,3.07875,173.18,134.695,153.937,2.30906,0.0577265,1.53937,0.00769687,0,0,0,1,0.9,20,20
att:2.898,-1.037,287.280
run:29872,2.89798,0.300399,5.25373,70.0931,0.0400532,100.133,0.200266,4.00532,3.60479,3.20426,180.239,140.186,160.213,2.40319,0.0600798,1.60213,0.00801064,0,0,0,1,0.9,20,20
att:3.002,-1.076,287.460
run:29892,3.00247,0.312146,5.19473,72.8341,0.0416195,104.049,0.208097,4.16195,3.74575,3.32956,187.288,145.668,166.478,2.49717,0.0624292,1.66478,0.0083239,0,0,0,1,0.9,20,20
att:3.106,-1.115,287.640
run:29912,3.10575,0.323873,5.13364,75.5704,0.0431831,107.958,0.215916,4.31831,3.88648,3.45465,194.324,151.141,172.732,2.59099,0.0647747,1.72732,0.00863662,0,0,0,1,0.9,20,20
noise from radio
att:NaN,1,2
att:3.208,-1.154,287.820
run:29932,3.2078,0.33558,5.07051,78.3019,0.044744,111.86,0.22372,4.4744,4.02696,3.57952,201.348,156.604,178.976,2.68464,0.067116,1.78976,0.00894879,0,0,0,1,0.9,20,20
