pc_elapsed_s,ch0,ch1,ch2,ch3,ch4,ch5,ch6,ch7,ch8,ch9,ch10,ch11,ch12,ch13,ch14,ch15,ch16,ch17,ch18,ch19,ch20,ch21,ch22,ch23,ch24
15.0108,31901,1.171,0.773,0.67,-108,-0.173,-272,0,0,0,-0.77,82,82,-49,0,0.264,-13.89,-0.2216,0,0,0.004,1,0.065,17,22
15.03241,31921,1.177,0.618,-0.52,-11,-0.018,-354,0,0,0,-0,45,45,64,0,0.245,-24.23,-0.9232,0,0,0,1,0.152,11,22
15.05459,31941,1.163,0.395,-0.45,128,0.205,-494,0,0,0,-0.49,72,72,107,0,0.273,-13.17,-0.3965,0,0,0,1,0.122,13,22
15.10834,31981,1.063,-0.078,-4.16,424,0.678,-675,0,0,0,-1.12,107,107,109,0,0.466,14.93,-0.0754,0,0,0.013,1,0.698,5,22
15.11153,32001,0.977,-0.227,-7.8,517,0.827,-640,0,0,0,-0.35,75,75,84,0,0.366,19.32,0.6697,0,0,0.021,1,0.659,7,22
15.13042,32021,0.846,-0.338,-9.12,586,0.938,-609,0,0,0,0.49,35,35,-27,0,0.366,19.12,0.6717,0,0,0.073,1,0.657,5,22
15.14782,32041,0.707,-0.296,-6.68,560,0.896,-517,0,0,0,2.66,-83,-83,-53,0,0.355,13.63,0.4622,0,0,0.124,1,0.554,9,22
15.2008,32081,0.176,-0.179,-11.08,487,0.779,-34,0,0,0,0.77,-8,-8,9,0,0.243,-18.97,-0.7412,0,0,0,1,0.153,13,22
15.21027,32101,-0.041,-0.141,-10.8,463,0.741,130,0,0,0,0.84,-11,-11,23,0,0.25,-9.18,0.2693,0,0,-0.004,1,0.11,16,22
15.22874,32121,-0.226,-0.088,-8.01,430,0.688,231,0,0,0,0.35,13,13,26,0,0.244,-21.83,-0.9064,0,0,0,1,0.112,15,22
15.24719,32141,-0.357,-0.107,-4.86,442,0.707,255,0,0,0,-0,28,28,3,0,0.251,-5.23,0.5473,0,0,0.056,1,0.099,15,22
15.30707,32181,-0.525,0.013,-2.83,367,0.587,408,0,0,0,-0.42,47,47,20,0,0.231,-9.69,0.3701,0,0,0.03,1,0.143,12,22
15.31158,32201,-0.508,0.202,2.9,249,0.398,402,0,0,0,1.12,-30,-30,10,0,0.235,-16.59,-0.4708,0,0,0.021,1,0.116,14,22
15.32897,32221,-0.48,0.31,2.62,181,0.29,472,0,0,0,0.42,4,4,-15,0,0.24,-14.56,-0.2437,0,0,0.038,1,0.122,13,22
15.34613,32241,-0.39,0.435,7.1,103,0.165,409,0,0,0,1.47,-43,-43,-26,0,0.248,-5.48,0.4768,0,0,0.111,1,0.151,10,22
15.39075,32281,-0.121,0.842,9.48,-151,-0.242,451,0,0,0,-0.56,60,60,52,0,0.257,-28,-1,0,0,0.004,1,0.054,17,22
15.41061,32301,0.04,0.998,9.34,-249,-0.398,454,0,0,0,0.21,22,22,26,0,0.251,-14.58,-0.5067,0,0,-0.004,1,0.106,13,22
15.42957,32321,0.22,1.171,9.97,-357,-0.571,437,0,0,0,0.21,22,22,32,0,0.273,-2.25,0.5716,0,0,0.004,1,0.107,14,22
15.4518,32341,0.439,1.395,9.55,-497,-0.795,452,0,0,0,0.91,-11,-11,39,0,0.263,-13.81,-0.7354,0,0,0.004,1,0.106,13,22
15.50849,32381,0.93,1.453,12.2,-533,-0.853,122,0,0,0,-0.28,54,54,-16,0,0.27,-9.77,-0.3894,0,0,0.021,1,0.128,13,22
15.51654,32401,1.118,1.39,6.19,-494,-0.79,92,0,0,0,-0.14,48,48,17,0,0.273,-12.57,-0.6026,0,0,0.133,1,0.124,13,22
15.53119,32421,1.394,1.254,10.6,-409,-0.654,-278,0,0,0,-1.75,139,139,28,0,0.257,-23.26,-1,0,0,0.056,1,0.143,11,22
15.55126,32441,1.621,1.232,6.82,-395,-0.632,-366,0,0,0,-1.47,134,134,-6,0,0.333,23.81,1,0,0,0.004,1,0.064,16,22
15.59205,32481,1.899,0.917,2.69,-198,-0.317,-684,0,0,0,-1.61,140,140,52,0,0.29,-17.19,-1,0,0,-0.004,1,0.111,13,22
15.6097,32501,1.969,0.877,0.18,-173,-0.277,-718,0,0,0,-2.1,180,180,-16,0,0.294,-9.18,-0.464,0,0,-0.004,1,0.127,11,22
15.62906,32521,1.95,0.514,-4.16,54,0.086,-855,0,0,0,-1.26,150,150,52,0,0.3,-2.9,0.3338,0,0,0,1,0.103,13,22
15.64731,32541,1.863,0.422,-5.14,111,0.178,-854,0,0,0,-1.26,165,165,110,0,0.278,-17.35,-1,0,0,-0.004,1,0.119,13,22
15.70976,32581,1.477,-0.061,-11.15,413,0.661,-806,0,0,0,-0.7,147,147,49,0,0.282,-20.6,-1,0,0,0,1,0.113,13,22
15.71242,32601,1.219,-0.173,-13.18,483,0.773,-666,0,0,0,-0.42,130,130,36,0,0.283,-15.14,-0.9726,0,0,0,1,0.12,13,22
15.73364,32621,0.916,-0.242,-14.72,526,0.842,-487,0,0,0,0.49,83,83,46,0,0.274,-13.49,-0.9179,0,0,0,1,0.115,13,22
15.75186,32641,0.6,-0.274,-13.74,546,0.874,-322,0,0,0,2.38,-13,-13,66,0,0.285,-13.82,-1,0,0,-0.004,1,0.099,14,22
15.79255,32681,0.013,-0.285,-9.96,553,0.885,-17,0,0,0,1.19,23,23,64,0,0.237,-23.07,-0.8982,0,0,-0.013,1,0.101,15,22
15.81103,32701,-0.253,-0.245,-8.14,528,0.845,147,0,0,0,1.12,27,27,61,0,0.249,-15.19,-0.3935,0,0,-0.021,1,0.078,15,22
15.82887,32721,-0.436,-0.176,-5.21,485,0.776,256,0,0,0,2.8,-64,-64,52,0,0.339,53.78,1,0,0,-0.103,1,0.063,16,22
15.85016,32741,-0.583,-0.11,-5.56,444,0.71,410,0,0,0,0.84,31,31,39,0,0.247,-2.47,1,0,0,-0.051,1,0.088,14,22
15.91059,32781,-0.628,0.203,2.69,248,0.397,493,0,0,0,1.89,-47,-47,32,0,0.24,-17.08,-0.6689,0,0,-0.013,1,0.095,14,22
15.91157,32801,-0.583,0.368,5.7,145,0.232,513,0,0,0,1.19,-32,-32,41,0,0.224,-25.91,-1,0,0,-0.043,1,0.106,14,22
15.93268,32821,-0.45,0.338,9.13,164,0.262,346,0,0,0,1.12,-30,-30,-19,0,0.245,-20.18,-1,0,0,-0.128,1,0.089,14,22
15.95301,32841,-0.319,0.486,8.15,71,0.114,377,0,0,0,1.4,-51,-51,38,0,0.239,-20.11,-0.9602,0,0,-0.051,1,0.121,13,22
15.99167,32881,0.135,0.989,10.74,-243,-0.389,370,0,0,0,0.07,15,15,11,0,0.249,-12.48,-0.3347,0,0,-0.056,1,0.115,14,22
16.00906,32901,0.394,1.01,14.09,-256,-0.41,145,0,0,0,0.07,16,16,8,0,0.294,-0.07,1,0,0,-0.081,1,0.031,19,22
16.03351,32921,0.601,1.182,12.34,-364,-0.582,158,0,0,0,0.07,17,17,-32,0,0.262,-12.84,-0.3251,0,0,-0.026,1,0.124,12,22
16.05153,32941,0.828,1.25,12.9,-406,-0.65,38,0,0,0,-0.21,31,31,-29,0,0.275,-1.7,0.6592,0,0,-0.03,1,0.095,16,22
16.1141,32981,1.291,1.278,8.92,-424,-0.678,-170,0,0,0,-0.63,50,50,0,0,0,0,0,0,0,0,1,0.046,18,18
16.11453,33001,1.512,1.118,6.61,-324,-0.518,-372,0,0,0,-0.84,57,57,62,0,0.272,-7.31,0.1442,0,0,0.004,1,0.152,13,22
16.13595,33021,1.703,1.122,5.63,-326,-0.522,-478,0,0,0,-0.91,55,55,19,0,0.274,-9.31,-0.0173,0,0,-0.004,1,0.156,11,22
16.14886,33041,1.839,0.859,2.27,-162,-0.259,-672,0,0,0,-1.89,120,120,-19,0,0.272,-14.51,-0.3673,0,0,-0.017,1,0.136,12,22
16.19164,33081,1.909,0.474,-4.3,79,0.126,-858,0,0,0,-1.75,139,139,142,0,0.288,-4.15,0.29,0,0,-0.064,1,0.117,15,22
16.20928,33101,1.852,0.026,-6.82,359,0.574,-1058,0,0,0,-0.98,107,107,111,0,0.28,-5.67,0.2361,0,0,-0.013,1,0.164,12,22
16.23065,33121,1.687,-0.134,-11.15,459,0.734,-981,0,0,0,-2.1,191,191,62,0,0.279,-8.39,0.2473,0,0,-0.009,1,0.083,17,22
16.24696,33141,1.472,-0.144,-14.44,465,0.744,-788,0,0,0,-0.63,141,141,25,0,0.287,-8.37,0.0808,0,0,0,1,0.057,17,22
16.30924,33181,0.818,-0.277,-17.1,548,0.877,-402,0,0,0,0.42,87,87,51,0,0.281,-3.39,0.3986,0,0,0,1,0.16,11,22
16.32056,33201,0.469,-0.338,-15.63,586,0.938,-243,0,0,0,1.47,34,34,59,0,0.281,0.43,0.6683,0,0,0,1,0.129,13,22
16.33071,33221,0.13,-0.355,-13.25,597,0.955,-77,0,0,0,0.42,80,80,58,0,0.339,17.33,0.6833,0,0,0,1,0.657,8,22
16.34851,33241,-0.194,-0.325,-11.64,578,0.925,119,0,0,0,1.4,12,12,55,0,0.256,-6.74,0.4116,0,0,0.004,1,0.152,12,22
16.3936,33281,-0.637,-0.197,-6.33,498,0.797,402,0,0,0,1.33,-17,-17,40,0,0.224,-19.41,-0.5971,0,0,0.004,1,0.11,14,22
16.41245,33301,-0.755,-0.136,-1.57,460,0.736,427,0,0,0,1.68,-59,-59,21,0,0.234,-9.96,0.0878,0,0,0.017,1,0.133,14,22
16.4294,33321,-0.778,-0.003,2.41,377,0.603,463,0,0,0,0.91,-27,-27,37,0,0.328,32.11,1,0,0,0.056,1,0.578,14,22
16.45025,33341,-0.753,0.286,7.94,196,0.314,528,0,0,0,0.91,-41,-41,46,0,0.234,-9.21,0.2149,0,0,0.103,1,0.123,14,22
16.4961,33381,-0.459,0.262,10.53,211,0.338,278,0,0,0,-0.07,13,13,25,0,0.241,-3.18,0.8258,0,0,0.009,1,0.13,13,22
16.51364,33401,-0.255,0.752,8.57,-95,-0.152,506,0,0,0,-0.42,31,31,-13,0,0.228,-14.99,-0.2515,0,0,-0.009,1,0.087,17,22
16.53306,33421,-0.053,0.998,10.46,-249,-0.398,494,0,0,0,-0.56,43,43,11,0,0.247,-12.49,-0.1365,0,0,-0.004,1,0.127,13,22
16.55547,33441,0.152,1.062,10.53,-289,-0.462,408,0,0,0,0.56,-13,-13,-16,0,0.26,-7.11,0.1748,0,0,0.004,1,0.114,14,22
16.59866,33481,0.618,1.317,14.16,-448,-0.717,201,0,0,0,-0.35,35,35,25,0,0.263,-6.99,0.3093,0,0,0.017,1,0.1,15,22
16.61599,33501,0.87,1.435,14.23,-522,-0.835,109,0,0,0,-0.84,63,63,70,0,0.26,-11.45,-0.0744,0,0,0.064,1,0.141,12,22
16.63053,33521,1.128,1.446,16.75,-529,-0.846,-106,0,0,0,-1.26,96,96,42,0,0.277,-10.91,-0.1237,0,0,0.111,1,0.08,17,22
16.648,33541,1.382,1.467,12.97,-542,-0.867,-178,0,0,0,-1.26,96,96,3,0,0.269,-6.5,0.318,0,0,0.017,1,0.16,11,22
16.70638,33581,1.829,1.032,7.17,-270,-0.432,-645,0,0,0,-0.91,87,87,41,0,0.3,-0.36,0.7237,0,0,-0.004,1,0.098,15,22
16.71026,33601,2.014,0.8,5.7,-125,-0.2,-901,0,0,0,-2.03,156,156,30,0,0.272,-13.32,-0.4712,0,0,0.004,1,0.168,11,22
16.73052,33621,2.111,0.816,-1.92,-135,-0.216,-811,0,0,0,-1.54,156,156,-35,0,0.426,30.01,0.8586,0,0,0.013,1,0.47,7,22
16.74716,33641,2.126,0.53,-7.66,44,0.07,-903,0,0,0,-0.21,113,113,40,0,0.291,-8.28,-0.0808,0,0,0.026,1,0.171,10,22
16.79119,33681,1.92,0.053,-14.65,342,0.547,-944,0,0,0,1.05,61,61,40,0,0.275,-6.27,0.3903,0,0,0.073,1,0.097,17,22
16.81029,33701,1.728,-0.099,-13.74,437,0.699,-927,0,0,0,1.33,31,31,41,0,0.287,-12.76,-0.6458,0,0,0.021,1,0.138,12,22
16.82897,33721,1.42,-0.198,-14.51,499,0.798,-786,0,0,0,-1.19,145,145,64,0,0.279,-14.1,-0.7791,0,0,-0.004,1,0.13,13,22
16.84905,33741,1.081,-0.317,-14.02,573,0.917,-650,0,0,0,-0.14,94,94,66,0,0.293,-0.9,0.4307,0,0,-0.034,1,0.13,13,22
16.90647,33781,0.367,-0.454,-12.76,659,1.054,-306,0,0,0,0.07,94,94,63,0,0.262,-16.79,-0.8757,0,0,0.043,1,0.102,14,22
16.91092,33801,0.002,-0.448,-13.18,655,1.048,-53,0,0,0,0.28,84,84,62,0,0.24,-16.62,-0.4994,0,0,0.026,1,0.122,13,22
16.92926,33821,-0.302,-0.418,-9.47,636,1.018,91,0,0,0,1.12,42,42,60,0,0.219,-18.93,-0.4043,0,0,0.004,1,0.135,14,22
16.94635,33841,-0.547,-0.341,-6.96,588,0.941,259,0,0,0,1.47,13,13,58,0,0.249,-7.71,0.1341,0,0,0.021,1,0.122,13,22
16.99194,33881,-0.841,-0.165,0.04,478,0.765,438,0,0,0,1.82,-56,-56,30,0,0.226,-14.36,-0.2823,0,0,0.017,1,0.154,11,22
17.01108,33901,-0.882,0.114,1.58,304,0.486,616,0,0,0,0.84,-15,-15,67,0,0.233,-11.44,0.0891,0,0,0.051,1,0.118,14,22
17.03203,33921,-0.819,0.342,8.01,161,0.258,611,0,0,0,0.21,22,22,53,0,0.241,-7.85,0.2489,0,0,0.043,1,0.14,13,22
17.04657,33941,-0.698,0.509,11.16,57,0.091,581,0,0,0,0.91,-11,-11,19,0,0.236,-12.13,-0.0516,0,0,0.017,1,0.107,14,22
17.10676,33981,-0.297,0.789,13.11,-118,-0.189,463,0,0,0,-1.26,98,98,109,0,0.24,-11.19,0.0329,0,0,-0.009,1,0.103,15,22
17.11069,34001,-0.012,1.294,13.11,-434,-0.694,611,0,0,0,-0.56,63,63,72,0,0.411,34.54,0.8583,0,0,0,1,0.386,11,22
17.13344,34021,0.255,1.326,11.86,-454,-0.726,486,0,0,0,-0.14,47,47,29,0,0.271,3.77,1,0,0,-0.004,1,0.068,16,22
17.14926,34041,0.549,1.413,13.81,-508,-0.813,314,0,0,0,-0.49,65,65,-38,0,0.284,6.18,1,0,0,-0.004,1,0.096,14,22
17.19624,34081,1.198,1.456,16.4,-535,-0.856,-129,0,0,0,-1.19,97,97,-78,0,0.274,-11.72,-0.4149,0,0,-0.009,1,0.112,14,22
17.21102,34101,1.469,1.291,13.18,-432,-0.691,-358,0,0,0,-0.77,92,92,-34,0,0.283,-8.8,-0.222,0,0,-0.145,1,0.113,14,22
17.22769,34121,1.734,1.146,9.48,-341,-0.546,-548,0,0,0,-1.26,128,128,3,0,0.282,-15.5,-1,0,0,-0.068,1,0.104,14,22
17.24574,34141,1.924,0.968,4.86,-230,-0.368,-718,0,0,0,-1.89,191,191,9,0,0.279,-19.86,-1,0,0,0.004,1,0.103,15,22
17.30788,34181,2.163,0.501,-3.39,62,0.099,-1022,0,0,0,-0.77,175,175,53,0,0.291,-13.67,-0.8451,0,0,-0.009,1,0.122,13,22
17.31168,34201,2.164,0.406,-6.89,121,0.194,-1020,0,0,0,0.63,99,99,132,0,0.317,4.49,0.9144,0,0,-0.073,1,0.121,13,22
17.32906,34221,2.038,0.25,-11.57,219,0.35,-939,0,0,0,-0.49,168,168,110,0,0.316,0.3,0.4328,0,0,-0.133,1,0.102,14,22
17.34787,34241,1.808,0.021,-12.2,362,0.579,-939,0,0,0,-0.07,152,152,67,0,0.337,22.87,1,0,0,-0.021,1,0.1,15,22
17.39383,34281,1.224,-0.261,-13.95,538,0.861,-716,0,0,0,-0.84,201,201,84,0,0.288,-10.18,-0.5263,0,0,-0.06,1,0.125,14,22
17.41141,34301,0.846,-0.373,-16.68,608,0.973,-487,0,0,0,-0.98,210,210,89,0,0.277,-8.63,-0.0456,0,0,-0.026,1,0.135,14,22
17.43091,34321,0.485,-0.432,-15.77,645,1.032,-313,0,0,0,-0.49,187,187,92,0,0.272,-2.94,0.6747,0,0,-0.034,1,0.119,15,22
17.44946,34341,0.159,-0.453,-13.74,658,1.053,-147,0,0,0,0.56,134,134,93,0,0.26,-8.87,0.0134,0,0,0,1,0.155,12,22
17.50794,34381,-0.402,-0.371,-8.01,607,0.971,162,0,0,0,1.68,73,73,89,0,0.256,-3.06,0.6307,0,0,0.004,1,0.134,13,22
17.51037,34401,-0.608,-0.296,-5.35,560,0.896,291,0,0,0,1.68,60,60,83,0,0.247,-10.29,0.0858,0,0,0.004,1,0.107,16,22
17.52898,34421,-0.741,-0.152,-1.99,470,0.752,416,0,0,0,1.89,23,23,88,0,0.237,-8.56,0.2651,0,0,0,1,0.158,13,22
17.54736,34441,-0.78,-0.094,0.67,434,0.694,437,0,0,0,1.05,54,54,60,0,0.346,20.33,0.701,0,0,0,1,0.609,8,22
17.59239,34481,-0.663,0.234,8.15,229,0.366,434,0,0,0,0.84,65,65,37,0,0.39,29.71,0.8237,0,0,0.009,1,0.412,10,22
17.61059,34501,-0.524,0.4,9.97,125,0.2,419,0,0,0,0.14,100,100,36,0,0.243,-5.36,0.5788,0,0,0.004,1,0.115,15,22
17.63,34521,-0.329,0.72,10.6,-75,-0.12,488,0,0,0,0.14,100,100,109,0,0.235,-13.37,-0.1292,0,0,0.004,1,0.152,13,22
17.65066,34541,-0.096,0.899,11.99,-187,-0.299,430,0,0,0,0.84,65,65,138,0,0.358,33.62,1,0,0,0.013,1,0.61,11,22
17.70416,34581,0.45,1.067,14.3,-292,-0.467,147,0,0,0,-0.28,121,121,96,0,0.258,-4.27,0.6121,0,0,0.013,1,0.153,13,22
17.71434,34601,0.731,1.046,14.79,-279,-0.446,-59,0,0,0,-1.05,160,160,103,0,0.266,-10.62,-0.2691,0,0,0.009,1,0.133,14,22
17.73263,34621,0.996,1.101,12.41,-313,-0.501,-153,0,0,0,-1.05,161,161,109,0,0.266,-9.78,-0.1171,0,0,0.021,1,0.13,14,22
17.75031,34641,1.261,1.042,11.37,-276,-0.442,-358,0,0,0,-1.05,167,167,121,0,0.377,19.15,0.6086,0,0,0.12,1,0.627,6,22
17.79284,34681,1.666,0.968,5.98,-230,-0.368,-565,0,0,0,-1.68,218,218,36,0,0.421,17.95,0.4022,0,0,0.004,1,0.575,8,22
17.811,34701,1.793,0.656,3.25,-35,-0.056,-795,0,0,0,-1.12,196,196,95,0,0.277,-14,-0.4336,0,0,-0.004,1,0.143,13,22
17.82871,34721,1.865,0.442,-0.66,99,0.158,-911,0,0,0,-1.47,218,218,90,0,0.289,-6.09,0.0783,0,0,-0.004,1,0.131,15,22
17.84674,34741,1.847,0.453,-3.81,92,0.147,-839,0,0,0,-0.98,205,205,125,0,0.277,-12.01,-0.3791,0,0,0.004,1,0.155,13,22
17.90935,34781,1.567,-0.03,-9.75,394,0.63,-861,0,0,0,-0.98,220,220,87,0,0.494,14.25,-0.2236,0,0,0.009,1,0.634,1,22
17.92124,34801,1.355,-0.128,-11.22,455,0.728,-763,0,0,0,-1.33,246,246,86,0,0.285,-11.94,-0.3781,0,0,0.047,1,0.152,7,22
17.9298,34821,1.076,-0.274,-11.22,546,0.874,-687,0,0,0,0.56,143,143,81,0,0.406,29.06,0.8626,0,0,0.145,1,0.455,6,22
17.94871,34841,0.772,-0.376,-12.48,610,0.976,-524,0,0,0,1.89,59,59,84,0,0.26,-18.29,-0.7454,0,0,0.021,1,0.142,12,22
17.99898,34881,0.199,-0.386,-12.41,616,0.986,-157,0,0,0,1.19,70,70,104,0,0.27,-3.87,0.6585,0,0,-0.03,1,0.1,15,22
18.01178,34901,-0.056,-0.378,-11.43,611,0.978,1,0,0,0,0.14,123,123,101,0,0.258,-15.49,-0.7226,0,0,-0.009,1,0.097,15,22
18.02967,34921,-0.257,-0.328,-7.52,580,0.928,92,0,0,0,0.42,108,108,93,0,0.255,-17.71,-0.8865,0,0,0,1,0.1,16,22
18.05185,34941,-0.413,-0.232,-4.79,520,0.832,203,0,0,0,-0.28,141,141,94,0,0.263,3.86,1,0,0,0.03,1,0.121,14,22
18.10904,34981,-0.516,0.024,1.16,360,0.576,335,0,0,0,0.63,94,94,105,0,0.225,-18.61,-0.5867,0,0,0.004,1,0.131,16,22
18.11657,35001,-0.477,-0.002,5.35,376,0.602,214,0,0,0,0.77,87,87,62,0,0.233,-13.57,-0.1314,0,0,0.004,1,0.127,14,22
18.12965,35021,-0.394,0.08,6.89,325,0.52,191,0,0,0,0.63,94,94,53,0,0.234,-19.88,-0.8089,0,0,0,1,0.128,14,22
18.14719,35041,-0.289,0.197,8.99,252,0.403,150,0,0,0,0.49,101,101,70,0,0.409,33.32,0.8401,0,0,0,1,0.407,10,22
18.19051,35081,-0.037,0.629,8.85,-18,-0.029,267,0,0,0,0.35,108,108,111,0,0.227,-24.17,-1,0,0,0,1,0.133,8,22
18.20836,35101,0.115,0.622,8.78,-14,-0.022,170,0,0,0,-0.14,133,133,123,0,0.244,-19.39,-0.9599,0,0,0.009,1,0.13,13,22
18.22774,35121,0.296,0.63,9.06,-19,-0.03,50,0,0,0,-0.91,171,171,130,0,0.247,-17.32,-0.5764,0,0,0,1,0.133,13,22
18.24425,35141,0.5,0.787,8.08,-117,-0.187,43,0,0,0,-0.56,153,153,100,0,0.255,-12.44,-0.311,0,0,0.004,1,0.121,14,22
18.30705,35181,0.882,0.667,6.4,-42,-0.067,-250,0,0,0,-0.35,143,143,115,0,0.27,-16.07,-0.9573,0,0,0.004,1,0.072,18,22
18.31025,35201,1.04,0.725,4.02,-78,-0.125,-272,0,0,0,-1.26,194,194,122,0,0.275,-9.88,-0.1395,0,0,0.004,1,0.111,16,22
18.32983,35221,1.192,0.675,3.11,-47,-0.075,-389,0,0,0,-1.05,197,197,140,0,0.27,-9.84,-0.1174,0,0,0.004,1,0.136,13,22
18.34809,35241,1.301,0.614,1.3,-9,-0.014,-464,0,0,0,-1.26,218,218,168,0,0.29,0.56,0.7208,0,0,0.009,1,0.149,12,22
18.39091,35281,1.411,0.285,-1.78,197,0.315,-689,0,0,0,-0.77,198,198,127,0,0.335,25.87,1,0,0,0.004,1,0.069,17,22
18.4085,35301,1.37,0.402,-3.46,124,0.198,-563,0,0,0,-0.56,193,193,157,0,0.283,-19.22,-1,0,0,0.009,1,0.096,15,22
18.43184,35321,1.274,0.158,-5.49,276,0.442,-623,0,0,0,-0.35,182,182,106,0,0.29,-4.33,0.0738,0,0,0.004,1,0.125,13,22
18.44573,35341,1.141,-0.018,-5.28,386,0.618,-654,0,0,0,-0.14,171,171,79,0,0.291,0.43,0.7608,0,0,0.009,1,0.115,15,22
18.5068,35381,0.821,-0.093,-6.89,433,0.693,-467,0,0,0,0.07,154,154,93,0,0.269,-17.79,-1,0,0,0.038,1,0.131,13,22
18.51702,35401,0.624,-0.149,-9.19,468,0.749,-338,0,0,0,0.28,141,141,91,0,0.269,-9.43,-0.1178,0,0,-0.004,1,0.134,13,22
18.53169,35421,0.428,-0.237,-8.08,523,0.837,-288,0,0,0,0.49,130,130,75,0,0.259,-16.79,-0.8167,0,0,-0.004,1,0.11,15,22
18.54676,35441,0.245,-0.282,-8.84,551,0.882,-180,0,0,0,-0.63,186,186,60,0,0.266,-7.79,0.0139,0,0,-0.009,1,0.107,16,22
18.59424,35481,-0.083,-0.245,-6.75,528,0.845,17,0,0,0,0.28,141,141,60,0,0.269,-4.88,0.4943,0,0,-0.013,1,0.075,17,22
18.61612,35501,-0.217,-0.171,-4.09,482,0.771,97,0,0,0,0.98,106,106,68,0,0.249,-17.39,-0.6632,0,0,-0.021,1,0.08,16,22
18.63014,35521,-0.288,-0.048,0.6,405,0.648,145,0,0,0,0.84,107,107,87,0,0.245,-27.63,-1,0,0,-0.107,1,0.073,17,22
18.64831,35541,-0.308,-0.04,0.95,400,0.64,148,0,0,0,0.21,136,136,64,0,0.251,-16.2,-0.8607,0,0,-0.115,1,0.065,19,22
18.70869,35581,-0.34,0.203,3.6,248,0.397,282,0,0,0,-0.35,162,162,108,0,0.263,-5.58,0.3728,0,0,-0.111,1,0.096,15,22
18.71318,35601,-0.305,0.091,2.48,318,0.509,208,0,0,0,1.05,85,85,79,0,0.244,-17.55,-0.3302,0,0,-0.056,1,0.076,17,22
18.73095,35621,-0.196,0.373,3.32,142,0.227,311,0,0,0,0.7,103,103,127,0,0.235,-19.53,-0.7446,0,0,-0.021,1,0.123,15,22
18.74924,35641,-0.088,0.49,4.16,69,0.11,301,0,0,0,1.33,65,65,145,0,0.254,-4.54,0.3312,0,0,-0.013,1,0.114,15,22
18.79634,35681,0.182,0.675,7.03,-47,-0.075,196,0,0,0,0.35,115,115,98,0,0.271,-7.36,0.3835,0,0,-0.06,1,0.087,17,22
18.81258,35701,0.301,0.763,7.38,-102,-0.163,170,0,0,0,0.35,115,115,135,0,0.273,-4.56,0.5667,0,0,-0.021,1,0.065,17,22
18.82824,35721,0.449,0.882,9.9,-176,-0.282,103,0,0,0,0.21,121,121,118,0,0.269,3.02,1,0,0,-0.017,1,0.074,18,22
18.84629,35741,0.614,0.806,9.2,-129,-0.206,-40,0,0,0,-0.56,159,159,163,0,0.248,-23.64,-1,0,0,-0.034,1,0.127,14,22
18.89542,35781,0.953,0.856,9.06,-160,-0.256,-226,0,0,0,-0.98,185,185,92,0,0.273,8.32,1,0,0,-0.081,1,0.091,19,22
18.91398,35801,1.103,0.752,7.1,-95,-0.152,-358,0,0,0,-0.42,161,161,139,0,0.274,-7.09,0.1259,0,0,-0.034,1,0.137,14,22
18.93334,35821,1.233,0.717,3.25,-73,-0.117,-392,0,0,0,0.35,124,124,155,0,0.256,-15.97,-0.3765,0,0,-0.009,1,0.15,15,22
18.95117,35841,1.355,0.528,1.23,45,0.072,-559,0,0,0,-0.56,170,170,124,0,0.274,-8.25,0.1241,0,0,0.004,1,0.135,14,22
18.9916,35881,1.431,0.093,-4.37,317,0.507,-790,0,0,0,-0.91,199,199,198,0,0.284,-11.24,-0.43,0,0,0,1,0.151,15,22
19.00941,35901,1.398,0.269,-8.01,207,0.331,-584,0,0,0,-0.7,186,186,213,0,0.39,19.18,0.608,0,0,0,1,0.677,7,22
19.02819,35921,1.254,0.019,-10.66,363,0.581,-607,0,0,0,0.42,128,128,85,0,0.307,-9.43,-0.5897,0,0,0.004,1,0.047,18,22
19.04559,35941,1.072,-0.206,-10.87,504,0.806,-630,0,0,0,-0.07,152,152,31,0,0.393,31.21,0.974,0,0,0,1,0.713,6,22
19.11721,35981,0.61,-0.253,-11.15,533,0.853,-358,0,0,0,0.21,140,140,43,0,0,0,0,0,0,0,1,0.016,0,18
19.11759,36001,0.355,-0.28,-11.85,550,0.88,-198,0,0,0,0.77,113,113,47,0,0,0,0,0,0,0,1,0.016,20,18
19.13201,36021,0.108,-0.206,-10.66,504,0.806,-14,0,0,0,0.49,127,127,77,0,0.239,-20.28,-0.6609,0,0,0,1,0.123,14,22
19.14976,36041,-0.124,-0.261,-7.8,538,0.861,48,0,0,0,0.84,109,109,55,0,0.228,-14.97,-0.2263,0,0,0.017,1,0.159,14,22
19.19264,36081,-0.419,-0.077,-0.59,423,0.677,232,0,0,0,1.75,43,43,74,0,0.257,-0.82,0.7433,0,0,0.107,1,0.142,14,22
19.21086,36101,-0.514,0.053,-1.08,342,0.547,388,0,0,0,0.42,95,95,82,0,0.23,-16.12,-0.4148,0,0,0.034,1,0.172,13,22
19.23516,36121,-0.543,0.125,2.76,297,0.475,380,0,0,0,0.98,68,68,90,0,0.216,-25.28,-0.9814,0,0,0.013,1,0.15,14,22
19.24936,36141,-0.526,0.104,2.41,310,0.496,373,0,0,0,0.07,114,114,47,0,0.254,-9.66,-0.0399,0,0,-0.009,1,0.097,17,22
19.31615,36181,-0.362,0.674,6.68,-46,-0.074,555,0,0,0,0.28,99,99,86,0,0.262,-0.94,0.9567,0,0,0.004,1,0.091,17,22
19.31677,36201,-0.233,0.816,7.8,-135,-0.216,540,0,0,0,0.91,66,66,89,0,0.236,-12.19,-0.0141,0,0,0.013,1,0.107,16,22
19.32958,36221,-0.046,0.938,10.39,-211,-0.338,456,0,0,0,0.21,100,100,113,0,0.247,-4.92,0.8598,0,0,0.034,1,0.119,15,22
19.34777,36241,0.156,0.835,10.25,-147,-0.235,248,0,0,0,3.35,-58,-58,155,0,0.378,29.99,0.9235,0,0,0.141,1,0.485,12,22
19.3919,36281,0.677,0.97,11.37,-231,-0.37,-17,0,0,0,-0.7,143,143,77,0,0.38,18.64,0.5016,0,0,0.009,1,0.544,10,22
19.40902,36301,0.878,0.982,11.02,-239,-0.382,-125,0,0,0,-0.42,130,130,70,0,0.258,-12.69,-0.2884,0,0,0,1,0.099,18,22
19.42705,36321,1.059,1.005,8.5,-253,-0.405,-192,0,0,0,-1.19,171,171,58,0,0.27,-4.22,0.5305,0,0,0.004,1,0.094,17,22
19.44581,36341,1.225,0.92,6.12,-200,-0.32,-309,0,0,0,-0.7,151,151,75,0,0.259,-18.07,-0.591,0,0,0.03,1,0.113,15,22
19.50691,36381,1.476,0.994,-2.76,-246,-0.394,-244,0,0,0,-0.63,173,173,32,0,0.256,-22.65,-1,0,0,0.056,1,0.161,7,22
19.51061,36401,1.543,0.73,-1.01,-81,-0.13,-507,0,0,0,-1.12,206,206,86,0,0.26,-21.51,-0.9878,0,0,0.017,1,0.143,14,22
19.52972,36421,1.557,0.554,1.02,29,0.046,-665,0,0,0,0.21,136,136,161,0,0.282,-13.23,-0.7353,0,0,-0.009,1,0.127,15,22
19.54808,36441,1.527,0.33,-1.29,169,0.27,-752,0,0,0,-1.89,251,251,146,0,0.291,-4.47,0.0408,0,0,-0.004,1,0.113,15,22
19.59045,36481,1.256,0.325,-7.66,172,0.275,-471,0,0,0,-1.4,251,251,125,0,0.268,-15.12,-0.8166,0,0,0.004,1,0.124,13,22
19.60912,36501,1.032,0.189,-10.17,257,0.411,-375,0,0,0,-0.7,226,226,107,0,0.269,-18.24,-1,0,0,0.017,1,0.128,13,22
19.62995,36521,0.816,0.078,-11.08,326,0.522,-281,0,0,0,0.91,149,149,93,0,0.284,1.12,0.8334,0,0,0.06,1,0.126,15,22
19.64522,36541,0.62,0.042,-3.67,349,0.558,-335,0,0,0,0.49,162,162,91,0,0.253,-14.06,-0.1975,0,0,0.137,1,0.125,15,22
19.70839,36581,0.132,0.045,-8.14,347,0.555,76,0,0,0,0.21,153,153,102,0,0.232,-27.23,-1,0,0,0.013,1,0.13,14,22
19.71059,36601,-0.043,0.053,-7.17,342,0.547,191,0,0,0,1.54,81,81,93,0,0.244,-16.13,-0.4864,0,0,-0.004,1,0.112,15,22
19.73034,36621,-0.203,0.162,-5.14,274,0.438,321,0,0,0,1.05,105,105,111,0,0.236,-23.39,-1,0,0,-0.004,1,0.11,16,22
19.74717,36641,-0.322,0.222,-3.88,236,0.378,423,0,0,0,1.12,95,95,109,0,0.245,-12.05,-0.2402,0,0,-0.004,1,0.104,15,22
19.79253,36681,-0.364,0.434,2.27,104,0.166,477,0,0,0,0.07,146,146,97,0,0.231,-18.78,-0.7768,0,0,0,1,0.123,14,22
19.81124,36701,-0.334,0.518,3.39,51,0.082,496,0,0,0,0.77,111,111,128,0,0.247,-10.23,-0.0637,0,0,0,1,0.106,15,22
19.83278,36721,-0.236,0.816,5,-135,-0.216,593,0,0,0,0.7,115,115,128,0,0.343,27.56,0.943,0,0,0,1,0.559,12,22
19.85317,36741,-0.081,0.955,8.36,-222,-0.355,529,0,0,0,0.42,129,129,132,0,0.237,-12.04,-0.1433,0,0,0,1,0.146,12,22
19.9069,36781,0.249,0.83,11.92,-144,-0.23,168,0,0,0,-0.91,196,196,136,0,0.253,-5.83,0.4079,0,0,0,1,0.121,15,22
19.91082,36801,0.428,1.006,10.88,-254,-0.406,181,0,0,0,-1.12,218,218,92,0,0.252,4.11,1,0,0,0,1,0.081,19,22
19.92883,36821,0.617,1.106,11.23,-316,-0.506,114,0,0,0,-0.42,182,182,69,0,0.241,-22.97,-1,0,0,0,1,0.112,15,22
19.94757,36841,0.785,1.125,9.55,-328,-0.525,50,0,0,0,-1.54,237,237,69,0,0.272,-6.58,0.0924,0,0,0,1,0.099,17,22
19.99265,36881,1.11,0.989,7.17,-243,-0.389,-209,0,0,0,-1.4,232,232,110,0,0.285,-1.68,0.4717,0,0,-0.009,1,0.096,16,22
20.01165,36901,1.245,0.963,4.58,-227,-0.363,-266,0,0,0,-0.84,207,207,110,0,0.281,-9.68,-0.429,0,0,-0.009,1,0.105,16,22
20.02968,36921,1.335,0.934,1.79,-209,-0.334,-291,0,0,0,-1.12,224,224,104,0,0.281,-8.79,-0.2851,0,0,-0.043,1,0.121,15,22
20.04889,36941,1.412,1.01,1.72,-256,-0.41,-292,0,0,0,-2.52,311,311,66,0,0.257,-38.56,-1,0,0,-0.162,1,0.088,16,22
20.11128,36981,1.395,0.557,-0.52,27,0.043,-533,0,0,0,-0.7,230,230,164,0,0.266,-15.97,-0.6386,0,0,-0.043,1,0.093,18,22
20.11317,37001,1.312,0.443,-4.93,98,0.157,-475,0,0,0,-0.98,249,249,187,0,0.299,-6.82,-0.6052,0,0,-0.115,1,0.081,17,22
20.13256,37021,1.164,0.395,-5.91,128,0.205,-409,0,0,0,-2.52,338,338,154,0,0.284,-14.17,-0.9195,0,0,-0.056,1,0.094,16,22
20.15432,37041,0.989,0.451,-11.01,93,0.149,-149,0,0,0,-1.47,306,306,162,0,0.295,-14.11,-1,0,0,-0.026,1,0.106,17,22
20.19713,37081,0.657,0.248,-7.94,220,0.352,-119,0,0,0,-0.28,260,260,124,0,0.276,-3.47,0.574,0,0,-0.103,1,0.132,14,22
20.21048,37101,0.449,0.222,-8.7,236,0.378,9,0,0,0,-0.07,250,250,123,0,0.265,-10.45,-0.0034,0,0,-0.03,1,0.138,14,22
20.22893,37121,0.266,0.214,-7.31,241,0.386,100,0,0,0,0.42,225,225,124,0,0.238,-23.07,-0.789,0,0,-0.013,1,0.15,13,22
20.25442,37141,0.113,0.251,-6.75,218,0.349,211,0,0,0,1.33,179,179,132,0,0.278,7.17,1,0,0,-0.017,1,0.131,15,22
20.30754,37181,-0.083,0.408,-2.76,120,0.192,367,0,0,0,-0.21,256,256,156,0,0.27,-1.16,0.5293,0,0,-0.107,1,0.14,15,22
20.31022,37201,-0.13,0.59,0.25,6,0.01,462,0,0,0,1.05,180,180,191,0,0.249,-20.28,-0.9741,0,0,-0.034,1,0.131,15,22
20.32811,37221,-0.129,0.72,3.39,-75,-0.12,489,0,0,0,1.4,156,156,190,0,0.252,-12.38,-0.2109,0,0,-0.017,1,0.114,17,22
20.34653,37241,-0.088,0.859,5.56,-162,-0.259,512,0,0,0,1.26,151,151,183,0,0.243,-13.39,-0.1604,0,0,0.004,1,0.135,15,22
20.39246,37281,0.126,0.906,7.59,-191,-0.306,372,0,0,0,1.61,116,116,123,0,0.462,15.33,-0.1335,0,0,0.004,1,0.724,8,22
20.41221,37301,0.312,0.928,8.36,-205,-0.328,252,0,0,0,0.84,154,154,112,0,0.279,2.84,0.9031,0,0,0,1,0.123,15,22
20.43591,37321,0.497,0.95,8.08,-219,-0.35,148,0,0,0,0.7,160,160,113,0,0.228,-26.9,-1,0,0,0,1,0.131,15,22
20.44558,37341,0.666,0.898,7.66,-186,-0.298,11,0,0,0,-0,194,194,137,0,0.345,17.94,0.6981,0,0,0,1,0.598,13,22
20.50824,37381,0.955,0.954,4.72,-221,-0.354,-87,0,0,0,-0,194,194,116,0,0.267,-8.08,0.1906,0,0,0,1,0.129,14,22
20.51108,37401,1.067,0.992,3.11,-245,-0.392,-104,0,0,0,-0.21,205,205,95,0,0.265,-17.93,-0.7938,0,0,0,1,0.129,15,22
20.5306,37421,1.152,0.973,1.86,-233,-0.373,-151,0,0,0,-0.56,223,223,87,0,0.266,-19.89,-0.9675,0,0,0,1,0.115,17,22
20.55156,37441,1.203,0.853,-0.1,-158,-0.253,-224,0,0,0,-0.91,242,242,123,0,0.266,-23.33,-1,0,0,0,1,0.117,16,22
20.59618,37481,1.241,0.822,-1.85,-139,-0.222,-239,0,0,0,-1.05,251,251,197,0,0.279,-6.49,0.1193,0,0,0,1,0.148,15,22
20.61997,37501,1.201,0.696,-3.04,-60,-0.096,-272,0,0,0,-0.21,211,211,179,0,0.258,-18.92,-0.8088,0,0,0,1,0.132,18,22
20.64243,37521,1.14,0.661,-4.58,-38,-0.061,-227,0,0,0,-0.49,227,227,204,0,0.251,-25.03,-1,0,0,0,1,0.152,14,22
20.64962,37541,1.054,0.536,-4.72,40,0.064,-253,0,0,0,-1.05,258,258,181,0,0.276,-11.26,-0.354,0,0,0,1,0.158,14,22
20.71071,37581,0.806,0.506,-7.8,59,0.094,-42,0,0,0,-1.61,287,287,157,0,0.225,-24.17,-0.7095,0,0,0.094,1,0.114,19,22
20.71084,37601,0.721,0.49,-3.53,69,0.11,-93,0,0,0,-2.24,314,314,154,0,0.426,10.23,-0.1335,0,0,0.068,1,0.704,0,22
20.72876,37621,0.577,0.462,-4.09,86,0.138,2,0,0,0,-0.77,238,238,149,0,0.42,18.06,0.306,0,0,0.03,1,0.562,1,22
20.75312,37641,0.44,0.464,-4.09,85,0.136,83,0,0,0,0.14,192,192,149,0,0.267,1.21,0.9788,0,0,0,1,0.148,8,22
20.79847,37681,0.261,0.565,-3.32,22,0.035,254,0,0,0,-0.28,215,215,173,0,0.278,2.69,1,0,0,0,1,0.066,19,22
20.82086,37701,0.201,0.576,-1.5,15,0.024,270,0,0,0,0.07,199,199,172,0,0.424,10.13,-0.1205,0,0,0.017,1,0.64,0,22
20.83089,37721,0.167,0.654,-0.8,-34,-0.054,334,0,0,0,0.63,172,172,204,0,0.263,-4.8,0.5443,0,0,0.068,1,0.149,7,22
20.85123,37741,0.15,0.781,4.3,-113,-0.181,314,0,0,0,-0.42,224,224,247,0,0.239,-14.08,-0.1449,0,0,0.154,1,0.148,14,22
20.91564,37781,0.233,0.832,4.02,-145,-0.232,310,0,0,0,0.14,196,196,232,0,0.267,-0.69,1,0,0,0.026,1,0.142,7,22
20.91578,37801,0.352,0.938,5.98,-211,-0.338,276,0,0,0,0.42,182,182,163,0,0.243,-19.52,-0.7797,0,0,0.021,1,0.134,15,22
20.92732,37821,0.471,0.862,10.6,-164,-0.262,40,0,0,0,-1.33,266,266,149,0,0.259,-10.13,-0.1248,0,0,0.133,1,0.156,14,22
20.94865,37841,0.56,0.898,10.32,-186,-0.298,31,0,0,0,-2.03,306,306,116,0,0.314,17.14,0.8042,0,0,0.034,1,0.63,12,22
20.99216,37881,0.846,0.832,6.54,-145,-0.232,-128,0,0,0,-0,229,229,140,0,0.27,-14.89,-0.7336,0,0,-0.009,1,0.129,15,22
21.01075,37901,1.008,0.893,4.23,-183,-0.293,-148,0,0,0,-0.49,256,256,121,0,0.281,-4.88,0.242,0,0,0,1,0.134,14,22
21.02918,37921,1.144,0.811,4.09,-132,-0.211,-290,0,0,0,-0,238,238,142,0,0.276,-16.17,-0.9755,0,0,0.004,1,0.112,16,22
21.04717,37941,1.212,0.75,-0.03,-94,-0.15,-293,0,0,0,-0.98,294,294,148,0,0.281,-13.53,-0.7998,0,0,0.034,1,0.119,16,22
21.11344,37981,1.186,0.402,-4.37,124,0.198,-416,0,0,0,1.96,149,149,206,0,0.297,5.25,0.9853,0,0,0.043,1,0.155,12,22
21.11357,38001,1.155,0.48,-7.45,75,0.12,-301,0,0,0,-0.28,260,260,217,0,0.286,-9.98,-0.3209,0,0,0.004,1,0.115,15,22
21.14039,38021,1.09,0.469,-6.4,82,0.131,-279,0,0,0,-0.28,262,262,176,0,0.28,-10.83,-0.5202,0,0,-0.009,1,0.135,14,22
21.14944,38041,0.976,0.432,-8.08,105,0.168,-204,0,0,0,-1.33,318,318,166,0,0.269,-19.63,-1,0,0,0.009,1,0.114,15,22
21.19346,38081,0.732,0.283,-5.77,198,0.317,-173,0,0,0,-0.49,275,275,144,0,0.275,-18.08,-1,0,0,0.034,1,0.11,17,22
21.21339,38101,0.607,0.315,-4.72,178,0.285,-111,0,0,0,-0.28,264,264,159,0,0.29,-2.05,0.4866,0,0,0.004,1,0.095,16,22
21.22767,38121,0.491,0.235,-4.72,228,0.365,-78,0,0,0,-0.28,264,264,137,0,0.276,-5.17,0.255,0,0,-0.004,1,0.104,16,22
21.24643,38141,0.386,0.288,-4.3,195,0.312,10,0,0,0,-0.28,266,266,156,0,0.253,-13.8,-0.3589,0,0,-0.004,1,0.124,15,22
21.30685,38181,0.209,0.384,-3.53,135,0.216,176,0,0,0,0.42,231,231,174,0,0.254,-16.1,-0.6575,0,0,0,1,0.099,16,22
21.30996,38201,0.147,0.435,-0.73,103,0.165,197,0,0,0,0.77,214,214,180,0,0.268,-9.63,-0.3439,0,0,0,1,0.093,17,22
21.32934,38221,0.113,0.558,-0.17,26,0.042,289,0,0,0,0.49,228,228,206,0,0.251,-11.99,0.0059,0,0,0,1,0.108,15,22
21.34884,38241,0.134,0.597,2.13,2,0.003,256,0,0,0,0.63,220,220,200,0,0.272,-0.76,0.6489,0,0,-0.004,1,0.112,16,22
21.39357,38281,0.267,0.618,4.44,-11,-0.018,147,0,0,0,-0.14,258,258,191,0,0.258,-9.06,0.104,0,0,-0.009,1,0.095,17,22
21.41777,38301,0.389,0.712,5.56,-70,-0.112,110,0,0,0,0.07,247,247,201,0,0.262,-8.19,0.2255,0,0,-0.043,1,0.083,18,22
21.427,38321,0.507,0.616,5.98,-10,-0.016,-33,0,0,0,-0.63,283,283,225,0,0.249,-26.02,-1,0,0,-0.205,1,0.073,18,22
21.44663,38341,0.58,0.501,4.51,62,0.099,-144,0,0,0,-0.07,257,257,227,0,0.249,-20.02,-0.9173,0,0,-0.047,1,0.088,19,22
21.50719,38381,0.786,0.382,1.02,136,0.218,-278,0,0,0,1.4,190,190,254,0,0.289,3.52,1,0,0,-0.047,1,0.094,17,22
21.5097,38401,0.864,0.514,-0.8,54,0.086,-211,0,0,0,-0.35,278,278,238,0,0.274,-7.13,0.0237,0,0,-0.026,1,0.104,16,22
21.52761,38421,0.898,0.523,-1.01,48,0.077,-226,0,0,0,0.77,220,220,272,0,0.279,-4.67,0.4599,0,0,-0.017,1,0.103,17,22
21.54512,38441,0.905,0.57,0.39,19,0.03,-224,0,0,0,-0.49,280,280,247,0,0.271,-16.89,-1,0,0,-0.107,1,0.103,17,22
21.59224,38481,0.854,0.57,-1.22,19,0.03,-162,0,0,0,0.14,253,253,194,0,0.262,-11.28,-0.0182,0,0,-0.056,1,0.073,20,22
21.61173,38501,0.825,0.542,-2.69,36,0.058,-136,0,0,0,-0.35,282,282,188,0,0.254,-25.78,-1,0,0,-0.081,1,0.106,17,22
21.63252,38521,0.771,0.555,-1.43,28,0.045,-116,0,0,0,0.28,253,253,194,0,0.274,-0.91,0.9196,0,0,-0.051,1,0.124,16,22
21.65476,38541,0.723,0.49,-1.99,69,0.11,-116,0,0,0,-0.49,292,292,178,0,0.252,-25.36,-1,0,0,-0.017,1,0.127,17,22
21.71189,38581,0.645,0.478,-2.48,76,0.122,-62,0,0,0,-0,266,266,178,0,0.275,-3.86,0.3764,0,0,0,1,0.112,16,22
21.71208,38601,0.613,0.443,-1.78,98,0.157,-79,0,0,0,-0.35,282,282,168,0,0.246,-18.02,-0.3322,0,0,-0.013,1,0.125,17,22
21.72817,38621,0.576,0.504,-2.69,60,0.096,6,0,0,0,-0.14,268,268,185,0,0.271,-7.39,-0.1103,0,0,-0.021,1,0.107,18,22
21.74626,38641,0.565,0.517,-0.45,52,0.083,-36,0,0,0,2.03,160,160,188,0,0.273,-3.99,0.3377,0,0,-0.188,1,0.148,16,22
21.80138,38681,0.494,0.554,0.53,29,0.046,27,0,0,0,0.91,218,218,196,0,0.275,-3.3,0.6787,0,0,-0.021,1,0.128,17,22
21.80938,38701,0.507,0.501,1.37,62,0.099,-28,0,0,0,0.35,248,248,171,0,0.417,10.11,-0.0615,0,0,-0.077,1,0.582,2,22
21.82901,38721,0.493,0.555,1.3,28,0.045,16,0,0,0,0.56,239,239,180,0,0.274,-10.61,-0.2494,0,0,-0.043,1,0.127,10,22
21.84729,38741,0.481,0.584,0.95,10,0.016,48,0,0,0,0.49,243,243,183,0,0.271,-10.17,-0.2431,0,0,-0.009,1,0.148,16,22
21.91579,38781,0.512,0.616,1.3,-10,-0.016,43,0,0,0,0.21,258,258,184,0,0.263,-11.55,-0.1662,0,0,0.004,1,0.112,15,22
21.91592,38801,0.535,0.693,0.95,-58,-0.093,83,0,0,0,0.21,257,257,214,0,0.258,-15.96,-0.5419,0,0,0,1,0.117,16,22
21.92979,38821,0.569,0.659,1.23,-37,-0.059,37,0,0,0,0.35,250,250,217,0,0.254,-14.56,-0.3847,0,0,0.004,1,0.158,13,22
21.94939,38841,0.608,0.6,1.79,0,0,-35,0,0,0,0.63,235,235,227,0,0.268,-20.15,-1,0,0,0,1,0.071,19,22
21.99188,38881,0.676,0.574,1.58,16,0.026,-96,0,0,0,-0,266,266,237,0,0.255,-18.93,-0.8257,0,0,0,1,0.123,17,22
22.01395,38901,0.702,0.594,0.81,4,0.006,-85,0,0,0,-0.42,288,288,219,0,0.245,-21.23,-0.7867,0,0,0,1,0.128,17,22
22.03032,38921,0.733,0.622,1.02,-14,-0.022,-92,0,0,0,-0.28,282,282,193,0,0.249,-21.02,-0.9096,0,0,0,1,0.158,14,22
22.04588,38941,0.742,0.638,0.6,-24,-0.038,-78,0,0,0,-0.63,301,301,184,0,0.263,-13.44,-0.4102,0,0,0,1,0.161,14,22
22.11263,38981,0.74,0.525,0.11,47,0.075,-141,0,0,0,-0.28,284,284,177,0,0.264,-12.07,-0.3103,0,0,0.03,1,0.192,11,22
22.11276,39001,0.74,0.562,-0.17,24,0.038,-112,0,0,0,-1.33,331,331,199,0,0.269,-8.88,-0.1574,0,0,0.094,1,0.194,10,22
22.12895,39021,0.738,0.635,0.04,-22,-0.035,-69,0,0,0,0.07,256,256,204,0,0.258,-13.52,-0.3814,0,0,0.043,1,0.213,7,22
22.14689,39041,0.734,0.606,-0.17,-4,-0.006,-79,0,0,0,-0.14,265,265,190,0,0.264,-16.22,-0.6791,0,0,0.017,1,0.19,10,22
22.19103,39081,0.692,0.586,-0.31,9,0.014,-65,0,0,0,-0.35,278,278,184,0,0.26,-11.26,-0.042,0,0,0,1,0.176,12,22
22.20981,39101,0.687,0.774,-0.52,-109,-0.174,63,0,0,0,0.28,251,251,242,0,0.285,0.95,0.856,0,0,0,1,0.16,12,22
22.23072,39121,0.682,0.909,-0.24,-193,-0.309,150,0,0,0,-0,268,268,284,0,0.262,-15.5,-0.59,0,0,0.047,1,0.176,11,22
22.24768,39141,0.596,0.893,3.11,-183,-0.293,123,0,0,0,-0.63,301,301,281,0,0.252,-23.94,-1,0,0,0.192,1,0.158,12,22
22.30648,39181,0.69,0.965,3.18,-228,-0.365,121,0,0,0,-0.28,253,253,291,0,0.246,-21.07,-0.8029,0,0,0.043,1,0.187,10,22
22.31626,39201,0.772,0.859,4.37,-162,-0.259,-11,0,0,0,-0.84,281,281,258,0,0.254,-20.22,-0.8563,0,0,-0.004,1,0.17,13,22
22.32898,39221,0.848,0.73,6.4,-81,-0.13,-194,0,0,0,-1.4,311,311,227,0,0.253,-21.99,-1,0,0,0.004,1,0.173,12,22
22.3463,39241,0.927,0.69,6.19,-56,-0.09,-265,0,0,0,-0.98,292,292,212,0,0.265,-14.74,-0.6776,0,0,0.162,1,0.18,11,22
22.39143,39281,1.099,0.618,2.9,-11,-0.018,-366,0,0,0,-0.84,266,266,197,0,0.293,-5.31,-0.0145,0,0,0.06,1,0.145,14,22
22.4111,39301,1.175,0.51,1.16,56,0.09,-451,0,0,0,-0.98,269,269,168,0,0.281,-7.59,-0.0091,0,0,0.004,1,0.156,14,22
22.42743,39321,1.203,0.456,0.39,90,0.144,-492,0,0,0,-1.19,278,278,157,0,0.287,-9.99,-0.5715,0,0,-0.013,1,0.115,16,22
22.45052,39341,1.228,0.421,-0.17,112,0.179,-521,0,0,0,-1.96,325,325,169,0,0.289,-10.41,-0.6471,0,0,0,1,0.122,16,22
22.51018,39381,1.136,0.288,-5,195,0.312,-460,0,0,0,-0.91,308,308,182,0,0.322,23.16,1,0,0,0.013,1,0.059,19,22
22.51146,39401,1.043,0.306,-5.42,184,0.294,-381,0,0,0,-0.84,309,309,217,0,0.348,35.87,1,0,0,0.056,1,0.078,18,22
22.53861,39421,0.948,0.138,-0.45,289,0.462,-523,0,0,0,-1.33,336,336,190,0,0.26,-24.74,-1,0,0,0.154,1,0.135,14,22
22.56058,39441,0.83,0.099,-2.2,313,0.501,-437,0,0,0,-0.14,266,266,184,0,0.26,-21.86,-1,0,0,0.009,1,0.148,13,22
22.59507,39481,0.61,-0.019,-5.28,387,0.619,-314,0,0,0,0.21,249,249,166,0,0.278,-3.84,0.2838,0,0,-0.013,1,0.136,15,22
22.61101,39501,0.524,0.006,-6.12,371,0.594,-227,0,0,0,-0.28,275,275,176,0,0.279,3.59,1,0,0,-0.009,1,0.123,16,22
22.62865,39521,0.447,-0.088,-4.86,430,0.688,-259,0,0,0,0.21,252,252,147,0,0.267,-19.16,-1,0,0,0.004,1,0.09,19,22
22.651,39541,0.36,-0.066,-4.23,416,0.666,-201,0,0,0,-0.63,295,295,154,0,0.265,-20.91,-1,0,0,0.03,1,0.108,16,22
22.71581,39581,0.201,0.026,-2.69,359,0.574,-68,0,0,0,0.7,220,220,174,0,0.265,-10.78,-0.2395,0,0,0.051,1,0.118,15,22
22.71615,39601,0.166,0.045,-2.83,347,0.555,-21,0,0,0,-0,254,254,172,0,0.265,-16,-1,0,0,0,1,0.099,16,22
22.72887,39621,0.139,0.07,-0.24,331,0.53,-42,0,0,0,-0,254,254,166,0,0.237,-26.87,-1,0,0,-0.004,1,0.105,16,22
22.74677,39641,0.116,-0.078,-0.17,424,0.678,-120,0,0,0,-0.49,279,279,106,0,0.265,-9.4,0.0279,0,0,-0.004,1,0.091,17,22
22.79483,39681,0.123,0.254,0.39,216,0.346,80,0,0,0,-1.12,310,310,187,0,0.263,-10.45,-0.1991,0,0,0,1,0.104,17,22
22.81425,39701,0.135,0.362,1.58,149,0.238,117,0,0,0,-0.49,279,279,210,0,0.252,-5.91,0.822,0,0,-0.009,1,0.093,18,22
22.83181,39721,0.164,0.294,3.11,191,0.306,30,0,0,0,0.63,222,222,184,0,0.29,8.32,1,0,0,-0.004,1,0.094,18,22
22.84905,39741,0.223,0.482,4.58,74,0.118,84,0,0,0,-0,253,253,228,0,0.289,10.44,1,0,0,-0.043,1,0.071,19,22
22.90886,39781,0.369,0.475,5.42,78,0.125,-39,0,0,0,-0.56,283,283,194,0,0.279,-2.57,0.6894,0,0,-0.038,1,0.089,18,22
22.91086,39801,0.474,0.659,4.3,-37,-0.059,49,0,0,0,-0.35,274,274,244,0,0.282,2.46,1,0,0,-0.06,1,0.084,19,22
22.92886,39821,0.608,0.565,5.14,22,0.035,-128,0,0,0,0.98,210,210,206,0,0.273,-9.64,-0.3315,0,0,-0.064,1,0.097,17,22
22.9566,39841,0.736,0.656,5.91,-35,-0.056,-151,0,0,0,0.35,242,242,228,0,0.262,-18.74,-1,0,0,-0.047,1,0.111,17,22
22.99215,39881,0.978,0.603,7.1,-2,-0.003,-369,0,0,0,-0.84,298,298,212,0,0.272,-11.7,-0.3754,0,0,-0.06,1,0.125,15,22
23.0109,39901,1.088,0.56,6.19,25,0.04,-467,0,0,0,0.77,222,222,207,0,0.293,-6.11,-0.2884,0,0,-0.12,1,0.118,15,22
23.03449,39921,1.158,0.413,1.51,117,0.187,-512,0,0,0,-0.63,294,294,173,0,0.296,-11.52,-0.9607,0,0,-0.047,1,0.114,16,22
23.05075,39941,1.206,0.382,-0.38,136,0.218,-531,0,0,0,0.14,261,261,183,0,0.281,-11.09,-0.5193,0,0,-0.043,1,0.16,15,22
23.10743,39981,1.249,0.122,-4.02,299,0.478,-666,0,0,0,-0.91,321,321,164,0,0.276,-21.45,-1,0,0,-0.051,1,0.114,16,22
23.11218,40001,1.198,0.101,-5.63,312,0.499,-606,0,0,0,-0.63,308,308,189,0,0.269,-12.97,-0.1741,0,0,-0.013,1,0.148,15,22
23.1318,40021,1.116,0.138,-6.12,289,0.462,-528,0,0,0,-0.84,317,317,217,0,0.281,-9.06,-0.1668,0,0,0,1,0.16,13,22
23.15018,40041,1.006,-0.05,-5.84,406,0.65,-582,0,0,0,-0.07,276,276,190,0,0.288,-4.55,0.2424,0,0,-0.004,1,0.149,15,22
23.19241,40081,0.758,-0.229,-6.68,518,0.829,-518,0,0,0,-0.35,285,285,171,0,0.267,-21.14,-1,0,0,-0.043,1,0.15,15,22
23.21116,40101,0.602,-0.336,-8.08,585,0.936,-455,0,0,0,0.91,222,222,145,0,0.26,-17.45,-0.6452,0,0,-0.128,1,0.153,14,22
23.23514,40121,0.483,-0.336,-6.19,585,0.936,-415,0,0,0,-0.14,278,278,155,0,0.258,-15.17,-0.4108,0,0,-0.081,1,0.149,16,22
23.24656,40141,0.318,-0.312,-7.03,570,0.912,-284,0,0,0,-0.28,285,285,163,0,0.257,-24.04,-1,0,0,-0.017,1,0.133,15,22
23.31434,40181,0.06,-0.341,-6.96,588,0.941,-134,0,0,0,-1.33,338,338,147,0,0.267,-8.96,0.0704,0,0,-0.06,1,0.153,14,22
23.31473,40201,-0.07,-0.398,-5.42,624,0.998,-114,0,0,0,0.14,265,265,119,0,0.235,-19.82,-0.63,0,0,-0.026,1,0.174,13,22
23.33534,40221,-0.19,-0.186,-4.44,491,0.786,83,0,0,0,0.28,258,258,175,0,0.269,-15.49,-0.6012,0,0,0,1,0.066,0,22
23.34932,40241,-0.285,-0.28,-1.85,550,0.88,31,0,0,0,0.49,248,248,126,0,0.269,-15.49,-0.6012,0,0,0.004,1,0.066,20,22
23.40162,40281,-0.381,-0.157,0.6,473,0.757,132,0,0,0,1.12,217,217,112,0,0.244,-9.21,0.1095,0,0,0.004,1,0.168,14,22
23.41036,40301,-0.392,0.019,0.95,363,0.581,252,0,0,0,0.98,219,219,138,0,0.244,-11,0.0549,0,0,0,1,0.169,14,22
23.42853,40321,-0.358,0.379,2.13,138,0.221,437,0,0,0,0.7,234,234,220,0,0.228,-30.99,-1,0,0,0,1,0.142,17,22
23.44738,40341,-0.269,0.493,4.23,67,0.107,425,0,0,0,1.19,209,209,227,0,0.236,-19.29,-0.622,0,0,0,1,0.166,14,22
23.50947,40381,0.023,0.629,10.25,-18,-0.029,217,0,0,0,0.14,255,255,238,0,0.267,1.94,1,0,0,0,1,0.166,15,22
23.51198,40401,0.201,0.664,10.88,-40,-0.064,105,0,0,0,0.42,241,241,236,0,0.239,-17.83,-0.6087,0,0,0,1,0.184,13,22
23.53528,40421,0.398,0.528,11.23,45,0.072,-114,0,0,0,-0.63,294,294,251,0,0.241,-17.17,-0.4917,0,0,0,1,0.17,14,22
23.55006,40441,0.588,0.446,9.9,96,0.154,-274,0,0,0,-0.07,267,267,258,0,0.25,-15.05,-0.4676,0,0,0,1,0.183,12,22
23.5932,40481,0.839,0.437,5,102,0.163,-358,0,0,0,-0.63,304,304,256,0,0.263,-8.11,0.0417,0,0,0.03,1,0.199,11,22
23.61619,40501,0.859,0.51,1.02,56,0.09,-249,0,0,0,-2.24,385,385,248,0,0.279,-10.74,-0.5255,0,0,0.115,1,0.19,12,22
23.6289,40521,0.833,0.614,-2.55,-9,-0.014,-110,0,0,0,-0.98,332,332,251,0,0.256,-14.57,-0.3916,0,0,0.043,1,0.197,11,22
23.64602,40541,0.829,0.642,-2.2,-26,-0.042,-82,0,0,0,0.49,256,256,230,0,0.252,-19.02,-0.7443,0,0,0.013,1,0.195,11,22
23.70775,40581,0.769,0.678,-1.01,-49,-0.078,-42,0,0,0,0.56,255,255,244,0,0.269,-7.51,0.2705,0,0,0,1,0.169,13,22
23.71248,40601,0.751,0.619,-1.15,-12,-0.019,-65,0,0,0,0.35,270,270,225,0,0.272,-10.17,-0.1317,0,0,0.009,1,0.168,13,22
23.73032,40621,0.738,0.666,-0.31,-41,-0.066,-44,0,0,0,0.07,288,288,239,0,0.27,-13.09,-0.587,0,0,0.064,1,0.185,12,22
23.75044,40641,0.704,0.635,2.2,-22,-0.035,-110,0,0,0,-0.07,301,301,228,0,0.285,0.35,0.9788,0,0,0.192,1,0.154,14,22
23.79146,40681,0.606,0.661,-4.65,-38,-0.061,124,0,0,0,-0.21,314,314,235,0,0.25,-16.42,-0.4309,0,0,0.034,1,0.181,12,22
23.81179,40701,0.649,0.589,-1.22,7,0.011,-25,0,0,0,0.21,294,294,213,0,0.275,-6.67,0.1912,0,0,-0.004,1,0.163,15,22
23.83419,40721,0.689,0.541,-1.01,37,0.059,-69,0,0,0,-0.14,314,314,200,0,0.266,-11.57,-0.2145,0,0,0,1,0.166,14,22
23.8509,40741,0.687,0.574,1.16,16,0.026,-95,0,0,0,-0.91,354,354,208,0,0.248,-22.67,-0.9936,0,0,0.162,1,0.171,13,22
23.91003,40781,0.73,0.578,1.72,14,0.022,-135,0,0,0,-0.56,324,324,213,0,0.282,-8.37,-0.1208,0,0,0.064,1,0.143,15,22
23.916,40801,0.767,0.59,1.79,6,0.01,-148,0,0,0,-0.49,317,317,217,0,0.272,-10.15,-0.082,0,0,0,1,0.136,15,22
23.9306,40821,0.796,0.506,1.44,59,0.094,-214,0,0,0,-0.63,323,323,192,0,0.271,-15.96,-0.8184,0,0,-0.017,1,0.115,16,22
23.95263,40841,0.849,0.538,2.41,39,0.062,-245,0,0,0,-0.56,325,325,205,0,0.268,-17.12,-0.9294,0,0,-0.013,1,0.124,16,22
23.99176,40881,0.906,0.48,0.6,75,0.12,-287,0,0,0,0.35,291,291,200,0,0.255,-21.76,-1,0,0,0.009,1,0.131,16,22
24.0162,40901,0.913,0.438,-0.17,101,0.162,-305,0,0,0,0.21,302,302,198,0,0.295,2.06,0.7827,0,0,0.047,1,0.113,17,22
24.0285,40921,0.933,0.43,-1.78,106,0.17,-286,0,0,0,-1.26,377,377,208,0,0.278,-14.3,-0.959,0,0,0.162,1,0.145,14,22
24.04575,40941,0.914,0.322,0.74,174,0.278,-417,0,0,0,0.42,286,286,186,0,0.291,-4.6,0.0667,0,0,0.021,1,0.152,15,22
24.09689,40981,0.903,0.259,-4.51,213,0.341,-341,0,0,0,-1.19,365,365,193,0,0.272,-20.25,-1,0,0,-0.017,1,0.126,16,22
24.11415,41001,0.876,0.315,-4.93,178,0.285,-269,0,0,0,-0.77,347,347,227,0,0.285,-4.39,0.2301,0,0,-0.004,1,0.123,16,22
24.13805,41021,0.809,0.176,-4.93,265,0.424,-324,0,0,0,-0.56,340,340,195,0,0.263,-17.21,-0.844,0,0,0,1,0.121,17,22
24.15422,41041,0.744,0.25,-4.23,219,0.35,-238,0,0,0,-0.35,331,331,231,0,0.261,-21.67,-1,0,0,0.038,1,0.094,18,22
24.19273,41081,0.553,0.114,-4.58,304,0.486,-203,0,0,0,-0.7,341,341,197,0,0.287,-5.91,-0.1631,0,0,0.021,1,0.105,17,22
24.21271,41101,0.49,0.142,-2.97,286,0.458,-179,0,0,0,-0.49,330,330,208,0,0.265,-14.03,-0.5832,0,0,0.009,1,0.115,17,22
24.2313,41121,0.428,0.122,-4.02,299,0.478,-124,0,0,0,-0.49,330,330,199,0,0.262,-14.34,-0.5143,0,0,-0.004,1,0.116,17,22
24.25015,41141,0.365,0.154,-3.04,279,0.446,-84,0,0,0,-0.84,348,348,205,0,0.277,-4.46,0.256,0,0,-0.004,1,0.092,19,22
24.3081,41181,0.263,0.096,-2.34,315,0.504,-64,0,0,0,0.21,297,297,182,0,0.269,-4.25,0.456,0,0,0,1,0.103,18,22
24.31692,41201,0.223,0.157,-1.71,277,0.443,-10,0,0,0,0.7,272,272,193,0,0.252,-19.09,-0.9522,0,0,0,1,0.093,19,22
24.33119,41221,0.189,0.216,-1.29,240,0.384,40,0,0,0,0.21,296,296,202,0,0.297,17.77,1,0,0,0,1,0.047,1,22
24.34718,41241,0.171,0.261,-0.17,212,0.339,65,0,0,0,1.33,240,240,209,0,0.297,17.77,1,0,0,-0.004,1,0.047,21,22
24.3915,41281,0.195,0.387,2.34,133,0.213,87,0,0,0,0.42,284,284,220,0,0.272,-9.92,-0.1126,0,0,-0.038,1,0.08,19,22
24.41077,41301,0.234,0.483,2.97,73,0.117,95,0,0,0,0.98,256,256,238,0,0.254,-11.18,0.8482,0,0,-0.188,1,0.071,0,22
24.43589,41321,0.292,0.512,1.37,55,0.088,123,0,0,0,0.42,286,286,233,0,0.29,19.82,1,0,0,-0.06,1,0.072,0,22
24.44616,41341,0.357,0.613,2.83,-8,-0.013,109,0,0,0,1.75,220,220,248,0,0.29,19.82,1,0,0,-0.081,1,0.072,20,22
24.50791,41381,0.566,0.613,5.56,-8,-0.013,-75,0,0,0,0.21,300,300,226,0,0.274,-4.14,0.4245,0,0,-0.038,1,0.101,19,22
24.51098,41401,0.671,0.635,6.54,-22,-0.035,-138,0,0,0,0.28,295,295,226,0,0.274,-5.9,0.5513,0,0,-0.026,1,0.105,17,22
24.52958,41421,0.761,0.643,8.08,-27,-0.043,-222,0,0,0,-0.84,350,350,224,0,0.271,-17.42,-1,0,0,-0.098,1,0.095,18,22
24.54733,41441,0.885,0.629,5.35,-18,-0.029,-264,0,0,0,1.05,254,254,217,0,0.272,-15.51,-0.7385,0,0,-0.098,1,0.11,18,22
24.59247,41481,1.052,0.717,3.88,-73,-0.117,-289,0,0,0,-0.63,342,342,261,0,0.282,-9.94,-0.3838,0,0,-0.086,1,0.124,16,22
24.60986,41501,1.118,0.598,2.9,1,0.002,-388,0,0,0,-0.21,325,325,234,0,0.279,-12.53,-0.5839,0,0,-0.056,1,0.146,14,22
24.62765,41521,1.162,0.523,1.16,48,0.077,-437,0,0,0,-0.56,343,343,220,0,0.27,-9.74,-0.0505,0,0,-0.021,1,0.168,14,22
24.64641,41541,1.22,0.472,0.53,80,0.128,-496,0,0,0,-0.56,343,343,220,0,0.284,-9.56,-0.1344,0,0,-0.013,1,0.158,14,22
24.70834,41581,1.244,0.155,-1.71,278,0.445,-676,0,0,0,-0.63,342,342,174,0,0.319,7.07,0.9742,0,0,0,1,0.167,14,22
24.71148,41601,1.191,0.182,-3.81,261,0.418,-588,0,0,0,-0.28,320,320,210,0,0.282,-7.88,0.0034,0,0,-0.004,1,0.175,14,22
24.7302,41621,1.106,0.187,-5.07,258,0.413,-503,0,0,0,-0,302,302,245,0,0.264,-21.08,-1,0,0,-0.043,1,0.163,15,22
24.75296,41641,1.012,0.034,-4.93,354,0.566,-547,0,0,0,-0.7,339,339,218,0,0.287,-7.71,-0.1293,0,0,-0.18,1,0.152,17,22
24.798,41681,0.772,-0.21,-5.56,506,0.81,-535,0,0,0,-0,308,308,168,0,0.273,-13.62,-0.5359,0,0,-0.004,1,0.17,14,22
24.81541,41701,0.66,-0.253,-7.1,533,0.853,-468,0,0,0,0.14,300,300,164,0,0.266,-17.92,-0.8348,0,0,-0.009,1,0.159,13,22
24.82955,41721,0.548,-0.178,-6.4,486,0.778,-354,0,0,0,0.21,298,298,192,0,0.246,-18.73,-0.5867,0,0,-0.103,1,0.1,1,22
24.84724,41741,0.397,-0.23,-8.35,519,0.83,-250,0,0,0,-0.07,314,314,180,0,0.246,-18.73,-0.5867,0,0,-0.038,1,0.1,21,22
24.90897,41781,0.124,-0.218,-6.68,511,0.818,-99,0,0,0,-0.35,328,328,181,0,0.272,-3.84,0.3091,0,0,0.004,1,0.174,15,22
24.9129,41801,0.006,-0.126,-4.37,454,0.726,-10,0,0,0,0.7,276,276,202,0,0.251,-16.17,-0.6363,0,0,0.004,1,0.177,13,22
24.9313,41821,-0.125,-0.077,-5,423,0.677,124,0,0,0,0.63,280,280,203,0,0.246,-14.3,-0.3873,0,0,0.004,1,0.177,14,22
24.94809,41841,-0.204,-0.034,-2.55,396,0.634,156,0,0,0,1.26,248,248,195,0,0.224,-23.77,-0.8014,0,0,0,1,0.175,14,22
24.9903,41881,-0.261,0.002,1.02,374,0.598,153,0,0,0,0.42,290,290,152,0,0.232,-21.64,-0.8011,0,0,0,1,0.181,13,22
25.00886,41901,-0.237,0.274,1.44,204,0.326,310,0,0,0,1.33,244,244,208,0,0.245,-11.23,0.0728,0,0,0,1,0.176,13,22
25.03465,41921,-0.189,0.427,3.25,108,0.173,341,0,0,0,0.49,286,286,229,0,0.25,-13.85,-0.4684,0,0,0,1,0.184,12,22
25.04422,41941,-0.11,0.541,3.81,37,0.059,356,0,0,0,1.12,254,254,240,0,0.253,-8.36,0.2614,0,0,0,1,0.135,18,22
25.10873,41981,0.204,0.566,7.87,21,0.034,100,0,0,0,0.7,275,275,243,0,0.221,-28.67,-1,0,0,0.034,1,0.109,20,22
25.11089,42001,0.366,0.453,9.55,92,0.147,-116,0,0,0,-0.42,330,330,253,0,0.241,-21.47,-0.9489,0,0,0.137,1,0.128,17,22
25.1282,42021,0.495,0.41,5.98,119,0.19,-161,0,0,0,-0.14,313,313,261,0,0.244,-15.73,-0.4518,0,0,0.043,1,0.202,14,22
25.1528,42041,0.634,0.458,6.75,89,0.142,-238,0,0,0,0.7,270,270,248,0,0.253,-11.66,-0.1849,0,0,0.013,1,0.206,9,22
25.1907,42081,0.852,0.594,3.18,4,0.006,-226,0,0,0,-0.28,323,323,192,0,0.256,-15.85,-0.5525,0,0,0,1,0.182,13,22
25.21369,42101,0.917,0.59,1.92,6,0.01,-245,0,0,0,-0,313,313,188,0,0.276,-7.75,-0.0042,0,0,0.038,1,0.174,13,22
25.23595,42121,0.893,0.597,4.44,2,0.003,-292,0,0,0,-2.52,437,437,199,0,0.247,-21.51,-0.8641,0,0,0.214,1,0.178,13,22
25.2462,42141,0.842,0.602,-4.86,-1,-0.002,-69,0,0,0,-0.77,333,333,219,0,0.233,-15.55,-0.3108,0,0,0.047,1,0.208,12,22
25.30556,42181,0.941,0.474,-0.8,79,0.126,-279,0,0,0,-0.49,318,318,194,0,0.267,-13.16,-0.4816,0,0,0.111,1,0.182,13,22
25.31487,42201,0.938,0.443,0.18,98,0.157,-324,0,0,0,-0.14,301,301,193,0,0.273,-8.96,0.0771,0,0,0.064,1,0.165,15,22
25.33234,42221,0.951,0.515,-0.45,53,0.085,-272,0,0,0,-0.42,317,317,232,0,0.259,-17.08,-0.742,0,0,0,1,0.166,14,22
25.35596,42241,0.949,0.424,-0.66,110,0.176,-330,0,0,0,-1.19,359,359,214,0,0.264,-15.79,-0.6843,0,0,0.051,1,0.17,14,22
25.39083,42281,0.881,0.36,-0.45,150,0.24,-328,0,0,0,-1.26,363,363,223,0,0.267,-18.23,-0.9039,0,0,0.017,1,0.142,16,22
25.40864,42301,0.837,0.342,0.18,161,0.258,-333,0,0,0,-1.61,380,380,231,0,0.254,-18.3,-0.6802,0,0,0.004,1,0.157,15,22
25.4266,42321,0.803,0.221,-3.32,237,0.379,-317,0,0,0,-0.77,339,339,204,0,0.262,-18.53,-0.7244,0,0,0,1,0.118,17,22
25.45023,42341,0.776,0.33,-2.34,169,0.27,-250,0,0,0,-0.84,348,348,241,0,0.267,-14.12,-0.4799,0,0,0.017,1,0.121,18,22
25.49464,42381,0.679,0.165,1.37,272,0.435,-369,0,0,0,-2.87,463,463,205,0,0.273,-13.75,-0.6931,0,0,0.248,1,0.134,16,22
25.5163,42401,0.64,0.298,-2.48,189,0.302,-183,0,0,0,0.77,278,278,249,0,0.253,-20.58,-0.9353,0,0,0.077,1,0.144,16,22
25.531,42421,0.596,0.149,-5.28,282,0.451,-197,0,0,0,-0.35,331,331,211,0,0.272,-13.85,-0.5536,0,0,0.021,1,0.117,17,22
25.55085,42441,0.585,0.165,-3.04,272,0.435,-219,0,0,0,0.14,305,305,219,0,0.254,-27.57,-1,0,0,-0.03,1,0.097,18,22
25.60026,42481,0.513,0.173,-1.92,267,0.427,-183,0,0,0,-1.54,395,395,225,0,0.284,5.27,1,0,0,-0.004,1,0.092,20,22
25.60987,42501,0.48,0.118,-1.92,301,0.482,-200,0,0,0,-0.98,370,370,205,0,0.288,3.18,1,0,0,0.021,1,0.079,0,22
25.62875,42521,0.438,0.141,-1.78,287,0.459,-161,0,0,0,-0.49,348,348,215,0,0.288,3.18,1,0,0,0.017,1,0.079,20,22
25.64618,42541,0.411,0.13,-0.8,294,0.47,-168,0,0,0,-0.42,346,346,208,0,0.262,-16.6,-0.8046,0,0,0.047,1,0.098,18,22
25.70879,42581,0.377,0.221,-0.03,237,0.379,-100,0,0,0,0.98,270,270,233,0,0.262,-10.29,0.0826,0,0,0.017,1,0.103,18,22
25.71678,42601,0.372,0.178,-0.24,264,0.422,-121,0,0,0,-0.28,332,332,214,0,0.251,-23.84,-1,0,0,0.03,1,0.087,0,22
25.73519,42621,0.364,0.234,-0.31,229,0.366,-79,0,0,0,0.49,293,293,224,0,0.251,-23.84,-1,0,0,0,1,0.087,20,22
25.74782,42641,0.384,0.251,1.16,218,0.349,-107,0,0,0,0.14,310,310,227,0,0.263,-7.33,1,0,0,0,1,0.073,0,22
25.79147,42681,0.429,0.274,1.99,204,0.326,-138,0,0,0,-0.28,331,331,218,0,0.278,3.36,1,0,0,-0.009,1,0.066,1,22
25.81015,42701,0.476,0.216,0.39,240,0.384,-167,0,0,0,1.33,249,249,197,0,0.27,-16.31,-0.8881,0,0,-0.068,1,0.069,1,22
25.82815,42721,0.494,0.296,0.32,190,0.304,-114,0,0,0,-2.1,424,424,216,0,0.28,-13.01,-0.8606,0,0,-0.261,1,0.062,1,22
25.84603,42741,0.496,0.206,2.27,246,0.394,-235,0,0,0,-0.49,347,347,185,0,0.28,-13.01,-0.8606,0,0,-0.068,1,0.062,21,22
25.9089,42781,0.554,0.274,1.51,204,0.326,-212,0,0,0,-0.28,337,337,210,0,0.259,-22.1,-1,0,0,0.009,1,0.097,19,22
25.91434,42801,0.595,0.306,0.32,184,0.294,-189,0,0,0,-0.77,360,360,221,0,0.266,-21.17,-1,0,0,0.013,1,0.106,18,22
25.93286,42821,0.619,0.189,0.81,257,0.411,-294,0,0,0,0.14,312,312,188,0,0.265,-19.59,-1,0,0,-0.021,1,0.105,18,22
25.95106,42841,0.642,0.206,0.18,246,0.394,-273,0,0,0,0.77,280,280,195,0,0.27,-17.73,-1,0,0,-0.227,1,0.106,18,22
25.99483,42881,0.735,0.126,-0.52,296,0.474,-380,0,0,0,-0.07,331,331,181,0,0.243,-39.22,-1,0,0,-0.064,1,0.084,20,22
26.01165,42901,0.759,0.176,0.81,265,0.424,-394,0,0,0,-0.42,350,350,202,0,0.298,-3.22,0.2007,0,0,-0.038,1,0.089,19,22
26.03035,42921,0.767,0.122,-0.38,299,0.478,-407,0,0,0,-0,329,329,191,0,0.27,-12.21,-0.3551,0,0,-0.026,1,0.133,16,22
26.05222,42941,0.738,0.16,-1.57,275,0.44,-344,0,0,0,-0.14,336,336,212,0,0.267,-13.68,-0.433,0,0,-0.115,1,0.129,17,22
26.11382,42981,0.688,0.026,-2.13,359,0.574,-392,0,0,0,0.07,324,324,189,0,0.269,-14.58,-0.5174,0,0,-0.034,1,0.158,14,22
26.11394,43001,0.664,0.115,-0.52,303,0.485,-342,0,0,0,-0.7,363,363,226,0,0.26,-16.31,-0.5104,0,0,-0.077,1,0.165,15,22
26.13507,43021,0.635,0.029,-2.48,357,0.571,-351,0,0,0,-0.21,341,341,204,0,0.252,-16.67,-0.4554,0,0,-0.077,1,0.167,14,22
26.14781,43041,0.573,-0.002,-1.08,376,0.602,-355,0,0,0,-0.35,348,348,197,0,0.259,-14.91,-0.3518,0,0,-0.026,1,0.167,14,22
26.19206,43081,0.478,-0.024,-1.92,390,0.624,-293,0,0,0,-0.42,350,350,196,0,0.248,-12.33,0.1084,0,0,0.004,1,0.106,2,22
26.20976,43101,0.422,-0.03,-3.25,394,0.63,-236,0,0,0,-1.4,398,398,197,0,0.248,-12.33,0.1084,0,0,-0.004,1,0.106,22,22
26.23555,43121,0.363,-0.027,-2.55,392,0.627,-209,0,0,0,-0.42,348,348,196,0,0.263,-14,-0.3777,0,0,-0.017,1,0.16,16,22
26.25105,43141,0.312,-0.024,-3.04,390,0.624,-161,0,0,0,0.28,312,312,195,0,0.245,-21.04,-0.8118,0,0,-0.03,1,0.175,14,22
26.30851,43181,0.194,-0.01,-3.32,381,0.61,-65,0,0,0,-0.42,349,349,191,0,0.274,-9.33,0.0958,0,0,-0.021,1,0.114,18,22
26.311,43201,0.119,0.099,-2.34,313,0.501,22,0,0,0,0.14,321,321,219,0,0.253,-14.13,-0.2967,0,0,-0.009,1,0.138,18,22
26.33062,43221,0.098,0.053,-0.73,342,0.547,-15,0,0,0,0.77,290,290,193,0,0.248,-16.4,-0.5001,0,0,0.004,1,0.19,13,22
26.35057,43241,0.083,0.15,-0.52,281,0.45,50,0,0,0,0.35,311,311,211,0,0.244,-20.24,-0.7562,0,0,0.004,1,0.177,14,22
26.39171,43281,0.082,0.202,0.74,249,0.398,63,0,0,0,0.84,286,286,197,0,0.246,-16.82,-0.493,0,0,0.004,1,0.179,15,22
26.40916,43301,0.112,0.432,1.99,105,0.168,175,0,0,0,0.98,279,279,250,0,0.259,-8.8,-0.0158,0,0,0,1,0.188,13,22
26.43489,43321,0.143,0.587,1.79,8,0.013,256,0,0,0,0.49,304,304,281,0,0.237,-27.58,-1,0,0,0,1,0.129,17,22
26.44523,43341,0.217,0.938,3.04,-211,-0.338,419,0,0,0,1.05,276,276,377,0,0.244,-21.96,-0.9418,0,0,0,1,0.174,14,22
26.50675,43381,0.492,0.765,7.52,-103,-0.165,46,0,0,0,0.42,301,301,282,0,0.284,-2.78,0.5277,0,0,0,1,0.142,16,22
26.51027,43401,0.677,0.666,7.1,-41,-0.066,-129,0,0,0,-0.56,351,351,228,0,0.247,-16.35,-0.4746,0,0,0,1,0.194,12,22
26.5273,43421,0.862,0.627,7.38,-17,-0.027,-281,0,0,0,-0.28,338,338,199,0,0.259,-14.97,-0.4658,0,0,0,1,0.177,15,22
26.54912,43441,1.024,0.605,4.37,-3,-0.005,-346,0,0,0,-0.28,340,340,189,0,0.277,-14.8,-0.724,0,0,0,1,0.159,16,22
26.59431,43481,1.193,0.549,0.25,32,0.051,-416,0,0,0,-1.19,398,398,205,0,0.277,-5.75,0.1523,0,0,0.026,1,0.19,16,22
26.61002,43501,1.214,0.458,-0.66,89,0.142,-476,0,0,0,-0.98,388,388,191,0,0.289,-2.23,0.3771,0,0,0.073,1,0.192,12,22
26.62663,43521,1.231,0.496,-2.13,65,0.104,-431,0,0,0,-1.19,414,414,241,0,0.279,-12.26,-0.4648,0,0,0.073,1,0.173,16,22
26.64698,43541,1.171,0.373,-2.83,142,0.227,-464,0,0,0,0.07,347,347,233,0,0.262,-12.26,-0.1408,0,0,0.047,1,0.199,11,22
26.70708,43581,1.011,0.234,-3.81,229,0.366,-438,0,0,0,-0.28,367,367,242,0,0.268,-14.18,-0.4522,0,0,0,1,0.182,13,22
26.71181,43601,0.91,0.091,-4.51,318,0.509,-450,0,0,0,-0.77,396,396,210,0,0.277,-9.32,-0.0421,0,0,0.026,1,0.178,13,22
26.729,43621,0.796,0.138,-3.74,289,0.462,-365,0,0,0,1.75,274,274,237,0,0.26,-17.2,-0.6563,0,0,0.111,1,0.116,0,22
26.74664,43641,0.756,0.027,-1.78,358,0.573,-417,0,0,0,-0.84,408,408,212,0,0.26,-17.2,-0.6563,0,0,0.15,1,0.116,20,22
26.79243,43681,0.346,-0.034,-3.32,396,0.634,-185,0,0,0,-0.28,367,367,202,0,0.248,-12.95,-0.2498,0,0,0.064,1,0.222,13,22
26.81198,43701,0.217,0.096,-4.72,315,0.504,-3,0,0,0,0.42,332,332,240,0,0.268,-7.71,0.0399,0,0,0.141,1,0.174,15,22
26.83217,43721,0.139,0.035,-3.6,353,0.565,-1,0,0,0,0.91,308,308,215,0,0.255,-10.33,0.1129,0,0,0.03,1,0.172,14,22
26.85504,43741,0.074,0.09,-4.44,319,0.51,98,0,0,0,0.49,328,328,219,0,0.241,-21.56,-0.9478,0,0,0.141,1,0.167,16,22
26.90691,43781,0.023,0.248,-1.01,220,0.352,172,0,0,0,0.42,326,326,234,0,0.244,-21.26,-1,0,0,0.004,1,0.158,15,22
26.91081,43801,0.048,0.374,1.79,141,0.226,176,0,0,0,0.7,312,312,253,0,0.255,-16.74,-0.7319,0,0,-0.009,1,0.136,17,22
26.9287,43821,0.105,0.446,3.25,96,0.154,168,0,0,0,0.42,327,327,254,0,0.25,-18.51,-0.7199,0,0,0.021,1,0.118,17,22
26.95409,43841,0.201,0.536,6.19,40,0.064,104,0,0,0,-0.35,366,366,260,0,0.255,-17.12,-0.751,0,0,0.09,1,0.137,17,22
26.99264,43881,0.207,0.526,8.85,46,0.074,30,0,0,0,-0.84,365,365,228,0,0.263,-12.46,-0.3779,0,0,0.081,1,0.128,17,22
27.01767,43901,0.341,0.512,4.86,55,0.088,18,0,0,0,-0.56,356,356,211,0,0.274,-6.82,0.2175,0,0,0.017,1,0.107,18,22
27.02786,43921,0.521,0.531,5.35,43,0.069,-87,0,0,0,0.14,321,321,204,0,0.27,-10.19,-0.0825,0,0,-0.026,1,0.088,0,22
27.04899,43941,0.693,0.538,5.21,39,0.062,-188,0,0,0,-0.14,340,340,204,0,0.353,43.97,1,0,0,-0.004,1,0.058,2,22
27.11437,43981,0.921,0.51,5.14,56,0.09,-367,0,0,0,-3.92,541,541,206,0,0.284,-3.36,0.7705,0,0,0.214,1,0.089,20,22
27.11464,44001,1.084,0.494,-1.08,66,0.106,-359,0,0,0,-0.21,328,328,219,0,0.3,9.41,1,0,0,0.038,1,0.104,19,22
27.13548,44021,1.22,0.464,1.44,85,0.136,-513,0,0,0,-0.98,367,367,238,0,0.286,-9.65,-0.3725,0,0,-0.013,1,0.108,18,22
27.14716,44041,1.301,0.403,0.6,123,0.197,-584,0,0,0,-1.68,412,412,244,0,0.277,-7.76,-0.0346,0,0,-0.009,1,0.139,18,22
27.20209,44081,1.347,0.206,4.09,246,0.394,-830,0,0,0,-2.73,484,484,233,0,0.284,-8.24,0.1438,0,0,0.115,1,0.103,19,22
27.2111,44101,1.311,0.234,-1.99,229,0.366,-667,0,0,0,-2.45,469,469,273,0,0.35,44.82,1,0,0,0.004,1,0.052,2,22
27.22995,44121,1.228,0.024,-5.14,360,0.576,-702,0,0,0,-0.7,387,387,236,0,0.277,-21.56,-1,0,0,0.004,1,0.082,0,22
27.24724,44141,1.145,-0.083,-6.61,427,0.683,-672,0,0,0,-0.07,357,357,233,0,0.268,-24,-1,0,0,-0.004,1,0.071,1,22
27.30875,44181,0.882,-0.152,-6.82,470,0.752,-547,0,0,0,-0.07,358,358,260,0,0.285,10.13,1,0,0,-0.013,1,0.066,1,22
27.31108,44201,0.729,-0.291,-7.8,557,0.891,-519,0,0,0,-0.42,373,373,230,0,0.276,-9.76,-0.278,0,0,-0.009,1,0.059,2,22
27.33122,44221,0.57,-0.347,-7.03,592,0.947,-466,0,0,0,-0.42,371,371,219,0,0.287,10.45,1,0,0,-0.06,1,0.058,2,22
27.35016,44241,0.437,-0.389,-6.4,618,0.989,-430,0,0,0,1.61,272,272,210,0,0.268,-0.4,1,0,0,-0.265,1,0.055,3,22
27.39444,44281,0.125,-0.28,-6.82,550,0.88,-145,0,0,0,-0.21,367,367,237,0,0.272,8.25,1,0,0,-0.034,1,0.072,1,22
27.4103,44301,0.002,-0.226,-6.75,516,0.826,-19,0,0,0,0.77,318,318,245,0,0.279,1.19,1,0,0,0.009,1,0.079,1,22
27.4282,44321,-0.114,-0.21,-3.39,506,0.81,-2,0,0,0,0.7,321,321,238,0,0.25,-13.66,-0.2365,0,0,0.009,1,0.094,0,22
27.44912,44341,-0.191,-0.328,-2.06,580,0.928,-54,0,0,0,1.75,270,270,178,0,0.281,3.48,1,0,0,-0.103,1,0.073,1,22
27.50767,44381,-0.277,0.051,-1.29,343,0.549,242,0,0,0,1.61,267,267,243,0,0.236,-22.97,-1,0,0,-0.094,1,0.084,1,22
27.5141,44401,-0.279,0.072,1.16,330,0.528,194,0,0,0,1.54,270,270,223,0,0.259,-12.83,-0.5632,0,0,-0.124,1,0.101,0,22
27.53061,44421,-0.23,0.288,3.32,195,0.312,282,0,0,0,1.47,266,266,262,0,0.259,-12.83,-0.5632,0,0,-0.081,1,0.101,20,22
27.55108,44441,-0.149,0.461,6.26,87,0.139,276,0,0,0,0.28,325,325,287,0,0.266,-16.67,-1,0,0,-0.098,1,0.09,19,22
27.59191,44481,0.115,0.605,7.1,-3,-0.005,190,0,0,0,0.63,308,308,269,0,0.24,-23.12,-1,0,0,-0.004,1,0.127,19,22
27.61125,44501,0.329,0.606,10.18,-4,-0.006,-2,0,0,0,0.7,304,304,247,0,0.232,-28.81,-1,0,0,0,1,0.151,17,22
27.6278,44521,0.542,0.592,9.06,5,0.008,-126,0,0,0,0.07,333,333,223,0,0.265,-11.51,-0.2052,0,0,-0.047,1,0.144,17,22
27.64844,44541,0.741,0.582,10.81,11,0.018,-298,0,0,0,0.91,289,289,206,0,0.274,-7.82,-0.0184,0,0,-0.137,1,0.142,17,22
27.70858,44581,1.082,0.557,5.63,27,0.043,-445,0,0,0,-1.19,409,409,202,0,0.272,-14.64,-0.535,0,0,-0.068,1,0.163,16,22
27.71744,44601,1.196,0.57,4.93,19,0.03,-491,0,0,0,-0.14,358,358,228,0,0.286,-6.69,-0.0004,0,0,-0.077,1,0.147,17,22
27.72875,44621,1.249,0.514,1.16,54,0.086,-495,0,0,0,-0.91,402,402,237,0,0.265,-21.55,-1,0,0,-0.086,1,0.139,17,22
27.75381,44641,1.252,0.462,-0.17,86,0.138,-510,0,0,0,-0,359,359,253,0,0.255,-28.91,-1,0,0,-0.009,1,0.104,0,22
27.79325,44681,1.195,0.256,-2.69,215,0.344,-562,0,0,0,-0.28,369,369,235,0,0.279,-11.84,-0.4191,0,0,-0.03,1,0.197,13,22
27.80987,44701,1.121,0.206,-5,246,0.394,-503,0,0,0,-0.77,385,385,243,0,0.293,-10.62,-0.5985,0,0,-0.026,1,0.123,18,22
27.82885,44721,1.002,0.03,-7.03,356,0.57,-494,0,0,0,-0.49,365,365,218,0,0.264,-16.4,-0.6531,0,0,-0.034,1,0.186,14,22
27.84892,44741,0.871,-0.037,-7.94,398,0.637,-449,0,0,0,0.98,291,291,213,0,0.274,-14.57,-0.6316,0,0,-0.192,1,0.18,14,22
27.90898,44781,0.553,-0.091,-8.91,432,0.691,-258,0,0,0,-0.14,350,350,217,0,0.254,-19.44,-0.8756,0,0,-0.034,1,0.17,16,22
27.91239,44801,0.391,-0.098,-8.49,436,0.698,-166,0,0,0,0.21,335,335,218,0,0.278,-8.16,-0.247,0,0,-0.056,1,0.159,18,22
27.93353,44821,0.214,-0.091,-9.96,432,0.691,-18,0,0,0,-0.42,367,367,216,0,0.273,-13.7,-0.5927,0,0,-0.034,1,0.152,18,22
27.94835,44841,0.042,0.066,-7.87,334,0.534,159,0,0,0,-0.07,350,350,256,0,0.287,0.94,0.4122,0,0,0,1,0.168,17,22
27.99221,44881,-0.278,0.123,-4.44,298,0.477,332,0,0,0,1.82,256,256,238,0,0.248,-21.88,-1,0,0,0.004,1,0.175,15,22
28.00981,44901,-0.391,0.306,-3.53,184,0.294,515,0,0,0,0.49,322,322,263,0,0.217,-22.31,-0.7242,0,0,0,1,0.176,16,22
28.02796,44921,-0.444,0.373,-0.87,142,0.227,544,0,0,0,1.33,275,275,249,0,0.237,-23.75,-1,0,0,-0.004,1,0.16,16,22
28.04608,44941,-0.445,0.502,1.3,61,0.098,593,0,0,0,1.61,254,254,246,0,0.222,-20.5,-0.6835,0,0,0,1,0.179,17,22
28.10691,44981,-0.313,0.691,5.84,-57,-0.091,550,0,0,0,0.42,287,287,213,0,0.251,-11.98,-0.3287,0,0,0.026,1,0.151,17,22
28.11164,45001,-0.232,0.784,4.37,-115,-0.184,583,0,0,0,-0,309,309,210,0,0.225,-21.18,-0.7257,0,0,0.077,1,0.195,15,22
28.12994,45021,-0.039,0.925,8.01,-203,-0.325,481,0,0,0,-1.47,384,384,192,0,0.241,-18.55,-0.7289,0,0,0.073,1,0.22,12,22
28.14939,45041,0.116,0.864,7.52,-165,-0.264,363,0,0,0,-0.7,346,346,235,0,0.277,-4.78,-0.0044,0,0,0.026,1,0.187,13,22
28.19162,45081,0.398,1.138,9.69,-336,-0.538,309,0,0,0,-0.42,333,333,186,0,0.277,-13.23,-0.7014,0,0,0.03,1,0.151,16,22
28.21134,45101,0.547,1.168,9.62,-355,-0.568,227,0,0,0,-0,316,316,184,0,0.28,-11.49,-0.5576,0,0,0.017,1,0.171,16,22
28.23409,45121,0.679,1.181,8.92,-363,-0.581,174,0,0,0,-4.2,530,530,184,0,0.281,-12.9,-0.6652,0,0,0.15,1,0.109,0,22
28.24891,45141,0.923,1.186,5.63,-366,-0.586,64,0,0,0,-1.47,411,411,183,0,0.281,-12.9,-0.6652,0,0,0.128,1,0.109,20,22
28.30679,45181,1.234,1.024,5.07,-265,-0.424,-227,0,0,0,-0.42,351,351,221,0,0.253,-22.8,-1,0,0,0.094,1,0.18,15,22
28.30976,45201,1.287,0.925,4.3,-203,-0.325,-312,0,0,0,0.28,314,314,240,0,0.336,19.96,1,0,0,-0.004,1,0.172,15,22
28.32934,45221,1.346,0.864,-0.45,-165,-0.264,-306,0,0,0,-0.49,355,355,237,0,0.289,-10.57,-0.4281,0,0,-0.004,1,0.164,16,22
28.34562,45241,1.361,0.746,-0.66,-91,-0.146,-392,0,0,0,0.28,324,324,261,0,0.271,-20.82,-1,0,0,0.017,1,0.163,16,22
28.39093,45281,1.156,0.682,-3.32,-51,-0.082,-273,0,0,0,0.49,314,314,229,0,0.29,-7.95,-0.1911,0,0,0.231,1,0.165,16,22
28.41276,45301,0.967,0.65,-8.01,-31,-0.05,-60,0,0,0,0.77,286,286,211,0,0.273,-18.01,-0.9476,0,0,0.094,1,0.174,14,22
28.42763,45321,0.784,0.586,-9.68,9,0.014,41,0,0,0,-0.28,331,331,211,0,0.265,-17.28,-0.6422,0,0,0.047,1,0.168,15,22
28.45248,45341,0.659,0.576,-8.28,15,0.024,97,0,0,0,-1.05,367,367,223,0,0.264,-15.06,-0.4667,0,0,-0.013,1,0.165,16,22
28.5165,45381,0.401,0.64,-4.3,-25,-0.04,232,0,0,0,0.21,313,313,245,0,0.281,-5.68,0.5489,0,0,0.034,1,0.098,20,22
28.51664,45401,0.305,0.584,-2.62,10,0.016,228,0,0,0,0.28,313,313,221,0,0.249,-20.64,-0.7803,0,0,0.094,1,0.119,19,22
28.53054,45421,0.263,0.578,4.37,14,0.022,127,0,0,0,0.7,284,284,210,0,0.256,-13.94,-0.1821,0,0,0.15,1,0.145,17,22
28.54723,45441,0.176,0.618,-0.73,-11,-0.018,297,0,0,0,-0.21,329,329,208,0,0.251,-16.08,-0.5726,0,0,0.013,1,0.167,17,22
28.59201,45481,0.212,0.669,0.6,-43,-0.069,292,0,0,0,-0.35,334,334,223,0,0.257,-18.21,-0.8245,0,0,0.068,1,0.149,16,22
28.61158,45501,0.256,0.656,2.48,-35,-0.056,213,0,0,0,-0.21,326,326,239,0,0.249,-20.27,-1,0,0,0.004,1,0.147,17,22
28.63797,45521,0.301,0.608,2.48,-5,-0.008,157,0,0,0,-0.49,340,340,266,0,0.256,-23.98,-1,0,0,-0.009,1,0.097,0,22
28.64785,45541,0.351,0.651,2.69,-32,-0.051,145,0,0,0,-1.54,393,393,261,0,0.329,31.85,1,0,0,0.004,1,0.087,0,22
28.70776,45581,0.456,0.622,2.34,-14,-0.022,67,0,0,0,-0.84,363,363,280,0,0.245,-30.89,-1,0,0,0.009,1,0.104,0,22
28.72086,45601,0.507,0.693,1.86,-58,-0.093,86,0,0,0,-1.12,379,379,256,0,0.245,-30.89,-1,0,0,0.038,1,0.104,20,22
28.73183,45621,0.492,0.744,1.99,-90,-0.144,102,0,0,0,0.07,319,319,241,0,0.255,-24.18,-1,0,0,0.175,1,0.126,18,22
28.74921,45641,0.509,0.792,-3.74,-120,-0.192,261,0,0,0,-1.54,409,409,224,0,0.289,-9.99,-0.7647,0,0,0.021,1,0.115,18,22
28.7914,45681,0.581,0.635,0.6,-22,-0.035,37,0,0,0,-0.28,359,359,276,0,0.287,-20.66,-1,0,0,-0.009,1,0.088,2,22
28.8121,45701,0.638,0.442,-0.17,99,0.158,-124,0,0,0,-0.35,363,363,336,0,0.265,-20.77,-1,0,0,-0.009,1,0.104,0,22
28.83288,45721,0.693,0.362,0.25,149,0.238,-213,0,0,0,0.56,320,320,360,0,0.265,-20.77,-1,0,0,0,1,0.104,20,22
28.84636,45741,0.701,0.44,-2.97,100,0.16,-113,0,0,0,-0.7,385,385,324,0,0.259,-25.13,-1,0,0,0,1,0.108,19,22
28.90799,45781,0.619,0.624,-3.18,-15,-0.024,64,0,0,0,-0.42,372,372,239,0,0.275,-10.98,-0.2774,0,0,0.017,1,0.116,19,22
28.9119,45801,0.559,0.656,-2.13,-35,-0.056,100,0,0,0,-0,351,351,223,0,0.273,-9.22,0.1131,0,0,0.056,1,0.118,18,22
28.92946,45821,0.52,0.654,-1.01,-34,-0.054,114,0,0,0,0.84,304,304,219,0,0.277,-8.21,0.0185,0,0,0.103,1,0.108,19,22
28.94826,45841,0.472,0.658,-0.8,-36,-0.058,132,0,0,0,0.35,326,326,218,0,0.26,-13.35,-0.3444,0,0,-0.017,1,0.113,19,22
28.99665,45881,0.388,0.69,-1.15,-56,-0.09,215,0,0,0,0.07,339,339,217,0,0.291,-2.82,0.2657,0,0,-0.004,1,0.08,1,22
29.01519,45901,0.37,0.706,-0.17,-66,-0.106,216,0,0,0,-0.21,353,353,217,0,0.313,24.4,1,0,0,-0.004,1,0.069,3,22
29.03826,45921,0.386,0.728,0.53,-80,-0.128,211,0,0,0,-0.35,360,360,217,0,0.265,-11.04,0.0906,0,0,-0.013,1,0.087,1,22
29.04822,45941,0.406,0.747,1.44,-92,-0.147,196,0,0,0,0.07,339,339,218,0,0.287,1.81,1,0,0,-0.051,1,0.068,2,22
29.108,45981,0.441,0.738,2.34,-86,-0.138,144,0,0,0,0.14,338,338,232,0,0.267,-13,-0.266,0,0,-0.043,1,0.089,1,22
29.11033,46001,0.49,0.69,0.18,-56,-0.09,133,0,0,0,-0.35,365,365,254,0,0.268,-13.86,-0.5536,0,0,-0.094,1,0.087,1,22
29.12778,46021,0.525,0.678,3.11,-49,-0.078,31,0,0,0,0.21,339,339,259,0,0.294,0.03,0.6128,0,0,-0.056,1,0.092,2,22
29.14657,46041,0.562,0.65,0.32,-31,-0.05,53,0,0,0,-0.7,384,384,269,0,0.251,-27.14,-1,0,0,-0.03,1,0.105,0,22
29.19786,46081,0.656,0.698,0.32,-61,-0.098,16,0,0,0,0.84,308,308,247,0,0.282,-8.04,0.0012,0,0,-0.133,1,0.115,19,22
29.21406,46101,0.669,0.699,1.02,-62,-0.099,3,0,0,0,-0.28,365,365,243,0,0.301,-4.59,0.106,0,0,-0.051,1,0.06,2,22
29.2279,46121,0.675,0.618,1.09,-11,-0.018,-61,0,0,0,0.28,337,337,262,0,0.301,-4.59,0.106,0,0,-0.064,1,0.06,22,22
29.24744,46141,0.718,0.549,1.3,32,0.051,-134,0,0,0,0.35,337,337,279,0,0.256,-19.2,-0.8748,0,0,-0.077,1,0.147,17,22
29.30625,46181,0.673,0.538,-2.41,39,0.062,-47,0,0,0,0.21,345,345,271,0,0.283,-14.46,-0.9366,0,0,-0.013,1,0.139,19,22
29.31087,46201,0.641,0.614,-3.32,-9,-0.014,45,0,0,0,-0.56,382,382,238,0,0.259,-17.38,-0.6128,0,0,0,1,0.165,17,22
29.32947,46221,0.603,0.653,-2.48,-33,-0.053,77,0,0,0,-0.21,363,363,219,0,0.273,-12.99,-0.4287,0,0,0.004,1,0.143,19,22
29.34602,46241,0.549,0.658,-1.92,-36,-0.058,108,0,0,0,-0.21,361,361,211,0,0.269,-4.76,0.8745,0,0,-0.034,1,0.113,1,22
29.3921,46281,0.451,0.672,-1.85,-45,-0.072,169,0,0,0,-0,352,352,209,0,0.264,-16.25,-0.645,0,0,-0.12,1,0.152,18,22
29.41222,46301,0.416,0.682,0.88,-51,-0.082,156,0,0,0,0.28,338,338,209,0,0.262,-14.24,-0.2404,0,0,-0.021,1,0.146,17,22
29.43707,46321,0.411,0.709,0.95,-68,-0.109,171,0,0,0,-0,354,354,206,0,0.261,-19.74,-0.9104,0,0,-0.094,1,0.129,19,22
29.44628,46341,0.396,0.678,0.67,-49,-0.078,171,0,0,0,0.84,313,313,224,0,0.243,-26.36,-1,0,0,-0.047,1,0.091,3,22
29.51169,46381,0.381,0.582,-0.17,11,0.018,135,0,0,0,0.63,325,325,265,0,0.267,-15.98,-0.6663,0,0,0.009,1,0.154,17,22
29.51215,46401,0.397,0.557,-0.45,27,0.043,114,0,0,0,-0,356,356,276,0,0.236,-20.09,-0.6414,0,0,0.004,1,0.186,15,22
29.53321,46421,0.385,0.566,-0.8,21,0.034,134,0,0,0,0.56,328,328,275,0,0.259,-12.27,-0.2162,0,0,-0.017,1,0.176,16,22
29.55036,46441,0.37,0.635,-1.57,-22,-0.035,200,0,0,0,0.35,337,337,254,0,0.311,4,0.6643,0,0,-0.004,1,0.123,19,22
29.5988,46481,0.323,0.725,-1.01,-78,-0.125,277,0,0,0,0.28,339,339,229,0,0.284,-2.33,0.1694,0,0,0,1,0.186,16,22
29.61054,46501,0.299,0.725,-0.87,-78,-0.125,294,0,0,0,0.49,328,328,236,0,0.262,-13.6,-0.4077,0,0,0,1,0.175,16,22
29.63102,46521,0.271,0.763,-0.45,-102,-0.163,328,0,0,0,0.07,349,349,230,0,0.251,-18.79,-0.7037,0,0,0,1,0.16,17,22
29.65417,46541,0.271,0.84,0.95,-150,-0.24,352,0,0,0,0.07,349,349,218,0,0.257,-17.48,-0.6742,0,0,0,1,0.169,16,22
29.70816,46581,0.302,0.888,1.16,-180,-0.288,361,0,0,0,0.28,338,338,225,0,0.259,-15.62,-0.5774,0,0,0,1,0.168,17,22
29.71381,46601,0.339,0.909,1.65,-193,-0.309,340,0,0,0,0.42,331,331,233,0,0.277,-10.1,-0.3291,0,0,0,1,0.163,17,22
29.73157,46621,0.379,1.037,1.3,-273,-0.437,405,0,0,0,0.21,342,342,204,0,0.249,-18.32,-0.644,0,0,0,1,0.166,18,22
29.75031,46641,0.4,1.043,1.72,-277,-0.443,386,0,0,0,0.49,328,328,208,0,0.263,-10.45,-0.0941,0,0,0,1,0.154,0,22
29.79685,46681,0.479,1.142,1.99,-339,-0.542,392,0,0,0,-0.07,357,357,196,0,0.255,-14.47,-0.3362,0,0,0,1,0.186,14,22
29.81204,46701,0.525,1.093,1.86,-308,-0.493,339,0,0,0,-0.21,364,364,217,0,0.265,-11.52,-0.216,0,0,0,1,0.169,17,22
29.83272,46721,0.581,1.168,2.62,-355,-0.568,334,0,0,0,-0.77,393,393,200,0,0.264,-21.87,-1,0,0,0,1,0.171,16,22
29.84598,46741,0.644,1.202,2.62,-376,-0.602,316,0,0,0,-0.77,394,394,195,0,0.279,-5.47,0.0887,0,0,0,1,0.184,15,22
29.90757,46781,0.765,1.179,2.48,-362,-0.579,224,0,0,0,-0.07,362,362,211,0,0.255,-14.35,-0.3791,0,0,0.009,1,0.161,0,22
29.91126,46801,0.813,1.208,1.72,-380,-0.608,224,0,0,0,-0.21,370,370,200,0,0.236,-24.79,-0.8709,0,0,0.017,1,0.152,1,22
29.93584,46821,0.844,1.214,1.65,-384,-0.614,210,0,0,0,0.21,350,350,195,0,0.236,-24.79,-0.8709,0,0,0.021,1,0.152,21,22
29.95906,46841,0.866,1.059,0.74,-287,-0.459,112,0,0,0,-0.49,385,385,242,0,0.239,-24.51,-0.997,0,0,0.026,1,0.159,1,22
29.99234,46881,0.902,1.098,-0.1,-311,-0.498,130,0,0,0,-0.63,384,384,223,0,0.327,21.05,1,0,0,0.086,1,0.16,0,22
30.00901,46901,0.903,0.974,-0.1,-234,-0.374,49,0,0,0,-0.98,397,397,254,0,0.327,21.05,1,0,0,0.051,1,0.16,20,22
30.02703,46921,0.887,0.958,-1.08,-224,-0.358,62,0,0,0,-0.28,362,362,253,0,0.265,-15.05,-0.5487,0,0,0.017,1,0.186,15,22
30.0479,46941,0.866,0.874,-1.43,-171,-0.274,31,0,0,0,-0.77,388,388,275,0,0.27,-5.48,0.2425,0,0,-0.004,1,0.189,14,22
30.10779,46981,0.787,0.848,-2.06,-155,-0.248,73,0,0,0,0.7,322,322,272,0,0.263,-13.25,-0.2682,0,0,0.068,1,0.179,16,22
30.11076,47001,0.725,0.821,4.16,-138,-0.221,-47,0,0,0,-3.64,542,542,272,0,0.407,9.64,-0.041,0,0,0.201,1,0.742,3,22
30.12907,47021,0.627,0.754,-1.99,-96,-0.154,120,0,0,0,-1.47,439,439,285,0,0.258,-7.12,0.1901,0,0,0.026,1,0.181,9,22
30.14802,47041,0.526,0.69,-4.93,-56,-0.09,180,0,0,0,-1.19,429,429,301,0,0.268,-7.77,0.2836,0,0,0.12,1,0.169,15,22
30.20096,47081,0.408,0.664,-5.63,-40,-0.064,270,0,0,0,0.07,365,365,304,0,0.27,-17.85,-0.9985,0,0,-0.009,1,0.136,18,22
30.21092,47101,0.337,0.562,-2.83,24,0.038,192,0,0,0,0.49,345,345,337,0,0.256,-17.28,-0.6881,0,0,-0.009,1,0.165,17,22
30.22985,47121,0.252,0.661,-4.51,-38,-0.061,348,0,0,0,0.63,339,339,307,0,0.29,7.6,1,0,0,-0.004,1,0.143,19,22
30.25073,47141,0.181,0.779,-2.76,-112,-0.179,433,0,0,0,0.98,323,323,272,0,0.251,-19.35,-0.9265,0,0,0.073,1,0.165,17,22
30.30783,47181,-0.032,1.002,1.65,-251,-0.402,629,0,0,0,0.28,339,339,225,0,0.244,-15.09,-0.3011,0,0,0.051,1,0.168,16,22
30.31599,47201,-0.079,1.045,-1.22,-278,-0.445,743,0,0,0,-0.28,367,367,228,0,0.263,-14.34,-0.6882,0,0,0.124,1,0.123,19,22
30.33245,47221,-0.014,1.178,2.69,-361,-0.578,727,0,0,0,0.14,346,346,211,0,0.266,-8.55,-0.0602,0,0,-0.009,1,0.099,0,22
30.35175,47241,0.051,1.258,2.97,-411,-0.658,728,0,0,0,0.35,335,335,216,0,0.251,-18.99,-0.828,0,0,-0.021,1,0.085,2,22
30.39268,47281,0.311,1.272,4.37,-420,-0.672,546,0,0,0,1.4,279,279,260,0,0.244,-25.38,-1,0,0,0.03,1,0.104,1,22
30.41089,47301,0.497,1.306,7.24,-441,-0.706,355,0,0,0,1.75,254,254,262,0,0.244,-25.38,-1,0,0,0.205,1,0.104,21,22
30.42861,47321,0.677,1.437,3.25,-523,-0.837,442,0,0,0,-1.75,431,431,226,0,0.285,0.96,1,0,0,0.03,1,0.106,0,22
30.44738,47341,0.871,1.475,6.4,-547,-0.875,269,0,0,0,-0.84,410,410,213,0,0.271,-17.27,-1,0,0,-0.004,1,0.105,1,22
30.51645,47381,1.217,1.389,4.65,-493,-0.789,26,0,0,0,-0.07,383,383,232,0,0.275,-15.45,-0.6252,0,0,0.009,1,0.095,1,22
30.51676,47401,1.35,1.354,4.72,-471,-0.754,-72,0,0,0,-1.33,439,439,231,0,0.284,-6.18,0.5748,0,0,0.115,1,0.092,2,22
30.52972,47421,1.414,1.4,1.44,-500,-0.8,-51,0,0,0,-2.1,474,474,197,0,0.29,-4.19,0.5646,0,0,0.013,1,0.104,1,22
30.54869,47441,1.488,1.32,2.55,-450,-0.72,-154,0,0,0,-1.75,467,467,198,0,0.291,-5.58,0.4961,0,0,0.004,1,0.087,2,22
30.5943,47481,1.5,0.75,-0.87,-94,-0.15,-469,0,0,0,-0.56,411,411,331,0,0.301,3.99,1,0,0,-0.004,1,0.084,3,22
30.61261,47501,1.461,0.73,-5.28,-81,-0.13,-377,0,0,0,-1.47,456,456,312,0,0.286,-7.44,0.6757,0,0,0,1,0.072,3,22
30.63661,47521,1.326,0.739,-6.33,-87,-0.139,-269,0,0,0,-0.14,387,387,273,0,0.289,-3.9,0.4543,0,0,-0.013,1,0.092,2,22
30.65855,47541,1.148,0.686,-8.56,-54,-0.086,-140,0,0,0,-0.49,400,400,261,0,0.295,-2.45,0.9062,0,0,-0.013,1,0.072,3,22
30.7062,47581,0.767,0.6,-8.56,0,0,45,0,0,0,0.91,333,333,259,0,0.265,-7.07,1,0,0,-0.231,1,0.073,2,22
30.71008,47601,0.58,0.57,-8.91,19,0.03,155,0,0,0,0.49,358,358,258,0,0.272,-13.92,-0.7739,0,0,-0.073,1,0.072,3,22
30.7288,47621,0.403,0.568,-8.91,20,0.032,262,0,0,0,0.35,367,367,254,0,0.257,-27.13,-1,0,0,-0.034,1,0.071,3,22
30.75462,47641,0.286,0.578,-6.05,14,0.022,299,0,0,0,0.84,342,342,252,0,0.27,-9.45,-0.0529,0,0,0.004,1,0.095,1,22
30.79956,47681,0.066,0.651,-2.76,-32,-0.051,434,0,0,0,-2.31,498,498,251,0,0.24,-26.05,-1,0,0,-0.18,1,0.084,3,22
30.81717,47701,0.04,0.715,1.09,-72,-0.115,416,0,0,0,-0.28,397,397,251,0,0.272,-13.3,-0.4804,0,0,-0.128,1,0.07,3,22
30.8301,47721,0.049,0.758,3.39,-99,-0.158,400,0,0,0,-0.63,414,414,258,0,0.272,-8.67,0.6451,0,0,-0.094,1,0.068,2,22
30.84708,47741,0.027,0.819,3.81,-137,-0.219,440,0,0,0,0.7,342,342,263,0,0.277,-3.15,1,0,0,-0.077,1,0.087,2,22
30.9075,47781,0.099,0.965,2.97,-228,-0.365,500,0,0,0,0.63,341,341,258,0,0.287,-10.68,-0.416,0,0,-0.06,1,0.074,22,22
30.91072,47801,0.186,1.048,4.44,-280,-0.448,479,0,0,0,0.91,327,327,247,0,0.26,-12.54,-0.223,0,0,-0.03,1,0.136,18,22
30.93082,47821,0.295,1.064,5.07,-290,-0.464,408,0,0,0,0.35,355,355,255,0,0.267,-13.73,-0.4733,0,0,0.004,1,0.144,18,22
30.94723,47841,0.406,1.155,5.98,-347,-0.555,379,0,0,0,0.28,357,357,235,0,0.256,-11.63,-0.284,0,0,-0.021,1,0.198,18,22
30.99223,47881,0.625,1.134,4.09,-334,-0.534,258,0,0,0,1.82,278,278,252,0,0.286,-6.42,0.1308,0,0,-0.244,1,0.133,19,22
31.01043,47901,0.764,1.227,3.46,-392,-0.627,252,0,0,0,1.33,307,307,226,0,0.272,-8.75,0.3805,0,0,-0.098,1,0.136,18,22
31.0309,47921,0.842,1.254,3.67,-409,-0.654,201,0,0,0,0.63,344,344,215,0,0.278,-10.14,-0.2393,0,0,-0.03,1,0.165,17,22
31.04854,47941,0.947,1.258,3.95,-411,-0.658,137,0,0,0,-0.14,384,384,209,0,0.274,-12.78,-0.2922,0,0,0.013,1,0.16,18,22
31.10723,47981,1.111,1.166,2.13,-354,-0.566,3,0,0,0,-0.56,403,403,221,0,0.273,-19.7,-0.9128,0,0,-0.03,1,0.174,17,22
31.11016,48001,1.156,1.05,1.58,-281,-0.45,-97,0,0,0,-0.21,381,381,247,0,0.258,-25.35,-1,0,0,-0.03,1,0.177,16,22
31.128,48021,1.175,0.622,-0.03,-14,-0.022,-352,0,0,0,-0.84,408,408,365,0,0.282,-12.14,-0.3295,0,0,-0.077,1,0.182,15,22
31.14649,48041,1.188,0.434,-1.22,104,0.166,-465,0,0,0,-0.63,408,408,405,0,0.281,-19.74,-1,0,0,-0.192,1,0.163,17,22
31.19643,48081,0.919,0.554,-12.48,29,0.046,-15,0,0,0,-0.56,428,428,316,0,0.274,-15.05,-0.7212,0,0,-0.013,1,0.181,17,22
31.21437,48101,0.725,0.626,-13.18,-16,-0.026,170,0,0,0,-0.28,417,417,266,0,0.256,-25.93,-1,0,0,0.009,1,0.172,16,22
31.23633,48121,0.507,0.632,-12.13,-20,-0.032,300,0,0,0,1.05,352,352,247,0,0.311,2.27,0.4223,0,0,0.009,1,0.17,16,22
31.2519,48141,0.265,0.638,-11.43,-24,-0.038,453,0,0,0,1.19,338,338,244,0,0.253,-20.23,-0.8182,0,0,0.004,1,0.195,14,22
31.29727,48181,-0.167,0.712,-7.73,-70,-0.112,715,0,0,0,0.98,325,325,241,0,0.255,-18.18,-0.8068,0,0,0,1,0.181,16,22
31.3128,48201,-0.318,0.805,-3.04,-128,-0.205,781,0,0,0,0.91,329,329,240,0,0.246,-24.69,-1,0,0,0,1,0.149,18,22
31.33107,48221,-0.413,0.966,-0.38,-229,-0.366,899,0,0,0,1.75,276,276,227,0,0.261,-14.12,-0.5909,0,0,0,1,0.137,0,22
31.34792,48241,-0.46,1.024,1.02,-265,-0.424,942,0,0,0,1.68,259,259,250,0,0.261,-14.12,-0.5909,0,0,0,1,0.137,20,22
31.39209,48281,-0.357,1.445,6.05,-528,-0.845,1061,0,0,0,-0.42,333,333,204,0,0.222,-23.01,-0.826,0,0,0.094,1,0.208,12,22
31.40997,48301,-0.263,1.76,8.99,-725,-1.16,1143,0,0,0,-0.14,320,320,139,0,0.236,-21.84,-0.8487,0,0,0.017,1,0.169,17,22
31.43172,48321,-0.1,1.978,10.11,-861,-1.378,1165,0,0,0,-0.07,317,317,110,0,0.248,-15.52,-0.5541,0,0,0,1,0.191,15,22
31.45426,48341,0.099,1.95,12.76,-844,-1.35,968,0,0,0,0.07,310,310,160,0,0.263,-4.89,0.2863,0,0,-0.004,1,0.141,2,22
31.49758,48381,0.708,1.998,14.09,-874,-1.398,579,0,0,0,1.33,245,245,205,0,0.262,-16.44,-0.6771,0,0,0.043,1,0.156,20,22
31.51669,48401,0.973,2.029,15.49,-893,-1.429,408,0,0,0,-1.33,382,382,202,0,0.282,-11.76,-0.5016,0,0,0.107,1,0.151,18,22
31.53338,48421,1.271,2.018,11.23,-886,-1.418,284,0,0,0,-2.94,471,471,197,0,0.272,-10.41,-0.1977,0,0,0.098,1,0.193,14,22
31.55135,48441,1.526,1.976,13.11,-860,-1.376,54,0,0,0,-0.07,336,336,192,0,0.267,-17.49,-0.7025,0,0,0.017,1,0.191,15,22
31.59407,48481,1.851,1.805,6.12,-753,-1.205,-150,0,0,0,-1.05,391,391,197,0,0.286,-15.48,-0.7618,0,0,-0.004,1,0.186,15,22
31.61944,48501,1.966,1.706,-0.31,-691,-1.106,-153,0,0,0,-1.4,416,416,193,0,0.288,-16.78,-0.8088,0,0,0.034,1,0.118,3,22
31.62907,48521,1.964,1.48,-4.72,-550,-0.88,-237,0,0,0,2.8,218,218,220,0,0.288,-16.78,-0.8088,0,0,0.192,1,0.118,23,22
31.64632,48541,1.97,1.413,-4.58,-508,-0.813,-257,0,0,0,-0.7,400,400,198,0,0.289,-9.09,-0.1364,0,0,0.081,1,0.184,17,22
31.70395,48581,1.741,0.944,-4.09,-215,-0.344,-447,0,0,0,-0.77,392,392,268,0,0.288,-13.69,-0.5194,0,0,0.017,1,0.181,16,22
31.71417,48601,1.515,0.814,-9.96,-134,-0.214,-273,0,0,0,-0.84,394,394,274,0,0.288,-7.78,0.1232,0,0,0.004,1,0.17,17,22
31.73565,48621,1.273,0.79,-9.61,-119,-0.19,-153,0,0,0,-0.84,398,398,253,0,0.278,-17.91,-0.7986,0,0,0.009,1,0.138,18,22
31.75934,48641,0.995,0.746,-12.13,-91,-0.146,55,0,0,0,-0.28,379,379,243,0,0.286,-10.69,-0.297,0,0,0.017,1,0.128,19,22
31.79262,48681,0.455,0.677,-12.83,-48,-0.077,369,0,0,0,3.42,202,202,243,0,0.258,-22,-1,0,0,0.18,1,0.144,19,22
31.81171,48701,0.244,0.688,-9.47,-55,-0.088,465,0,0,0,0.98,322,322,244,0,0.258,-17.3,-0.5309,0,0,0.047,1,0.158,17,22
31.83029,48721,0.082,0.704,-8.28,-65,-0.104,551,0,0,0,0.42,350,350,244,0,0.246,-17.45,-0.3438,0,0,0.03,1,0.162,18,22
31.8477,48741,-0.03,0.757,-4.86,-98,-0.157,608,0,0,0,0.42,350,350,246,0,0.233,-14.77,-0.2175,0,0,0.111,1,0.193,16,22
31.90935,48781,-0.121,0.866,1.37,-166,-0.266,622,0,0,0,-0.07,375,375,269,0,0.27,-3.5,0.7119,0,0,-0.004,1,0.123,0,22
31.91234,48801,-0.106,1.054,3.67,-284,-0.454,680,0,0,0,0.21,361,361,243,0,0.25,-14.03,-0.378,0,0,-0.004,1,0.115,2,22
31.93056,48821,-0.021,1.117,6.19,-323,-0.517,629,0,0,0,-0.21,382,382,252,0,0.258,-17.08,-0.796,0,0,0.004,1,0.104,1,22
31.94778,48841,0.059,1.262,6.47,-414,-0.662,661,0,0,0,-0.35,389,389,237,0,0.249,-22.97,-1,0,0,0.017,1,0.104,1,22
32.0054,48881,0.34,1.288,7.17,-430,-0.688,484,0,0,0,-0.21,383,383,273,0,0.268,-12.49,-0.3337,0,0,0.068,1,0.117,0,22
32.00989,48901,0.536,1.558,17.8,-599,-0.958,319,0,0,0,-3.15,532,532,201,0,0.268,-12.49,-0.3337,0,0,0.158,1,0.117,20,22
32.02595,48921,0.638,1.693,9.55,-683,-1.093,518,0,0,0,-1.75,460,460,165,0,0.257,-22.32,-1,0,0,0.004,1,0.12,1,22
32.04882,48941,0.757,1.544,9.76,-590,-0.944,314,0,0,0,-0.91,423,423,216,0,0.273,-22.53,-1,0,0,0.017,1,0.108,0,22
32.11568,48981,1.077,1.67,7.24,-669,-1.07,244,0,0,0,-0.7,416,416,183,0,0.28,-15.57,-0.8656,0,0,-0.004,1,0.095,2,22
32.11582,49001,1.27,1.507,6.82,-567,-0.907,38,0,0,0,0.63,354,354,230,0,0.28,-17.37,-0.8372,0,0,0.004,1,0.105,1,22
32.13165,49021,1.426,1.43,3.11,-519,-0.83,-52,0,0,0,-0.49,413,413,242,0,0.286,-8.82,-0.0644,0,0,0.047,1,0.117,2,22
32.14827,49041,1.551,1.507,2.34,-567,-0.907,-72,0,0,0,0.63,363,363,197,0,0.317,1.77,0.6004,0,0,0.15,1,0.102,2,22
32.19203,49081,1.669,1.029,-0.94,-268,-0.429,-397,0,0,0,-1.75,473,473,289,0,0.295,-14.02,-0.8708,0,0,0.013,1,0.107,1,22
32.21019,49101,1.654,0.89,-3.04,-181,-0.29,-447,0,0,0,-1.54,476,476,304,0,0.326,14,1,0,0,-0.004,1,0.093,2,22
32.23618,49121,1.61,0.827,-5.84,-142,-0.227,-402,0,0,0,-1.4,472,472,289,0,0.276,-27.57,-1,0,0,-0.004,1,0.103,1,22
32.25138,49141,1.493,0.754,-8.01,-96,-0.154,-338,0,0,0,0.07,401,401,274,0,0.276,-19.85,-1,0,0,-0.004,1,0.096,2,22
32.30657,49181,1.169,0.578,-10.1,14,0.022,-202,0,0,0,0.28,387,387,272,0,0.291,-6.69,0.1862,0,0,0,1,0.095,2,22
32.30956,49201,0.981,0.502,-8.98,61,0.098,-147,0,0,0,-0.84,440,440,275,0,0.296,-4.13,0.5476,0,0,0,1,0.072,4,22
32.333,49221,0.778,0.466,-9.47,84,0.134,-29,0,0,0,-0.35,413,413,272,0,0.289,-5.71,0.4304,0,0,-0.009,1,0.077,3,22
32.3495,49241,0.579,0.448,-8.56,95,0.152,68,0,0,0,0.07,390,390,269,0,0.289,6.52,1,0,0,-0.021,1,0.079,3,22
32.39784,49281,0.256,0.454,-5.77,91,0.146,220,0,0,0,0.35,378,378,261,0,0.267,-11.66,0.1363,0,0,-0.098,1,0.079,3,22
32.40921,49301,0.132,0.469,-6.26,82,0.131,340,0,0,0,0.35,378,378,260,0,0.268,-10.67,0.2432,0,0,-0.034,1,0.073,3,22
32.4273,49321,0.069,0.517,-0.31,52,0.083,285,0,0,0,0.91,351,351,256,0,0.282,-2.06,1,0,0,-0.107,1,0.067,3,22
32.44562,49341,-0.006,0.578,-0.66,14,0.022,404,0,0,0,0.49,372,372,255,0,0.263,-15.5,-0.5522,0,0,-0.051,1,0.085,3,22
32.51,49381,-0.014,0.726,5.35,-79,-0.126,385,0,0,0,1.75,309,309,254,0,0.26,-10.43,0.128,0,0,-0.047,1,0.119,1,22
32.51344,49401,0.065,0.773,5.42,-108,-0.173,356,0,0,0,0.14,390,390,262,0,0.251,-21.62,-0.7978,0,0,-0.124,1,0.106,1,22
32.53761,49421,0.14,0.707,5.7,-67,-0.107,258,0,0,0,0.7,362,362,301,0,0.252,-25.92,-1,0,0,-0.047,1,0.105,2,22
32.5495,49441,0.25,0.52,4.86,50,0.08,90,0,0,0,0.98,348,348,376,0,0.263,-18.24,-0.9119,0,0,-0.073,1,0.116,0,22
32.60012,49481,0.445,0.395,1.92,128,0.205,-62,0,0,0,-0.35,416,416,421,0,0.274,-13.82,-0.3902,0,0,-0.038,1,0.123,0,22
32.60971,49501,0.511,0.528,0.95,45,0.072,-7,0,0,0,-0.56,426,426,371,0,0.274,-13.82,-0.3902,0,0,-0.026,1,0.123,20,22
32.63512,49521,0.534,0.536,-0.17,40,0.064,4,0,0,0,-0,398,398,358,0,0.276,-8.68,0.0032,0,0,-0.004,1,0.154,19,22
32.64594,49541,0.529,0.592,-0.66,5,0.008,51,0,0,0,0.21,386,386,326,0,0.285,-2.02,0.5821,0,0,0,1,0.153,19,22
32.70708,49581,0.486,0.622,-1.57,-14,-0.022,130,0,0,0,-1.33,460,460,304,0,0.261,-18.79,-0.8729,0,0,-0.133,1,0.153,19,22
32.71012,49601,0.49,0.698,0.04,-61,-0.098,126,0,0,0,0.35,378,378,274,0,0.326,16.92,1,0,0,-0.094,1,0.186,0,22
32.72882,49621,0.449,0.773,-3.25,-108,-0.173,274,0,0,0,0.49,372,372,251,0,0.268,-19.15,-0.8684,0,0,-0.013,1,0.141,0,22
32.74592,49641,0.409,0.816,-0.8,-135,-0.216,274,0,0,0,0.84,354,354,239,0,0.268,-19.15,-0.8684,0,0,-0.03,1,0.141,20,22
32.79765,49681,0.371,0.731,0.6,-82,-0.131,221,0,0,0,1.19,339,339,273,0,0.257,-15.1,-0.4634,0,0,-0.03,1,0.165,19,22
32.80997,49701,0.349,0.698,-0.17,-61,-0.098,228,0,0,0,0.42,378,378,290,0,0.252,-15.35,-0.484,0,0,-0.009,1,0.183,18,22
32.82801,49721,0.358,0.638,0.74,-24,-0.038,165,0,0,0,0.21,389,389,312,0,0.249,-20.06,-0.7098,0,0,0.004,1,0.179,17,22
32.85195,49741,0.354,0.605,-0.73,-3,-0.005,179,0,0,0,-0.14,406,406,329,0,0.241,-12.02,-0.0951,0,0,0.004,1,0.208,16,22
32.90725,49781,0.333,0.557,-1.29,27,0.043,170,0,0,0,-0.28,413,413,346,0,0.255,-19.43,-0.7064,0,0,0,1,0.18,16,22
32.91068,49801,0.314,0.683,-1.71,-52,-0.083,269,0,0,0,0.21,388,388,308,0,0.267,-14.52,-0.5779,0,0,0,1,0.167,18,22
32.92894,49821,0.282,0.765,-2.48,-103,-0.165,358,0,0,0,0.21,388,388,284,0,0.249,-15.58,-0.3291,0,0,0,1,0.184,16,22
32.94616,49841,0.237,0.862,-1.99,-164,-0.262,440,0,0,0,0.84,356,356,253,0,0.26,-18.04,-0.8043,0,0,0,1,0.176,18,22
32.9922,49881,0.198,0.947,0.67,-217,-0.347,473,0,0,0,0.63,367,367,243,0,0.256,-16.87,-0.5686,0,0,0,1,0.159,20,22
33.01102,49901,0.198,0.989,1.44,-243,-0.389,488,0,0,0,0.63,368,368,244,0,0.244,-21.34,-0.8614,0,0,0.004,1,0.185,16,22
33.03154,49921,0.222,1.085,2.13,-303,-0.485,519,0,0,0,1.33,333,333,230,0,0.261,-11.47,-0.1542,0,0,0.021,1,0.164,19,22
33.05438,49941,0.269,1.086,2.97,-304,-0.486,480,0,0,0,1.33,333,333,246,0,0.302,-6.01,-0.6472,0,0,0.038,1,0.069,3,22
33.11706,49981,0.399,1.165,3.81,-353,-0.565,430,0,0,0,-0,395,395,250,0,0.251,-10.94,-0.0012,0,0,0.038,1,0.199,15,22
33.11719,50001,0.476,1.254,4.16,-409,-0.654,427,0,0,0,-0.14,401,401,231,0,0.26,-11.24,-0.1648,0,0,0.009,1,0.178,18,22
33.13095,50021,0.563,1.299,4.79,-437,-0.699,391,0,0,0,-0.49,419,419,227,0,0.28,-6.42,0.1631,0,0,-0.004,1,0.152,19,22
33.14938,50041,0.653,1.314,4.79,-446,-0.714,338,0,0,0,-0.49,420,420,226,0,0.264,-12.47,-0.1599,0,0,0,1,0.163,19,22
33.19343,50081,0.862,1.33,4.3,-456,-0.73,224,0,0,0,0.7,369,369,228,0,0.255,-22.15,-0.9148,0,0,0.038,1,0.158,18,22
33.21193,50101,0.878,1.326,-4.51,-454,-0.726,399,0,0,0,-2.03,508,508,227,0,0.288,2.04,0.871,0,0,0.141,1,0.171,18,22
33.23035,50121,1.058,1.317,4.3,-448,-0.717,94,0,0,0,-0.14,414,414,224,0,0.273,-9.8,-0.1339,0,0,0.077,1,0.194,16,22
33.24771,50141,1.086,1.304,7.52,-440,-0.704,14,0,0,0,-1.47,472,472,220,0,0.268,-8.55,0.0494,0,0,0.021,1,0.19,16,22
33.31233,50181,1.095,1.12,5.49,-325,-0.52,-85,0,0,0,-0.84,448,448,257,0,0.271,-12.5,-0.2912,0,0,-0.004,1,0.176,16,22
33.31258,50201,1.119,1.08,0.6,-300,-0.48,-41,0,0,0,-0.84,454,454,257,0,0.295,-7.05,-0.1226,0,0,0.017,1,0.157,18,22
33.33349,50221,1.13,0.886,0.39,-179,-0.286,-166,0,0,0,0.63,385,385,306,0,0.289,-8.46,-0.1581,0,0,0.094,1,0.161,17,22
33.3494,50241,1.122,0.691,0.46,-57,-0.091,-298,0,0,0,-0.35,431,431,352,0,0.263,-21.38,-0.9128,0,0,0.184,1,0.159,18,22
33.39708,50281,0.989,0.715,-7.24,-72,-0.115,-49,0,0,0,-0.28,414,414,299,0,0.256,-23.28,-0.9677,0,0,0.094,1,0.165,19,22
33.40892,50301,0.899,0.752,-8.01,-95,-0.152,45,0,0,0,-0.07,399,399,267,0,0.267,-15.38,-0.4549,0,0,-0.004,1,0.157,18,22
33.43019,50321,0.791,0.726,-7.45,-79,-0.126,94,0,0,0,-0.21,404,404,255,0,0.275,-13.23,-0.5146,0,0,-0.013,1,0.114,1,22
33.45463,50341,0.678,0.709,-5.84,-68,-0.109,124,0,0,0,-0.84,441,441,252,0,0.252,-25.53,-1,0,0,-0.013,1,0.099,1,22
33.5076,50381,0.428,0.71,-5.28,-69,-0.11,276,0,0,0,-0,407,407,252,0,0.279,-12.91,-0.0261,0,0,0.017,1,0.054,4,22
33.51233,50401,0.339,0.723,-2.48,-77,-0.123,288,0,0,0,0.63,377,377,255,0,0.26,-16.44,-0.5065,0,0,0.038,1,0.128,0,22
33.53012,50421,0.255,0.746,0.32,-91,-0.146,317,0,0,0,0.28,393,393,255,0,0.254,-18.13,-0.6102,0,0,0.158,1,0.134,0,22
33.5502,50441,0.214,0.792,-3.25,-120,-0.192,419,0,0,0,0.14,385,385,256,0,0.271,-10.11,-0.1,0,0,0.021,1,0.116,1,22
33.59128,50481,0.228,0.835,-1.22,-147,-0.235,422,0,0,0,-0.21,402,402,264,0,0.256,-21.94,-1,0,0,-0.013,1,0.106,1,22
33.61472,50501,0.29,0.822,3.04,-139,-0.222,288,0,0,0,-0.21,403,403,283,0,0.249,-18.22,-0.7304,0,0,-0.004,1,0.122,1,22
33.62827,50521,0.356,0.691,1.65,-57,-0.091,195,0,0,0,-0.63,425,425,337,0,0.257,-14.67,-0.3534,0,0,0,1,0.108,1,22
33.64535,50541,0.403,0.736,2.76,-85,-0.136,164,0,0,0,-0.63,426,426,331,0,0.257,-12.62,-0.0963,0,0,0.009,1,0.121,1,22
33.70803,50581,0.486,0.75,-0.1,-94,-0.15,173,0,0,0,0.84,365,365,333,0,0.259,-12.9,-0.1497,0,0,0.137,1,0.108,21,22
33.71092,50601,0.532,0.781,2.48,-113,-0.181,112,0,0,0,-0.7,439,439,324,0,0.263,-7.77,0.4004,0,0,0.017,1,0.124,1,22
33.72841,50621,0.594,0.843,-0.59,-152,-0.243,175,0,0,0,-1.12,459,459,302,0,0.302,4.72,1,0,0,0.013,1,0.087,3,22
33.75532,50641,0.637,0.874,0.67,-171,-0.274,138,0,0,0,-0.7,439,439,291,0,0.272,-11.95,-0.2472,0,0,-0.004,1,0.097,2,22
33.79149,50681,0.676,0.805,0.11,-128,-0.205,81,0,0,0,-0.98,456,456,309,0,0.27,-7.24,0.4619,0,0,-0.004,1,0.104,2,22
33.80943,50701,0.688,0.806,0.46,-129,-0.206,69,0,0,0,-1.05,460,460,304,0,0.274,-12.42,-0.4371,0,0,0.004,1,0.099,2,22
33.82749,50721,0.688,0.819,-0.03,-137,-0.219,82,0,0,0,-0.7,442,442,296,0,0.272,-18.99,-1,0,0,0,1,0.102,3,22
33.85211,50741,0.699,0.813,0.11,-133,-0.213,73,0,0,0,0.14,399,399,295,0,0.28,-10.46,-0.2995,0,0,0,1,0.106,2,22
33.90692,50781,0.675,0.838,-1.15,-149,-0.238,126,0,0,0,-0.7,438,438,279,0,0.255,-29.74,-1,0,0,0,1,0.095,3,22
33.91164,50801,0.666,0.877,-1.43,-173,-0.277,162,0,0,0,-0,402,402,264,0,0.268,-11.81,-0.2359,0,0,0,1,0.087,3,22
33.92924,50821,0.646,0.882,-1.22,-176,-0.282,175,0,0,0,-0,401,401,259,0,0.273,-16.75,-0.9373,0,0,-0.004,1,0.093,3,22
33.94662,50841,0.629,0.854,-0.45,-159,-0.254,155,0,0,0,-0.49,424,424,264,0,0.284,1.94,1,0,0,-0.004,1,0.088,3,22
33.99098,50881,0.619,0.79,1.02,-119,-0.19,79,0,0,0,0.35,382,382,285,0,0.25,-20.65,-0.8484,0,0,-0.205,1,0.07,5,22
34.01239,50901,0.62,0.746,-2.69,-91,-0.146,134,0,0,0,-0.28,417,417,298,0,0.268,-5.09,1,0,0,-0.06,1,0.076,5,22
34.03423,50921,0.616,0.758,1.92,-99,-0.158,49,0,0,0,-0.35,423,423,291,0,0.287,-7.61,-0.2165,0,0,-0.09,1,0.087,3,22
34.04608,50941,0.597,0.822,-2.69,-139,-0.222,194,0,0,0,-0,408,408,271,0,0.274,-2.99,1,0,0,-0.047,1,0.092,4,22
34.10733,50981,0.601,0.842,-0.73,-151,-0.242,170,0,0,0,0.63,376,376,258,0,0.259,-20.93,-1,0,0,0.004,1,0.116,1,22
34.11016,51001,0.584,0.784,0.53,-115,-0.184,117,0,0,0,0.28,392,392,277,0,0.248,-21.6,-0.9292,0,0,-0.03,1,0.14,1,22
34.12874,51021,0.564,0.65,0.32,-31,-0.05,57,0,0,0,-2.45,527,527,319,0,0.27,-13.4,-0.3719,0,0,-0.12,1,0.117,1,22
34.14683,51041,0.567,0.682,1.16,-51,-0.082,41,0,0,0,-0.42,428,428,306,0,0.279,-5.34,0.4403,0,0,-0.103,1,0.126,1,22
34.19442,51081,0.546,0.824,-0.59,-140,-0.224,187,0,0,0,0.49,387,387,255,0,0.275,-10.41,-0.2536,0,0,-0.073,1,0.143,0,22
34.21773,51101,0.529,0.827,-0.45,-142,-0.227,204,0,0,0,0.07,410,410,254,0,0.278,-4.94,0.4057,0,0,-0.043,1,0.144,0,22
34.23219,51121,0.507,0.784,0.25,-115,-0.184,172,0,0,0,0.49,390,390,268,0,0.253,-19.52,-0.715,0,0,-0.026,1,0.125,2,22
34.24989,51141,0.491,0.686,0.32,-54,-0.086,122,0,0,0,0.84,373,373,299,0,0.253,-19.52,-0.715,0,0,0,1,0.125,22,22
34.30982,51181,0.471,0.659,-0.45,-37,-0.059,130,0,0,0,0.42,393,393,313,0,0.259,-14.9,-0.3523,0,0,0.004,1,0.173,17,22
34.31193,51201,0.447,0.742,-1.22,-89,-0.142,212,0,0,0,0.21,401,401,285,0,0.269,-11.82,-0.3913,0,0,0,1,0.178,18,22
34.33503,51221,0.43,0.792,-0.38,-120,-0.192,241,0,0,0,0.21,399,399,269,0,0.267,-4.8,0.6246,0,0,-0.004,1,0.172,18,22
34.34873,51241,0.417,0.802,-0.8,-126,-0.202,264,0,0,0,-0.35,426,426,267,0,0.235,-31.03,-1,0,0,0,1,0.142,0,22
34.39159,51281,0.414,0.806,0.32,-129,-0.206,251,0,0,0,-0,408,408,274,0,0.241,-27.44,-1,0,0,-0.026,1,0.144,0,22
34.40932,51301,0.434,0.76,0.74,-100,-0.16,198,0,0,0,0.21,397,397,294,0,0.251,-28.4,-1,0,0,-0.013,1,0.128,1,22
34.42735,51321,0.45,0.776,1.58,-110,-0.176,178,0,0,0,0.42,386,386,291,0,0.253,-19.33,-0.6325,0,0,-0.073,1,0.144,0,22
34.45172,51341,0.5,0.794,0.95,-121,-0.194,182,0,0,0,-0.21,421,421,289,0,0.253,-19.33,-0.6325,0,0,-0.133,1,0.144,20,22
34.49641,51381,0.505,0.784,0.81,-115,-0.184,168,0,0,0,0.42,392,392,295,0,0.247,-19.22,-0.5358,0,0,0.004,1,0.163,19,22
34.51509,51401,0.515,0.802,0.88,-126,-0.202,166,0,0,0,-0.21,424,424,287,0,0.253,-23.77,-1,0,0,0.009,1,0.151,0,22
34.53409,51421,0.522,0.88,0.25,-175,-0.28,228,0,0,0,-0.14,420,420,265,0,0.253,-23.77,-1,0,0,0.004,1,0.151,20,22
34.55087,51441,0.527,0.851,0.18,-157,-0.251,205,0,0,0,-0.07,416,416,275,0,0.25,-21.97,-0.8157,0,0,0,1,0.172,18,22
34.59186,51481,0.551,0.866,0.25,-166,-0.266,199,0,0,0,0.77,374,374,271,0,0.269,-14.35,-0.5286,0,0,0,1,0.158,0,22
34.60973,51501,0.553,0.776,-0.52,-110,-0.176,156,0,0,0,0.91,368,368,301,0,0.265,-18.62,-0.6395,0,0,0.004,1,0.134,0,22
34.62766,51521,0.547,0.771,-0.17,-107,-0.171,147,0,0,0,0.91,369,369,303,0,0.265,-18.62,-0.6395,0,0,0.004,1,0.134,20,22
34.64579,51541,0.543,0.702,-0.73,-64,-0.102,119,0,0,0,0.14,409,409,322,0,0.246,-19.13,-0.631,0,0,0.017,1,0.191,17,22
34.6956,51581,0.512,0.814,-1.64,-134,-0.214,227,0,0,0,0.21,407,407,286,0,0.259,-13.64,-0.384,0,0,0.038,1,0.188,17,22
34.71381,51601,0.493,0.829,-0.73,-143,-0.229,230,0,0,0,-1.54,491,491,279,0,0.247,-20.75,-0.7893,0,0,0.115,1,0.185,17,22
34.7349,51621,0.463,0.822,-3.53,-139,-0.222,300,0,0,0,-0.77,448,448,281,0,0.253,-20.35,-0.8311,0,0,0.056,1,0.184,16,22
34.75781,51641,0.466,0.877,0.74,-173,-0.277,252,0,0,0,-0.42,430,430,265,0,0.238,-23.59,-0.898,0,0,0.017,1,0.191,17,22
34.80537,51681,0.405,0.712,-0.1,-70,-0.112,197,0,0,0,0.14,402,402,323,0,0.25,-16.92,-0.312,0,0,0,1,0.158,19,22
34.80951,51701,0.4,0.482,-1.29,74,0.118,81,0,0,0,-0.56,440,440,402,0,0.261,-10.4,0.2315,0,0,0.004,1,0.144,0,22
34.8277,51721,0.377,0.234,-1.64,229,0.366,-65,0,0,0,-0.14,421,421,482,0,0.261,-10.4,0.2315,0,0,0.068,1,0.144,20,22
34.84497,51741,0.353,0.384,-5.28,135,0.216,140,0,0,0,-0.77,458,458,433,0,0.27,-10.93,-0.2261,0,0,0.18,1,0.156,19,22
34.90771,51781,0.246,0.715,-6.33,-72,-0.115,430,0,0,0,0.49,399,399,318,0,0.372,11,0.1758,0,0,0.03,1,0.785,4,22
34.91152,51801,0.168,0.79,-5.98,-119,-0.19,496,0,0,0,1.33,356,356,292,0,0.25,-15.67,-0.4326,0,0,0.115,1,0.168,10,22
34.93015,51821,0.107,0.733,-1.85,-83,-0.133,457,0,0,0,0.77,384,384,316,0,0.242,-15.3,-0.3,0,0,0.043,1,0.182,14,22
34.94824,51841,0.016,0.691,-1.43,-57,-0.091,460,0,0,0,0.91,377,377,344,0,0.264,-3.01,0.78,0,0,0.009,1,0.134,1,22
34.99174,51881,-0.061,0.957,-0.94,-223,-0.357,676,0,0,0,-0.42,443,443,302,0,0.263,-20.09,-1,0,0,0.013,1,0.09,3,22
35.01051,51901,-0.071,0.97,2.48,-231,-0.37,627,0,0,0,0.77,383,383,316,0,0.242,-24.74,-1,0,0,0.009,1,0.099,2,22
35.03491,51921,-0.057,1.219,1.92,-387,-0.619,796,0,0,0,0.35,403,403,262,0,0.263,-3.21,0.9331,0,0,0.034,1,0.114,2,22
35.04533,51941,-0.045,1.328,5.84,-455,-0.728,770,0,0,0,-0.42,427,427,252,0,0.256,-9.44,-0.0135,0,0,0.205,1,0.145,0,22
35.10702,51981,0.211,1.334,6.33,-459,-0.734,609,0,0,0,-0.28,420,420,300,0,0.269,-1.44,0.8403,0,0,0.009,1,0.127,0,22
35.11023,52001,0.395,1.757,6.05,-723,-1.157,785,0,0,0,-0.49,431,431,185,0,0.272,-11.82,-0.3477,0,0,-0.009,1,0.096,3,22
35.12743,52021,0.495,1.77,7.24,-731,-1.17,694,0,0,0,-0.56,436,436,194,0,0.269,-9.68,0.1276,0,0,0.03,1,0.106,2,22
35.1467,52041,0.662,1.792,7.66,-745,-1.192,603,0,0,0,-0,406,406,199,0,0.254,-17.17,-0.6542,0,0,0.154,1,0.114,2,22
35.19068,52081,1.009,1.73,7.59,-706,-1.13,335,0,0,0,-0.56,435,435,234,0,0.275,-2.28,0.6052,0,0,0.013,1,0.158,2,22
35.21238,52101,1.168,1.786,7.8,-741,-1.186,257,0,0,0,-0.63,440,440,213,0,0.265,-18.41,-0.8094,0,0,0.026,1,0.106,2,22
35.23065,52121,1.346,1.677,7.31,-673,-1.077,92,0,0,0,-1.96,514,514,237,0,0.277,-25.79,-1,0,0,0.051,1,0.088,5,22
35.24945,52141,1.478,1.552,5.07,-595,-0.952,-50,0,0,0,-1.4,493,493,263,0,0.279,-12.41,-0.4435,0,0,0.021,1,0.114,2,22
35.30828,52181,1.643,1.52,-1.92,-575,-0.92,-44,0,0,0,-1.12,482,482,225,0,0.307,0.77,0.8881,0,0,0,1,0.08,4,22
35.31224,52201,1.643,1.461,-1.36,-538,-0.861,-91,0,0,0,-0.63,460,460,227,0,0.299,-2.69,0.6295,0,0,0,1,0.088,3,22
35.33176,52221,1.587,1.139,-3.04,-337,-0.539,-236,0,0,0,-0.77,465,465,297,0,0.303,-0.28,0.8987,0,0,0.004,1,0.074,6,22
35.3496,52241,1.531,0.965,-2.62,-228,-0.365,-317,0,0,0,-0.91,475,475,324,0,0.294,-2.96,0.7838,0,0,-0.021,1,0.064,6,22
35.39724,52281,1.274,0.922,-6.19,-201,-0.322,-122,0,0,0,0.77,397,397,287,0,0.277,-5.06,1,0,0,-0.145,1,0.089,3,22
35.40972,52301,1.156,0.858,-5.56,-161,-0.258,-98,0,0,0,0.35,428,428,283,0,0.262,-19.07,-0.6569,0,0,-0.184,1,0.085,5,22
35.42698,52321,0.965,0.798,-7.94,-124,-0.198,36,0,0,0,0.77,413,413,285,0,0.299,8.52,1,0,0,-0.064,1,0.075,4,22
35.44829,52341,0.773,0.757,-7.66,-98,-0.157,122,0,0,0,1.05,400,400,287,0,0.29,-3.17,0.4798,0,0,-0.017,1,0.085,5,22
35.50904,52381,0.445,0.73,-6.4,-81,-0.13,293,0,0,0,0.28,436,436,287,0,0.271,-9.63,-0.1597,0,0,0,1,0.11,3,22
35.51258,52401,0.299,0.746,-4.02,-91,-0.146,356,0,0,0,1.4,378,378,287,0,0.259,-20.82,-1,0,0,-0.115,1,0.089,4,22
35.53108,52421,0.205,0.779,-5,-112,-0.179,472,0,0,0,1.26,387,387,286,0,0.255,-18.49,-0.4675,0,0,-0.162,1,0.085,5,22
35.54913,52441,0.072,0.818,-0.59,-136,-0.218,490,0,0,0,1.89,355,355,287,0,0.261,-7.86,0.789,0,0,-0.056,1,0.085,5,22
35.59215,52481,0.02,0.845,1.51,-153,-0.245,507,0,0,0,1.75,333,333,321,0,0.261,-12.84,0.0084,0,0,-0.068,1,0.098,3,22
35.6103,52501,0.028,0.915,0.18,-197,-0.315,583,0,0,0,0.07,411,411,318,0,0.246,-19.68,-0.7973,0,0,-0.107,1,0.142,1,22
35.63727,52521,0.049,0.992,3.81,-245,-0.392,539,0,0,0,0.28,401,401,313,0,0.254,-23.99,-1,0,0,-0.056,1,0.128,1,22
35.64624,52541,0.088,1.061,3.11,-288,-0.461,582,0,0,0,-0.35,432,432,306,0,0.241,-15.81,-0.3023,0,0,-0.038,1,0.162,0,22
35.6959,52581,0.263,1.331,5.21,-457,-0.731,606,0,0,0,0.42,393,393,252,0,0.236,-24.14,-0.9257,0,0,0.009,1,0.162,0,22
35.72204,52601,0.385,1.379,5.84,-487,-0.779,533,0,0,0,0.63,382,382,252,0,0.253,-10.73,0.1318,0,0,0.004,1,0.133,4,22
35.73126,52621,0.539,1.403,6.26,-502,-0.803,451,0,0,0,0.7,376,376,253,0,0.261,-14.07,-0.3298,0,0,-0.017,1,0.133,3,22
35.75553,52641,0.67,1.414,8.01,-509,-0.814,331,0,0,0,1.4,339,339,256,0,0.258,-10.73,0.1026,0,0,-0.12,1,0.168,0,22
35.79309,52681,0.923,1.389,6.54,-493,-0.789,184,0,0,0,0.42,395,395,261,0,0.275,-11.24,-0.1111,0,0,-0.06,1,0.155,0,22
35.80992,52701,1.031,1.298,3.74,-436,-0.698,111,0,0,0,-0.21,432,432,281,0,0.284,-6.5,0.3219,0,0,-0.043,1,0.166,0,22
35.82753,52721,1.138,1.349,3.95,-468,-0.749,61,0,0,0,0.7,389,389,256,0,0.284,-6.5,0.3219,0,0,-0.017,1,0.166,20,22
35.84699,52741,1.223,1.202,1.02,-376,-0.602,-27,0,0,0,0.42,405,405,285,0,0.266,-17.07,-0.6731,0,0,0.009,1,0.176,19,22
35.90919,52781,1.275,1.141,-1.36,-338,-0.541,-59,0,0,0,-0.07,429,429,273,0,0.307,1.22,0.8175,0,0,0,1,0.13,3,22
35.91151,52801,1.233,1.046,-2.62,-279,-0.446,-75,0,0,0,-0.77,461,461,282,0,0.307,1.22,0.8175,0,0,-0.009,1,0.13,23,22
35.93747,52821,1.196,0.936,-3.53,-210,-0.336,-103,0,0,0,-0.77,458,458,299,0,0.257,-22.78,-0.9357,0,0,-0.009,1,0.192,16,22
35.95417,52841,1.119,0.834,-4.23,-146,-0.234,-111,0,0,0,-0.21,429,429,314,0,0.31,4.39,0.7541,0,0,0,1,0.154,2,22
35.99184,52881,0.889,0.666,-6.26,-41,-0.066,-39,0,0,0,-0.14,427,427,339,0,0.262,-17.53,-0.677,0,0,0.004,1,0.182,18,22
36.00971,52901,0.747,0.718,-7.24,-74,-0.118,111,0,0,0,-0.21,431,431,310,0,0.262,-18.92,-0.7812,0,0,0.004,1,0.187,18,22
36.02912,52921,0.582,0.774,-8.08,-109,-0.174,269,0,0,0,-0.07,424,424,282,0,0.268,-11.65,-0.1849,0,0,0.009,1,0.178,18,22
36.04645,52941,0.426,0.792,-7.66,-120,-0.192,377,0,0,0,0.28,406,406,273,0,0.284,-2.57,0.3706,0,0,0.013,1,0.191,17,22
36.10858,52981,0.147,0.838,-4.37,-149,-0.238,536,0,0,0,0.91,375,375,270,0,0.269,-8.32,-0.0076,0,0,0.03,1,0.187,18,22
36.11165,53001,0.054,0.87,-0.94,-169,-0.27,546,0,0,0,0.28,406,406,278,0,0.229,-24.84,-0.8617,0,0,0.081,1,0.191,18,22
36.12989,53021,0.004,0.925,0.53,-203,-0.325,587,0,0,0,0.14,413,413,284,0,0.241,-12.53,0.0656,0,0,0.043,1,0.137,3,22
36.14871,53041,0.002,1.019,1.51,-262,-0.419,632,0,0,0,0.21,409,409,281,0,0.254,-20.45,-1,0,0,0.017,1,0.148,0,22
36.19646,53081,0.096,1.261,3.95,-413,-0.661,683,0,0,0,0.63,388,388,254,0,0.263,-9.2,-0.0055,0,0,-0.004,1,0.169,0,22
36.20876,53101,0.196,1.232,5.07,-395,-0.632,583,0,0,0,0.7,386,386,283,0,0.259,-11.49,-0.0845,0,0,0,1,0.162,0,22
36.22895,53121,0.314,1.35,6.54,-469,-0.75,555,0,0,0,0.28,408,408,265,0,0.265,-12.17,-0.2619,0,0,0.026,1,0.152,1,22
36.25164,53141,0.445,1.189,6.68,-368,-0.589,362,0,0,0,0.84,382,382,327,0,0.296,7.36,1,0,0,0.068,1,0.167,0,22
36.30793,53181,0.637,1.402,9.83,-501,-0.802,315,0,0,0,-1.19,468,468,269,0,0.253,-17.07,-0.6097,0,0,0.038,1,0.179,19,22
36.31244,53201,0.719,1.414,8.01,-509,-0.814,300,0,0,0,-0.63,440,440,261,0,0.437,14.41,0.0908,0,0,0.021,1,0.686,9,22
36.33101,53221,0.812,1.416,5.21,-510,-0.816,299,0,0,0,-0.7,444,444,257,0,0.286,-4.18,0.3444,0,0,-0.004,1,0.157,0,22
36.349,53241,0.917,1.47,4.72,-544,-0.87,270,0,0,0,-0.56,440,440,236,0,0.259,-21.97,-0.8813,0,0,-0.004,1,0.144,1,22
36.39379,53281,1.113,1.419,1.99,-512,-0.819,160,0,0,0,1.19,358,358,238,0,0.289,-9.38,-0.2716,0,0,0.184,1,0.158,1,22
36.40977,53301,1.217,1.28,3.81,-425,-0.68,-22,0,0,0,-0.77,452,452,272,0,0.295,0.13,0.7906,0,0,0.098,1,0.168,0,22
36.43379,53321,1.308,1.216,1.3,-385,-0.616,-82,0,0,0,-1.54,483,483,278,0,0.295,0.13,0.7906,0,0,0.081,1,0.168,20,22
36.44538,53341,1.362,1.162,2.06,-351,-0.562,-167,0,0,0,-1.26,463,463,286,0,0.304,-14.4,-1,0,0,0.013,1,0.134,2,22
36.5095,53381,1.361,1.022,-0.31,-264,-0.422,-215,0,0,0,-1.4,483,483,287,0,0.278,-12.04,-0.3109,0,0,-0.021,1,0.129,3,22
36.51211,53401,1.324,0.914,-3.6,-196,-0.314,-200,0,0,0,0.14,418,418,300,0,0.26,-24.61,-1,0,0,0.043,1,0.131,2,22
36.53182,53421,1.267,0.853,-4.72,-158,-0.253,-187,0,0,0,-0.63,463,463,297,0,0.271,-22.67,-1,0,0,0.034,1,0.132,2,22
36.55803,53441,1.178,0.811,-5.91,-132,-0.211,-130,0,0,0,-0.21,447,447,286,0,0.265,-22.31,-1,0,0,0.043,1,0.135,1,22
36.59074,53481,0.962,0.712,-3.39,-70,-0.112,-101,0,0,0,-0.42,464,464,283,0,0.267,-20.63,-1,0,0,0.021,1,0.149,0,22
36.60859,53501,0.828,0.674,-6.96,-46,-0.074,17,0,0,0,-1.47,515,515,285,0,0.259,-18.8,-0.8194,0,0,0.013,1,0.138,0,22
36.63077,53521,0.749,0.651,-4.58,-32,-0.051,17,0,0,0,-0.91,487,487,286,0,0.278,-12.28,-0.4764,0,0,-0.009,1,0.106,3,22
36.64463,53541,0.66,0.637,-5.91,-23,-0.037,90,0,0,0,-1.47,516,516,286,0,0.263,-13.61,-0.1797,0,0,-0.004,1,0.116,2,22
36.7069,53581,0.5,0.629,-4.23,-18,-0.029,165,0,0,0,-0.63,478,478,288,0,0.285,-5.65,0.0112,0,0,0.009,1,0.097,4,22
36.71908,53601,0.413,0.64,-2.48,-25,-0.04,191,0,0,0,-0,448,448,288,0,0.26,-16.43,-0.6972,0,0,0.017,1,0.097,3,22
36.72847,53621,0.348,0.658,-1.57,-36,-0.058,233,0,0,0,0.07,445,445,288,0,0.253,-22.86,-1,0,0,0.081,1,0.115,2,22
36.75115,53641,0.335,0.678,-3.11,-49,-0.078,284,0,0,0,-1.4,515,515,288,0,0.276,-5.42,0.6216,0,0,0.086,1,0.108,2,22
36.79498,53681,0.31,0.758,0.53,-99,-0.158,284,0,0,0,-0.28,458,458,285,0,0.271,-9.27,-0.1398,0,0,0,1,0.105,3,22
36.81415,53701,0.333,0.795,2.69,-122,-0.195,248,0,0,0,0.07,441,441,284,0,0.27,0.4,1,0,0,-0.004,1,0.098,4,22
36.829,53721,0.37,0.829,2.97,-143,-0.229,248,0,0,0,-0.28,459,459,283,0,0.269,-4.74,0.6149,0,0,-0.004,1,0.099,5,22
36.84666,53741,0.414,0.858,3.81,-161,-0.258,215,0,0,0,-0.14,452,452,286,0,0.267,-6.15,0.9132,0,0,0,1,0.08,6,22
36.9076,53781,0.566,0.901,4.37,-188,-0.301,134,0,0,0,-0.77,483,483,284,0,0.294,4.9,1,0,0,0,1,0.08,5,22
36.91053,53801,0.643,0.91,4.37,-194,-0.31,95,0,0,0,-0.7,478,478,283,0,0.281,-3.68,0.7915,0,0,0,1,0.095,4,22
36.92883,53821,0.712,0.918,3.74,-199,-0.318,63,0,0,0,-0.7,476,476,282,0,0.266,-16.9,-0.7623,0,0,-0.009,1,0.099,3,22
36.94599,53841,0.791,0.917,3.04,-198,-0.317,27,0,0,0,-0.91,485,485,281,0,0.294,6.09,1,0,0,-0.004,1,0.074,5,22
36.99123,53881,0.905,0.886,2.34,-179,-0.286,-49,0,0,0,-2.38,556,556,279,0,0.259,-36.97,-1,0,0,-0.137,1,0.073,5,22
37.0108,53901,0.977,0.861,1.72,-163,-0.261,-114,0,0,0,0.14,436,436,280,0,0.285,-5.38,0.3235,0,0,-0.103,1,0.087,5,22
37.03006,53921,1.024,0.83,0.95,-144,-0.23,-137,0,0,0,0.21,433,433,281,0,0.299,0.6,1,0,0,-0.021,1,0.072,6,22
37.047,53941,1.046,0.805,2.06,-128,-0.205,-197,0,0,0,-0.7,484,484,282,0,0.292,-8.54,-0.4343,0,0,-0.107,1,0.095,4,22
37.10859,53981,1.016,0.714,-0.38,-71,-0.114,-191,0,0,0,0.14,444,444,285,0,0.286,-7.01,0.1228,0,0,-0.043,1,0.115,2,22
37.11242,54001,0.983,0.672,-1.43,-45,-0.072,-173,0,0,0,0.21,438,438,286,0,0.265,-25.74,-1,0,0,-0.03,1,0.107,3,22
37.13753,54021,0.945,0.629,-3.04,-18,-0.029,-150,0,0,0,0.49,427,427,287,0,0.301,1.52,0.815,0,0,-0.133,1,0.106,3,22
37.14938,54041,0.877,0.594,-0.66,4,0.006,-173,0,0,0,0.07,450,450,286,0,0.284,-6.43,0.2523,0,0,-0.043,1,0.134,2,22
37.19793,54081,0.798,0.542,-1.22,36,0.058,-148,0,0,0,0.14,450,450,286,0,0.262,-19.51,-0.7024,0,0,-0.086,1,0.142,2,22
37.2118,54101,0.746,0.525,-4.09,47,0.075,-65,0,0,0,-0.56,487,487,287,0,0.255,-22.04,-0.83,0,0,-0.043,1,0.131,3,22
37.23064,54121,0.684,0.509,-2.62,57,0.091,-66,0,0,0,-0.28,474,474,285,0,0.266,-17.9,-0.6288,0,0,-0.021,1,0.144,1,22
37.24907,54141,0.653,0.501,-2.76,62,0.099,-43,0,0,0,-1.33,526,526,286,0,0.266,-9.05,0.2946,0,0,-0.026,1,0.155,0,22
37.30068,54181,0.572,0.491,-2.13,68,0.109,-11,0,0,0,-0.35,475,475,287,0,0.274,-14.12,-0.5295,0,0,0,1,0.156,20,22
37.31445,54201,0.522,0.488,-1.57,70,0.112,6,0,0,0,0.21,445,445,286,0,0.265,-15.65,-0.5187,0,0,0,1,0.168,0,22
37.33099,54221,0.492,0.491,-1.5,68,0.109,29,0,0,0,0.35,436,436,288,0,0.265,-15.65,-0.5187,0,0,-0.013,1,0.168,20,22
37.3576,54241,0.453,0.499,-1.99,63,0.101,75,0,0,0,0.28,440,440,286,0,0.267,-13.08,-0.1518,0,0,-0.115,1,0.152,1,22
37.40121,54281,0.428,0.518,-0.8,51,0.082,76,0,0,0,0.35,441,441,285,0,0.268,-9.93,0.0773,0,0,-0.004,1,0.163,1,22
37.41004,54301,0.427,0.534,1.51,41,0.066,41,0,0,0,-0.14,465,465,283,0,0.268,-9.93,0.0773,0,0,-0.004,1,0.163,21,22
37.42998,54321,0.424,0.554,0.6,29,0.046,71,0,0,0,-0.56,486,486,281,0,0.248,-16.26,-0.2794,0,0,0,1,0.167,1,22
37.44694,54341,0.428,0.563,1.09,23,0.037,64,0,0,0,-0.7,493,493,282,0,0.248,-16.26,-0.2794,0,0,0.004,1,0.167,21,22
37.51283,54381,0.47,0.59,1.37,6,0.01,52,0,0,0,-0.07,460,460,279,0,0.258,-23.66,-1,0,0,0,1,0.167,20,22
37.5132,54401,0.495,0.605,1.09,-3,-0.005,52,0,0,0,0.42,435,435,280,0,0.267,-17.35,-0.69,0,0,0.004,1,0.156,0,22
37.53519,54421,0.518,0.606,1.79,-4,-0.006,23,0,0,0,0.07,453,453,279,0,0.265,-13.44,-0.2825,0,0,0,1,0.172,0,22
37.54767,54441,0.541,0.619,1.23,-12,-0.019,28,0,0,0,-0.14,465,465,277,0,0.271,-10.97,-0.1253,0,0,0,1,0.173,0,22
37.60161,54481,0.594,0.626,0.88,-16,-0.026,7,0,0,0,-0.07,462,462,275,0,0.265,-14.29,-0.2834,0,0,0,1,0.168,0,22
37.61751,54501,0.623,0.629,1.16,-18,-0.029,-14,0,0,0,-0.49,484,484,275,0,0.265,-14.29,-0.2834,0,0,0,1,0.168,20,22
37.63159,54521,0.645,0.627,1.09,-17,-0.027,-33,0,0,0,-0.35,478,478,273,0,0.249,-22.87,-0.9472,0,0,0.004,1,0.174,0,22
37.64817,54541,0.669,0.626,1.09,-16,-0.026,-48,0,0,0,-0,462,462,272,0,0.249,-22.87,-0.9472,0,0,0.026,1,0.174,20,22
37.70633,54581,0.687,0.61,1.23,-6,-0.01,-76,0,0,0,1.47,386,386,275,0,0.249,-20.38,-0.7302,0,0,0.081,1,0.189,19,22
37.71161,54601,0.708,0.603,2.48,-2,-0.003,-101,0,0,0,0.63,426,426,274,0,0.262,-20.78,-0.8462,0,0,0.021,1,0.158,0,22
37.73224,54621,0.69,0.597,1.23,2,0.003,-87,0,0,0,-0.63,488,488,276,0,0.277,-10.38,-0.1782,0,0,-0.004,1,0.168,0,22
37.74826,54641,0.701,0.576,1.16,15,0.024,-102,0,0,0,-0.49,482,482,278,0,0.289,-12.27,-0.6552,0,0,0.004,1,0.131,2,22
37.79044,54681,0.725,0.557,-0.17,27,0.043,-106,0,0,0,-0.63,498,498,277,0,0.286,-7.95,-0.0695,0,0,0.043,1,0.157,0,22
37.80832,54701,0.686,0.549,-4.37,32,0.051,-4,0,0,0,2.17,360,360,279,0,0.286,-7.95,-0.0695,0,0,0.167,1,0.157,20,22
37.83092,54721,0.752,0.533,0.74,42,0.067,-154,0,0,0,0.56,436,436,278,0,0.433,14.7,0.1063,0,0,0.051,1,0.734,8,22
37.85358,54741,0.747,0.52,-3.39,50,0.08,-81,0,0,0,-0.28,477,477,279,0,0.269,-17.05,-0.5875,0,0,0.026,1,0.158,14,22
37.91258,54781,0.685,0.483,-2.13,73,0.117,-104,0,0,0,-0.98,515,515,284,0,0.251,-19.56,-0.6234,0,0,0.086,1,0.173,0,22
37.91271,54801,0.686,0.464,1.72,85,0.136,-177,0,0,0,-0.63,495,495,283,0,0.262,-21.63,-1,0,0,0.004,1,0.145,1,22
37.93095,54821,0.651,0.454,-1.92,91,0.146,-90,0,0,0,-0.49,488,488,285,0,0.261,-24.56,-1,0,0,-0.009,1,0.125,2,22
37.95654,54841,0.633,0.44,-0.03,100,0.16,-127,0,0,0,-0.42,486,486,284,0,0.261,-18.38,-0.7671,0,0,0.017,1,0.123,3,22
37.99172,54881,0.619,0.426,-0.73,109,0.174,-112,0,0,0,-0.77,511,511,286,0,0.283,-5.47,0.2196,0,0,0.017,1,0.12,3,22
38.01778,54901,0.571,0.424,-0.17,110,0.176,-82,0,0,0,-3.43,647,647,287,0,0.273,-20.73,-1,0,0,0.145,1,0.117,2,22
38.02923,54921,0.565,0.419,-2.06,113,0.181,-57,0,0,0,-0.35,492,492,287,0,0.277,-6.68,0.2357,0,0,0.111,1,0.144,2,22
38.04734,54941,0.576,0.419,2.2,113,0.181,-135,0,0,0,0.91,428,428,290,0,0.284,-3.01,0.6181,0,0,-0.004,1,0.116,3,22
38.11412,54981,0.52,0.427,1.09,108,0.173,-86,0,0,0,-0.84,518,518,290,0,0.277,-8.59,0.0207,0,0,-0.009,1,0.123,3,22
38.11459,55001,0.507,0.421,-1.22,112,0.179,-24,0,0,0,-1.19,538,538,292,0,0.287,1.84,1,0,0,0.064,1,0.097,4,22
38.12709,55021,0.537,0.426,4.16,109,0.174,-153,0,0,0,1.19,422,422,293,0,0.279,-6.6,0.2082,0,0,0.158,1,0.102,4,22
38.1456,55041,0.579,0.434,0.67,104,0.166,-99,0,0,0,-0.49,506,506,293,0,0.262,-7.94,0.486,0,0,-0.004,1,0.119,4,22
38.19533,55081,0.565,0.434,0.32,104,0.166,-84,0,0,0,-1.33,550,550,296,0,0.255,-17.32,-0.5962,0,0,0.051,1,0.125,2,22
38.21555,55101,0.6,0.43,1.02,106,0.17,-138,0,0,0,-0.42,505,505,295,0,0.268,-9.81,0.2044,0,0,0.064,1,0.104,4,22
38.22789,55121,0.629,0.426,1.3,109,0.174,-148,0,0,0,-0,483,483,299,0,0.283,-8.05,0.4481,0,0,0,1,0.081,5,22
38.25573,55141,0.615,0.418,-0.66,114,0.182,-117,0,0,0,-0.35,502,502,297,0,0.286,-0.98,0.9082,0,0,0,1,0.082,5,22
38.30757,55181,0.618,0.4,-0.8,125,0.2,-128,0,0,0,-0.21,497,497,301,0,0.285,3.08,1,0,0,0.004,1,0.101,5,22
38.31286,55201,0.617,0.397,0.18,127,0.203,-149,0,0,0,0.14,479,479,302,0,0.278,-2.65,0.86,0,0,0,1,0.085,6,22
38.3298,55221,0.622,0.386,-0.73,134,0.214,-135,0,0,0,0.07,481,481,301,0,0.274,-5.81,0.4938,0,0,-0.009,1,0.094,5,22
38.3488,55241,0.627,0.381,-0.1,137,0.219,-156,0,0,0,0.28,469,469,304,0,0.293,6.61,1,0,0,-0.013,1,0.09,4,22
38.39268,55281,0.631,0.363,0.25,148,0.237,-176,0,0,0,-0.35,497,497,302,0,0.27,-7.52,0.6089,0,0,-0.013,1,0.075,5,22
38.41031,55301,0.628,0.36,0.04,150,0.24,-171,0,0,0,-0.84,521,521,301,0,0.264,-15.95,-0.2049,0,0,-0.107,1,0.071,6,22
38.43245,55321,0.659,0.354,1.79,154,0.246,-242,0,0,0,-1.33,552,552,300,0,0.268,-16.53,-0.2132,0,0,-0.231,1,0.051,8,22
38.44956,55341,0.636,0.339,-1.64,163,0.261,-157,0,0,0,-0.49,514,514,302,0,0.258,-19.14,-0.5491,0,0,-0.077,1,0.076,7,22
38.50793,55381,0.595,0.32,-1.99,175,0.28,-135,0,0,0,-0.28,505,505,302,0,0.269,-27.31,-1,0,0,0.013,1,0.082,5,22
38.51838,55401,0.581,0.312,-1.01,180,0.288,-154,0,0,0,0.35,472,472,299,0,0.273,-10.09,-0.0404,0,0,0.009,1,0.104,4,22
38.52828,55421,0.573,0.31,-1.15,181,0.29,-144,0,0,0,0.21,475,475,300,0,0.295,-1.75,0.6575,0,0,-0.034,1,0.093,5,22
38.55086,55441,0.562,0.299,-0.31,188,0.301,-173,0,0,0,0.77,447,447,300,0,0.271,-16.72,-0.6556,0,0,-0.269,1,0.097,4,22
38.59679,55481,0.533,0.296,-1.15,190,0.304,-135,0,0,0,-0.21,503,503,299,0,0.283,-10.9,-0.2377,0,0,-0.056,1,0.095,5,22
38.61899,55501,0.519,0.293,-1.5,192,0.307,-113,0,0,0,0.42,472,472,297,0,0.277,-9.79,-0.0432,0,0,-0.051,1,0.127,4,22
38.62857,55521,0.498,0.299,-0.59,188,0.301,-118,0,0,0,-0.28,509,509,297,0,0.264,-14.71,-0.4878,0,0,-0.12,1,0.17,0,22
38.64741,55541,0.462,0.294,0.46,191,0.306,-120,0,0,0,-0.49,520,520,298,0,0.261,-14.66,-0.2945,0,0,-0.021,1,0.155,1,22
38.70817,55581,0.426,0.309,-0.03,182,0.291,-77,0,0,0,0.28,480,480,297,0,0.265,-19.84,-1,0,0,0.004,1,0.158,1,22
38.71125,55601,0.412,0.318,-0.94,176,0.282,-42,0,0,0,0.56,465,465,296,0,0.265,-11.85,-0.039,0,0,-0.026,1,0.168,0,22
38.73299,55621,0.41,0.334,-0.38,166,0.266,-47,0,0,0,0.49,467,467,296,0,0.269,-17.91,-0.6186,0,0,-0.021,1,0.147,1,22
38.75755,55641,0.404,0.338,0.6,164,0.262,-39,0,0,0,-2.03,592,592,298,0,0.262,-13.31,-0.1056,0,0,-0.158,1,0.157,3,22
38.80073,55681,0.428,0.362,0.11,149,0.238,-40,0,0,0,0.63,462,462,297,0,0.27,-15.36,-0.5051,0,0,-0.056,1,0.145,2,22
38.81007,55701,0.435,0.368,1.09,145,0.232,-69,0,0,0,0.07,492,492,297,0,0.282,-8.32,0.1125,0,0,-0.051,1,0.128,2,22
38.82784,55721,0.426,0.381,-0.59,137,0.219,-17,0,0,0,0.07,493,493,294,0,0.261,-16.81,-0.4459,0,0,-0.021,1,0.158,0,22
38.84663,55741,0.43,0.39,-0.17,131,0.21,-25,0,0,0,-0.14,504,504,291,0,0.261,-16.81,-0.4459,0,0,0.004,1,0.158,20,22
38.90978,55781,0.414,0.408,-0.8,120,0.192,9,0,0,0,0.21,487,487,291,0,0.258,-17.19,-0.5287,0,0,-0.009,1,0.186,19,22
38.91441,55801,0.399,0.427,-0.38,108,0.173,27,0,0,0,0.49,473,473,292,0,0.281,-9,-0.2243,0,0,-0.004,1,0.182,19,22
38.93378,55821,0.375,0.434,-0.8,104,0.166,52,0,0,0,-0,496,496,293,0,0.264,-12.65,-0.2429,0,0,-0.009,1,0.192,18,22
38.95287,55841,0.367,0.458,-0.31,89,0.142,68,0,0,0,0.49,471,471,295,0,0.251,-19.34,-0.6781,0,0,0,1,0.196,17,22
38.99182,55881,0.346,0.486,-0.31,71,0.114,95,0,0,0,0.84,454,454,295,0,0.269,-17.3,-0.7472,0,0,0.004,1,0.17,0,22
39.01607,55901,0.344,0.507,-0.87,58,0.093,123,0,0,0,0.77,458,458,294,0,0.269,-17.3,-0.7472,0,0,0.004,1,0.17,20,22
39.02875,55921,0.34,0.534,-0.03,41,0.066,123,0,0,0,0.35,479,479,294,0,0.414,12.73,0.0964,0,0,0.013,1,0.767,12,22
39.04616,55941,0.343,0.552,-0.94,30,0.048,154,0,0,0,0.63,465,465,296,0,0.252,-15.59,-0.3589,0,0,0.017,1,0.183,17,22
39.10853,55981,0.337,0.606,-0.03,-4,-0.006,176,0,0,0,0.07,493,493,294,0,0.247,-18.44,-0.5985,0,0,0.047,1,0.194,18,22
39.11025,56001,0.342,0.629,1.58,-18,-0.029,155,0,0,0,0.28,479,479,295,0,0.262,-16.08,-0.5212,0,0,0.077,1,0.167,1,22
39.13297,56021,0.353,0.654,1.09,-34,-0.054,177,0,0,0,0.28,478,478,295,0,0.251,-14.41,-0.2709,0,0,0.038,1,0.193,0,22
39.1474,56041,0.382,0.682,2.06,-51,-0.082,153,0,0,0,-0.28,506,506,296,0,0.24,-22.25,-0.7594,0,0,0.004,1,0.176,1,22
39.19881,56081,0.466,0.718,3.04,-74,-0.118,105,0,0,0,0.56,466,466,295,0,0.282,-6.7,0.0735,0,0,0,1,0.171,1,22
39.21627,56101,0.52,0.739,1.99,-87,-0.139,108,0,0,0,0.56,469,469,296,0,0.264,-12.73,-0.221,0,0,0.017,1,0.174,1,22
39.22948,56121,0.563,0.749,2.06,-93,-0.149,82,0,0,0,0.21,489,489,295,0,0.264,-12.73,-0.221,0,0,0.064,1,0.174,21,22
39.24597,56141,0.628,0.755,8.15,-97,-0.155,-78,0,0,0,-1.26,562,562,292,0,0.257,-15.97,-0.4981,0,0,0.175,1,0.186,0,22
39.31561,56181,0.701,0.744,-1.85,-90,-0.144,57,0,0,0,-0.42,510,510,294,0,0.26,-14.83,-0.315,0,0,0.03,1,0.176,19,22
39.31592,56201,0.772,0.725,-0.17,-78,-0.125,-27,0,0,0,-0.28,504,504,293,0,0.257,-15.48,-0.3193,0,0,-0.004,1,0.17,0,22
39.33221,56221,0.788,0.712,-1.15,-70,-0.112,-27,0,0,0,-0.42,514,514,295,0,0.267,-16.17,-0.6829,0,0,-0.004,1,0.168,1,22
39.3495,56241,0.806,0.69,-0.17,-56,-0.09,-74,0,0,0,0.35,479,479,298,0,0.261,-16.29,-0.3412,0,0,0.094,1,0.146,2,22
39.39095,56281,0.763,0.664,0.53,-40,-0.064,-76,0,0,0,-0.91,528,528,299,0,0.261,-18.5,-0.703,0,0,0.086,1,0.158,1,22
39.4102,56301,0.74,0.645,-1.71,-28,-0.045,-31,0,0,0,-0.49,503,503,299,0,0.264,-20.95,-1,0,0,0.021,1,0.116,4,22
39.43363,56321,0.727,0.629,-0.73,-18,-0.029,-54,0,0,0,-0.7,512,512,302,0,0.274,-18.3,-1,0,0,-0.021,1,0.115,4,22
39.45218,56341,0.707,0.616,-1.22,-10,-0.016,-36,0,0,0,-0.98,531,531,300,0,0.264,-21.84,-1,0,0,-0.009,1,0.101,6,22
39.50693,56381,0.647,0.598,-1.85,1,0.002,4,0,0,0,-0.49,518,518,303,0,0.263,-22.78,-1,0,0,0.038,1,0.123,3,22
39.51107,56401,0.566,0.594,2.76,4,0.006,-56,0,0,0,-1.68,577,577,301,0,0.276,-11.5,-0.3587,0,0,0.192,1,0.148,1,22
39.52872,56421,0.549,0.597,-7.03,2,0.003,155,0,0,0,-1.12,559,559,303,0,0.279,-11.38,-0.281,0,0,0.021,1,0.108,4,22
39.55092,56441,0.558,0.592,-1.64,5,0.008,47,0,0,0,0.07,499,499,307,0,0.277,-9.91,-0.0371,0,0,0.047,1,0.116,4,22
39.59589,56481,0.499,0.603,0.04,-2,-0.003,58,0,0,0,-0.21,509,509,308,0,0.251,-14.62,-0.2052,0,0,0.017,1,0.123,4,22
39.61018,56501,0.479,0.606,-0.1,-4,-0.006,90,0,0,0,0.14,493,493,309,0,0.259,-18.08,-0.5983,0,0,0.009,1,0.082,5,22
39.62953,56521,0.443,0.618,-0.52,-11,-0.018,118,0,0,0,-0,502,502,310,0,0.256,-22.99,-1,0,0,0.004,1,0.097,5,22
39.64695,56541,0.443,0.634,0.39,-21,-0.034,117,0,0,0,0.63,472,472,310,0,0.265,-16.6,-0.7966,0,0,0.043,1,0.102,5,22
39.71009,56581,0.433,0.662,1.44,-39,-0.062,119,0,0,0,-0.35,516,516,311,0,0.271,-7.56,0.273,0,0,0.03,1,0.104,5,22
39.71168,56601,0.463,0.686,0.6,-54,-0.086,137,0,0,0,-1.33,565,565,311,0,0.263,-11.83,-0.1822,0,0,0.013,1,0.095,5,22
39.73439,56621,0.476,0.702,0.81,-64,-0.102,129,0,0,0,-0.7,534,534,310,0,0.265,-13.59,-0.0922,0,0,0,1,0.087,6,22
39.74964,56641,0.503,0.712,2.27,-70,-0.112,97,0,0,0,-0.49,525,525,313,0,0.274,-8.24,0.2013,0,0,-0.004,1,0.089,6,22
39.79139,56681,0.566,0.739,1.99,-87,-0.139,72,0,0,0,-0.07,505,505,316,0,0.28,-3.85,0.5909,0,0,0,1,0.087,6,22
39.81002,56701,0.585,0.744,1.09,-90,-0.144,82,0,0,0,-0.42,521,521,313,0,0.285,3.98,1,0,0,-0.004,1,0.082,6,22
39.83034,56721,0.613,0.742,2.27,-89,-0.142,42,0,0,0,-0.56,527,527,314,0,0.284,-1.33,0.9621,0,0,-0.013,1,0.087,6,22
39.84588,56741,0.65,0.749,1.3,-93,-0.149,43,0,0,0,-0.49,523,523,313,0,0.276,1.75,1,0,0,0,1,0.089,6,22
39.90787,56781,0.719,0.739,1.72,-87,-0.139,-16,0,0,0,-0.35,512,512,311,0,0.284,-8.22,-0.0273,0,0,-0.013,1,0.081,8,22
39.91097,56801,0.76,0.73,1.72,-81,-0.13,-51,0,0,0,-0,493,493,314,0,0.277,-12.76,-0.5177,0,0,-0.021,1,0.06,7,22
39.92927,56821,0.767,0.725,2.76,-78,-0.125,-74,0,0,0,-0.91,537,537,312,0,0.288,5.14,1,0,0,-0.188,1,0.071,7,22
39.94793,56841,0.826,0.712,-0.24,-70,-0.112,-77,0,0,0,0.49,476,476,312,0,0.272,-16.86,-0.5925,0,0,-0.154,1,0.069,8,22
39.99561,56881,0.814,0.675,-0.17,-47,-0.075,-87,0,0,0,0.21,495,495,314,0,0.296,8.38,1,0,0,-0.013,1,0.08,6,22
40.01844,56901,0.804,0.659,1.16,-37,-0.059,-117,0,0,0,-0.49,529,529,312,0,0.275,-20.88,-1,0,0,0.004,1,0.094,6,22
40.02878,56921,0.808,0.648,-0.73,-30,-0.048,-88,0,0,0,-0.49,526,526,311,0,0.261,-20.37,-0.8493,0,0,-0.017,1,0.112,5,22
40.0466,56941,0.784,0.622,0.11,-14,-0.022,-112,0,0,0,-1.47,574,574,311,0,0.255,-33.99,-1,0,0,-0.218,1,0.084,7,22
40.10829,56981,0.765,0.595,-1.01,3,0.005,-96,0,0,0,-0,510,510,311,0,0.265,-26.52,-1,0,0,-0.073,1,0.099,5,22
40.11154,57001,0.752,0.565,-2.62,22,0.035,-64,0,0,0,1.12,455,455,313,0,0.271,-10.99,-0.0401,0,0,-0.038,1,0.132,4,22
40.13069,57021,0.714,0.555,-2.2,28,0.045,-64,0,0,0,0.07,507,507,314,0,0.286,-9.09,-0.1536,0,0,-0.038,1,0.137,5,22
40.14701,57041,0.683,0.542,-2.27,36,0.058,-45,0,0,0,0.21,501,501,312,0,0.26,-18.86,-0.796,0,0,-0.133,1,0.151,3,22
40.1936,57081,0.578,0.526,-1.85,46,0.074,-1,0,0,0,-0.28,525,525,312,0,0.269,-15.34,-0.4584,0,0,-0.038,1,0.155,2,22
40.21099,57101,0.538,0.526,-3.25,46,0.074,48,0,0,0,-0.07,514,514,310,0,0.259,-23.26,-1,0,0,-0.107,1,0.132,4,22
40.23049,57121,0.495,0.528,-2.2,45,0.072,73,0,0,0,0.14,506,506,313,0,0.262,-18.1,-0.6424,0,0,-0.047,1,0.137,2,22
40.25578,57141,0.442,0.533,-2.2,42,0.067,95,0,0,0,-0.49,537,537,311,0,0.266,-15.73,-0.4046,0,0,-0.021,1,0.169,1,22
40.30915,57181,0.403,0.558,-0.66,26,0.042,115,0,0,0,0.77,472,472,313,0,0.27,-11.01,-0.1835,0,0,0.004,1,0.169,2,22
40.30957,57201,0.389,0.574,0.81,16,0.026,102,0,0,0,0.84,468,468,311,0,0.267,-12.6,-0.1932,0,0,-0.021,1,0.174,0,22
40.32857,57221,0.382,0.602,0.32,-1,-0.002,140,0,0,0,0.35,491,491,311,0,0.29,-16.25,-1,0,0,-0.034,1,0.109,4,22
40.34928,57241,0.399,0.616,1.92,-10,-0.016,92,0,0,0,1.68,426,426,311,0,0.273,-12.01,-0.1997,0,0,-0.145,1,0.144,2,22
40.39119,57281,0.415,0.661,0.25,-38,-0.061,150,0,0,0,0.77,468,468,308,0,0.267,-14.13,-0.4078,0,0,-0.021,1,0.166,2,22
40.40913,57301,0.428,0.677,0.67,-48,-0.077,156,0,0,0,0.07,503,503,307,0,0.263,-21.49,-1,0,0,-0.021,1,0.172,1,22
40.42883,57321,0.439,0.69,0.04,-56,-0.09,160,0,0,0,0.28,493,493,305,0,0.265,-14.59,-0.4355,0,0,-0.073,1,0.174,0,22
40.44623,57341,0.457,0.712,0.11,-70,-0.112,168,0,0,0,-0.07,513,513,304,0,0.266,-11.73,-0.0815,0,0,-0.043,1,0.176,2,22
40.50641,57381,0.486,0.734,0.67,-84,-0.134,150,0,0,0,0.77,473,473,304,0,0.272,-20.82,-1,0,0,0.004,1,0.161,1,22
40.50985,57401,0.5,0.747,-0.94,-92,-0.147,181,0,0,0,0.7,477,477,306,0,0.25,-16.95,-0.463,0,0,0.004,1,0.17,4,22
40.53236,57421,0.489,0.765,-0.1,-103,-0.165,179,0,0,0,1.19,454,454,306,0,0.248,-14.49,-0.238,0,0,0.064,1,0.187,3,22
40.54523,57441,0.523,0.774,0.32,-109,-0.174,159,0,0,0,0.35,490,490,305,0,0.286,-7.2,-0.0372,0,0,0.077,1,0.183,0,22
40.59493,57481,0.497,0.802,-0.03,-126,-0.202,201,0,0,0,-0.49,528,528,306,0,0.248,-23.46,-0.9545,0,0,0.004,1,0.193,18,22
40.61096,57501,0.504,0.813,1.79,-133,-0.213,168,0,0,0,-0.63,535,535,305,0,0.261,-20.7,-0.8353,0,0,-0.004,1,0.169,2,22
40.62918,57521,0.523,0.827,0.81,-142,-0.227,189,0,0,0,-0.07,507,507,304,0,0.285,-9.2,-0.156,0,0,-0.004,1,0.177,1,22
40.64747,57541,0.549,0.843,1.58,-152,-0.243,162,0,0,0,0.7,471,471,306,0,0.261,-20.12,-0.9363,0,0,0,1,0.174,1,22
40.70905,57581,0.584,0.862,0.88,-164,-0.262,164,0,0,0,0.42,490,490,307,0,0.231,-25.98,-0.8525,0,0,0.051,1,0.189,0,22
40.71096,57601,0.576,0.867,1.16,-167,-0.267,161,0,0,0,-1.4,579,579,305,0,0.261,-19.15,-0.8049,0,0,0.141,1,0.18,0,22
40.72937,57621,0.559,0.875,-2.41,-172,-0.275,249,0,0,0,-1.4,574,574,303,0,0.261,-19.15,-0.8049,0,0,0.043,1,0.18,20,22
40.74666,57641,0.605,0.885,0.88,-178,-0.285,166,0,0,0,-0.42,523,523,303,0,0.261,-21.71,-0.9701,0,0,0.017,1,0.17,1,22
40.79249,57681,0.689,0.904,2.48,-190,-0.304,91,0,0,0,-0.56,533,533,304,0,0.259,-23.22,-0.9991,0,0,-0.004,1,0.155,2,22
40.80974,57701,0.717,0.902,1.16,-189,-0.302,103,0,0,0,0.14,502,502,304,0,0.259,-23.22,-0.9991,0,0,0.017,1,0.155,22,22
40.83435,57721,0.734,0.902,3.25,-189,-0.302,40,0,0,0,2.45,390,390,303,0,0.251,-21.62,-0.7789,0,0,0.115,1,0.183,0,22
40.85238,57741,0.838,0.896,3.04,-185,-0.296,9,0,0,0,-2.38,623,623,305,0,0.251,-21.62,-0.7789,0,0,0.15,1,0.183,20,22
40.90774,57781,0.821,0.902,4.51,-189,-0.302,-23,0,0,0,-0.63,540,540,302,0,0.266,-12.85,-0.1481,0,0,0.004,1,0.177,0,22
40.91088,57801,0.814,0.894,2.97,-184,-0.294,-7,0,0,0,-1.26,574,574,301,0,0.273,-13.5,-0.2081,0,0,-0.009,1,0.143,4,22
40.93276,57821,0.832,0.875,2.06,-172,-0.275,-8,0,0,0,0.49,490,490,302,0,0.257,-18.34,-0.6576,0,0,0.064,1,0.17,1,22
40.94697,57841,0.804,0.856,-1.64,-160,-0.256,68,0,0,0,-2.59,637,637,306,0,0.252,-22.12,-0.8271,0,0,0.257,1,0.164,2,22
40.99133,57881,0.813,0.819,-1.92,-137,-0.219,43,0,0,0,-1.12,559,559,310,0,0.263,-19.19,-0.765,0,0,0.013,1,0.137,2,22
41.00979,57901,0.803,0.794,-1.43,-121,-0.194,15,0,0,0,-0.28,515,515,309,0,0.267,-19.26,-0.7875,0,0,-0.03,1,0.116,4,22
41.02775,57921,0.831,0.773,0.11,-108,-0.173,-31,0,0,0,-0.63,541,541,311,0,0.266,-25.12,-1,0,0,0.004,1,0.09,6,22
41.04843,57941,0.817,0.76,-0.94,-100,-0.16,-19,0,0,0,-0.56,545,545,312,0,0.273,-13.74,-0.355,0,0,0.021,1,0.114,5,22
41.11213,57981,0.895,0.731,-0.31,-82,-0.131,-66,0,0,0,-1.75,626,626,315,0,0.255,-24.28,-1,0,0,0.128,1,0.136,3,22
41.11226,58001,0.851,0.714,4.02,-71,-0.114,-161,0,0,0,-0.14,543,543,319,0,0.282,-7.52,0.3148,0,0,-0.026,1,0.106,5,22
41.13563,58021,0.822,0.702,0.18,-64,-0.102,-71,0,0,0,-0.63,567,567,318,0,0.291,-5.63,0.2192,0,0,-0.013,1,0.108,4,22
41.14615,58041,0.804,0.691,1.65,-57,-0.091,-110,0,0,0,-0.28,551,551,321,0,0.282,-10.88,-0.2742,0,0,-0.013,1,0.09,8,22
41.19253,58081,0.785,0.651,-0.24,-32,-0.051,-91,0,0,0,0.14,537,537,323,0,0.268,-16.25,-0.5319,0,0,0.115,1,0.107,5,22
41.21079,58101,0.787,0.64,2.55,-25,-0.04,-125,0,0,0,0.56,514,514,325,0,0.274,-8.94,0.1102,0,0,0.167,1,0.119,6,22
41.23699,58121,0.677,0.622,0.88,-14,-0.022,-60,0,0,0,-1.19,599,599,327,0,0.283,-6.22,0.0332,0,0,-0.021,1,0.104,6,22
41.24537,58141,0.636,0.608,0.25,-5,-0.008,-27,0,0,0,-0.77,578,578,326,0,0.273,-16.3,-0.1764,0,0,-0.03,1,0.067,7,22
41.29521,58181,0.599,0.594,0.74,4,0.006,-25,0,0,0,-0.42,564,564,332,0,0.275,-11.85,-0.2025,0,0,0,1,0.085,7,22
41.31294,58201,0.601,0.594,-1.5,4,0.006,25,0,0,0,-0.7,580,580,331,0,0.303,15.93,1,0,0,0.013,1,0.077,8,22
41.33404,58221,0.585,0.598,-0.1,1,0.002,6,0,0,0,0.42,524,524,333,0,0.29,6.5,1,0,0,0.017,1,0.085,7,22
41.3495,58241,0.584,0.595,-0.73,3,0.005,24,0,0,0,-0.7,581,581,335,0,0.274,-7.52,0.4346,0,0,0.017,1,0.095,6,22
41.39171,58281,0.583,0.603,-0.24,-2,-0.003,16,0,0,0,0.14,529,529,331,0,0.269,-3.68,1,0,0,0.021,1,0.096,6,22
41.41247,58301,0.604,0.602,1.37,-1,-0.002,-24,0,0,0,0.42,513,513,334,0,0.27,-3.8,1,0,0,-0.009,1,0.071,8,22
41.42842,58321,0.607,0.6,0.88,0,0,-14,0,0,0,-2.24,644,644,331,0,0.299,14.28,1,0,0,-0.137,1,0.07,8,22
41.44798,58341,0.662,0.602,2.06,-1,-0.002,-82,0,0,0,-0.42,558,558,331,0,0.311,15.03,1,0,0,-0.103,1,0.032,10,22
41.50795,58381,0.73,0.582,2.41,11,0.018,-153,0,0,0,0.42,520,520,334,0,0.264,-26.92,-1,0,0,-0.107,1,0.058,9,22
41.51133,58401,0.736,0.574,0.6,16,0.026,-112,0,0,0,0.07,539,539,334,0,0.298,3.26,1,0,0,-0.056,1,0.064,8,22
41.52954,58421,0.733,0.558,0.25,26,0.042,-123,0,0,0,0.98,492,492,336,0,0.276,0.48,1,0,0,-0.047,1,0.11,6,22
41.54835,58441,0.736,0.544,0.6,35,0.056,-137,0,0,0,-0.77,581,581,334,0,0.273,-21.34,-1,0,0,-0.124,1,0.082,6,22
41.59357,58481,0.731,0.517,-0.03,52,0.083,-134,0,0,0,0.98,494,494,335,0,0.296,-16.21,-1,0,0,-0.073,1,0.047,9,22
41.6093,58501,0.75,0.502,-0.24,61,0.098,-160,0,0,0,-0.21,557,557,335,0,0.269,-17.68,-0.6424,0,0,-0.107,1,0.1,7,22
41.62695,58521,0.735,0.486,-0.03,71,0.114,-159,0,0,0,0.07,544,544,337,0,0.27,-21.84,-1,0,0,-0.073,1,0.095,6,22
41.64941,58541,0.696,0.47,-1.43,81,0.13,-122,0,0,0,-0.7,584,584,334,0,0.308,5.22,1,0,0,-0.103,1,0.103,6,22
41.70959,58581,0.646,0.448,-2.9,95,0.152,-72,0,0,0,-0.56,580,580,335,0,0.284,-5.12,0.4748,0,0,-0.047,1,0.15,4,22
41.71514,58601,0.626,0.446,-1.29,96,0.154,-96,0,0,0,-0,551,551,335,0,0.274,-18.4,-0.6991,0,0,-0.021,1,0.121,5,22
41.73275,58621,0.593,0.44,-1.22,100,0.16,-86,0,0,0,0.49,525,525,333,0,0.276,-15.43,-0.5687,0,0,-0.064,1,0.133,4,22
41.75629,58641,0.566,0.43,-1.22,106,0.17,-67,0,0,0,0.28,536,536,335,0,0.281,-13.02,-0.3579,0,0,-0.145,1,0.133,4,22
41.79219,58681,0.501,0.43,0.53,106,0.17,-56,0,0,0,0.07,548,548,334,0,0.291,-16.05,-0.9261,0,0,-0.103,1,0.106,5,22
41.81059,58701,0.454,0.443,-2.62,98,0.157,41,0,0,0,-0.42,573,573,334,0,0.274,-19.69,-1,0,0,-0.047,1,0.136,3,22
41.83273,58721,0.416,0.451,-0.94,93,0.149,39,0,0,0,-0.07,556,556,332,0,0.277,-14.65,-0.4957,0,0,-0.03,1,0.126,4,22
41.85588,58741,0.383,0.462,-0.87,86,0.138,66,0,0,0,-0,552,552,333,0,0.283,-13.86,-0.5493,0,0,-0.038,1,0.156,2,22
41.90796,58781,0.342,0.501,-1.36,62,0.099,132,0,0,0,-0.14,560,560,332,0,0.289,-6.83,0.0215,0,0,-0.034,1,0.157,2,22
41.91237,58801,0.312,0.522,-1.15,49,0.078,155,0,0,0,0.28,539,539,335,0,0.276,-20.74,-1,0,0,-0.013,1,0.153,2,22
41.93045,58821,0.295,0.549,0.11,32,0.051,158,0,0,0,0.91,507,507,334,0,0.269,-13.39,-0.3771,0,0,0.009,1,0.179,1,22
41.9529,58841,0.282,0.581,-0.45,12,0.019,203,0,0,0,0.91,507,507,333,0,0.269,-13.39,-0.3771,0,0,0.004,1,0.179,21,22
41.9991,58881,0.272,0.65,0.81,-31,-0.05,229,0,0,0,1.26,488,488,333,0,0.266,-23.07,-1,0,0,-0.017,1,0.163,2,22
42.01067,58901,0.286,0.683,1.37,-52,-0.083,231,0,0,0,0.84,508,508,329,0,0.253,-25.37,-1,0,0,-0.013,1,0.164,3,22
42.02834,58921,0.321,0.717,1.65,-73,-0.117,229,0,0,0,1.26,487,487,330,0,0.289,-7.55,-0.0287,0,0,-0.124,1,0.155,2,22
42.04629,58941,0.379,0.752,2.83,-95,-0.152,190,0,0,0,-0.14,559,559,329,0,0.283,-18.42,-1,0,0,-0.081,1,0.146,3,22
42.11217,58981,0.42,0.806,1.86,-129,-0.206,217,0,0,0,0.56,526,526,329,0,0.253,-26.08,-1,0,0,0.009,1,0.176,1,22
42.11236,59001,0.453,0.821,1.16,-138,-0.221,219,0,0,0,0.14,547,547,327,0,0.283,-30.86,-1,0,0,0.004,1,0.07,7,22
42.1344,59021,0.462,0.843,0.74,-152,-0.243,230,0,0,0,0.35,536,536,325,0,0.272,-14.08,-0.5774,0,0,0.004,1,0.174,1,22
42.1562,59041,0.468,0.864,-0.1,-165,-0.264,260,0,0,0,0.28,540,540,325,0,0.272,-20.12,-1,0,0,0,1,0.178,0,22
42.19435,59081,0.487,0.898,0.25,-186,-0.298,263,0,0,0,0.49,530,530,326,0,0.265,-18.75,-0.7747,0,0,0,1,0.181,1,22
42.20977,59101,0.486,0.915,-0.45,-197,-0.315,287,0,0,0,0.98,507,507,326,0,0.262,-20.41,-0.927,0,0,0.004,1,0.196,0,22
42.22777,59121,0.479,0.933,-0.73,-208,-0.333,307,0,0,0,0.7,522,522,326,0,0.268,-16.33,-0.7376,0,0,0.021,1,0.159,4,22
42.24741,59141,0.473,0.942,-1.36,-214,-0.342,328,0,0,0,1.19,498,498,325,0,0.25,-27.27,-1,0,0,0.021,1,0.155,4,22
42.30823,59181,0.458,0.979,0.32,-237,-0.379,339,0,0,0,-0,548,548,327,0,0.271,-15.03,-0.5887,0,0,0.09,1,0.185,1,22
42.31098,59201,0.438,1.003,2.27,-252,-0.403,324,0,0,0,-0.21,557,557,326,0,0.271,-15.03,-0.5887,0,0,0.051,1,0.185,21,22
42.33104,59221,0.431,1.035,1.09,-272,-0.435,375,0,0,0,-0.14,554,554,327,0,0.47,39.34,0.8498,0,0,0,1,0.421,18,22
42.35545,59241,0.447,1.032,2.55,-270,-0.432,332,0,0,0,1.26,485,485,336,0,0.507,15.1,-0.1511,0,0,0,1,0.66,17,22
42.39568,59281,0.442,1.058,-1.78,-286,-0.458,421,0,0,0,1.05,480,480,344,0,0.252,-19.19,-0.6642,0,0,0.231,1,0.189,0,22
42.41182,59301,0.415,1.09,2.13,-306,-0.49,394,0,0,0,-1.26,593,593,340,0,0.28,-5.75,0.0983,0,0,0.098,1,0.186,1,22
42.42905,59321,0.414,1.061,-1.08,-288,-0.461,436,0,0,0,-1.26,595,595,351,0,0.268,-17.47,-0.8381,0,0,0.06,1,0.162,3,22
42.44787,59341,0.488,1.026,2.2,-266,-0.426,313,0,0,0,-0.07,535,535,371,0,0.278,-13.73,-0.474,0,0,-0.009,1,0.146,3,22
42.51643,59381,0.646,1.022,3.18,-264,-0.422,191,0,0,0,1.19,482,482,383,0,0.281,-9.58,0.0691,0,0,0.03,1,0.148,2,22
42.51657,59401,0.649,1.019,-5.7,-262,-0.419,352,0,0,0,1.19,480,480,384,0,0.282,-3.44,0.712,0,0,0.248,1,0.158,2,22
42.52815,59421,0.84,1.008,-4.93,-255,-0.408,227,0,0,0,0.49,533,533,384,0,0.282,-4.23,0.4464,0,0,0.124,1,0.171,1,22
42.54723,59441,0.919,0.963,0.95,-227,-0.363,16,0,0,0,-0.84,609,609,391,0,0.261,-18.72,-0.6302,0,0,0.056,1,0.168,2,22
42.59241,59481,0.961,0.984,0.95,-240,-0.384,-4,0,0,0,-0.42,588,588,368,0,0.278,-16.59,-0.7569,0,0,0.013,1,0.108,5,22
42.61196,59501,0.958,1.021,-1.22,-263,-0.421,63,0,0,0,0.77,539,539,346,0,0.291,-4.22,0.3753,0,0,0.034,1,0.117,5,22
42.63832,59521,0.755,1.006,-16.96,-254,-0.406,451,0,0,0,5.38,307,307,339,0,0.281,-17.19,-0.9224,0,0,0.231,1,0.106,6,22
42.64825,59541,0.866,0.981,-3.81,-238,-0.381,185,0,0,0,-3.08,736,736,339,0,0.261,-23.37,-1,0,0,0.18,1,0.127,4,22
42.7098,59581,0.667,0.963,2.13,-227,-0.363,156,0,0,0,-0.98,630,630,337,0,0.308,8.91,1,0,0,-0.03,1,0.093,7,22
42.71241,59601,0.657,0.958,1.23,-224,-0.358,173,0,0,0,-0.56,616,616,340,0,0.304,10.95,1,0,0,0.017,1,0.07,9,22
42.72942,59621,0.673,0.955,1.86,-222,-0.355,147,0,0,0,0.56,566,566,346,0,0.265,-18.82,-0.9183,0,0,0.047,1,0.088,9,22
42.75041,59641,0.524,0.96,-5.07,-225,-0.36,357,0,0,0,0.07,571,571,349,0,0.276,-11.22,-0.0719,0,0,0.269,1,0.087,7,22
42.79943,59681,0.647,0.968,-2.2,-230,-0.368,258,0,0,0,-0.42,572,572,350,0,0.269,-16.71,-0.1161,0,0,0.004,1,0.057,9,22
42.81468,59701,0.682,0.962,1.92,-226,-0.362,148,0,0,0,-1.4,632,632,352,0,0.311,18.63,1,0,0,-0.051,1,0.063,9,22
42.83372,59721,0.719,0.966,3.6,-229,-0.366,99,0,0,0,-1.61,644,644,353,0,0.277,2.18,1,0,0,-0.03,1,0.052,11,22
42.85269,59741,0.784,0.97,2.2,-231,-0.37,81,0,0,0,-0.21,579,579,353,0,0.307,19.02,1,0,0,-0.004,1,0.041,11,22
42.91428,59781,0.88,0.949,1.44,-218,-0.349,19,0,0,0,0.07,571,571,355,0,0.265,-22.71,-1,0,0,-0.086,1,0.056,10,22
42.91441,59801,0.919,0.928,1.99,-205,-0.328,-28,0,0,0,-0.14,583,583,356,0,0.264,-22.63,-1,0,0,-0.034,1,0.062,10,22
42.92876,59821,0.962,0.912,1.16,-195,-0.312,-52,0,0,0,-0.07,578,578,355,0,0.274,-19.49,-0.6776,0,0,-0.004,1,0.059,9,22
42.94698,59841,0.998,0.886,1.09,-179,-0.286,-91,0,0,0,-0,571,571,354,0,0.284,-14.4,-0.5935,0,0,-0.013,1,0.064,9,22
43.00557,59881,1.105,0.813,3.04,-133,-0.213,-251,0,0,0,0.21,559,559,357,0,0.283,-19.59,-1,0,0,-0.15,1,0.056,10,22
43.00879,59901,1.069,0.771,-1.64,-107,-0.171,-158,0,0,0,0.42,551,551,357,0,0.276,-31.88,-1,0,0,-0.056,1,0.047,10,22
43.02651,59921,1.025,0.712,0.04,-70,-0.112,-208,0,0,0,0.35,553,553,357,0,0.285,-22.33,-1,0,0,-0.051,1,0.07,9,22
43.04482,59941,1.055,0.674,-0.03,-46,-0.074,-241,0,0,0,-1.75,663,663,357,0,0.275,-15.15,-0.1821,0,0,-0.111,1,0.07,9,22
43.10773,59981,0.922,0.581,-3.04,12,0.019,-164,0,0,0,-0.84,619,619,358,0,0.293,-6.36,0.1577,0,0,-0.115,1,0.101,8,22
43.11248,60001,0.86,0.544,-5.35,35,0.056,-107,0,0,0,-0.21,590,590,358,0,0.28,-23.07,-1,0,0,-0.09,1,0.094,8,22
43.13006,60021,0.798,0.517,-3.95,52,0.083,-114,0,0,0,0.42,560,560,359,0,0.281,-18.66,-1,0,0,-0.107,1,0.088,7,22
43.14901,60041,0.725,0.491,-5.63,68,0.109,-51,0,0,0,-0.42,605,605,359,0,0.286,-9.97,-0.0094,0,0,-0.094,1,0.11,7,22
43.19121,60081,0.571,0.472,-3.04,80,0.128,-12,0,0,0,1.05,534,534,361,0,0.273,-16.66,-0.5542,0,0,-0.133,1,0.131,5,22
43.21144,60101,0.471,0.475,-3.32,78,0.125,67,0,0,0,1.05,534,534,360,0,0.285,-9.44,-0.155,0,0,-0.06,1,0.125,5,22
43.22794,60121,0.38,0.485,-4.58,72,0.115,152,0,0,0,0.56,558,558,361,0,0.259,-22.46,-0.9576,0,0,-0.124,1,0.144,4,22
43.25481,60141,0.312,0.507,-2.83,58,0.093,177,0,0,0,0.84,545,545,360,0,0.291,-4.9,0.3212,0,0,-0.06,1,0.133,4,22
43.30978,60181,0.234,0.566,-0.17,21,0.034,215,0,0,0,0.21,576,576,359,0,0.269,-16.18,-0.6875,0,0,-0.12,1,0.16,4,22
43.31329,60201,0.191,0.616,-1.15,-10,-0.016,298,0,0,0,1.19,527,527,358,0,0.29,-7.66,-0.1469,0,0,-0.056,1,0.115,6,22
43.33276,60221,0.162,0.666,1.16,-41,-0.066,297,0,0,0,0.56,558,558,359,0,0.275,-9.95,-0.0777,0,0,-0.051,1,0.16,3,22
43.35103,60241,0.181,0.712,0.74,-70,-0.112,337,0,0,0,1.68,503,503,360,0,0.267,-19.2,-0.9471,0,0,-0.115,1,0.162,3,22
43.395,60281,0.202,0.814,1.72,-134,-0.214,365,0,0,0,0.84,533,533,354,0,0.269,-24.47,-1,0,0,-0.038,1,0.156,3,22
43.41134,60301,0.24,0.84,1.79,-150,-0.24,357,0,0,0,-0.07,578,578,353,0,0.257,-21.2,-0.9945,0,0,-0.098,1,0.167,3,22
43.42936,60321,0.295,0.886,2.76,-179,-0.286,332,0,0,0,0.42,554,554,353,0,0.275,-14.37,-0.6844,0,0,-0.077,1,0.165,2,22
43.44663,60341,0.327,0.93,2.34,-206,-0.33,346,0,0,0,0.14,569,569,351,0,0.281,-15.81,-0.9915,0,0,-0.06,1,0.148,4,22
43.50888,60381,0.421,1,0.39,-250,-0.4,373,0,0,0,1.54,501,501,349,0,0.282,-16.31,-0.9423,0,0,-0.047,1,0.146,5,22
43.51658,60401,0.456,1.026,1.79,-266,-0.426,338,0,0,0,0.91,533,533,347,0,0.26,-21.17,-1,0,0,0.004,1,0.188,3,22
43.5381,60421,0.507,1.046,2.27,-279,-0.446,309,0,0,0,0.56,551,551,347,0,0.259,-25.19,-1,0,0,0.004,1,0.179,1,22
43.54668,60441,0.521,1.07,2.2,-294,-0.47,313,0,0,0,0.28,563,563,344,0,0.259,-22.43,-1,0,0,-0.017,1,0.21,0,22
43.59759,60481,0.565,1.11,0.25,-319,-0.51,347,0,0,0,0.63,540,540,342,0,0.278,-17.67,-0.9769,0,0,-0.004,1,0.156,3,22
43.61306,60501,0.583,1.131,2.62,-332,-0.531,311,0,0,0,0.35,552,552,341,0,0.27,-18.93,-0.9574,0,0,-0.098,1,0.181,1,22
43.63305,60521,0.623,1.141,1.44,-338,-0.541,317,0,0,0,0.91,529,529,342,0,0.288,-10.45,-0.5593,0,0,-0.115,1,0.128,6,22
43.65091,60541,0.56,1.152,1.79,-345,-0.552,349,0,0,0,0.7,536,536,342,0,0.279,-11.46,-0.5103,0,0,0.004,1,0.187,1,22
43.70713,60581,0.521,1.07,0.11,-294,-0.47,346,0,0,0,0.35,555,555,375,0,0.295,-5.16,-0.2049,0,0,0.004,1,0.188,1,22
43.70958,60601,0.529,1.016,-2.06,-260,-0.416,359,0,0,0,1.33,506,506,398,0,0.282,-10.05,-0.411,0,0,0.004,1,0.181,1,22
43.73065,60621,0.509,1.032,-1.78,-270,-0.432,364,0,0,0,0.77,534,534,396,0,0.261,-17.31,-0.7524,0,0,0,1,0.217,0,22
43.74608,60641,0.489,1.042,-2.55,-276,-0.442,411,0,0,0,0.21,562,562,395,0,0.27,-15.07,-0.6081,0,0,0,1,0.182,1,22
43.79897,60681,0.398,1.062,-3.6,-289,-0.462,502,0,0,0,0.07,570,570,396,0,0.279,-13.96,-0.7573,0,0,0.013,1,0.178,2,22
43.81005,60701,0.345,1.014,-2.34,-259,-0.414,471,0,0,0,1.26,511,511,418,0,0.277,-12.45,-0.531,0,0,0.034,1,0.179,2,22
43.82734,60721,0.269,1.085,-4.65,-303,-0.485,612,0,0,0,1.96,467,467,406,0,0.251,-21.77,-0.9083,0,0,0.111,1,0.181,1,22
43.84789,60741,0.225,1.226,-5.14,-391,-0.626,754,0,0,0,-0,562,562,372,0,0.271,-13.45,-0.5425,0,0,0.06,1,0.176,3,22
43.89967,60781,0.133,1.472,0.53,-545,-0.872,862,0,0,0,-0.28,576,576,329,0,0.263,-21.96,-1,0,0,0.004,1,0.17,3,22
43.91418,60801,0.133,1.502,3.46,-564,-0.902,820,0,0,0,1.33,496,496,346,0,0.26,-26.83,-1,0,0,0.026,1,0.134,5,22
43.9308,60821,0.149,1.611,2.48,-632,-1.011,904,0,0,0,2.52,405,405,338,0,0.264,-18.45,-0.9917,0,0,0.034,1,0.164,2,22
43.94923,60841,0.187,1.595,2.83,-622,-0.995,862,0,0,0,0.7,480,480,365,0,0.254,-20.74,-0.9505,0,0,0.218,1,0.192,2,22
44.00295,60881,0.417,1.803,4.86,-752,-1.203,815,0,0,0,-0.42,548,548,328,0,0.268,-13.04,-0.5797,0,0,0.068,1,0.17,3,22
44.01168,60901,0.532,1.859,6.19,-787,-1.259,751,0,0,0,0.49,501,501,326,0,0.272,-22.72,-1,0,0,-0.004,1,0.141,4,22
44.03061,60921,0.609,1.938,5.84,-836,-1.338,754,0,0,0,-0.21,537,537,317,0,0.321,10.29,1,0,0,0.026,1,0.165,4,22
44.04751,60941,0.724,1.97,5.56,-856,-1.37,706,0,0,0,-0.35,551,551,317,0,0.266,-21.27,-1,0,0,0.038,1,0.175,3,22
44.10773,60981,0.986,2.101,16.89,-938,-1.501,409,0,0,0,2.1,406,406,284,0,0.276,-13.42,-0.4724,0,0,0.231,1,0.17,3,22
44.11107,61001,0.929,2.069,7.73,-918,-1.469,581,0,0,0,-1.75,590,590,294,0,0.257,-18.28,-0.7436,0,0,0.094,1,0.158,5,22
44.12856,61021,0.973,2.056,5.77,-910,-1.456,586,0,0,0,-2.24,640,640,290,0,0.28,-16.04,-0.7998,0,0,0.026,1,0.153,4,22
44.15184,61041,1.13,2.04,4.16,-900,-1.44,516,0,0,0,-1.75,639,639,297,0,0.287,-17.02,-1,0,0,-0.013,1,0.14,5,22
44.19271,61081,1.387,1.904,1.86,-815,-1.304,304,0,0,0,2.1,461,461,334,0,0.292,-12.46,-0.697,0,0,0.073,1,0.137,5,22
44.21087,61101,1.419,1.878,17.1,-799,-1.278,-34,0,0,0,-0.7,597,597,323,0,0.262,-22.47,-0.9835,0,0,0.257,1,0.176,4,22
44.23643,61121,1.425,1.83,3.04,-769,-1.23,202,0,0,0,-2.17,674,674,322,0,0.28,-19.71,-1,0,0,0.086,1,0.156,4,22
44.24982,61141,1.526,1.886,1.58,-804,-1.286,200,0,0,0,-2.03,665,665,281,0,0.317,3.53,1,0,0,0.021,1,0.108,6,22
44.30747,61181,1.677,1.419,-1.36,-512,-0.819,-147,0,0,0,0.21,573,573,388,0,0.326,5.38,1,0,0,0.038,1,0.083,8,22
44.31084,61201,1.694,1.242,-2.48,-401,-0.642,-243,0,0,0,-0.35,614,614,417,0,0.28,-22.31,-1,0,0,0.051,1,0.126,5,22
44.32867,61221,1.642,1.17,-8.14,-356,-0.57,-166,0,0,0,0.84,569,569,403,0,0.313,-3.84,-0.1535,0,0,0.201,1,0.107,6,22
44.34773,61241,1.545,1.147,-5.07,-342,-0.547,-172,0,0,0,0.77,574,574,373,0,0.329,15.19,1,0,0,-0.009,1,0.123,6,22
44.39135,61281,1.276,0.987,-7.94,-242,-0.387,-55,0,0,0,0.35,592,592,367,0,0.292,-17.55,-1,0,0,-0.004,1,0.129,7,22
44.41001,61301,1.094,0.909,-9.19,-193,-0.309,54,0,0,0,-0.35,627,627,372,0,0.285,-26.69,-1,0,0,-0.004,1,0.087,7,22
44.43448,61321,0.908,0.869,-7.38,-168,-0.269,99,0,0,0,-0.56,638,638,373,0,0.274,-23.6,-1,0,0,-0.004,1,0.09,7,22
44.45477,61341,0.733,0.851,-7.8,-157,-0.251,224,0,0,0,-0.42,633,633,374,0,0.275,-17.52,-1,0,0,0,1,0.126,5,22
44.5086,61381,0.437,0.854,-4.79,-159,-0.254,362,0,0,0,1.05,561,561,378,0,0.263,-17.34,-0.8229,0,0,0.026,1,0.121,7,22
44.51781,61401,0.348,0.882,-1.92,-176,-0.282,378,0,0,0,-0,606,606,377,0,0.284,-3.32,0.6566,0,0,0.197,1,0.112,7,22
44.52835,61421,0.26,0.93,-1.64,-206,-0.33,460,0,0,0,-0.56,631,631,376,0,0.283,-13.26,-0.8135,0,0,0.004,1,0.081,8,22
44.54635,61441,0.216,0.979,1.92,-237,-0.379,454,0,0,0,-0,602,602,377,0,0.288,1.04,1,0,0,-0.026,1,0.081,8,22
44.59054,61481,0.223,1.074,3.6,-296,-0.474,480,0,0,0,-0.07,605,605,377,0,0.278,0.36,1,0,0,-0.021,1,0.091,9,22
44.61244,61501,0.294,1.126,2.55,-329,-0.526,499,0,0,0,0.7,567,567,379,0,0.282,-17.52,-1,0,0,0,1,0.06,10,22
44.63687,61521,0.389,1.174,5.14,-359,-0.574,410,0,0,0,0.07,599,599,379,0,0.305,12.49,1,0,0,-0.021,1,0.06,11,22
44.64519,61541,0.489,1.214,6.4,-384,-0.614,349,0,0,0,0.21,591,591,382,0,0.284,-6.54,0.3186,0,0,-0.034,1,0.065,10,22
44.70804,61581,0.731,1.259,5.91,-412,-0.659,238,0,0,0,-0.07,612,612,377,0,0.27,-34.84,-1,0,0,-0.073,1,0.075,8,22
44.71002,61601,0.847,1.227,6.82,-392,-0.627,119,0,0,0,0.42,589,589,386,0,0.314,9.95,1,0,0,-0.073,1,0.109,8,22
44.72889,61621,0.956,1.2,4.86,-375,-0.6,71,0,0,0,0.98,565,565,389,0,0.291,-1.63,0.8424,0,0,-0.098,1,0.105,7,22
44.74681,61641,1.025,1.205,4.86,-378,-0.605,21,0,0,0,-0.28,631,631,380,0,0.288,-11.89,-0.3681,0,0,-0.064,1,0.11,8,22
44.79153,61681,1.152,1.166,0.95,-354,-0.566,-4,0,0,0,0.07,614,614,367,0,0.28,-22.13,-1,0,0,-0.115,1,0.106,7,22
44.81076,61701,1.218,1.117,0.81,-323,-0.517,-81,0,0,0,0.63,589,589,368,0,0.298,2.84,1,0,0,-0.06,1,0.154,5,22
44.83368,61721,1.247,1.058,-1.15,-286,-0.458,-99,0,0,0,0.63,588,588,369,0,0.296,-4.83,0.3668,0,0,-0.043,1,0.156,6,22
44.84666,61741,1.249,0.989,-0.03,-243,-0.389,-170,0,0,0,0.07,613,613,373,0,0.288,-8.23,0.0162,0,0,-0.03,1,0.163,4,22
44.91797,61781,1.176,0.861,-1.78,-163,-0.261,-171,0,0,0,-0.7,655,655,374,0,0.292,-15.07,-0.8513,0,0,-0.038,1,0.114,6,22
44.91833,61801,1.093,0.797,-4.02,-123,-0.197,-124,0,0,0,0.07,615,615,378,0,0.294,-15.88,-1,0,0,-0.047,1,0.115,6,22
44.92885,61821,1.032,0.749,-3.11,-93,-0.149,-129,0,0,0,-0.91,667,667,381,0,0.262,-24.95,-1,0,0,-0.086,1,0.159,5,22
44.9482,61841,0.929,0.712,-5.91,-70,-0.112,-37,0,0,0,-0.21,635,635,383,0,0.29,-10.79,-0.4109,0,0,-0.064,1,0.151,5,22
44.99177,61881,0.687,0.656,-6.33,-35,-0.056,99,0,0,0,0.56,598,598,387,0,0.266,-18.78,-0.9418,0,0,0.004,1,0.174,4,22
45.01064,61901,0.578,0.653,-4.65,-33,-0.053,131,0,0,0,-0.21,635,635,386,0,0.271,-16.59,-0.7296,0,0,0.009,1,0.164,4,22
45.02688,61921,0.453,0.654,-5.35,-34,-0.054,228,0,0,0,0.07,619,619,386,0,0.265,-19.73,-0.9864,0,0,-0.009,1,0.163,4,22
45.04496,61941,0.354,0.674,-3.81,-46,-0.074,274,0,0,0,0.07,617,617,385,0,0.264,-23.98,-1,0,0,-0.051,1,0.14,5,22
45.11509,61981,0.228,0.744,-2.34,-90,-0.144,369,0,0,0,1.19,562,562,387,0,0.278,-22.44,-1,0,0,-0.038,1,0.144,6,22
45.11526,62001,0.169,0.795,-2.55,-122,-0.195,462,0,0,0,2.1,511,511,385,0,0.244,-26.42,-1,0,0,-0.043,1,0.163,4,22
45.14082,62021,0.123,0.854,-1.57,-159,-0.254,501,0,0,0,0.91,559,559,385,0,0.277,-10.34,-0.4077,0,0,-0.064,1,0.127,7,22
45.1491,62041,0.094,0.878,0.74,-174,-0.278,504,0,0,0,1.19,546,546,383,0,0.261,-20.94,-1,0,0,-0.047,1,0.155,5,22
45.19434,62081,0.12,1.022,3.32,-264,-0.422,527,0,0,0,0.91,560,560,378,0,0.294,-15.95,-1,0,0,0.009,1,0.075,9,22
45.21146,62101,0.162,1.09,1.72,-306,-0.49,569,0,0,0,1.26,537,537,377,0,0.262,-17.71,-0.8335,0,0,0.004,1,0.183,2,22
45.22799,62121,0.217,1.157,2.69,-348,-0.557,560,0,0,0,0.7,565,565,376,0,0.268,-11.42,-0.4491,0,0,-0.004,1,0.169,4,22
45.24934,62141,0.294,1.182,3.32,-364,-0.582,517,0,0,0,0.21,589,589,383,0,0.256,-22.53,-1,0,0,-0.004,1,0.17,4,22
45.30893,62181,0.456,1.235,4.02,-397,-0.635,434,0,0,0,-0.56,626,626,390,0,0.246,-23.88,-1,0,0,0,1,0.182,3,22
45.31788,62201,0.529,1.302,3.53,-439,-0.702,433,0,0,0,0.28,584,584,381,0,0.256,-22.73,-1,0,0,0.004,1,0.183,2,22
45.33023,62221,0.603,1.28,2.55,-425,-0.68,394,0,0,0,0.63,568,568,395,0,0.261,-16.96,-0.743,0,0,0,1,0.194,3,22
45.34832,62241,0.655,1.312,1.79,-445,-0.712,392,0,0,0,0.42,579,579,388,0,0.262,-18.22,-0.8554,0,0,0,1,0.15,6,22
45.39244,62281,0.728,1.264,1.09,-415,-0.664,325,0,0,0,-0.42,624,624,404,0,0.25,-24.08,-1,0,0,0,1,0.189,2,22
45.4132,62301,0.762,1.23,0.6,-394,-0.63,291,0,0,0,-0.21,614,614,417,0,0.291,-8.4,-0.4669,0,0,0.009,1,0.183,3,22
45.42885,62321,0.765,1.13,-1.71,-331,-0.53,268,0,0,0,0.63,574,574,446,0,0.261,-20.37,-0.9777,0,0,0.021,1,0.188,2,22
45.44726,62341,0.707,1.123,-2.69,-327,-0.523,316,0,0,0,-0.42,625,625,443,0,0.272,-12.32,-0.4858,0,0,0.073,1,0.195,0,22
45.51315,62381,0.618,1.187,-2.62,-367,-0.587,416,0,0,0,-1.19,664,664,417,0,0.266,-19.41,-0.9768,0,0,0.051,1,0.186,2,22
45.51329,62401,0.562,1.218,-3.74,-386,-0.618,493,0,0,0,0.21,592,592,410,0,0.276,-16.51,-0.9645,0,0,0,1,0.182,2,22
45.52947,62421,0.501,1.213,-3.11,-383,-0.613,517,0,0,0,0.98,554,554,415,0,0.277,-16.22,-0.9344,0,0,0.013,1,0.143,6,22
45.55374,62441,0.428,1.235,-3.18,-397,-0.635,582,0,0,0,0.28,593,593,415,0,0.272,-15.05,-0.7565,0,0,0.026,1,0.17,3,22
45.59142,62481,0.334,1.251,8.36,-407,-0.651,397,0,0,0,-0.77,640,640,427,0,0.245,-26.44,-1,0,0,0.218,1,0.173,3,22
45.61846,62501,0.272,1.352,-1.71,-470,-0.752,730,0,0,0,0.56,563,563,406,0,0.276,-6.61,-0.023,0,0,0.06,1,0.169,4,22
45.62779,62521,0.253,1.432,-4.72,-520,-0.832,840,0,0,0,0.42,568,568,394,0,0.265,-9.24,-0.0708,0,0,0.081,1,0.182,3,22
45.64894,62541,0.291,1.466,-1.71,-541,-0.866,795,0,0,0,-0.14,595,595,398,0,0.265,-15.23,-0.5255,0,0,-0.009,1,0.156,4,22
45.70752,62581,0.417,1.606,2.2,-629,-1.006,734,0,0,0,1.54,521,521,389,0,0.283,-4.47,0.5693,0,0,0.03,1,0.133,5,22
45.71275,62601,0.528,1.701,3.46,-688,-1.101,700,0,0,0,2.24,461,461,370,0,0.248,-25.44,-1,0,0,0.047,1,0.164,4,22
45.73291,62621,0.514,1.725,8.5,-703,-1.125,621,0,0,0,-2.24,655,655,368,0,0.236,-23.89,-0.8851,0,0,0.235,1,0.177,3,22
45.74879,62641,0.568,1.749,9.83,-718,-1.149,577,0,0,0,-2.31,670,670,364,0,0.259,-19.09,-0.8397,0,0,0.077,1,0.161,5,22
45.79421,62681,0.798,1.778,5.35,-736,-1.178,540,0,0,0,-0.56,605,605,368,0,0.295,-0.77,0.4708,0,0,-0.013,1,0.14,6,22
45.81128,62701,0.919,1.782,4.02,-739,-1.182,485,0,0,0,-1.68,665,665,370,0,0.281,-13.65,-0.4957,0,0,-0.009,1,0.113,7,22
45.82977,62721,1.081,1.786,6.05,-741,-1.186,349,0,0,0,-0.14,599,599,371,0,0.308,1.38,0.5727,0,0,0.03,1,0.112,7,22
45.84724,62741,1.203,1.776,3.88,-735,-1.176,301,0,0,0,0.49,576,576,368,0,0.292,-16.63,-1,0,0,0.064,1,0.106,7,22
45.90784,62781,1.358,1.544,4.37,-590,-0.944,39,0,0,0,-0.28,599,599,413,0,0.276,-15.54,-0.4121,0,0,0.013,1,0.133,6,22
45.91155,62801,1.406,1.461,-0.45,-538,-0.861,43,0,0,0,-1.47,657,657,413,0,0.284,-15.98,-1,0,0,0.017,1,0.144,5,22
45.93087,62821,1.416,1.243,-1.43,-402,-0.643,-91,0,0,0,-1.26,665,665,455,0,0.288,-8.58,0.1876,0,0,-0.004,1,0.138,7,22
45.94913,62841,1.426,1.059,-4.09,-287,-0.459,-161,0,0,0,-0.49,629,629,489,0,0.294,-5.74,0.1355,0,0,-0.004,1,0.144,5,22
45.99163,62881,1.289,1.141,-3.67,-338,-0.541,-38,0,0,0,-3.5,783,783,400,0,0.285,-8.47,-0.0333,0,0,0.171,1,0.149,4,22
46.0113,62901,1.063,1.09,-11.71,-306,-0.49,228,0,0,0,-1.54,691,691,389,0,0.308,1.99,0.8137,0,0,0.026,1,0.127,5,22
46.03004,62921,0.93,1.045,-5.84,-278,-0.445,168,0,0,0,-0.56,637,637,387,0,0.282,-17.05,-1,0,0,0,1,0.112,8,22
46.04717,62941,0.804,1.01,-7.31,-256,-0.41,279,0,0,0,-1.75,699,699,392,0,0.257,-23.31,-1,0,0,-0.021,1,0.112,8,22
46.11786,62981,0.586,1.011,-5,-257,-0.411,375,0,0,0,-0.21,628,628,397,0,0.284,-9.57,-0.1484,0,0,0.004,1,0.064,10,22
46.11815,63001,0.479,1.026,-3.46,-266,-0.426,409,0,0,0,0.07,616,616,399,0,0.29,-5.79,0.2021,0,0,0.004,1,0.075,9,22
46.13676,63021,0.411,1.045,-0.73,-278,-0.445,427,0,0,0,-0.14,626,626,400,0,0.239,-39.79,-1,0,0,0,1,0.085,9,22
46.15039,63041,0.347,1.085,-0.03,-303,-0.485,472,0,0,0,-0.42,640,640,400,0,0.324,23.32,1,0,0,0,1,0.107,9,22
46.19299,63081,0.327,1.166,2.13,-354,-0.566,504,0,0,0,0.42,596,596,398,0,0.273,-13.41,-0.6242,0,0,-0.009,1,0.098,10,22
46.22099,63101,0.347,1.202,3.6,-376,-0.602,487,0,0,0,0.56,589,589,397,0,0.267,-27.78,-1,0,0,0,1,0.067,10,22
46.22954,63121,0.386,1.218,4.16,-386,-0.618,458,0,0,0,-0.49,640,640,403,0,0.26,-20.09,-1,0,0,-0.009,1,0.106,7,22
46.25217,63141,0.476,1.229,4.86,-393,-0.629,395,0,0,0,-0.49,640,640,411,0,0.262,-18.33,-0.7537,0,0,-0.034,1,0.087,9,22
46.30744,63181,0.706,1.176,4.58,-360,-0.576,225,0,0,0,0.35,599,599,433,0,0.274,-18.71,-1,0,0,-0.06,1,0.089,9,22
46.31286,63201,0.826,1.173,3.67,-358,-0.573,161,0,0,0,-0.14,629,629,436,0,0.292,-8.44,-0.5083,0,0,-0.064,1,0.096,10,22
46.32864,63221,0.932,1.203,3.53,-377,-0.603,112,0,0,0,0.21,614,614,417,0,0.28,-18.19,-1,0,0,-0.068,1,0.08,11,22
46.35355,63241,1.02,1.242,3.18,-401,-0.642,87,0,0,0,0.28,613,613,393,0,0.286,-6.63,0.6882,0,0,-0.077,1,0.089,9,22
46.39621,63281,1.14,1.202,1.3,-376,-0.602,20,0,0,0,0.49,610,610,381,0,0.273,-19.66,-0.9496,0,0,-0.051,1,0.134,6,22
46.40895,63301,1.152,1.16,0.53,-350,-0.56,-1,0,0,0,0.14,627,627,380,0,0.299,-0.43,0.6099,0,0,-0.017,1,0.133,6,22
46.42844,63321,1.155,1.109,0.18,-318,-0.509,-34,0,0,0,-0.14,639,639,382,0,0.301,0.73,0.5922,0,0,0,1,0.15,6,22
46.45803,63341,1.144,1.062,-0.66,-289,-0.462,-40,0,0,0,-0.42,649,649,383,0,0.276,-13.96,-0.3999,0,0,0,1,0.153,6,22
46.50723,63381,1.094,0.973,-2.48,-233,-0.373,-42,0,0,0,1.4,558,558,388,0,0.274,-19.9,-1,0,0,-0.18,1,0.131,7,22
46.51077,63401,1.03,0.922,-3.11,-201,-0.322,-9,0,0,0,0.56,601,601,391,0,0.276,-16.47,-0.6119,0,0,-0.03,1,0.136,5,22
46.52807,63421,0.972,0.886,-4.79,-179,-0.286,31,0,0,0,-0.49,658,658,391,0,0.289,-5.14,0.4333,0,0,-0.09,1,0.122,6,22
46.546,63441,0.902,0.859,-2.69,-162,-0.259,22,0,0,0,-0.28,650,650,390,0,0.271,-21.68,-1,0,0,-0.056,1,0.136,6,22
46.60137,63481,0.744,0.816,-2.2,-135,-0.216,82,0,0,0,-0.56,665,665,392,0,0.262,-13.57,-0.2943,0,0,0.004,1,0.165,7,22
46.61306,63501,0.684,0.808,-3.74,-130,-0.208,149,0,0,0,-0.07,639,639,391,0,0.28,-17.39,-1,0,0,0.009,1,0.144,5,22
46.63426,63521,0.613,0.803,-2.76,-127,-0.203,167,0,0,0,0.77,595,595,395,0,0.273,-8.19,-0.0425,0,0,-0.009,1,0.185,3,22
46.64854,63541,0.534,0.806,-3.88,-129,-0.206,250,0,0,0,-0,632,632,394,0,0.281,-10.98,-0.3792,0,0,-0.034,1,0.133,6,22
46.69535,63581,0.408,0.837,-3.74,-148,-0.237,359,0,0,0,-0.21,644,644,394,0,0.29,-9.41,-0.3122,0,0,-0.051,1,0.122,7,22
46.71546,63601,0.323,0.866,-0.73,-166,-0.266,353,0,0,0,0.56,606,606,392,0,0.288,-4.85,0.0937,0,0,-0.017,1,0.151,5,22
46.73655,63621,0.327,0.901,-0.87,-188,-0.301,395,0,0,0,0.63,603,603,393,0,0.271,-22.53,-1,0,0,-0.068,1,0.143,5,22
46.75756,63641,0.316,0.939,0.74,-212,-0.339,381,0,0,0,0.77,597,597,395,0,0.263,-12.79,-0.426,0,0,-0.051,1,0.186,3,22
46.79334,63681,0.32,1.027,1.02,-267,-0.427,434,0,0,0,1.19,577,577,392,0,0.251,-24.44,-1,0,0,0.004,1,0.137,6,22
46.81094,63701,0.359,1.066,2.41,-291,-0.466,420,0,0,0,0.77,597,597,389,0,0.233,-15.2,-0.3835,0,0,0.004,1,0.248,3,22
46.82855,63721,0.389,1.106,1.3,-316,-0.506,437,0,0,0,0.84,593,593,387,0,0.255,-24.88,-1,0,0,0.004,1,0.17,5,22
46.84654,63741,0.449,1.139,2.9,-337,-0.539,400,0,0,0,1.19,575,575,388,0,0.263,-13.18,-0.5031,0,0,0,1,0.186,4,22
46.9094,63781,0.535,1.181,1.79,-363,-0.581,389,0,0,0,0.7,593,593,385,0,0.291,-4.42,-0.0322,0,0,0,1,0.16,5,22
46.91553,63801,0.573,1.202,1.16,-376,-0.602,385,0,0,0,0.14,621,621,383,0,0.25,-20.58,-0.8418,0,0,0,1,0.177,5,22
46.93198,63821,0.634,1.221,3.46,-388,-0.621,315,0,0,0,-0.49,653,653,381,0,0.26,-22.12,-1,0,0,0,1,0.163,4,22
46.95578,63841,0.68,1.23,2.55,-394,-0.63,307,0,0,0,-0.21,640,640,381,0,0.274,-12.19,-0.4688,0,0,0,1,0.173,5,22
46.99007,63881,0.755,1.248,1.44,-405,-0.648,293,0,0,0,0.42,611,611,380,0,0.27,-12.49,-0.4563,0,0,0,1,0.182,4,22
47.01036,63901,0.779,1.253,1.23,-408,-0.653,282,0,0,0,-0,634,634,379,0,0.267,-20.01,-1,0,0,0,1,0.183,2,22
47.02752,63921,0.807,1.253,0.6,-408,-0.653,279,0,0,0,-0.98,684,684,378,0,0.267,-15.27,-0.6645,0,0,0.013,1,0.156,5,22
47.04833,63941,0.84,1.251,1.23,-407,-0.651,241,0,0,0,0.49,612,612,378,0,0.301,3.28,0.5525,0,0,0.047,1,0.194,1,22
47.11388,63981,0.814,1.232,-1.99,-395,-0.632,312,0,0,0,-0.91,670,670,379,0,0.248,-28.28,-1,0,0,0.038,1,0.192,4,22
47.11401,64001,0.834,1.232,0.11,-395,-0.632,253,0,0,0,-0.56,652,652,381,0,0.256,-25.31,-1,0,0,0.009,1,0.177,3,22
47.12962,64021,0.844,1.222,-0.45,-389,-0.622,255,0,0,0,-1.4,695,695,382,0,0.292,-33.38,-1,0,0,-0.009,1,0.052,10,22
47.14987,64041,0.863,1.211,0.39,-382,-0.611,215,0,0,0,-0.14,636,636,382,0,0.247,-23.89,-0.9608,0,0,0.009,1,0.184,3,22
47.19121,64081,0.817,1.186,-1.15,-366,-0.586,225,0,0,0,0.63,597,597,386,0,0.266,-17.15,-0.7306,0,0,0.205,1,0.193,2,22
47.2093,64101,0.802,1.171,0.11,-357,-0.571,235,0,0,0,0.7,585,585,385,0,0.254,-17.09,-0.5409,0,0,0.026,1,0.17,4,22
47.23293,64121,0.793,1.157,-4.16,-348,-0.557,306,0,0,0,-0.56,644,644,384,0,0.287,-15.75,-0.9499,0,0,0.124,1,0.085,10,22
47.246,64141,0.812,1.146,-0.45,-341,-0.546,223,0,0,0,-0.14,620,620,387,0,0.275,-10.64,-0.3168,0,0,0.03,1,0.182,3,22
47.313,64181,0.821,1.128,0.53,-330,-0.528,186,0,0,0,-0,614,614,388,0,0.294,-4.43,-0.0588,0,0,-0.004,1,0.165,6,22
47.31312,64201,0.827,1.118,-0.8,-324,-0.518,210,0,0,0,0.07,615,615,388,0,0.28,-9.87,-0.2288,0,0,0.017,1,0.159,6,22
47.32746,64221,0.829,1.112,0.32,-320,-0.512,174,0,0,0,0.14,618,618,387,0,0.294,-2.39,0.2781,0,0,0.056,1,0.157,5,22
47.34701,64241,0.795,1.098,1.58,-311,-0.498,154,0,0,0,0.42,604,604,387,0,0.276,-9.38,-0.0523,0,0,0.222,1,0.169,5,22
47.39465,64281,0.784,1.08,-3.46,-300,-0.48,256,0,0,0,-0.91,673,673,387,0,0.264,-17.51,-0.8341,0,0,0.021,1,0.172,4,22
47.41406,64301,0.839,1.066,-0.31,-291,-0.466,147,0,0,0,0.49,604,604,388,0,0.264,-15.89,-0.3512,0,0,-0.009,1,0.156,5,22
47.43205,64321,0.848,1.051,-1.15,-282,-0.451,156,0,0,0,-0.07,635,635,391,0,0.272,-10.76,0.0986,0,0,0,1,0.149,5,22
47.45302,64341,0.85,1.038,-0.52,-274,-0.438,129,0,0,0,-0.91,683,683,390,0,0.272,-14.37,-0.6584,0,0,0.03,1,0.143,6,22
47.50715,64381,0.776,1.018,-5.49,-261,-0.418,246,0,0,0,-0.77,678,678,391,0,0.271,-10.66,-0.0771,0,0,0.09,1,0.169,4,22
47.51498,64401,0.829,0.994,-0.45,-246,-0.394,120,0,0,0,-0.28,647,647,393,0,0.29,-1.53,0.6295,0,0,0.021,1,0.129,8,22
47.52974,64421,0.812,0.976,-1.85,-235,-0.376,142,0,0,0,-0.49,655,655,395,0,0.284,-7.4,-0.165,0,0,-0.043,1,0.131,7,22
47.5562,64441,0.836,0.96,2.2,-225,-0.36,47,0,0,0,-1.54,716,716,396,0,0.316,7.24,1,0,0,0,1,0.054,11,22
47.59278,64481,0.859,0.928,1.79,-205,-0.328,10,0,0,0,-0.07,653,653,400,0,0.255,-28.73,-1,0,0,0.026,1,0.115,10,22
47.61132,64501,0.817,0.91,-5.84,-194,-0.31,165,0,0,0,3.14,493,493,401,0,0.29,-10.15,-0.453,0,0,0.137,1,0.123,7,22
47.62973,64521,0.894,0.891,0.67,-182,-0.291,-9,0,0,0,0.42,620,620,401,0,0.278,-12.54,-0.6609,0,0,0.038,1,0.131,7,22
47.64684,64541,0.907,0.864,-3.11,-165,-0.264,40,0,0,0,-1.05,690,690,404,0,0.287,-8.55,-0.1921,0,0,0.004,1,0.118,7,22
47.71552,64581,0.898,0.814,-1.78,-134,-0.214,-17,0,0,0,-1.47,707,707,404,0,0.291,-1.89,0.7465,0,0,-0.017,1,0.095,9,22
47.71568,64601,0.894,0.786,1.37,-116,-0.186,-100,0,0,0,-0.7,669,669,406,0,0.264,-26.91,-1,0,0,-0.004,1,0.087,9,22
47.73199,64621,0.9,0.76,-1.29,-100,-0.16,-56,0,0,0,-0.84,677,677,408,0,0.271,-25.18,-1,0,0,0,1,0.087,9,22
47.7506,64641,0.892,0.731,-0.66,-82,-0.131,-95,0,0,0,-0.14,643,643,412,0,0.3,-4.54,-0.1785,0,0,0,1,0.087,10,22
47.79212,64681,0.871,0.682,-1.01,-51,-0.082,-108,0,0,0,-0.7,669,669,413,0,0.315,13.41,1,0,0,-0.034,1,0.108,10,22
47.81095,64701,0.847,0.656,-0.73,-35,-0.056,-108,0,0,0,-0.07,637,637,414,0,0.269,-24.94,-1,0,0,-0.026,1,0.08,10,22
47.83339,64721,0.854,0.629,1.23,-18,-0.029,-171,0,0,0,-1.75,727,727,411,0,0.313,5.97,0.9169,0,0,-0.094,1,0.057,11,22
47.84709,64741,0.811,0.603,-2.41,-2,-0.003,-88,0,0,0,-0.49,667,667,412,0,0.325,19.56,1,0,0,-0.047,1,0.077,11,22
47.90898,64781,0.759,0.566,-1.71,21,0.034,-92,0,0,0,-0.07,645,645,414,0,0.282,-13.03,-0.5176,0,0,-0.043,1,0.096,9,22
47.91275,64801,0.734,0.552,0.04,30,0.048,-123,0,0,0,-0.42,663,663,413,0,0.286,-11.53,-0.1637,0,0,-0.124,1,0.073,10,22
47.94071,64821,0.686,0.536,-3.18,40,0.064,-43,0,0,0,-0,645,645,410,0,0.265,-21.53,-1,0,0,-0.056,1,0.108,10,22
47.94921,64841,0.656,0.522,-1.57,49,0.078,-59,0,0,0,0.21,634,634,410,0,0.263,-20.25,-0.9436,0,0,-0.034,1,0.119,9,22
47.99238,64881,0.591,0.514,-1.29,54,0.086,-30,0,0,0,-0.56,676,676,409,0,0.273,-11.65,-0.2055,0,0,-0.064,1,0.132,8,22
48.01059,64901,0.552,0.514,-1.5,54,0.086,7,0,0,0,-0.63,680,680,408,0,0.287,-13.54,-0.7846,0,0,-0.038,1,0.106,8,22
48.02748,64921,0.529,0.515,-1.15,53,0.085,11,0,0,0,-0.42,669,669,407,0,0.263,-16.96,-0.473,0,0,-0.013,1,0.136,6,22
48.04626,64941,0.517,0.515,-0.66,53,0.085,16,0,0,0,-0.14,654,654,409,0,0.28,-11.63,-0.2686,0,0,0,1,0.118,7,22
48.11244,64981,0.481,0.525,0.32,47,0.075,23,0,0,0,0.35,627,627,409,0,0.277,-17.68,-1,0,0,-0.068,1,0.095,10,22
48.11257,65001,0.513,0.541,3.11,37,0.059,-37,0,0,0,-0.63,678,678,408,0,0.268,-17.23,-0.6619,0,0,-0.141,1,0.145,6,22
48.13543,65021,0.487,0.547,0.6,33,0.053,21,0,0,0,-0.42,669,669,408,0,0.267,-15.42,-0.5302,0,0,-0.026,1,0.155,5,22
48.14735,65041,0.504,0.56,1.09,25,0.04,16,0,0,0,-0.07,651,651,407,0,0.251,-30.17,-1,0,0,-0.03,1,0.143,6,22
48.19258,65081,0.557,0.566,1.23,21,0.034,-13,0,0,0,-0.42,671,671,405,0,0.241,-31.97,-1,0,0,-0.051,1,0.155,6,22
48.21673,65101,0.553,0.573,-0.73,17,0.027,27,0,0,0,-0.21,660,660,404,0,0.252,-17.18,-0.5141,0,0,-0.017,1,0.181,5,22
48.23205,65121,0.588,0.571,1.23,18,0.029,-34,0,0,0,0.42,628,628,405,0,0.279,-7.28,0.0961,0,0,0.004,1,0.181,4,22
48.24773,65141,0.602,0.576,0.18,15,0.024,-19,0,0,0,-0,648,648,405,0,0.27,-16.44,-0.6477,0,0,0.004,1,0.169,5,22
48.31891,65181,0.616,0.573,0.6,17,0.027,-39,0,0,0,-0.63,677,677,402,0,0.284,-14.8,-0.6825,0,0,-0.026,1,0.148,6,22
48.31944,65201,0.626,0.573,1.99,17,0.027,-74,0,0,0,-0.35,662,662,401,0,0.283,-15.85,-0.9545,0,0,-0.068,1,0.12,7,22
48.32994,65221,0.665,0.565,0.53,22,0.035,-66,0,0,0,-0.63,680,680,403,0,0.283,-16.45,-0.8571,0,0,-0.111,1,0.127,8,22
48.34953,65241,0.642,0.565,-0.31,22,0.035,-47,0,0,0,-0.77,690,690,404,0,0.288,-17.84,-1,0,0,-0.017,1,0.142,6,22
48.39265,65281,0.616,0.55,-1.01,31,0.05,-28,0,0,0,-0.07,658,658,405,0,0.257,-20.91,-0.8847,0,0,-0.004,1,0.191,3,22
48.41776,65301,0.605,0.55,-1.36,31,0.05,-7,0,0,0,-0.21,666,666,406,0,0.278,-14.24,-0.659,0,0,0.009,1,0.149,7,22
48.42802,65321,0.575,0.549,-1.99,32,0.051,19,0,0,0,-0.07,659,659,405,0,0.264,-20.39,-1,0,0,0,1,0.177,4,22
48.44679,65341,0.552,0.554,-0.8,29,0.046,15,0,0,0,-0.21,664,664,405,0,0.254,-26.5,-1,0,0,0,1,0.184,3,22
48.5098,65381,0.497,0.557,-1.29,27,0.043,59,0,0,0,-0.21,664,664,405,0,0.27,-14.63,-0.5027,0,0,0,1,0.169,5,22
48.519,65401,0.467,0.565,-1.29,22,0.035,86,0,0,0,0.49,629,629,406,0,0.258,-21.48,-0.9597,0,0,0.009,1,0.176,4,22
48.53054,65421,0.454,0.581,-0.87,12,0.019,99,0,0,0,0.56,626,626,405,0,0.268,-18.44,-0.8441,0,0,0.021,1,0.172,5,22
48.5491,65441,0.437,0.598,-0.1,1,0.002,104,0,0,0,0.56,626,626,405,0,0.269,-12.18,-0.3341,0,0,0.03,1,0.189,3,22
48.59138,65481,0.412,0.632,0.88,-20,-0.032,126,0,0,0,0.14,641,641,400,0,0.286,-10.39,-0.3916,0,0,0.051,1,0.163,6,22
48.61571,65501,0.427,0.646,1.02,-29,-0.046,122,0,0,0,-0.63,679,679,401,0,0.283,-4.37,0.1716,0,0,0.013,1,0.172,6,22
48.62745,65521,0.426,0.659,0.81,-37,-0.059,133,0,0,0,-0.77,686,686,402,0,0.24,-30.4,-1,0,0,-0.004,1,0.165,6,22
48.64622,65541,0.454,0.682,1.23,-51,-0.082,125,0,0,0,-0,648,648,401,0,0.276,-14.23,-0.5484,0,0,-0.004,1,0.168,5,22
48.71583,65581,0.506,0.704,0.46,-65,-0.104,123,0,0,0,0.49,627,627,400,0,0.268,-17.7,-0.9665,0,0,0.021,1,0.165,5,22
48.71597,65601,0.528,0.718,1.16,-74,-0.118,102,0,0,0,-0.07,657,657,398,0,0.267,-10.12,-0.0085,0,0,0.056,1,0.179,4,22
48.73052,65621,0.536,0.725,0.46,-78,-0.125,105,0,0,0,-0.49,675,675,399,0,0.25,-18.36,-0.539,0,0,0.158,1,0.192,3,22
48.74876,65641,0.531,0.738,3.04,-86,-0.138,74,0,0,0,0.56,620,620,398,0,0.244,-29.79,-1,0,0,0.026,1,0.179,5,22
48.79443,65681,0.615,0.746,1.79,-91,-0.146,46,0,0,0,1.19,589,589,401,0,0.246,-28.93,-1,0,0,-0.009,1,0.18,5,22
48.8186,65701,0.664,0.749,0.6,-93,-0.149,51,0,0,0,0.42,629,629,401,0,0.264,-16.05,-0.5721,0,0,-0.004,1,0.165,7,22
48.82659,65721,0.698,0.749,1.79,-93,-0.149,2,0,0,0,0.21,643,643,400,0,0.275,-14.37,-0.4199,0,0,0.021,1,0.144,6,22
48.84544,65741,0.715,0.741,-1.57,-88,-0.141,7,0,0,0,5.45,390,390,400,0,0.264,-14.81,-0.4656,0,0,0.18,1,0.175,4,22
48.91393,65781,0.87,0.712,-0.73,-70,-0.112,-93,0,0,0,-0.21,672,672,398,0,0.282,-2.63,0.4625,0,0,0.013,1,0.184,3,22
48.91433,65801,0.915,0.688,2.48,-55,-0.088,-190,0,0,0,-0,661,661,401,0,0.271,-18.81,-0.9407,0,0,-0.009,1,0.136,6,22
48.93346,65821,0.918,0.664,-1.78,-40,-0.064,-132,0,0,0,-0.56,691,691,402,0,0.279,-12.85,-0.4121,0,0,-0.004,1,0.156,6,22
48.94755,65841,0.92,0.622,0.67,-14,-0.022,-207,0,0,0,0.42,647,647,406,0,0.29,-9.79,-0.1885,0,0,0.004,1,0.151,6,22
49.00129,65881,0.848,0.56,0.53,25,0.04,-195,0,0,0,0.49,639,639,408,0,0.266,-15.48,-0.5151,0,0,0.18,1,0.167,5,22
49.01073,65901,0.763,0.536,-2.41,40,0.064,-107,0,0,0,-0.28,669,669,408,0,0.254,-22.83,-1,0,0,0.086,1,0.167,5,22
49.02952,65921,0.723,0.517,-0.66,52,0.083,-125,0,0,0,-0,650,650,410,0,0.29,-6.44,0.0338,0,0,0.017,1,0.131,8,22
49.05566,65941,0.663,0.502,-3.32,61,0.098,-39,0,0,0,-0.42,669,669,410,0,0.273,-16.39,-0.9853,0,0,-0.051,1,0.105,9,22
49.1072,65981,0.6,0.48,-4.37,75,0.12,5,0,0,0,-0.07,666,666,410,0,0.26,-23.06,-1,0,0,0.043,1,0.1,10,22
49.10975,66001,0.535,0.485,-3.18,72,0.115,20,0,0,0,1.47,590,590,410,0,0.277,-17.49,-1,0,0,0.18,1,0.109,10,22
49.12795,66021,0.498,0.483,-2.48,73,0.117,43,0,0,0,1.05,605,605,413,0,0.266,-15.11,-0.5414,0,0,0.038,1,0.119,9,22
49.14582,66041,0.443,0.493,-1.85,67,0.107,61,0,0,0,0.14,648,648,411,0,0.25,-24.3,-1,0,0,0.009,1,0.115,8,22
49.19294,66081,0.398,0.51,-0.8,56,0.09,73,0,0,0,-0.28,671,671,410,0,0.274,-7.15,0.313,0,0,-0.141,1,0.104,9,22
49.21428,66101,0.382,0.533,1.37,42,0.067,82,0,0,0,0.49,635,635,408,0,0.261,-19.46,-0.9107,0,0,-0.013,1,0.088,10,22
49.23384,66121,0.37,0.544,-0.59,35,0.056,118,0,0,0,-0.63,692,692,411,0,0.276,-8.11,0.0565,0,0,0.009,1,0.114,9,22
49.24613,66141,0.388,0.571,1.72,18,0.029,89,0,0,0,0.84,620,620,411,0,0.261,-15.17,-0.5536,0,0,0.004,1,0.12,9,22
49.30739,66181,0.411,0.618,2.34,-11,-0.018,90,0,0,0,0.56,634,634,413,0,0.271,-13.71,-0.6189,0,0,0,1,0.14,8,22
49.31081,66201,0.435,0.635,0.6,-22,-0.035,122,0,0,0,0.28,647,647,410,0,0.264,-11.41,-0.2165,0,0,0,1,0.148,8,22
49.32948,66221,0.49,0.646,3.18,-29,-0.046,42,0,0,0,0.14,653,653,410,0,0.264,-19.69,-1,0,0,0,1,0.136,7,22
49.35013,66241,0.543,0.662,1.86,-39,-0.062,52,0,0,0,-0.28,674,674,408,0,0.26,-20.58,-1,0,0,0,1,0.128,7,22
49.39171,66281,0.652,0.667,2.41,-42,-0.067,-33,0,0,0,0.14,653,653,406,0,0.273,-18.33,-1,0,0,0,1,0.106,8,22
49.40941,66301,0.69,0.667,2.06,-42,-0.067,-53,0,0,0,-0.28,674,674,406,0,0.271,-14.67,-0.6866,0,0,0,1,0.136,7,22
49.42825,66321,0.739,0.656,1.72,-35,-0.056,-82,0,0,0,-0,659,659,409,0,0.267,-19.9,-1,0,0,0,1,0.124,8,22
49.45194,66341,0.769,0.648,1.23,-30,-0.048,-100,0,0,0,-0.42,680,680,407,0,0.274,-11.63,-0.3498,0,0,0,1,0.125,8,22
49.51261,66381,0.826,0.606,0.46,-4,-0.006,-148,0,0,0,-0.07,661,661,408,0,0.271,-19.67,-0.9749,0,0,0,1,0.123,8,22
49.5128,66401,0.84,0.581,0.11,12,0.019,-167,0,0,0,-0.14,664,664,408,0,0.344,33.14,1,0,0,0,1,0.091,10,22
49.533,66421,0.848,0.55,-0.87,31,0.05,-177,0,0,0,-0.07,660,660,412,0,0.288,-19.77,-1,0,0,0,1,0.124,9,22
49.55854,66441,0.847,0.531,-1.01,43,0.069,-183,0,0,0,0.21,645,645,412,0,0.293,1.17,0.8041,0,0,0,1,0.138,9,22
49.60808,66481,0.802,0.474,-1.15,79,0.126,-192,0,0,0,0.07,650,650,412,0,0.281,-14.81,-0.908,0,0,0,1,0.095,10,22
49.60841,66501,0.766,0.446,-1.36,96,0.154,-184,0,0,0,-0.49,677,677,413,0,0.284,-6.63,0.2218,0,0,-0.009,1,0.114,9,22
49.62875,66521,0.736,0.432,-1.5,105,0.168,-172,0,0,0,-0.49,677,677,413,0,0.278,-16.56,-0.977,0,0,-0.009,1,0.093,10,22
49.64385,66541,0.705,0.406,-1.36,121,0.194,-174,0,0,0,-1.26,714,714,413,0,0.288,0.61,0.9993,0,0,-0.03,1,0.118,8,22
49.71137,66581,0.667,0.382,-2.9,136,0.218,-123,0,0,0,0.98,608,608,413,0,0.272,-20.26,-1,0,0,-0.094,1,0.119,9,22
49.7115,66601,0.6,0.378,-1.43,139,0.222,-123,0,0,0,0.77,621,621,412,0,0.266,-23.14,-1,0,0,-0.043,1,0.115,8,22
49.72795,66621,0.553,0.368,-2.48,145,0.232,-78,0,0,0,0.07,657,657,411,0,0.271,-11.75,-0.3837,0,0,-0.013,1,0.134,8,22
49.74677,66641,0.503,0.373,-2.34,142,0.227,-42,0,0,0,0.91,615,615,409,0,0.285,-14.25,-0.861,0,0,-0.013,1,0.09,9,22
49.79294,66681,0.392,0.379,-0.87,138,0.221,8,0,0,0,0.14,651,651,408,0,0.28,-6.96,0.2405,0,0,-0.064,1,0.128,7,22
49.80824,66701,0.378,0.398,-1.71,126,0.202,43,0,0,0,-0.28,675,675,406,0,0.286,-16.93,-1,0,0,-0.064,1,0.073,11,22
49.82687,66721,0.329,0.406,-1.64,121,0.194,80,0,0,0,-0,662,662,407,0,0.255,-20.28,-0.9026,0,0,-0.004,1,0.141,7,22
49.84828,66741,0.296,0.432,-0.45,105,0.168,92,0,0,0,0.42,641,641,406,0,0.26,-15.25,-0.3269,0,0,-0.013,1,0.158,6,22
49.9067,66781,0.267,0.486,-0.17,71,0.114,143,0,0,0,0.77,623,623,406,0,0.266,-8.63,0.1944,0,0,-0.004,1,0.154,7,22
49.91062,66801,0.268,0.509,0.46,57,0.091,151,0,0,0,0.49,637,637,405,0,0.257,-13.36,-0.1753,0,0,0,1,0.156,6,22
49.93466,66821,0.275,0.546,1.44,34,0.054,144,0,0,0,-0.14,668,668,403,0,0.266,-14.14,-0.3291,0,0,0.004,1,0.146,7,22
49.94896,66841,0.302,0.581,1.79,12,0.019,149,0,0,0,-0,661,661,403,0,0.267,-11.71,-0.1719,0,0,0,1,0.147,7,22
49.99134,66881,0.382,0.637,2.55,-23,-0.037,121,0,0,0,0.35,643,643,405,0,0.286,-11.67,-0.6561,0,0,0.004,1,0.15,7,22
