pc_elapsed_s,ch0,ch1,ch2,ch3,ch4,ch5,ch6,ch7,ch8,ch9,ch10,ch11,ch12,ch13,ch14,ch15,ch16,ch17,ch18,ch19,ch20,ch21,ch22,ch23,ch24
10.00431,169131,0.286,1.424,-0.1,-515,-0.824,739,0,0,0,1.22,-72,-72,-21,0,0.284,-7.42,-0.3927,0,0,0.009,1,0.178,1,22
10.01406,169151,0.279,1.469,0.53,-543,-0.869,762,0,0,0,0.52,-37,-37,-22,0,0.271,-10.74,-0.4919,0,0,0.004,1,0.193,0,22
10.03075,169171,0.283,1.531,1.44,-582,-0.931,782,0,0,0,1.01,-61,-61,-24,0,0.266,-13.91,-0.6623,0,0,0.004,1,0.197,0,22
10.04413,169191,0.296,1.581,2.21,-613,-0.981,798,0,0,0,1.78,-99,-99,-25,0,0.266,-13.91,-0.6623,0,0,0,1,0.197,20,22
10.09298,169231,0.391,1.69,3.54,-681,-1.09,780,0,0,0,1.36,-83,-83,-28,0,0.254,-14.18,-0.5357,0,0,0,1,0.214,18,22
10.1105,169251,0.449,1.733,3.61,-708,-1.133,768,0,0,0,0.87,-63,-63,-29,0,0.268,-10.22,-0.4069,0,0,0,1,0.212,19,22
10.12625,169271,0.515,1.779,4.17,-737,-1.179,747,0,0,0,0.32,-34,-34,-34,0,0.265,-11.24,-0.5191,0,0,0.017,1,0.211,19,22
10.14294,169291,0.57,1.811,3.4,-757,-1.211,741,0,0,0,0.73,-53,-53,-34,0,0.269,-10.03,-0.4136,0,0,0.043,1,0.222,18,22
10.20874,169331,0.691,1.848,1.65,-780,-1.248,726,0,0,0,-0.38,-8,-8,-36,0,0.27,-8.7,-0.3259,0,0,0.051,1,0.209,18,22
10.20908,169351,0.747,1.861,2.77,-788,-1.261,671,0,0,0,-1.01,24,24,-36,0,0.285,-5.93,-0.2407,0,0,0.009,1,0.216,17,22
10.22857,169371,0.819,1.87,4.17,-794,-1.27,608,0,0,0,0.8,-65,-65,-34,0,0.259,-14.82,-0.6473,0,0,0.017,1,0.22,17,22
10.24407,169391,0.82,1.872,-1.99,-795,-1.272,734,0,0,0,-1.78,64,64,-30,0,0.28,-9.38,-0.4209,0,0,0.137,1,0.193,19,22
10.28946,169431,0.909,1.867,0.81,-792,-1.267,619,0,0,0,-1.5,46,46,-29,0,0.263,-18.58,-0.9709,0,0,0.021,1,0.203,19,22
10.30678,169451,0.909,1.85,1.79,-781,-1.25,570,0,0,0,-1.43,44,44,-28,0,0.281,-9.62,-0.5156,0,0,0.021,1,0.196,0,22
10.32488,169471,0.917,1.84,1.3,-775,-1.24,584,0,0,0,-1.36,42,42,-28,0,0.281,-9.62,-0.5156,0,0,0.197,1,0.196,20,22
10.34211,169491,0.957,1.826,1.09,-766,-1.226,539,0,0,0,-1.22,38,38,-24,0,0.255,-20.05,-1,0,0,0.141,1,0.196,1,22
10.40448,169531,0.99,1.797,-1.08,-748,-1.197,544,0,0,0,-1.85,72,72,-20,0,0.273,-19.82,-1,0,0,-0.009,1,0.16,3,22
10.40959,169551,1.009,1.778,2.07,-736,-1.178,457,0,0,0,-0.24,-6,-6,-15,0,0.265,-21.98,-1,0,0,0,1,0.172,2,22
10.42438,169571,1.04,1.763,-0.1,-727,-1.163,475,0,0,0,0.18,-20,-20,-13,0,0.269,-21.74,-1,0,0,0.03,1,0.172,2,22
10.44691,169591,0.979,1.738,-6.04,-711,-1.138,638,0,0,0,-2.34,104,104,-9,0,0.275,-21.07,-1,0,0,0.192,1,0.173,2,22
10.4899,169631,1.034,1.693,6.2,-683,-1.093,317,0,0,0,-1.85,81,81,-9,0,0.279,-15.81,-1,0,0,0.064,1,0.168,3,22
10.50788,169651,0.98,1.661,2.21,-663,-1.061,402,0,0,0,-2.69,133,133,-8,0,0.307,-0.97,-0.1113,0,0,-0.017,1,0.135,5,22
10.52591,169671,0.954,1.632,3.05,-645,-1.032,371,0,0,0,-1.36,77,77,-5,0,0.284,-13.59,-0.954,0,0,0.013,1,0.134,5,22
10.54376,169691,0.987,1.614,1.02,-634,-1.014,387,0,0,0,-0.1,25,25,-1,0,0.281,-20.2,-1,0,0,0.026,1,0.115,6,22
10.60842,169731,1.112,1.56,5.08,-600,-0.96,208,0,0,0,-0.31,27,27,7,0,0.271,-15.55,-0.7967,0,0,0.15,1,0.157,4,22
10.60894,169751,1.04,1.541,5.01,-588,-0.941,240,0,0,0,-0.1,21,21,7,0,0.273,-18.91,-1,0,0,0.068,1,0.147,4,22
10.62495,169771,0.994,1.51,1.86,-569,-0.91,300,0,0,0,-2.41,136,136,7,0,0.294,-11.98,-1,0,0,-0.009,1,0.118,6,22
10.64391,169791,0.971,1.477,0.39,-548,-0.877,315,0,0,0,-1.85,113,113,9,0,0.28,-23.44,-1,0,0,-0.034,1,0.09,7,22
10.687,169831,1.02,1.421,-0.24,-513,-0.821,260,0,0,0,0.32,23,23,16,0,0.295,-4.57,0.3334,0,0,0.034,1,0.074,8,22
10.70692,169851,1.044,1.392,-0.94,-495,-0.792,244,0,0,0,0.59,13,13,17,0,0.279,-19.24,-1,0,0,0.004,1,0.099,7,22
10.72513,169871,1.046,1.362,-1.01,-476,-0.762,224,0,0,0,0.32,29,29,21,0,0.296,-11.28,-1,0,0,0.017,1,0.108,6,22
10.74211,169891,1.061,1.33,0.11,-456,-0.73,171,0,0,0,0.32,31,31,20,0,0.291,-10.77,-0.5236,0,0,0.03,1,0.117,6,22
10.80477,169931,1.082,1.262,-0.8,-414,-0.662,132,0,0,0,-1.29,95,95,18,0,0.269,-23.5,-1,0,0,0.03,1,0.138,4,22
10.80853,169951,1.08,1.246,-0.45,-404,-0.646,115,0,0,0,-1.29,90,90,13,0,0.281,-14.87,-0.9582,0,0,0.009,1,0.125,6,22
10.82858,169971,1.084,1.248,-0.03,-405,-0.648,109,0,0,0,-1.57,99,99,1,0,0.257,-31.57,-1,0,0,-0.03,1,0.112,7,22
10.84617,169991,1.083,1.246,0.11,-404,-0.646,97,0,0,0,0.25,10,10,-9,0,0.301,-0.33,0.72,0,0,-0.081,1,0.075,9,22
10.88732,170031,1.064,1.189,-0.52,-368,-0.589,90,0,0,0,0.25,25,25,14,0,0.283,-20.04,-1,0,0,-0.021,1,0.073,9,22
10.90943,170051,1.08,1.296,0.6,-435,-0.696,131,0,0,0,-0.38,58,58,22,0,0.287,-12.9,-0.9319,0,0,-0.009,1,0.095,8,22
10.92318,170071,1.074,1.325,0.11,-453,-0.725,159,0,0,0,-0.03,40,40,29,0,0.282,-14.55,-0.9309,0,0,0,1,0.089,8,22
10.94602,170091,1.1,1.33,1.23,-456,-0.73,125,0,0,0,-0.24,47,47,14,0,0.285,-16.7,-1,0,0,-0.009,1,0.107,7,22
11.00603,170131,1.172,1.293,2.42,-433,-0.693,34,0,0,0,-0.31,42,42,2,0,0.271,-21.19,-1,0,0,-0.026,1,0.11,8,22
11.00783,170151,1.214,1.235,2.84,-397,-0.635,-32,0,0,0,-0.87,67,67,-7,0,0.306,-3.21,-0.4229,0,0,-0.098,1,0.081,9,22
11.02551,170171,1.273,1.213,2.42,-383,-0.613,-85,0,0,0,-1.43,104,104,9,0,0.286,-13.9,-0.8785,0,0,-0.064,1,0.112,7,22
11.04341,170191,1.308,1.096,0.95,-310,-0.496,-153,0,0,0,0.18,29,29,68,0,0.301,-6.94,-0.5036,0,0,-0.06,1,0.096,8,22
11.09568,170231,1.369,0.914,-1.57,-196,-0.314,-263,0,0,0,-0.24,57,57,70,0,0.273,-23.06,-1,0,0,-0.094,1,0.113,7,22
11.10837,170251,1.358,0.898,-1.92,-186,-0.298,-262,0,0,0,-1.01,100,100,84,0,0.289,-14.77,-1,0,0,-0.06,1,0.126,6,22
11.12569,170271,1.305,0.789,-2.2,-118,-0.189,-294,0,0,0,-0.24,63,63,4,0,0.295,-12.6,-0.887,0,0,-0.034,1,0.118,6,22
11.14524,170291,1.25,0.725,-2.89,-78,-0.125,-288,0,0,0,-0.66,83,83,-17,0,0.264,-24.85,-1,0,0,-0.004,1,0.161,5,22
11.20378,170331,1.125,0.45,-5.34,94,0.15,-339,0,0,0,-0.73,81,81,49,0,0.284,-11.34,-0.5549,0,0,-0.051,1,0.157,4,22
11.2062,170351,1.051,0.322,-4.92,174,0.278,-389,0,0,0,-0.94,94,94,87,0,0.275,-22.9,-1,0,0,-0.158,1,0.138,5,22
11.2265,170371,0.948,0.362,-5.48,149,0.238,-280,0,0,0,-0.17,56,56,155,0,0.277,-22.74,-1,0,0,-0.026,1,0.136,5,22
11.2447,170391,0.816,0.179,-6.88,263,0.421,-289,0,0,0,-0.59,79,79,140,0,0.292,-13.47,-1,0,0,-0.081,1,0.128,5,22
11.288,170431,0.594,0.078,-6.11,326,0.522,-225,0,0,0,-0.87,97,97,69,0,0.271,-15.85,-0.751,0,0,-0.034,1,0.168,4,22
11.30722,170451,0.47,-0.01,-5.41,381,0.61,-212,0,0,0,-0.59,83,83,77,0,0.267,-23.8,-1,0,0,0.004,1,0.149,4,22
11.32406,170471,0.354,-0.082,-6.11,426,0.682,-170,0,0,0,-0.73,90,90,92,0,0.262,-26.21,-1,0,0,0.004,1,0.159,4,22
11.34192,170491,0.237,0.005,-4.92,372,0.595,-63,0,0,0,-0.17,61,61,63,0,0.271,-19.15,-1,0,0,0,1,0.149,4,22
11.40589,170531,-0.002,0.088,-3.52,320,0.512,121,0,0,0,-0.1,57,57,13,0,0.273,-16.97,-1,0,0,-0.009,1,0.168,3,22
11.41493,170551,-0.102,0.216,-1.5,240,0.384,238,0,0,0,-0.59,82,82,45,0,0.272,-14.87,-1,0,0,-0.137,1,0.166,5,22
11.4319,170571,-0.162,0.325,-0.52,172,0.275,320,0,0,0,-0.17,60,60,60,0,0.269,-14.6,-1,0,0,-0.098,1,0.142,6,22
11.4454,170591,-0.23,0.318,0.11,176,0.282,351,0,0,0,-0.03,53,53,72,0,0.269,-17.45,-1,0,0,-0.013,1,0.164,4,22
11.48957,170631,-0.193,0.563,2.77,23,0.037,438,0,0,0,1.78,-45,-45,11,0,0.267,-14.57,-0.8182,0,0,-0.073,1,0.175,3,22
11.51411,170651,-0.138,0.462,3.33,86,0.138,333,0,0,0,0.59,8,8,-35,0,0.264,-16.27,-1,0,0,-0.03,1,0.178,2,22
11.5252,170671,-0.026,0.701,6.62,-63,-0.101,349,0,0,0,0.66,5,5,34,0,0.278,-8.59,-0.5126,0,0,-0.004,1,0.185,2,22
11.54577,170691,0.077,0.754,7.52,-96,-0.154,301,0,0,0,0.59,8,8,133,0,0.27,-17.22,-1,0,0,0.009,1,0.176,3,22
11.61073,170731,0.3,1.19,5.71,-369,-0.59,469,0,0,0,0.11,27,27,48,0,0.265,-14.45,-0.6358,0,0,0.004,1,0.2,0,22
11.61087,170751,0.423,1.298,5.78,-436,-0.698,455,0,0,0,0.94,-27,-27,17,0,0.265,-14.45,-0.6358,0,0,0,1,0.2,20,22
11.62746,170771,0.588,1.397,5.99,-498,-0.797,414,0,0,0,0.52,-7,-7,-15,0,0.257,-20.72,-1,0,0,0,1,0.198,0,22
11.64786,170791,0.75,1.44,6.41,-525,-0.84,331,0,0,0,-0.1,25,25,-30,0,0.257,-20.72,-1,0,0,0.017,1,0.198,20,22
11.68802,170831,1.122,1.28,8.43,-425,-0.68,-44,0,0,0,-1.22,83,83,-17,0,0.265,-17.57,-0.8832,0,0,0.077,1,0.2,21,22
11.70645,170851,1.272,1.328,6.9,-455,-0.728,-86,0,0,0,-1.15,76,76,8,0,0.27,-18.43,-0.9347,0,0,0.034,1,0.216,18,22
11.72356,170871,1.42,1.301,6.34,-438,-0.701,-189,0,0,0,-1.08,77,77,14,0,0.272,-20.61,-1,0,0,0,1,0.204,1,22
11.74156,170891,1.528,1.296,5.22,-435,-0.696,-245,0,0,0,-0.87,69,69,-9,0,0.282,-18.45,-1,0,0,-0.004,1,0.186,1,22
11.80869,170931,1.651,0.998,-0.8,-249,-0.398,-407,0,0,0,-1.08,94,94,46,0,0.286,-17.55,-1,0,0,0.038,1,0.187,22,22
11.81035,170951,1.644,0.862,-5.13,-164,-0.262,-406,0,0,0,-3.88,248,248,55,0,0.288,-19.03,-1,0,0,0.171,1,0.191,1,22
11.82681,170971,1.58,0.8,-9.68,-125,-0.2,-330,0,0,0,-0.1,70,70,-14,0,0.291,-15.78,-0.8629,0,0,0.03,1,0.197,0,22
11.8449,170991,1.495,0.61,-8.84,-6,-0.01,-410,0,0,0,0.8,23,23,14,0,0.283,-22.36,-1,0,0,0.064,1,0.177,2,22
11.88788,171031,1.265,0.16,-9.47,275,0.44,-541,0,0,0,-0.17,57,57,43,0,0.273,-21.24,-1,0,0,0.051,1,0.178,2,22
11.90796,171051,1.193,-0.16,-11.5,475,0.76,-655,0,0,0,-1.01,105,105,-23,0,0.273,-20.6,-1,0,0,-0.004,1,0.177,3,22
11.9256,171071,1.092,-0.122,-8.14,451,0.722,-634,0,0,0,-0.59,92,92,-8,0,0.271,-29.58,-1,0,0,-0.004,1,0.149,4,22
11.94295,171091,0.882,-0.118,-8.21,449,0.718,-487,0,0,0,-0.87,109,109,-20,0,0.281,-16.12,-1,0,0,0,1,0.168,4,22
12.0037,171131,0.385,-0.139,-6.74,462,0.739,-226,0,0,0,1.15,14,14,3,0,0.272,-17.14,-1,0,0,0.107,1,0.175,4,22
12.01378,171151,0.228,-0.178,-9.05,486,0.778,-95,0,0,0,2.06,-43,-43,-3,0,0.269,-20.14,-1,0,0,0.124,1,0.16,4,22
12.02439,171171,0.025,-0.181,-4.08,488,0.781,-74,0,0,0,0.39,14,14,-3,0,0.267,-13.76,-0.6708,0,0,0.026,1,0.173,4,22
12.04213,171191,-0.168,-0.195,-4.71,497,0.795,69,0,0,0,-0.45,56,56,-10,0,0.268,-16.84,-1,0,0,0.021,1,0.147,5,22
12.08744,171231,-0.44,-0.101,-2.48,438,0.701,261,0,0,0,0.04,30,30,11,0,0.27,-14.84,-1,0,0,-0.004,1,0.115,7,22
12.10527,171251,-0.452,-0.006,2.35,379,0.606,245,0,0,0,-1.43,102,102,90,0,0.257,-24,-1,0,0,0.133,1,0.118,6,22
12.12344,171271,-0.493,-0.117,3.47,448,0.717,179,0,0,0,0.87,-10,-10,115,0,0.254,-18.2,-1,0,0,0.128,1,0.138,5,22
12.14138,171291,-0.472,0.083,2.42,323,0.517,313,0,0,0,-0.45,61,61,123,0,0.269,-10.97,-0.3982,0,0,0.094,1,0.12,8,22
12.20361,171331,-0.34,0.485,3.68,72,0.115,469,0,0,0,-0.59,72,72,-2,0,0.247,-20.78,-1,0,0,-0.009,1,0.121,7,22
12.20618,171351,-0.247,0.696,5.78,-60,-0.096,506,0,0,0,-0.59,72,72,42,0,0.252,-23.75,-1,0,0,-0.03,1,0.095,9,22
12.22343,171371,-0.111,0.749,8.01,-93,-0.149,414,0,0,0,-0.31,56,56,51,0,0.262,-24.97,-1,0,0,-0.004,1,0.079,10,22
12.24224,171391,0.044,0.76,8.5,-100,-0.16,311,0,0,0,0.52,14,14,115,0,0.28,-13.17,-1,0,0,0.047,1,0.095,9,22
12.28972,171431,0.412,1.194,11.16,-371,-0.594,304,0,0,0,0.18,32,32,39,0,0.267,-22.16,-1,0,0,0.017,1,0.105,8,22
12.3075,171451,0.592,1.307,10.67,-442,-0.707,265,0,0,0,0.04,40,40,48,0,0.278,-10.91,-0.4871,0,0,0.017,1,0.117,6,22
12.32585,171471,0.806,1.262,9.62,-414,-0.662,122,0,0,0,-0.31,57,57,31,0,0.252,-34.29,-1,0,0,0.051,1,0.126,6,22
12.34265,171491,1.035,1.237,8.57,-398,-0.637,-20,0,0,0,-0.94,85,85,12,0,0.281,-20.15,-1,0,0,0.051,1,0.137,6,22
12.40549,171531,1.444,1.302,6.62,-439,-0.702,-207,0,0,0,-1.29,110,110,64,0,0.284,-18.61,-1,0,0,0.004,1,0.118,6,22
12.41107,171551,1.581,1.272,5.57,-420,-0.672,-301,0,0,0,-0.52,74,74,47,0,0.289,-15.8,-1,0,0,-0.009,1,0.123,7,22
12.43189,171571,1.678,1.058,3.26,-286,-0.458,-462,0,0,0,-0.59,76,76,85,0,0.285,-17.71,-1,0,0,-0.026,1,0.108,7,22
12.44988,171591,1.771,1.006,0.67,-254,-0.406,-506,0,0,0,-2.27,167,167,108,0,0.313,-1.89,0.0414,0,0,-0.004,1,0.09,8,22
12.48957,171631,1.776,0.582,-4.36,11,0.018,-681,0,0,0,-0.94,143,143,43,0,0.305,-15.14,-1,0,0,-0.094,1,0.096,9,22
12.50701,171651,1.683,0.462,-5.9,86,0.138,-683,0,0,0,-0.66,136,136,162,0,0.282,-27.01,-1,0,0,-0.021,1,0.089,9,22
12.52573,171671,1.551,0.134,-8.07,291,0.466,-770,0,0,0,-1.01,156,156,102,0,0.284,-21.49,-1,0,0,-0.034,1,0.105,8,22
12.54317,171691,1.395,0.046,-10.87,346,0.554,-676,0,0,0,-1.08,157,157,59,0,0.286,-20.25,-1,0,0,0,1,0.103,9,22
12.61029,171731,0.917,-0.214,-12.82,509,0.814,-500,0,0,0,-0.1,101,101,12,0,0.285,-22.22,-1,0,0,-0.047,1,0.09,8,22
12.61066,171751,0.662,-0.245,-11.99,528,0.845,-377,0,0,0,1.08,42,42,14,0,0.278,-22.39,-1,0,0,-0.115,1,0.091,8,22
12.6297,171771,0.382,-0.264,-13.1,540,0.864,-183,0,0,0,0.39,81,81,27,0,0.264,-26.36,-1,0,0,-0.051,1,0.099,8,22
12.64871,171791,0.131,-0.254,-9.82,534,0.854,-77,0,0,0,0.87,57,57,39,0,0.281,-11.73,-0.8454,0,0,-0.043,1,0.106,8,22
12.69243,171831,-0.288,-0.168,-4.15,480,0.768,143,0,0,0,0.46,77,77,54,0,0.274,-20.77,-1,0,0,-0.077,1,0.108,7,22
12.70643,171851,-0.451,-0.17,-2.48,481,0.77,224,0,0,0,0.8,40,40,32,0,0.269,-7.76,-0.0132,0,0,-0.038,1,0.121,8,22
12.72729,171871,-0.543,-0.05,0.53,406,0.65,302,0,0,0,0.18,71,71,44,0,0.262,-18.18,-1,0,0,-0.017,1,0.116,7,22
12.7447,171891,-0.594,0.051,2.56,343,0.549,369,0,0,0,1.71,-23,-23,52,0,0.265,-16.9,-1,0,0,-0.013,1,0.123,7,22
12.80414,171931,-0.507,0.354,6.27,154,0.246,441,0,0,0,0.39,33,33,62,0,0.257,-19.32,-1,0,0,0.004,1,0.134,7,22
12.80717,171951,-0.388,0.33,6.69,169,0.27,345,0,0,0,0.59,24,24,-6,0,0.244,-23.32,-1,0,0,0,1,0.167,5,22
12.82664,171971,-0.201,0.702,9.62,-64,-0.102,410,0,0,0,0.94,8,8,70,0,0.258,-22.37,-1,0,0,-0.03,1,0.125,7,22
12.84441,171991,-0.031,0.85,11.72,-156,-0.25,358,0,0,0,0.11,50,50,133,0,0.263,-19.81,-1,0,0,-0.021,1,0.15,5,22
12.88686,172031,0.357,1.048,9.83,-280,-0.448,262,0,0,0,0.66,24,24,50,0,0.256,-27.48,-1,0,0,-0.034,1,0.132,7,22
12.90481,172051,0.61,1.163,10.46,-352,-0.563,169,0,0,0,0.32,43,43,75,0,0.276,-15.91,-1,0,0,-0.026,1,0.156,5,22
12.92271,172071,0.851,1.227,10.46,-392,-0.627,60,0,0,0,-0.52,85,85,51,0,0.266,-21.16,-1,0,0,0,1,0.175,4,22
12.9416,172091,1.086,1.202,10.81,-376,-0.602,-116,0,0,0,0.46,37,37,40,0,0.284,-19.01,-1,0,0,0.004,1,0.161,4,22
13.00344,172131,1.51,1.264,8.29,-415,-0.664,-306,0,0,0,-0.59,86,86,46,0,0.283,-16.11,-0.9797,0,0,0,1,0.173,3,22
13.00888,172151,1.674,1.082,6.13,-301,-0.482,-489,0,0,0,-1.57,144,144,93,0,0.297,-11.85,-0.7621,0,0,0,1,0.177,3,22
13.02498,172171,1.814,0.944,4.17,-215,-0.344,-634,0,0,0,-1.85,176,176,89,0,0.283,-17.23,-0.9207,0,0,0,1,0.19,2,22
13.04447,172191,1.894,0.827,1.65,-142,-0.227,-715,0,0,0,-1.01,157,157,-1,0,0.281,-24.55,-1,0,0,0.004,1,0.176,3,22
13.08805,172231,1.875,0.394,-5.76,129,0.206,-848,0,0,0,-0.87,151,151,176,0,0.29,-21.18,-1,0,0,0,1,0.17,4,22
13.10606,172251,1.744,0.07,-9.54,331,0.53,-908,0,0,0,-0.52,134,134,86,0,0.276,-26.9,-1,0,0,0,1,0.165,5,22
13.12614,172271,1.55,-0.067,-12.34,417,0.667,-826,0,0,0,0.11,103,103,30,0,0.277,-21.53,-1,0,0,0,1,0.175,4,22
13.14686,172291,1.282,-0.128,-14.36,455,0.728,-655,0,0,0,0.32,93,93,32,0,0.275,-23.71,-1,0,0,0,1,0.167,4,22
13.20395,172331,0.677,-0.221,-14.92,513,0.821,-314,0,0,0,1.5,36,36,59,0,0.27,-23.6,-1,0,0,0,1,0.161,4,22
13.20638,172351,0.388,-0.28,-13.59,550,0.88,-188,0,0,0,1.15,54,54,58,0,0.269,-23,-1,0,0,0,1,0.158,5,22
13.22503,172371,0.116,-0.299,-12.55,562,0.899,-47,0,0,0,1.85,20,20,59,0,0.272,-12.75,-0.7433,0,0,0,1,0.186,3,22
13.2431,172391,-0.122,-0.29,-10.24,556,0.89,77,0,0,0,1.85,6,6,55,0,0.252,-21.77,-1,0,0,0.004,1,0.183,3,22
13.28809,172431,-0.482,-0.182,-3.45,489,0.782,257,0,0,0,1.36,-9,-9,46,0,0.26,-18.5,-1,0,0,0.021,1,0.174,3,22
13.30825,172451,-0.578,-0.086,-1.78,429,0.686,348,0,0,0,1.92,-56,-56,50,0,0.252,-20.08,-1,0,0,0.047,1,0.173,3,22
13.32541,172471,-0.568,-0.053,2.63,408,0.653,289,0,0,0,1.36,-36,-36,24,0,0.246,-23.98,-1,0,0,0.077,1,0.184,3,22
13.34241,172491,-0.504,0.206,5.64,246,0.394,356,0,0,0,-1.01,87,87,44,0,0.247,-17.29,-0.9354,0,0,0.06,1,0.19,2,22
13.4089,172531,-0.324,0.35,8.08,156,0.25,290,0,0,0,-0.52,63,63,44,0,0.253,-17.03,-0.8579,0,0,-0.004,1,0.163,6,22
13.40924,172551,-0.179,0.416,9.06,115,0.184,220,0,0,0,-0.03,38,38,-15,0,0.246,-22.07,-1,0,0,-0.004,1,0.171,6,22
13.42886,172571,-0.011,0.475,7.11,78,0.125,190,0,0,0,0.18,27,27,59,0,0.264,-22.02,-1,0,0,0.017,1,0.123,8,22
13.44736,172591,0.165,0.698,7.04,-61,-0.098,217,0,0,0,-0.52,63,63,64,0,0.284,-5.38,-0.1021,0,0,0.034,1,0.138,6,22
13.49066,172631,0.518,0.819,7.59,-137,-0.219,66,0,0,0,0.18,31,31,49,0,0.26,-18.27,-0.8059,0,0,0.128,1,0.161,4,22
13.50869,172651,0.676,0.934,6.76,-209,-0.334,46,0,0,0,-0.59,70,70,7,0,0.262,-22.98,-1,0,0,0.021,1,0.173,4,22
13.52871,172671,0.806,0.99,8.29,-244,-0.39,-28,0,0,0,-0.24,51,51,26,0,0.271,-16.61,-0.8684,0,0,0.081,1,0.168,5,22
13.5474,172691,0.948,0.901,5.08,-188,-0.301,-125,0,0,0,-1.64,112,112,35,0,0.279,-14.72,-0.9311,0,0,0.081,1,0.158,5,22
13.60417,172731,1.197,0.722,2.14,-76,-0.122,-344,0,0,0,-1.78,124,124,31,0,0.28,-21.99,-1,0,0,-0.004,1,0.128,6,22
13.60919,172751,1.292,0.685,2.28,-53,-0.085,-436,0,0,0,-1.43,119,119,25,0,0.29,-5.27,0.1323,0,0,0.004,1,0.125,9,22
13.62486,172771,1.342,0.776,0.18,-110,-0.176,-368,0,0,0,-1.08,108,108,-37,0,0.306,-6.87,-0.5526,0,0,0.021,1,0.099,8,22
13.64336,172791,1.345,0.554,-1.43,29,0.046,-486,0,0,0,-0.59,92,92,21,0,0.287,-15.46,-0.9927,0,0,0,1,0.126,7,22
13.68828,172831,1.263,0.394,-5.06,129,0.206,-474,0,0,0,-1.08,127,127,100,0,0.286,-16.68,-1,0,0,0.026,1,0.126,7,22
13.70616,172851,1.12,0.186,-9.82,259,0.414,-450,0,0,0,4.16,-131,-131,53,0,0.298,-8.93,-0.6564,0,0,0.145,1,0.127,6,22
13.72412,172871,1.044,0.082,-9.68,324,0.518,-445,0,0,0,-1.01,139,139,24,0,0.278,-17.02,-0.9098,0,0,0.021,1,0.158,5,22
13.74436,172891,0.903,-0.008,-11.01,380,0.608,-383,0,0,0,-0.24,110,110,2,0,0.284,-20.02,-1,0,0,0.034,1,0.123,8,22
13.80501,172931,0.574,-0.162,-8.77,476,0.762,-313,0,0,0,0.32,84,84,-22,0,0.276,-17.47,-1,0,0,-0.009,1,0.115,8,22
13.81319,172951,0.403,-0.187,-7.16,492,0.787,-254,0,0,0,0.04,100,100,-16,0,0.273,-19.26,-1,0,0,0.004,1,0.098,9,22
13.82711,172971,0.248,-0.189,-6.67,493,0.789,-161,0,0,0,0.11,97,97,-6,0,0.267,-19.08,-1,0,0,0.021,1,0.115,8,22
13.84489,172991,0.063,-0.171,-6.18,482,0.771,-45,0,0,0,0.94,55,55,2,0,0.273,-16.11,-1,0,0,0.077,1,0.108,8,22
13.88881,173031,-0.187,-0.064,-3.45,415,0.664,141,0,0,0,0.52,52,52,23,0,0.277,-17.08,-1,0,0,0.021,1,0.089,9,22
13.90799,173051,-0.261,-0.035,-0.38,397,0.635,148,0,0,0,0.66,45,45,20,0,0.27,-5.44,0.7178,0,0,0,1,0.072,11,22
13.92543,173071,-0.298,0.15,-0.1,281,0.45,292,0,0,0,0.94,31,31,63,0,0.298,10.25,1,0,0,-0.004,1,0.093,10,22
13.9508,173091,-0.303,0.187,3.33,258,0.413,252,0,0,0,0.94,20,20,47,0,0.266,-9.12,0.2269,0,0,-0.017,1,0.072,11,22
14.00693,173131,-0.177,0.403,6.27,123,0.197,256,0,0,0,0.18,59,59,52,0,0.268,-11.9,-0.4946,0,0,-0.12,1,0.083,9,22
14.00705,173151,-0.073,0.378,5.43,139,0.222,194,0,0,0,0.11,62,62,17,0,0.272,-8.85,0.0733,0,0,-0.111,1,0.073,11,22
14.0262,173171,0.027,0.643,8.92,-27,-0.043,233,0,0,0,0.46,44,44,43,0,0.275,-3.65,0.7872,0,0,-0.047,1,0.081,10,22
14.04466,173191,0.149,0.784,6.62,-115,-0.184,289,0,0,0,1.71,-18,-18,68,0,0.253,-20.97,-1,0,0,-0.081,1,0.092,11,22
14.08782,173231,0.474,0.787,8.15,-117,-0.187,58,0,0,0,0.87,19,19,110,0,0.284,-11.35,-0.7907,0,0,-0.051,1,0.107,8,22
14.10584,173251,0.666,0.856,8.22,-160,-0.256,-26,0,0,0,0.59,33,33,133,0,0.279,-14.35,-0.9897,0,0,-0.107,1,0.121,8,22
14.12376,173271,0.835,0.883,7.11,-177,-0.283,-91,0,0,0,0.46,43,43,108,0,0.283,-14.33,-1,0,0,-0.064,1,0.123,8,22
14.14545,173291,0.988,1.003,6.41,-252,-0.403,-104,0,0,0,0.18,57,57,63,0,0.284,-13.57,-0.9306,0,0,-0.06,1,0.116,8,22
14.21323,173331,1.24,0.83,2.56,-144,-0.23,-310,0,0,0,-0.1,78,78,57,0,0.302,-6.39,-0.4956,0,0,-0.051,1,0.115,8,22
14.21358,173351,1.351,0.901,2.84,-188,-0.301,-342,0,0,0,-0.45,96,96,-14,0,0.279,-17.65,-1,0,0,-0.038,1,0.167,5,22
14.22684,173371,1.4,0.706,0.25,-66,-0.106,-448,0,0,0,-0.59,107,107,-5,0,0.289,-17.68,-1,0,0,-0.026,1,0.145,7,22
14.24644,173391,1.437,0.4,-0.66,125,0.2,-659,0,0,0,0.11,69,69,72,0,0.276,-22.46,-1,0,0,-0.004,1,0.158,5,22
14.28731,173431,1.357,0.346,-3.52,159,0.254,-590,0,0,0,-1.36,139,139,179,0,0.282,-18.03,-1,0,0,-0.158,1,0.147,6,22
14.30593,173451,1.208,0.037,-7.44,352,0.563,-631,0,0,0,-0.8,114,114,44,0,0.274,-20.79,-1,0,0,-0.034,1,0.173,4,22
14.32969,173471,1.083,-0.112,-9.26,445,0.712,-609,0,0,0,-0.17,83,83,-17,0,0.281,-18.49,-1,0,0,-0.034,1,0.146,6,22
14.34885,173491,0.917,-0.106,-10.94,441,0.706,-461,0,0,0,-0.17,82,82,-9,0,0.282,-15.93,-1,0,0,-0.056,1,0.171,5,22
14.40493,173531,0.496,-0.227,-10.8,517,0.827,-272,0,0,0,-0.52,104,104,-4,0,0.261,-24.58,-1,0,0,-0.03,1,0.174,4,22
14.40868,173551,0.297,-0.211,-9.12,507,0.811,-166,0,0,0,-0.45,101,101,18,0,0.273,-21.37,-1,0,0,-0.004,1,0.17,5,22
14.42784,173571,0.093,-0.184,-8.21,490,0.784,-28,0,0,0,0.52,52,52,29,0,0.261,-25.77,-1,0,0,0.009,1,0.177,4,22
14.44649,173591,-0.096,-0.165,-7.16,478,0.765,84,0,0,0,-0.17,87,87,33,0,0.269,-15.93,-1,0,0,0.004,1,0.176,4,22
14.48929,173631,-0.361,-0.03,-3.1,394,0.63,270,0,0,0,1.57,-5,-5,49,0,0.267,-15.14,-1,0,0,0,1,0.171,5,22
14.50842,173651,-0.437,0.069,0.39,332,0.531,316,0,0,0,0.94,9,9,55,0,0.26,-22.66,-1,0,0,0.004,1,0.17,5,22
14.52457,173671,-0.453,0.072,2.84,330,0.528,290,0,0,0,1.01,6,6,31,0,0.272,-12.62,-0.977,0,0,0,1,0.17,5,22
14.54331,173691,-0.41,0.349,5.01,157,0.251,399,0,0,0,-0.03,59,59,34,0,0.281,-8.94,-0.6882,0,0,0,1,0.138,6,22
14.59156,173731,-0.247,0.469,6.55,82,0.131,342,0,0,0,-0.1,62,62,-11,0,0.264,-20.6,-1,0,0,-0.004,1,0.158,6,22
14.61074,173751,-0.11,0.667,7.31,-42,-0.067,368,0,0,0,-0.38,76,76,31,0,0.271,-10.57,-0.6098,0,0,-0.004,1,0.167,5,22
14.62968,173771,0.02,0.595,6.76,3,0.005,248,0,0,0,0.52,31,31,80,0,0.271,-11.79,-0.6688,0,0,-0.004,1,0.161,5,22
14.6456,173791,0.175,0.79,6.76,-119,-0.19,274,0,0,0,0.04,55,55,89,0,0.257,-29.32,-1,0,0,0,1,0.149,5,22
14.68972,173831,0.465,0.962,6.69,-226,-0.362,200,0,0,0,0.18,49,49,52,0,0.272,-18.59,-1,0,0,0,1,0.169,5,22
14.70772,173851,0.623,1.157,6.97,-348,-0.557,222,0,0,0,-0.17,67,67,23,0,0.266,-22.02,-1,0,0,0,1,0.176,4,22
14.72786,173871,0.769,1.155,6.9,-347,-0.555,127,0,0,0,-0.45,81,81,44,0,0.266,-18.3,-1,0,0,0,1,0.179,3,22
14.7458,173891,0.924,1.422,7.52,-514,-0.822,188,0,0,0,-1.15,117,117,8,0,0.281,-12.84,-0.6961,0,0,0,1,0.183,3,22
14.808,173931,1.207,1.208,6.27,-380,-0.608,-110,0,0,0,-0.66,96,96,2,0,0.295,-19.07,-1,0,0,0,1,0.148,6,22
14.80885,173951,1.341,1.093,4.8,-308,-0.493,-247,0,0,0,-1.15,123,123,51,0,0.279,-16.87,-0.9403,0,0,0,1,0.187,4,22
14.82727,173971,1.465,1.083,2.98,-302,-0.483,-298,0,0,0,-0.94,116,116,18,0,0.278,-23.64,-1,0,0,0,1,0.193,2,22
14.85208,173991,1.529,0.885,0.11,-178,-0.285,-415,0,0,0,-0.94,120,120,44,0,0.286,-16.51,-0.9545,0,0,0.013,1,0.194,2,22
14.89415,174031,1.516,0.755,-3.17,-97,-0.155,-434,0,0,0,-1.01,135,135,69,0,0.284,-18.49,-1,0,0,0.034,1,0.188,3,22
14.90997,174051,1.465,0.382,-5.97,136,0.218,-592,0,0,0,-0.1,87,87,120,0,0.287,-18.08,-1,0,0,0.034,1,0.188,3,22
14.92439,174071,1.396,0.482,-8.07,74,0.118,-445,0,0,0,-0.38,111,111,147,0,0.267,-25.1,-1,0,0,0.086,1,0.206,1,22
14.94323,174091,1.263,0.274,-8.98,204,0.326,-475,0,0,0,-0.24,99,99,157,0,0.527,43.45,0.7567,0,0,0.056,1,0.344,0,22
15.00882,174131,0.914,0.05,-9.89,344,0.55,-382,0,0,0,-0.17,100,100,65,0,0.278,-16.01,-0.8695,0,0,0.021,1,0.184,3,22
15.00895,174151,0.673,0.019,-12.27,363,0.581,-182,0,0,0,-1.92,188,188,35,0,0.266,-20.23,-1,0,0,0.141,1,0.178,4,22
15.02661,174171,0.509,0.019,-9.05,363,0.581,-145,0,0,0,0.8,46,46,41,0,0.267,-19.91,-1,0,0,0.073,1,0.195,3,22
15.04704,174191,0.296,-0.014,-9.4,384,0.614,-20,0,0,0,0.66,53,53,34,0,0.251,-23.37,-1,0,0,0.056,1,0.182,3,22
15.09392,174231,-0.043,-0.099,-5.76,437,0.699,73,0,0,0,-0.24,98,98,1,0,0.261,-25.97,-1,0,0,0.026,1,0.16,5,22
15.10979,174251,-0.169,-0.037,-2.82,398,0.637,129,0,0,0,1.08,31,31,12,0,0.263,-23.93,-1,0,0,0.009,1,0.127,7,22
15.12352,174271,-0.3,-0.075,-2.55,422,0.675,191,0,0,0,0.25,67,67,-6,0,0.271,-14.28,-1,0,0,0.017,1,0.125,8,22
15.14913,174291,-0.411,0.134,-4.64,291,0.466,422,0,0,0,5.35,-188,-188,68,0,0.262,-11.04,-0.2054,0,0,0.167,1,0.16,5,22
15.20367,174331,-0.372,0.39,0.74,131,0.21,490,0,0,0,-1.01,133,133,57,0,0.254,-17.1,-0.9991,0,0,0.034,1,0.144,7,22
15.21339,174351,-0.322,0.222,5.71,236,0.378,247,0,0,0,-0.17,91,91,-32,0,0.262,-10.42,-0.2278,0,0,0.09,1,0.132,8,22
15.23093,174371,-0.219,0.821,6.55,-138,-0.221,556,0,0,0,0.52,57,57,99,0,0.266,-15.48,-0.8977,0,0,0.154,1,0.116,8,22
15.24452,174391,-0.136,1.198,10.04,-374,-0.598,673,0,0,0,-0.17,87,87,269,0,0.271,-9.03,-0.3003,0,0,0.098,1,0.123,8,22
15.28706,174431,0.115,1.349,10.25,-468,-0.749,605,0,0,0,0.32,63,63,123,0,0.274,-4.58,0.5852,0,0,0,1,0.104,9,22
15.30492,174451,0.392,1.282,11.58,-426,-0.682,364,0,0,0,-0.31,96,96,46,0,0.278,-4.67,0.4612,0,0,-0.009,1,0.111,9,22
15.32375,174471,0.728,1.277,13.05,-423,-0.677,127,0,0,0,-0.17,92,92,23,0,0.266,-23.85,-1,0,0,0.013,1,0.098,10,22
15.34362,174491,1.041,1.306,12.84,-441,-0.706,-54,0,0,0,-0.31,103,103,14,0,0.273,-22.14,-1,0,0,0.043,1,0.113,9,22
15.40478,174531,1.556,1.218,7.73,-386,-0.618,-361,0,0,0,-0.66,153,153,27,0,0.298,-7.55,-0.0008,0,0,0.021,1,0.108,8,22
15.40778,174551,1.786,1.13,4.8,-331,-0.53,-509,0,0,0,-0.52,145,145,39,0,0.285,-19.74,-1,0,0,0.017,1,0.116,8,22
15.42593,174571,1.963,1.008,-0.17,-255,-0.408,-610,0,0,0,-1.36,197,197,70,0,0.304,-9.71,-0.2946,0,0,-0.004,1,0.099,9,22
15.44629,174591,2.083,0.874,0.81,-171,-0.274,-796,0,0,0,-1.5,212,212,17,0,0.308,-12.18,-1,0,0,0.009,1,0.105,9,22
15.48832,174631,2.045,0.453,-6.53,92,0.147,-913,0,0,0,-0.17,175,175,110,0,0.32,-8.03,-0.6306,0,0,0.009,1,0.104,10,22
15.50724,174651,1.921,0.477,-9.19,77,0.123,-768,0,0,0,-1.15,219,219,141,0,0.307,-10.49,-0.7697,0,0,0,1,0.099,9,22
15.52583,174671,1.696,0.157,-12.55,277,0.443,-771,0,0,0,-1.15,217,217,75,0,0.303,-11.17,-0.716,0,0,-0.004,1,0.097,9,22
15.54247,174691,1.472,-0.115,-14.71,447,0.715,-763,0,0,0,-0.38,179,179,45,0,0.294,-16.78,-1,0,0,-0.017,1,0.108,9,22
15.604,174731,0.926,-0.302,-15.69,564,0.902,-517,0,0,0,0.39,138,138,72,0,0.273,-24.33,-1,0,0,-0.004,1,0.097,10,22
15.60782,174751,0.62,-0.326,-15.2,579,0.926,-338,0,0,0,1.08,101,101,94,0,0.28,-22.54,-1,0,0,-0.004,1,0.096,10,22
15.62631,174771,0.311,-0.363,-13.38,602,0.963,-195,0,0,0,1.71,68,68,101,0,0.299,-3.05,0.3261,0,0,0,1,0.074,11,22
15.64449,174791,0.035,-0.373,-11.78,608,0.973,-52,0,0,0,1.22,86,86,97,0,0.27,-16.99,-0.8091,0,0,-0.021,1,0.081,11,22
15.68878,174831,-0.418,-0.283,-6.25,552,0.883,204,0,0,0,1.22,58,58,89,0,0.287,9.39,1,0,0,-0.034,1,0.076,12,22
15.70847,174851,-0.571,-0.261,-3.52,538,0.861,252,0,0,0,0.59,81,81,62,0,0.271,4.06,1,0,0,-0.248,1,0.044,14,22
15.72571,174871,-0.697,-0.171,-3.45,482,0.771,400,0,0,0,1.43,20,20,48,0,0.247,-19.43,-0.3891,0,0,-0.094,1,0.042,13,22
15.74381,174891,-0.694,-0.034,1.51,396,0.634,403,0,0,0,1.71,-27,-27,55,0,0.271,-0.24,1,0,0,-0.081,1,0.061,13,22
15.80545,174931,-0.565,0.206,8.22,246,0.394,353,0,0,0,0.8,9,9,61,0,0.263,-8.65,-0.2461,0,0,-0.115,1,0.096,10,22
15.80789,174951,-0.436,0.29,9.69,194,0.31,295,0,0,0,0.11,45,45,42,0,0.263,-15.44,-1,0,0,-0.013,1,0.09,10,22
15.83263,174971,-0.251,0.677,14.24,-48,-0.077,334,0,0,0,-0.52,77,77,71,0,0.268,-15.78,-1,0,0,-0.124,1,0.089,10,22
15.84493,174991,-0.091,0.63,10.18,-19,-0.03,273,0,0,0,0.66,17,17,100,0,0.268,-20.08,-1,0,0,-0.12,1,0.102,10,22
15.89398,175031,0.306,1.011,7.59,-257,-0.411,320,0,0,0,0.25,39,39,86,0,0.267,-26.18,-1,0,0,-0.068,1,0.107,9,22
15.90824,175051,0.536,1.171,10.88,-357,-0.571,212,0,0,0,0.66,18,18,57,0,0.264,-12.78,-0.3851,0,0,-0.06,1,0.149,8,22
15.92578,175071,0.779,1.178,9.97,-361,-0.578,78,0,0,0,0.66,20,20,68,0,0.276,-11.88,-0.561,0,0,-0.128,1,0.16,5,22
15.94306,175091,0.963,1.182,9.83,-364,-0.582,-37,0,0,0,0.39,36,36,42,0,0.266,-24.09,-1,0,0,-0.034,1,0.156,7,22
16.00553,175131,1.394,1.109,7.59,-318,-0.509,-319,0,0,0,-0.52,82,82,45,0,0.285,-15.5,-0.9446,0,0,-0.009,1,0.184,4,22
16.01262,175151,1.551,0.915,5.01,-197,-0.315,-500,0,0,0,-1.15,107,107,60,0,0.26,-26.55,-1,0,0,-0.021,1,0.195,3,22
16.02646,175171,1.657,0.882,1.86,-176,-0.282,-536,0,0,0,-1.57,139,139,75,0,0.263,-24.69,-1,0,0,-0.034,1,0.196,3,22
16.04426,175191,1.673,0.734,-3.66,-84,-0.134,-539,0,0,0,-1.01,122,122,16,0,0.282,-21.85,-1,0,0,-0.068,1,0.177,6,22
16.08991,175231,1.611,0.499,-5.41,63,0.101,-619,0,0,0,-1.15,145,145,97,0,0.311,-8.94,-0.6921,0,0,-0.051,1,0.174,5,22
16.10822,175251,1.468,0.19,-9.26,256,0.41,-662,0,0,0,-1.43,167,167,83,0,0.293,-16.42,-1,0,0,-0.043,1,0.186,3,22
16.12666,175271,1.327,0.062,-10.59,336,0.538,-623,0,0,0,-0.59,136,136,39,0,0.289,-11.95,-0.5836,0,0,0.004,1,0.189,4,22
16.14675,175291,1.132,0.011,-10.94,368,0.589,-527,0,0,0,-0.73,147,147,17,0,0.288,-15.3,-0.9236,0,0,0.009,1,0.193,4,22
16.20274,175331,0.627,-0.2,-11.85,500,0.8,-321,0,0,0,0.46,82,82,8,0,0.276,-17.28,-0.9728,0,0,-0.013,1,0.19,3,22
16.20884,175351,0.383,-0.192,-10.73,495,0.792,-183,0,0,0,0.94,56,56,27,0,0.278,-16.38,-0.9109,0,0,-0.009,1,0.196,2,22
16.22759,175371,0.147,-0.162,-9.96,476,0.762,-20,0,0,0,0.8,62,62,43,0,0.272,-11.31,-0.4165,0,0,0,1,0.2,3,22
16.24311,175391,-0.09,-0.174,-7.65,484,0.774,84,0,0,0,1.43,26,26,39,0,0.261,-15.55,-0.8095,0,0,0,1,0.199,2,22
16.29025,175431,-0.428,-0.082,-3.94,426,0.682,293,0,0,0,1.22,19,19,31,0,0.264,-16.55,-1,0,0,0,1,0.181,5,22
16.30961,175451,-0.53,-0.054,-0.87,409,0.654,319,0,0,0,1.01,17,17,13,0,0.266,-18.56,-1,0,0,0.004,1,0.172,5,22
16.32712,175471,-0.587,0.208,1.44,245,0.392,486,0,0,0,0.73,20,20,54,0,0.263,-12.12,-0.6866,0,0,0,1,0.18,5,22
16.34325,175491,-0.602,0.373,3.68,142,0.227,561,0,0,0,1.22,-17,-17,47,0,0.266,-9.94,-0.4597,0,0,0.009,1,0.181,5,22
16.40782,175531,-0.496,0.405,4.24,122,0.195,504,0,0,0,0.66,4,4,60,0,0.265,-10.15,-0.4522,0,0,0.021,1,0.191,4,22
16.40807,175551,-0.336,0.763,6.76,-102,-0.163,593,0,0,0,-0.03,39,39,80,0,0.256,-18.98,-1,0,0,0.03,1,0.188,4,22
16.42969,175571,-0.179,1.091,8.64,-307,-0.491,666,0,0,0,0.73,1,1,56,0,0.266,-12.85,-0.6331,0,0,0.073,1,0.192,3,22
16.45044,175591,0.009,1.259,11.86,-412,-0.659,596,0,0,0,0.04,37,37,21,0,0.266,-17.44,-1,0,0,0.064,1,0.185,3,22
16.49053,175631,0.517,1.368,13.47,-480,-0.768,309,0,0,0,0.59,10,10,-18,0,0.274,-15.24,-0.9023,0,0,0,1,0.188,4,22
16.51152,175651,0.797,1.363,13.4,-477,-0.763,126,0,0,0,-0.03,43,43,-22,0,0.273,-12.84,-0.6752,0,0,0.013,1,0.196,3,22
16.53054,175671,1.053,1.304,11.93,-440,-0.704,-55,0,0,0,-0.24,57,57,-1,0,0.27,-19.53,-1,0,0,0.043,1,0.186,3,22
16.5426,175691,1.291,1.261,7.11,-413,-0.661,-146,0,0,0,0.46,31,31,13,0,0.277,-19.96,-1,0,0,0.167,1,0.185,3,22
16.60735,175731,1.664,1.173,3.47,-358,-0.573,-376,0,0,0,-0.1,55,55,15,0,0.278,-14.04,-0.5321,0,0,0.081,1,0.196,3,22
16.61026,175751,1.779,1.074,2.56,-296,-0.474,-509,0,0,0,-1.85,144,144,-3,0,0.273,-24.77,-1,0,0,0.115,1,0.179,5,22
16.62937,175771,1.859,0.928,-0.66,-205,-0.328,-589,0,0,0,-2.06,158,158,49,0,0.271,-26.31,-1,0,0,0.021,1,0.179,4,22
16.64855,175791,1.857,0.824,-3.03,-140,-0.224,-615,0,0,0,-1.99,170,170,-19,0,0.406,24.44,0.7808,0,0,0.004,1,0.535,5,22
16.68965,175831,1.654,0.44,-9.33,100,0.16,-620,0,0,0,-1.01,146,146,61,0,0.298,-19.09,-1,0,0,0.03,1,0.144,7,22
16.7054,175851,1.498,0.374,-10.03,141,0.226,-545,0,0,0,-0.52,128,128,99,0,0.288,-16.94,-0.9287,0,0,0.056,1,0.145,7,22
16.72422,175871,1.302,0.158,-12.76,276,0.442,-515,0,0,0,-1.71,196,196,43,0,0.268,-23.33,-1,0,0,0.205,1,0.176,5,22
16.74152,175891,1.059,-0.006,-10.8,379,0.606,-498,0,0,0,0.73,70,70,11,0,0.265,-17.14,-0.7145,0,0,0.038,1,0.2,3,22
16.8052,175931,0.578,-0.202,-11.29,501,0.802,-301,0,0,0,0.59,64,64,-6,0,0.264,-30.05,-1,0,0,-0.004,1,0.128,8,22
16.81252,175951,0.313,-0.234,-11.85,521,0.834,-143,0,0,0,0.39,73,73,2,0,0.277,-18.45,-1,0,0,0.004,1,0.099,10,22
16.83409,175971,0.082,-0.251,-10.52,532,0.851,-26,0,0,0,0.04,92,92,1,0,0.27,-19.27,-1,0,0,0.013,1,0.091,10,22
16.84582,175991,-0.141,-0.168,-8.56,480,0.768,137,0,0,0,-0.87,137,137,23,0,0.276,-22.23,-1,0,0,0.026,1,0.08,11,22
16.8889,176031,-0.502,0.032,-0.1,355,0.568,332,0,0,0,-0.1,93,93,59,0,0.264,-10.64,-0.3858,0,0,0.201,1,0.126,8,22
16.9068,176051,-0.577,0.093,0.11,317,0.507,427,0,0,0,1.71,-14,-14,67,0,0.254,-13.09,-0.4307,0,0,-0.034,1,0.142,8,22
16.92502,176071,-0.641,0.222,-2.62,236,0.378,596,0,0,0,0.04,64,64,85,0,0.265,-12.31,-0.6545,0,0,0.047,1,0.123,9,22
16.94943,176091,-0.599,0.293,0.46,192,0.307,568,0,0,0,1.08,13,13,85,0,0.264,-19.88,-1,0,0,0.133,1,0.097,10,22
16.99177,176131,-0.355,0.661,7.87,-38,-0.061,520,0,0,0,0.39,47,47,41,0,0.264,-12.11,-0.3846,0,0,0.03,1,0.099,10,22
17.00945,176151,-0.216,0.754,10.67,-96,-0.154,446,0,0,0,0.39,46,46,93,0,0.272,-5.44,0.1565,0,0,0.013,1,0.092,12,22
17.02708,176171,-0.098,1.003,11.23,-252,-0.403,510,0,0,0,-0.8,105,105,86,0,0.26,-18.35,-1,0,0,0.051,1,0.097,10,22
17.05071,176191,0.086,1.109,12.56,-318,-0.509,426,0,0,0,-0.31,81,81,45,0,0.274,-8.98,-0.3107,0,0,0.043,1,0.099,10,22
17.08914,176231,0.555,1.202,10.6,-376,-0.602,228,0,0,0,-1.22,127,127,5,0,0.282,-6.35,0.254,0,0,0.004,1,0.107,9,22
17.10752,176251,0.801,1.261,11.3,-413,-0.661,97,0,0,0,-0.59,97,97,-3,0,0.287,-11.18,-0.6569,0,0,0,1,0.082,11,22
17.12591,176271,1.031,1.328,10.46,-455,-0.728,5,0,0,0,-1.08,123,123,-21,0,0.287,-21.1,-1,0,0,0.009,1,0.075,11,22
17.14404,176291,1.258,1.35,10.67,-469,-0.75,-132,0,0,0,-0.87,112,112,-25,0,0.282,-17.91,-0.9263,0,0,0,1,0.091,10,22
17.20773,176331,1.592,1.182,4.87,-364,-0.582,-355,0,0,0,-1.78,178,178,8,0,0.307,-6.63,-0.1228,0,0,-0.004,1,0.089,11,22
17.21356,176351,1.719,0.934,0.6,-209,-0.334,-516,0,0,0,-1.22,167,167,38,0,0.297,-8.43,0.0477,0,0,-0.009,1,0.098,10,22
17.22779,176371,1.816,1,-0.31,-250,-0.4,-524,0,0,0,-1.85,214,214,43,0,0.285,-26.45,-1,0,0,-0.004,1,0.089,11,22
17.24537,176391,1.839,0.949,-2.55,-218,-0.349,-526,0,0,0,-0.59,152,152,-9,0,0.296,-19.81,-1,0,0,-0.026,1,0.1,10,22
17.28972,176431,1.732,0.448,-6.6,95,0.152,-711,0,0,0,-0.59,162,162,150,0,0.312,-11.18,-1,0,0,-0.192,1,0.067,12,22
17.30792,176451,1.583,0.389,-9.05,132,0.211,-611,0,0,0,-0.66,173,173,135,0,0.307,-11.61,-0.6522,0,0,-0.073,1,0.096,11,22
17.32509,176471,1.373,0.144,-10.38,285,0.456,-611,0,0,0,-0.17,153,153,56,0,0.296,-12.35,-0.6153,0,0,-0.06,1,0.089,11,22
17.34907,176491,1.162,-0.005,-12.34,378,0.605,-536,0,0,0,-0.38,162,162,39,0,0.273,-13.29,-0.3962,0,0,-0.026,1,0.118,12,22
17.40288,176531,0.687,-0.614,-14.71,759,1.214,-573,0,0,0,-0.31,174,174,-91,0,0.295,-7.24,-0.3334,0,0,-0.026,1,0.109,9,22
17.40772,176551,0.403,-0.507,-14.57,692,1.107,-318,0,0,0,-0.8,198,198,-36,0,0.271,-24.3,-1,0,0,-0.111,1,0.106,10,22
17.42541,176571,0.118,-0.493,-10.8,683,1.093,-204,0,0,0,-0.66,193,193,-12,0,0.258,-24.96,-1,0,0,-0.081,1,0.113,10,22
17.44278,176591,-0.2,-0.478,-12.13,674,1.078,41,0,0,0,0.32,144,144,7,0,0.291,-4.39,0.0638,0,0,-0.056,1,0.107,10,22
17.48863,176631,-0.682,-0.238,-6.67,524,0.838,409,0,0,0,1.36,71,71,60,0,0.266,-14.26,-0.9278,0,0,-0.064,1,0.125,9,22
17.50789,176651,-0.857,-0.147,-4.08,467,0.747,528,0,0,0,1.57,53,53,62,0,0.277,-5.28,-0.2598,0,0,-0.043,1,0.151,9,22
17.52569,176671,-0.912,0.082,0.18,324,0.518,639,0,0,0,0.94,75,75,95,0,0.269,-10.94,-0.7341,0,0,-0.026,1,0.154,7,22
17.54738,176691,-0.91,0.219,3.19,238,0.381,671,0,0,0,0.94,71,71,95,0,0.256,-22.28,-1,0,0,0,1,0.126,9,22
17.60474,176731,-0.677,0.667,8.85,-42,-0.067,709,0,0,0,-0.1,114,114,76,0,0.268,-15.17,-1,0,0,-0.162,1,0.125,9,22
17.60991,176751,-0.504,0.858,12.7,-161,-0.258,647,0,0,0,1.22,47,47,113,0,0.252,-21.22,-1,0,0,-0.047,1,0.16,9,22
17.62633,176771,-0.277,1.024,13.19,-265,-0.424,606,0,0,0,1.01,52,52,112,0,0.26,-22.04,-1,0,0,-0.06,1,0.156,7,22
17.64428,176791,0.043,1.243,15.92,-402,-0.643,489,0,0,0,1.08,47,47,28,0,0.27,-14.56,-0.8815,0,0,-0.064,1,0.162,8,22
17.6896,176831,0.692,1.354,16.97,-471,-0.754,119,0,0,0,1.01,46,46,-7,0,0.247,-30.74,-1,0,0,0.004,1,0.176,6,22
17.7136,176851,1.028,1.307,15.08,-442,-0.707,-89,0,0,0,0.52,71,71,12,0,0.27,-18,-1,0,0,0.009,1,0.194,5,22
17.72791,176871,1.353,1.266,12.84,-416,-0.666,-287,0,0,0,-0.45,120,120,28,0,0.26,-25.54,-1,0,0,0.004,1,0.199,3,22
17.74346,176891,1.626,1.232,9.2,-395,-0.632,-422,0,0,0,-1.22,163,163,27,0,0.306,-12.18,-0.9187,0,0,-0.021,1,0.179,5,22
17.80711,176931,1.963,0.93,-1.29,-206,-0.33,-642,0,0,0,-0.66,145,145,55,0,0.281,-24.84,-1,0,0,-0.004,1,0.183,5,22
17.80758,176951,2.019,0.914,-5.13,-196,-0.314,-623,0,0,0,-1.71,207,207,15,0,0.3,-16.97,-1,0,0,0,1,0.172,6,22
17.82702,176971,1.992,0.782,-7.86,-114,-0.182,-636,0,0,0,-1.01,193,193,10,0,0.298,-20.04,-1,0,0,0,1,0.177,5,22
17.84442,176991,1.859,0.501,-10.94,62,0.099,-680,0,0,0,-0.03,151,151,55,0,0.278,-23.49,-1,0,0,0,1,0.2,2,22
17.88939,177031,1.444,0.226,-13.52,234,0.374,-542,0,0,0,0.52,136,136,68,0,0.281,-22.62,-1,0,0,0,1,0.187,4,22
17.91152,177051,1.178,0.006,-14.99,371,0.594,-476,0,0,0,0.94,115,115,47,0,0.289,-18.02,-1,0,0,0,1,0.179,5,22
17.92823,177071,0.927,-0.16,-13.73,475,0.76,-454,0,0,0,0.87,120,120,33,0,0.295,-11.95,-0.8025,0,0,0.004,1,0.198,4,22
17.94797,177091,0.678,-0.253,-13.66,533,0.853,-348,0,0,0,1.08,110,110,28,0,0.283,-15.04,-0.9222,0,0,0.004,1,0.177,6,22
17.99237,177131,0.162,-0.296,-11.85,560,0.896,-75,0,0,0,1.36,91,91,35,0,0.259,-21.54,-1,0,0,0.009,1,0.19,4,22
18.0105,177151,-0.093,-0.219,-10.1,512,0.819,101,0,0,0,0.46,131,131,55,0,0.273,-9.21,-0.4335,0,0,0.021,1,0.201,3,22
18.02879,177171,-0.297,-0.142,-6.11,464,0.742,211,0,0,0,1.5,79,79,71,0,0.27,-12.06,-0.6813,0,0,0.017,1,0.203,3,22
18.04603,177191,-0.476,-0.026,-3.1,391,0.626,349,0,0,0,2.06,35,35,84,0,0.249,-19.32,-1,0,0,0.034,1,0.198,5,22
18.08974,177231,-0.653,0.21,2.28,244,0.39,510,0,0,0,0.46,79,79,94,0,0.248,-27.67,-1,0,0,0.051,1,0.172,6,22
18.10711,177251,-0.662,0.246,2.56,221,0.354,536,0,0,0,0.25,90,90,44,0,0.235,-24.89,-1,0,0,0.03,1,0.191,6,22
18.12495,177271,-0.565,0.534,5.22,41,0.066,618,0,0,0,-0.03,103,103,46,0,0.243,-26.03,-1,0,0,0,1,0.176,6,22
18.14446,177291,-0.416,0.73,8.5,-81,-0.13,589,0,0,0,0.8,59,59,64,0,0.252,-23.17,-1,0,0,0.013,1,0.158,7,22
18.20445,177331,0.044,0.995,19.13,-247,-0.395,251,0,0,0,-2.48,216,216,92,0,0.26,-17.99,-1,0,0,0.154,1,0.192,3,22
18.20677,177351,0.287,1.12,16.69,-325,-0.52,242,0,0,0,-1.43,163,163,48,0,0.244,-27.33,-1,0,0,0.034,1,0.182,6,22
18.22501,177371,0.538,1.197,12.14,-373,-0.597,194,0,0,0,-0.94,139,139,14,0,0.26,-24.64,-1,0,0,0.047,1,0.15,7,22
18.243,177391,0.817,1.243,11.09,-402,-0.643,81,0,0,0,-0.17,102,102,7,0,0.269,-14.91,-0.7346,0,0,0.026,1,0.187,4,22
18.29086,177431,1.313,1.186,9.55,-366,-0.586,-253,0,0,0,-0.66,137,137,28,0,0.273,-21.92,-1,0,0,0,1,0.161,6,22
18.30842,177451,1.504,1.144,4.1,-340,-0.544,-296,0,0,0,-0.94,153,153,31,0,0.282,-17.49,-1,0,0,0.047,1,0.169,7,22
18.33272,177471,1.619,0.997,2.77,-248,-0.397,-454,0,0,0,-1.85,204,204,74,0,0.269,-22.64,-1,0,0,0.124,1,0.176,6,22
18.34408,177491,1.674,0.92,-0.73,-200,-0.32,-475,0,0,0,-1.85,209,209,83,0,0.286,-16.02,-0.8373,0,0,0.03,1,0.174,6,22
18.40557,177531,1.573,0.517,-8.63,52,0.083,-524,0,0,0,-1.29,179,179,79,0,0.291,-18.32,-1,0,0,-0.004,1,0.115,10,22
18.40625,177551,1.51,0.371,-11.78,143,0.229,-525,0,0,0,-0.1,139,139,104,0,0.283,-18.43,-1,0,0,0.013,1,0.134,9,22
18.42355,177571,1.398,0.237,-13.45,227,0.363,-503,0,0,0,-0.87,193,193,125,0,0.279,-23.99,-1,0,0,0.009,1,0.118,9,22
18.44201,177591,1.228,0.347,-14.92,158,0.253,-295,0,0,0,-1.29,235,235,161,0,0.29,-14.34,-0.844,0,0,0.043,1,0.118,9,22
18.48778,177631,0.749,0.059,-12.13,338,0.541,-228,0,0,0,0.66,123,123,79,0,0.262,-27.57,-1,0,0,0,1,0.133,9,22
18.50731,177651,0.499,0.03,-9.54,356,0.57,-143,0,0,0,-0.24,168,168,83,0,0.274,-19.79,-1,0,0,0.094,1,0.128,9,22
18.52536,177671,0.26,-0.082,-11.01,426,0.682,-21,0,0,0,1.29,82,82,53,0,0.269,-15.58,-0.8632,0,0,0.06,1,0.126,9,22
18.54281,177691,0.052,-0.064,-9.19,415,0.664,86,0,0,0,0.11,142,142,62,0,0.278,-9.66,-0.4658,0,0,0.009,1,0.106,10,22
18.6029,177731,-0.282,0.138,-3.66,289,0.462,338,0,0,0,0.94,99,99,99,0,0.262,-15.94,-0.7698,0,0,0,1,0.089,12,22
18.60617,177751,-0.433,0.091,-1.71,318,0.509,370,0,0,0,0.8,104,104,63,0,0.253,-14.04,-0.2343,0,0,0.013,1,0.097,11,22
18.62551,177771,-0.519,0.126,0.18,296,0.474,411,0,0,0,-0.24,155,155,47,0,0.279,10.78,1,0,0,0.009,1,0.089,12,22
18.64309,177791,-0.531,0.318,1.72,176,0.282,519,0,0,0,1.08,88,88,52,0,0.273,-6.21,0.0821,0,0,0.043,1,0.096,12,22
18.68802,177831,-0.449,0.792,7.45,-120,-0.192,662,0,0,0,1.08,73,73,125,0,0.27,-5.39,0.183,0,0,0.03,1,0.089,12,22
18.71179,177851,-0.3,0.811,9.13,-132,-0.211,554,0,0,0,-0.24,142,142,153,0,0.265,-8.22,0.1481,0,0,0.034,1,0.106,11,22
18.72485,177871,-0.115,0.973,9.55,-233,-0.373,531,0,0,0,-0.24,142,142,90,0,0.276,-2.93,0.5625,0,0,0.026,1,0.099,11,22
18.74378,177891,0.101,1.102,11.23,-314,-0.502,446,0,0,0,0.18,121,121,49,0,0.276,-1.86,0.7021,0,0,0,1,0.107,11,22
18.8034,177931,0.554,1.291,12.21,-432,-0.691,254,0,0,0,-0.8,171,171,29,0,0.275,-19.56,-1,0,0,-0.004,1,0.074,13,22
18.80776,177951,0.777,1.413,11.37,-508,-0.813,207,0,0,0,-0.87,173,173,6,0,0.287,-0.89,0.8567,0,0,-0.013,1,0.085,13,22
18.82647,177971,0.995,1.506,11.02,-566,-0.906,129,0,0,0,-0.94,174,174,-19,0,0.292,-17.25,-1,0,0,-0.017,1,0.072,13,22
18.84503,177991,1.193,1.474,9.2,-546,-0.874,19,0,0,0,-3.04,277,277,-9,0,0.287,-7.16,0.1256,0,0,-0.107,1,0.103,12,22
18.8883,178031,1.554,1.304,5.08,-440,-0.704,-249,0,0,0,-0.52,166,166,35,0,0.307,-2.14,0.2716,0,0,-0.06,1,0.07,14,22
18.90835,178051,1.708,1.128,1.3,-330,-0.528,-387,0,0,0,-1.22,206,206,73,0,0.291,-16.78,-1,0,0,-0.056,1,0.101,12,22
18.92633,178071,1.828,1.035,1.79,-272,-0.435,-544,0,0,0,-0.52,182,182,105,0,0.303,-9.33,-0.6317,0,0,-0.017,1,0.096,12,22
18.94772,178091,1.855,1.136,-1.5,-335,-0.536,-419,0,0,0,-2.55,302,302,62,0,0.286,-21.69,-1,0,0,-0.107,1,0.116,10,22
19.00523,178131,1.788,0.642,-4.43,-26,-0.042,-655,0,0,0,-0.66,211,211,152,0,0.297,-16.44,-1,0,0,-0.051,1,0.099,11,22
19.01105,178151,1.668,0.424,-5.34,110,0.176,-714,0,0,0,-1.78,272,272,190,0,0.294,-22.56,-1,0,0,-0.103,1,0.108,10,22
19.02561,178171,1.453,0.272,-9.89,205,0.328,-591,0,0,0,-1.36,255,255,151,0,0.274,-25.5,-1,0,0,-0.064,1,0.137,9,22
19.04642,178191,1.225,0.43,-10.73,106,0.17,-326,0,0,0,-0.45,211,211,185,0,0.294,-17.17,-1,0,0,-0.056,1,0.127,9,22
19.09055,178231,0.725,0.088,-12.89,320,0.512,-184,0,0,0,-0.73,230,230,111,0,0.28,-13.5,-0.6698,0,0,-0.051,1,0.144,9,22
19.10698,178251,0.483,-0.082,-11.43,426,0.682,-159,0,0,0,0.46,171,171,68,0,0.27,-20.61,-1,0,0,-0.043,1,0.16,9,22
19.12665,178271,0.254,0.027,-9.82,358,0.573,30,0,0,0,1.01,142,142,111,0,0.29,-12.49,-0.9749,0,0,-0.026,1,0.144,9,22
19.14375,178291,0.037,0.002,-7.44,374,0.598,110,0,0,0,1.01,142,142,100,0,0.264,-20.78,-1,0,0,0,1,0.148,8,22
19.20919,178331,-0.282,0.165,-1.36,272,0.435,307,0,0,0,1.43,122,122,126,0,0.262,-15.67,-0.9393,0,0,-0.064,1,0.133,9,22
19.21,178351,-0.386,0.211,-0.45,243,0.389,394,0,0,0,0.94,126,126,119,0,0.267,-18.89,-1,0,0,-0.137,1,0.147,8,22
19.22885,178371,-0.462,0.17,-0.52,269,0.43,415,0,0,0,0.46,150,150,64,0,0.26,-22.81,-1,0,0,-0.017,1,0.148,8,22
19.25246,178391,-0.43,0.41,2.84,119,0.19,491,0,0,0,1.01,122,122,123,0,0.273,-18.38,-1,0,0,-0.034,1,0.116,10,22
19.29058,178431,-0.321,0.766,6.34,-104,-0.166,586,0,0,0,1.43,87,87,150,0,0.284,-6.34,-0.4584,0,0,-0.038,1,0.17,7,22
19.30654,178451,-0.2,0.776,7.73,-110,-0.176,490,0,0,0,1.15,87,87,175,0,0.262,-16.01,-0.9398,0,0,-0.013,1,0.176,8,22
19.32416,178471,-0.012,0.904,8.99,-190,-0.304,430,0,0,0,0.94,98,98,121,0,0.256,-14.59,-0.6794,0,0,0.004,1,0.188,5,22
19.34243,178491,0.179,0.99,8.99,-244,-0.39,365,0,0,0,0.73,108,108,90,0,0.254,-18.82,-0.9265,0,0,0.004,1,0.195,5,22
19.40705,178531,0.56,1.203,9.27,-377,-0.603,250,0,0,0,0.59,116,116,41,0,0.277,-15.61,-0.9841,0,0,0,1,0.178,6,22
19.40748,178551,0.745,1.232,8.36,-395,-0.632,165,0,0,0,0.46,122,122,35,0,0.262,-20.49,-0.9457,0,0,0,1,0.2,4,22
19.43109,178571,0.912,1.216,7.73,-385,-0.616,56,0,0,0,-0.38,164,164,45,0,0.274,-19.16,-1,0,0,0.004,1,0.186,5,22
19.45111,178591,1.063,1.2,5.92,-375,-0.6,-19,0,0,0,-0.38,164,164,47,0,0.277,-13.39,-0.6675,0,0,0.013,1,0.21,2,22
19.50463,178631,1.282,1.074,1.51,-296,-0.474,-161,0,0,0,-0.94,187,187,72,0,0.264,-28.12,-1,0,0,0.06,1,0.192,4,22
19.50513,178651,1.365,0.966,-0.45,-229,-0.366,-250,0,0,0,-0.52,168,168,89,0,0.266,-25.2,-1,0,0,0.06,1,0.201,3,22
19.52268,178671,1.39,0.917,-1.92,-198,-0.317,-271,0,0,0,-0.87,182,182,90,0,0.281,-18.65,-1,0,0,0.034,1,0.201,3,22
19.54263,178691,1.369,1.005,-2.76,-253,-0.405,-185,0,0,0,-1.01,189,189,39,0,0.262,-29.27,-1,0,0,0,1,0.191,5,22
19.60278,178731,1.244,0.734,-4.36,-84,-0.134,-251,0,0,0,-1.08,201,201,125,0,0.263,-31.06,-1,0,0,0.013,1,0.18,6,22
19.60837,178751,1.166,0.637,-4.85,-23,-0.037,-255,0,0,0,-0.94,199,199,123,0,0.264,-25.87,-1,0,0,0.03,1,0.184,6,22
19.62474,178771,0.995,0.531,-13.17,43,0.069,-59,0,0,0,2.97,11,11,144,0,0.273,-22.86,-1,0,0,0.145,1,0.186,5,22
19.64273,178791,0.926,0.538,-6.74,39,0.062,-123,0,0,0,2.34,24,24,188,0,0.268,-25.49,-1,0,0,0.064,1,0.187,5,22
19.6927,178831,0.693,0.366,-4.22,146,0.234,-139,0,0,0,-2.2,255,255,196,0,0.27,-22.95,-1,0,0,0,1,0.161,7,22
19.70755,178851,0.56,0.278,-5.48,201,0.322,-75,0,0,0,-2.34,285,285,145,0,0.267,-21.74,-1,0,0,-0.004,1,0.175,7,22
19.72668,178871,0.429,0.576,-3.45,15,0.024,155,0,0,0,-0.66,210,210,204,0,0.27,-20.94,-1,0,0,0.009,1,0.156,8,22
19.74614,178891,0.268,0.352,-5.69,155,0.248,161,0,0,0,2.55,50,50,144,0,0.27,-18.92,-1,0,0,0.167,1,0.161,7,22
19.80472,178931,0.118,0.315,-5.69,178,0.285,239,0,0,0,0.32,160,160,203,0,0.266,-20.48,-1,0,0,0.103,1,0.149,8,22
19.80921,178951,0.048,0.357,-0.31,152,0.243,205,0,0,0,0.39,156,156,187,0,0.266,-21.97,-1,0,0,0.064,1,0.15,8,22
19.82516,178971,0.005,0.44,-0.24,100,0.16,289,0,0,0,-0.45,198,198,228,0,0.277,-12.92,-0.6511,0,0,0.004,1,0.128,9,22
19.84451,178991,-0.035,0.466,2.63,84,0.134,273,0,0,0,-0.31,191,191,212,0,0.263,-26.29,-1,0,0,0.004,1,0.108,10,22
19.89379,179031,-0.011,0.733,4.8,-83,-0.133,392,0,0,0,0.39,155,155,204,0,0.278,-13.18,-0.7969,0,0,0.017,1,0.099,11,22
19.91009,179051,0.05,0.962,7.52,-226,-0.362,451,0,0,0,-0.24,186,186,168,0,0.266,-22.35,-1,0,0,0.038,1,0.097,12,22
19.92917,179071,0.118,0.963,6.69,-227,-0.363,445,0,0,0,0.11,160,160,133,0,0.273,-16.72,-1,0,0,0.205,1,0.144,9,22
19.94402,179091,0.257,0.925,8.71,-203,-0.325,255,0,0,0,0.46,133,133,109,0,0.263,-23.22,-1,0,0,-0.013,1,0.136,9,22
20.01387,179131,0.615,0.942,1.44,-214,-0.342,180,0,0,0,-1.36,226,226,111,0,0.259,-17.37,-0.6961,0,0,0.081,1,0.161,10,22
20.01401,179151,0.817,1.016,4.59,-260,-0.416,47,0,0,0,-0.38,191,191,91,0,0.287,-8.59,-0.3167,0,0,0.013,1,0.115,11,22
20.02651,179171,0.947,0.966,3.47,-229,-0.366,-43,0,0,0,-0.87,218,218,102,0,0.293,-6.94,-0.1309,0,0,0.009,1,0.108,11,22
20.04619,179191,1.055,0.941,4.1,-213,-0.341,-150,0,0,0,-1.01,229,229,103,0,0.285,-13.21,-0.5623,0,0,0.004,1,0.096,12,22
20.0888,179231,1.182,1.075,2.35,-297,-0.475,-113,0,0,0,-1.08,237,237,70,0,0.278,-16.01,-0.7171,0,0,0.038,1,0.123,11,22
20.10918,179251,1.2,0.891,1.65,-182,-0.291,-231,0,0,0,-0.8,216,216,132,0,0.278,-20.95,-1,0,0,0.03,1,0.108,11,22
20.12757,179271,1.21,0.79,-1.43,-119,-0.19,-248,0,0,0,-1.57,247,247,157,0,0.281,-17.44,-1,0,0,0.043,1,0.125,10,22
20.14568,179291,1.222,0.776,-2.62,-110,-0.176,-240,0,0,0,-1.08,232,232,169,0,0.294,-12.72,-0.6476,0,0,0.021,1,0.1,11,22
20.20739,179331,1.144,0.573,-4.29,17,0.027,-290,0,0,0,-1.29,247,247,169,0,0.286,-8.91,0.0303,0,0,0.004,1,0.104,12,22
20.20952,179351,1.065,0.552,-4.78,30,0.048,-245,0,0,0,-0.59,213,213,220,0,0.292,-11.47,-0.6174,0,0,-0.004,1,0.096,12,22
20.22929,179371,0.953,0.358,-5.83,151,0.242,-281,0,0,0,-0.59,212,212,167,0,0.293,-9.78,-0.265,0,0,0,1,0.081,13,22
20.24593,179391,0.852,0.406,-5.69,121,0.194,-186,0,0,0,-0.17,188,188,165,0,0.288,-11.69,-0.4815,0,0,-0.009,1,0.099,11,22
20.29405,179431,0.589,0.411,-5.06,118,0.189,-25,0,0,0,0.18,167,167,134,0,0.273,-12.68,-0.3405,0,0,-0.03,1,0.103,12,22
20.3098,179451,0.457,0.334,-4.29,166,0.266,-0,0,0,0,-0.59,206,206,110,0,0.276,-7,0.7144,0,0,-0.18,1,0.084,14,22
20.32391,179471,0.363,0.354,-3.8,154,0.246,65,0,0,0,-0.1,184,184,115,0,0.29,-2.62,0.7736,0,0,-0.137,1,0.071,14,22
20.34215,179491,0.25,0.408,-3.73,120,0.192,172,0,0,0,0.04,179,179,127,0,0.281,-7.81,0.0824,0,0,-0.06,1,0.072,14,22
20.40574,179531,0.086,0.419,-1.57,113,0.181,242,0,0,0,0.59,151,151,134,0,0.28,-10.04,-0.2988,0,0,-0.021,1,0.097,12,22
20.40948,179551,0.053,0.51,0.39,56,0.09,295,0,0,0,-1.99,280,280,158,0,0.276,-19.37,-1,0,0,-0.098,1,0.098,12,22
20.42827,179571,0.065,0.582,3.12,11,0.018,270,0,0,0,0.46,158,158,144,0,0.27,-13.84,-0.6062,0,0,-0.081,1,0.103,12,22
20.44608,179591,0.064,0.531,1.58,43,0.069,276,0,0,0,0.25,168,168,156,0,0.307,7.85,1,0,0,-0.047,1,0.079,14,22
20.49225,179631,0.173,0.816,5.22,-135,-0.216,323,0,0,0,1.01,131,131,137,0,0.275,-13.69,-0.7344,0,0,-0.068,1,0.112,11,22
20.50706,179651,0.222,0.736,4.24,-85,-0.136,255,0,0,0,1.22,109,109,142,0,0.278,-13.3,-0.8088,0,0,-0.056,1,0.083,14,22
20.52957,179671,0.346,0.834,4.87,-146,-0.234,226,0,0,0,1.29,107,107,123,0,0.303,-2.19,-0.0321,0,0,-0.103,1,0.105,11,22
20.54309,179691,0.442,0.771,4.1,-107,-0.171,139,0,0,0,0.66,139,139,183,0,0.268,-24.91,-1,0,0,-0.047,1,0.125,10,22
20.60508,179731,0.637,0.917,4.45,-198,-0.317,102,0,0,0,0.39,153,153,115,0,0.26,-28.79,-1,0,0,-0.021,1,0.149,8,22
20.60827,179751,0.72,0.923,4.1,-202,-0.323,56,0,0,0,0.46,148,148,106,0,0.267,-22.04,-1,0,0,0.004,1,0.177,7,22
20.62623,179771,0.812,0.902,3.82,-189,-0.302,-9,0,0,0,-0.17,177,177,97,0,0.276,-18.82,-1,0,0,0,1,0.166,8,22
20.653,179791,0.898,0.901,4.1,-188,-0.301,-70,0,0,0,0.04,164,164,94,0,0.264,-27.15,-1,0,0,-0.038,1,0.16,8,22
20.68912,179831,1.03,1.058,2.77,-286,-0.458,-31,0,0,0,-0.03,171,171,143,0,0.285,-20.22,-1,0,0,-0.017,1,0.145,10,22
20.71112,179851,1.081,1.184,2.7,-365,-0.584,15,0,0,0,0.11,165,165,90,0,0.282,-20.43,-1,0,0,-0.043,1,0.159,8,22
20.72648,179871,1.157,1.139,3.61,-337,-0.539,-77,0,0,0,0.25,163,163,113,0,0.292,-15.19,-1,0,0,-0.068,1,0.159,8,22
20.74264,179891,1.212,1.034,2.07,-271,-0.434,-154,0,0,0,-0.38,198,198,117,0,0.273,-17.37,-0.8972,0,0,-0.038,1,0.188,6,22
20.80416,179931,1.312,0.694,-1.57,-59,-0.094,-366,0,0,0,0.18,172,172,165,0,0.282,-16.8,-0.9243,0,0,0.009,1,0.194,5,22
20.80902,179951,1.339,0.525,-2.96,47,0.075,-474,0,0,0,0.04,180,180,189,0,0.287,-20.34,-1,0,0,0.004,1,0.177,7,22
20.82479,179971,1.34,0.416,-5.41,115,0.184,-493,0,0,0,-0.52,209,209,219,0,0.277,-20.95,-1,0,0,0,1,0.19,5,22
20.84524,179991,1.281,0.259,-6.46,213,0.341,-545,0,0,0,-0.8,229,229,257,0,0.316,-7.97,-0.764,0,0,-0.004,1,0.19,5,22
20.88921,180031,0.992,0.28,-8.21,200,0.32,-315,0,0,0,0.04,186,186,119,0,0.276,-17.77,-0.9411,0,0,0,1,0.202,4,22
20.90678,180051,0.791,0.341,-7.44,162,0.259,-159,0,0,0,0.66,155,155,138,0,0.28,-13.98,-0.6711,0,0,0.009,1,0.198,5,22
20.92979,180071,0.589,0.149,-8.21,282,0.451,-140,0,0,0,0.87,144,144,91,0,0.266,-20.56,-1,0,0,0.017,1,0.198,5,22
20.94204,180091,0.408,0.186,-6.88,259,0.414,-23,0,0,0,0.59,158,158,112,0,0.268,-23.72,-1,0,0,0.038,1,0.193,5,22
20.9913,180131,0.078,0.226,-5.13,234,0.374,186,0,0,0,0.94,131,131,115,0,0.252,-22.43,-1,0,0,0.038,1,0.201,4,22
21.0092,180151,-0.029,0.251,-3.45,218,0.349,245,0,0,0,1.22,117,117,109,0,0.272,-13.4,-0.8426,0,0,0.017,1,0.178,6,22
21.02801,180171,-0.122,0.283,-1.71,198,0.317,294,0,0,0,0.73,141,141,99,0,0.256,-22.08,-1,0,0,0,1,0.181,7,22
21.04519,180191,-0.17,0.274,0.11,204,0.326,285,0,0,0,0.46,154,154,89,0,0.254,-26.61,-1,0,0,0,1,0.17,8,22
21.08769,180231,-0.171,0.512,2.56,55,0.088,393,0,0,0,1.15,118,118,157,0,0.259,-25.06,-1,0,0,0.068,1,0.172,8,22
21.11415,180251,-0.087,0.717,10.81,-73,-0.117,330,0,0,0,1.08,116,116,219,0,0.261,-17.03,-0.9129,0,0,0.141,1,0.188,6,22
21.12515,180271,-0.106,1.123,6.34,-327,-0.523,671,0,0,0,-1.01,222,222,229,0,0.251,-22.94,-1,0,0,0.038,1,0.187,6,22
21.14236,180291,-0.062,1.379,5.99,-487,-0.779,813,0,0,0,1.64,82,82,266,0,0.251,-25.06,-1,0,0,0.03,1,0.181,7,22
21.19252,180331,0.355,1.074,7.87,-296,-0.474,330,0,0,0,0.39,127,127,151,0,0.258,-23.46,-1,0,0,0.004,1,0.177,7,22
21.22019,180351,0.606,1.176,10.81,-360,-0.576,188,0,0,0,-2.06,250,250,79,0,0.251,-28.18,-1,0,0,0.141,1,0.18,6,22
21.22943,180371,0.881,1.222,12.91,-389,-0.622,-15,0,0,0,-0.24,156,156,59,0,0.274,-19.72,-1,0,0,0.073,1,0.173,7,22
21.24772,180391,1.105,1.176,12.98,-360,-0.576,-178,0,0,0,-1.08,197,197,68,0,0.286,-6,-0.074,0,0,0.068,1,0.192,7,22
21.28885,180431,1.423,1.016,5.99,-260,-0.416,-375,0,0,0,-1.29,206,206,96,0,0.29,-16.99,-1,0,0,0.009,1,0.136,10,22
21.30678,180451,1.542,0.982,1.58,-239,-0.382,-390,0,0,0,-1.85,244,244,100,0,0.295,-16.71,-1,0,0,-0.004,1,0.127,10,22
21.3247,180471,1.634,0.942,0.18,-214,-0.342,-458,0,0,0,-1.29,241,241,100,0,0.289,-23.55,-1,0,0,0.017,1,0.127,10,22
21.34474,180491,1.719,0.97,-1.78,-231,-0.37,-443,0,0,0,-0.59,219,219,58,0,0.299,-15.06,-0.8944,0,0,0.026,1,0.124,11,22
21.40744,180531,1.612,0.592,-4.5,5,0.008,-572,0,0,0,-3.74,403,403,176,0,0.294,-16.43,-0.9398,0,0,0.141,1,0.142,11,22
21.40863,180551,1.537,0.384,-8.7,135,0.216,-594,0,0,0,0.66,184,184,130,0,0.297,-18.37,-1,0,0,0.081,1,0.138,9,22
21.42602,180571,1.424,0.298,-6.81,189,0.302,-606,0,0,0,0.39,191,191,117,0,0.287,-15.34,-0.6781,0,0,0.03,1,0.138,9,22
21.44754,180591,1.308,0.358,-7.02,151,0.242,-481,0,0,0,-0.1,209,209,175,0,0.276,-19.44,-1,0,0,0.111,1,0.17,9,22
21.48906,180631,0.938,-0.126,-8.7,454,0.726,-529,0,0,0,-0.94,241,241,74,0,0.286,-16.51,-1,0,0,0.017,1,0.118,11,22
21.50828,180651,0.771,-0.187,-9.61,492,0.787,-449,0,0,0,-0.73,233,233,72,0,0.28,-11.51,-0.427,0,0,-0.004,1,0.118,13,22
21.5281,180671,0.597,-0.226,-8.42,516,0.826,-382,0,0,0,-0.52,226,226,69,0,0.283,-20.43,-1,0,0,0.009,1,0.091,12,22
21.54496,180691,0.41,-0.342,-9.61,589,0.942,-313,0,0,0,-0.31,217,217,44,0,0.293,-1.19,0.693,0,0,0.017,1,0.116,11,22
21.6113,180731,0.07,-0.357,-8.07,598,0.957,-132,0,0,0,-0.87,245,245,49,0,0.233,-27.49,-1,0,0,0.034,1,0.148,11,22
21.61162,180751,-0.095,-0.366,-6.67,604,0.966,-58,0,0,0,1.71,116,116,42,0,0.267,-17.37,-1,0,0,0.026,1,0.126,11,22
21.62723,180771,-0.224,-0.39,-5.27,619,0.99,-12,0,0,0,1.64,115,115,31,0,0.286,-0.79,0.8763,0,0,0.038,1,0.099,12,22
21.64223,180791,-0.325,-0.275,-4.08,547,0.875,105,0,0,0,0.46,175,175,50,0,0.277,-4.46,0.4398,0,0,0.021,1,0.088,13,22
21.68859,180831,-0.457,0.088,1.65,320,0.512,324,0,0,0,1.01,147,147,120,0,0.294,9.8,1,0,0,0,1,0.064,15,22
21.7071,180851,-0.459,0.173,4.17,267,0.427,326,0,0,0,0.39,178,178,120,0,0.28,3.09,1,0,0,0,1,0.073,14,22
21.731,180871,-0.417,0.054,3.89,341,0.546,231,0,0,0,0.66,165,165,41,0,0.273,4.69,1,0,0,-0.017,1,0.067,14,22
21.74245,180891,-0.311,0.355,5.01,153,0.245,332,0,0,0,0.18,190,190,135,0,0.285,-0.12,1,0,0,-0.013,1,0.059,15,22
21.8059,180931,-0.03,0.741,9.69,-88,-0.141,326,0,0,0,1.08,138,138,152,0,0.278,-7.57,0.1164,0,0,-0.184,1,0.065,15,22
21.80776,180951,0.1,0.797,7.87,-123,-0.197,306,0,0,0,0.8,152,152,157,0,0.278,-8.19,-0.3778,0,0,-0.06,1,0.078,15,22
21.82765,180971,0.315,0.874,10.74,-171,-0.274,165,0,0,0,1.08,138,138,141,0,0.279,-14.82,-0.6875,0,0,-0.056,1,0.06,15,22
21.84814,180991,0.553,0.834,10.25,-146,-0.234,3,0,0,0,-0.03,194,194,134,0,0.286,-6.39,-0.0459,0,0,-0.017,1,0.106,12,22
21.89194,181031,1.004,0.872,8.08,-170,-0.272,-234,0,0,0,-1.22,255,255,98,0,0.292,-15.4,-1,0,0,-0.043,1,0.089,13,22
21.90949,181051,1.198,0.909,9.06,-193,-0.309,-361,0,0,0,0.52,173,173,101,0,0.279,-24.67,-1,0,0,-0.086,1,0.121,12,22
21.92657,181071,1.358,0.856,2.98,-160,-0.256,-369,0,0,0,-0.03,207,207,153,0,0.292,-18.62,-1,0,0,-0.09,1,0.106,12,22
21.94566,181091,1.475,0.931,2.14,-207,-0.331,-394,0,0,0,0.52,181,181,207,0,0.289,-19.99,-1,0,0,-0.056,1,0.127,10,22
22.00305,181131,1.585,0.475,-4.22,78,0.125,-639,0,0,0,-1.08,268,268,234,0,0.283,-23.53,-1,0,0,-0.077,1,0.162,10,22
22.00793,181151,1.583,0.299,-4.08,188,0.301,-750,0,0,0,-0.52,255,255,163,0,0.279,-25.92,-1,0,0,-0.047,1,0.134,11,22
22.03132,181171,1.493,0.381,-5.13,137,0.219,-626,0,0,0,-0.59,263,263,158,0,0.282,-18.82,-1,0,0,-0.038,1,0.143,11,22
22.04448,181191,1.343,0.243,-4.99,223,0.357,-625,0,0,0,0.39,211,211,138,0,0.285,-17.53,-1,0,0,-0.009,1,0.176,7,22
22.08734,181231,0.993,-0.157,-8.56,473,0.757,-594,0,0,0,-0.52,254,254,78,0,0.278,-21.6,-1,0,0,-0.15,1,0.168,9,22
22.10849,181251,0.818,-0.27,-10.45,544,0.87,-518,0,0,0,-0.24,241,241,66,0,0.282,-19.65,-1,0,0,-0.034,1,0.161,8,22
22.12409,181271,0.631,-0.39,-9.54,619,0.99,-497,0,0,0,0.25,217,217,43,0,0.282,-11.96,-0.5944,0,0,-0.034,1,0.18,8,22
22.14418,181291,0.443,-0.408,-10.94,630,1.008,-351,0,0,0,-0.59,259,259,49,0,0.26,-26.32,-1,0,0,-0.068,1,0.158,9,22
22.20499,181331,0.041,-0.33,-8.84,581,0.93,-80,0,0,0,0.73,194,194,89,0,0.261,-24.2,-1,0,0,-0.03,1,0.169,8,22
22.20923,181351,-0.143,-0.322,-6.46,576,0.922,-3,0,0,0,0.87,187,187,87,0,0.271,-22.84,-1,0,0,0,1,0.158,9,22
22.22946,181371,-0.282,-0.208,-4.08,505,0.808,124,0,0,0,1.43,159,159,112,0,0.272,-18.59,-1,0,0,0.009,1,0.167,9,22
22.24481,181391,-0.408,-0.114,-1.99,446,0.714,226,0,0,0,1.5,131,131,117,0,0.276,-20.94,-1,0,0,0.004,1,0.149,9,22
22.28774,181431,-0.482,0.128,2.63,295,0.472,350,0,0,0,1.29,132,132,135,0,0.262,-15.93,-0.9911,0,0,0,1,0.179,7,22
22.31494,181451,-0.441,0.208,5.08,245,0.392,328,0,0,0,0.87,148,148,119,0,0.262,-12.54,-0.5716,0,0,0,1,0.187,8,22
22.32875,181471,-0.341,0.267,6.69,208,0.333,275,0,0,0,0.39,173,173,94,0,0.264,-16.77,-1,0,0,0,1,0.179,8,22
22.34861,181491,-0.211,0.56,7.52,25,0.04,361,0,0,0,-0.1,197,197,127,0,0.254,-22.2,-1,0,0,0,1,0.181,8,22
22.40532,181531,0.091,0.827,10.32,-142,-0.227,288,0,0,0,0.66,159,159,148,0,0.262,-21.73,-1,0,0,0,1,0.18,8,22
22.40906,181551,0.26,0.829,10.81,-143,-0.229,169,0,0,0,-0.66,225,225,172,0,0.264,-21.13,-1,0,0,0,1,0.17,8,22
22.43074,181571,0.456,0.976,10.18,-235,-0.376,152,0,0,0,-1.08,246,246,152,0,0.277,-16.22,-1,0,0,0,1,0.185,7,22
22.45631,181591,0.646,0.966,9.13,-229,-0.366,40,0,0,0,-0.73,230,230,127,0,0.275,-18.68,-1,0,0,0,1,0.175,8,22
22.48797,181631,1.041,0.906,5.57,-191,-0.306,-187,0,0,0,0.04,200,200,98,0,0.269,-23.72,-1,0,0,0,1,0.193,7,22
22.50757,181651,1.207,0.782,3.33,-114,-0.182,-333,0,0,0,-0.31,220,220,131,0,0.287,-20.65,-1,0,0,0,1,0.182,7,22
22.52392,181671,1.365,0.821,1.16,-138,-0.221,-366,0,0,0,-0.45,236,236,108,0,0.276,-18.06,-0.9417,0,0,0,1,0.201,4,22
22.54401,181691,1.443,0.709,-1.57,-68,-0.109,-445,0,0,0,-1.01,279,279,163,0,0.275,-21.82,-1,0,0,0.017,1,0.197,6,22
22.60489,181731,1.512,0.52,-5.48,50,0.08,-536,0,0,0,-1.29,315,315,203,0,0.269,-26.89,-1,0,0,0.073,1,0.207,4,22
22.60734,181751,1.461,0.419,-4.85,113,0.181,-583,0,0,0,-0.52,275,275,180,0,0.29,-16.71,-0.9115,0,0,0.06,1,0.208,4,22
22.62499,181771,1.33,0.306,-7.65,184,0.294,-524,0,0,0,-0.1,253,253,136,0,0.273,-30.45,-1,0,0,0.017,1,0.172,7,22
22.65318,181791,1.18,0.23,-7.02,231,0.37,-494,0,0,0,0.52,224,224,131,0,0.275,-20.94,-1,0,0,0.009,1,0.199,6,22
22.69272,181831,0.811,0.253,-14.29,217,0.347,-92,0,0,0,3.25,94,94,189,0,0.263,-26.66,-1,0,0,0.154,1,0.188,7,22
22.70625,181851,0.728,0.002,-8.63,374,0.598,-306,0,0,0,2.48,111,111,123,0,0.28,-15.22,-0.928,0,0,0.064,1,0.191,6,22
22.72416,181871,0.629,0.059,-7.44,338,0.541,-223,0,0,0,-0.17,235,235,147,0,0.267,-24.04,-1,0,0,0.068,1,0.176,8,22
22.74327,181891,0.488,-0.024,-3.94,390,0.624,-267,0,0,0,0.73,189,189,118,0,0.274,-19.46,-1,0,0,0.128,1,0.161,9,22
22.80865,181931,0.178,0.037,-4.57,352,0.563,-12,0,0,0,0.18,217,217,130,0,0.264,-23.32,-1,0,0,0.004,1,0.138,10,22
22.80878,181951,0.064,0.099,-3.38,313,0.501,89,0,0,0,1.29,161,161,141,0,0.271,-15.74,-0.9624,0,0,-0.004,1,0.156,10,22
22.82439,181971,-0.025,0.138,-2.2,289,0.462,141,0,0,0,-0.1,231,231,140,0,0.265,-23.62,-1,0,0,0.047,1,0.148,9,22
22.84402,181991,-0.122,0.166,-4.5,271,0.434,246,0,0,0,1.15,169,169,134,0,0.257,-24.34,-1,0,0,0.214,1,0.146,10,22
22.90192,182031,-0.057,0.218,0.95,239,0.382,177,0,0,0,0.04,231,231,104,0,0.259,-21.22,-1,0,0,0.115,1,0.146,10,22
22.90608,182051,-0.025,0.373,4.31,142,0.227,177,0,0,0,0.39,214,214,132,0,0.274,-14.75,-0.983,0,0,0.103,1,0.118,11,22
22.9241,182071,0.022,0.504,6.41,60,0.096,198,0,0,0,-0.45,256,256,158,0,0.269,-10.36,-0.2667,0,0,-0.009,1,0.125,11,22
22.94318,182091,0.081,0.526,5.01,46,0.074,199,0,0,0,-0.1,238,238,173,0,0.268,-19.5,-1,0,0,0.009,1,0.113,12,22
23.00274,182131,0.262,0.496,3.96,65,0.104,80,0,0,0,0.52,207,207,236,0,0.277,-15.36,-0.9165,0,0,0.227,1,0.099,12,22
23.0067,182151,0.379,0.619,4.24,-12,-0.019,81,0,0,0,-0.87,274,274,210,0,0.272,-13.1,-0.5163,0,0,0.081,1,0.125,11,22
23.02478,182171,0.492,0.6,4.17,0,0,-3,0,0,0,-0.45,251,251,237,0,0.274,-11.58,-0.3912,0,0,0.051,1,0.116,12,22
23.04275,182191,0.593,0.68,4.17,-50,-0.08,-16,0,0,0,-0.87,272,272,222,0,0.272,-15.05,-0.7503,0,0,-0.013,1,0.106,13,22
23.08861,182231,0.734,0.635,2.28,-22,-0.035,-103,0,0,0,-0.59,264,264,194,0,0.286,-16.32,-1,0,0,-0.004,1,0.089,14,22
23.1077,182251,0.793,0.675,1.58,-47,-0.075,-104,0,0,0,-0.24,250,250,207,0,0.279,-9.72,0.2218,0,0,0.013,1,0.082,14,22
23.12492,182271,0.823,0.61,-0.03,-6,-0.01,-135,0,0,0,-0.31,257,257,222,0,0.288,-7.16,-0.1684,0,0,0.017,1,0.097,13,22
23.14306,182291,0.823,0.406,-1.5,121,0.194,-243,0,0,0,0.59,212,212,273,0,0.299,-1.89,0.4706,0,0,0.077,1,0.091,13,22
23.21216,182331,0.823,0.283,-4.99,198,0.317,-258,0,0,0,-0.52,253,253,338,0,0.277,-21.43,-1,0,0,0.034,1,0.09,13,22
23.2125,182351,0.763,0.384,-5.13,135,0.216,-149,0,0,0,-0.94,272,272,241,0,0.298,-1.05,0.2931,0,0,0.013,1,0.117,14,22
23.22725,182371,0.662,0.422,-4.08,111,0.178,-81,0,0,0,-0.38,244,244,178,0,0.288,-8.05,0.0102,0,0,-0.009,1,0.073,15,22
23.245,182391,0.542,0.504,-3.8,60,0.096,41,0,0,0,-0.31,242,242,178,0,0.286,-3.16,0.6223,0,0,-0.013,1,0.072,15,22
23.28813,182431,0.322,0.579,-4.64,13,0.021,252,0,0,0,0.46,203,203,198,0,0.248,-30.39,-1,0,0,-0.034,1,0.069,16,22
23.30618,182451,0.252,0.704,-2.41,-65,-0.104,336,0,0,0,1.92,130,130,229,0,0.274,-13.89,-0.1885,0,0,-0.222,1,0.053,16,22
23.32724,182471,0.203,0.682,-2.06,-51,-0.082,345,0,0,0,1.71,143,143,221,0,0.291,6.75,1,0,0,-0.124,1,0.072,15,22
23.34308,182491,0.199,0.704,2.28,-65,-0.104,289,0,0,0,1.29,159,159,238,0,0.293,-4.29,0.0364,0,0,-0.06,1,0.061,17,22
23.41366,182531,0.241,0.573,4.17,17,0.027,141,0,0,0,0.46,202,202,233,0,0.287,-6.19,-0.135,0,0,-0.107,1,0.074,14,22
23.4138,182551,0.291,0.624,3.19,-15,-0.024,157,0,0,0,-0.03,226,226,188,0,0.271,-19.64,-1,0,0,-0.021,1,0.081,14,22
23.42748,182571,0.343,0.666,4.8,-41,-0.066,125,0,0,0,-1.15,281,281,160,0,0.266,-14.83,-0.6949,0,0,-0.081,1,0.116,12,22
23.44626,182591,0.408,0.771,3.54,-107,-0.171,178,0,0,0,-0.38,244,244,128,0,0.28,-10.05,-0.4309,0,0,-0.124,1,0.113,13,22
23.48892,182631,0.511,0.826,4.24,-141,-0.226,123,0,0,0,-0.31,241,241,112,0,0.277,-24.84,-1,0,0,-0.111,1,0.099,13,22
23.50741,182651,0.538,0.768,1.23,-105,-0.168,123,0,0,0,0.39,207,207,134,0,0.279,-25.37,-1,0,0,-0.073,1,0.09,13,22
23.52743,182671,0.592,0.854,2.63,-159,-0.254,122,0,0,0,0.8,187,187,107,0,0.27,-20.97,-1,0,0,-0.073,1,0.114,13,22
23.54336,182691,0.652,0.765,0.53,-103,-0.165,65,0,0,0,0.87,186,186,136,0,0.271,-27.72,-1,0,0,-0.103,1,0.135,11,22
23.60439,182731,0.731,0.744,0.95,-90,-0.144,-5,0,0,0,0.39,211,211,138,0,0.272,-25.66,-1,0,0,-0.051,1,0.147,10,22
23.60825,182751,0.772,0.837,2.42,-148,-0.237,-2,0,0,0,0.18,221,221,107,0,0.283,-17.25,-1,0,0,-0.013,1,0.148,10,22
23.62749,182771,0.784,0.73,1.72,-81,-0.13,-66,0,0,0,-0.24,240,240,140,0,0.273,-22.98,-1,0,0,0.009,1,0.16,9,22
23.65508,182791,0.79,0.622,-0.66,-14,-0.022,-95,0,0,0,0.25,214,214,168,0,0.269,-23.26,-1,0,0,-0.038,1,0.175,9,22
23.68809,182831,0.779,0.632,-1.08,-20,-0.032,-74,0,0,0,-0.1,231,231,174,0,0.264,-22.18,-1,0,0,-0.064,1,0.175,9,22
23.71057,182851,0.782,0.725,-2.06,-78,-0.125,1,0,0,0,0.73,194,194,162,0,0.282,-20.24,-1,0,0,-0.068,1,0.15,10,22
23.72406,182871,0.738,0.667,-1.99,-42,-0.067,-9,0,0,0,0.66,199,199,231,0,0.264,-22.9,-1,0,0,-0.034,1,0.183,9,22
23.74286,182891,0.697,0.629,-1.57,-18,-0.029,-16,0,0,0,-0.17,241,241,249,0,0.275,-23.14,-1,0,0,0.004,1,0.161,9,22
23.79947,182931,0.587,0.501,-3.66,62,0.099,11,0,0,0,0.04,231,231,253,0,0.264,-24.78,-1,0,0,0.004,1,0.176,8,22
23.81114,182951,0.529,0.562,-3.66,24,0.038,86,0,0,0,-0.1,237,237,230,0,0.28,-15,-0.9941,0,0,-0.017,1,0.181,8,22
23.82942,182971,0.459,0.622,-3.8,-14,-0.022,175,0,0,0,0.11,225,225,190,0,0.281,-19.24,-1,0,0,-0.013,1,0.175,8,22
23.84744,182991,0.389,0.587,-3.24,8,0.013,187,0,0,0,1.15,171,171,230,0,0.263,-20.45,-1,0,0,0,1,0.185,8,22
23.89175,183031,0.261,0.87,-1.08,-169,-0.27,413,0,0,0,0.46,205,205,255,0,0.268,-24.86,-1,0,0,-0.03,1,0.179,8,22
23.90967,183051,0.22,0.818,-0.31,-136,-0.218,392,0,0,0,1.36,160,160,254,0,0.263,-20.08,-1,0,0,-0.128,1,0.174,9,22
23.92768,183071,0.21,0.757,0.46,-98,-0.157,347,0,0,0,0.94,182,182,253,0,0.269,-24.71,-1,0,0,-0.034,1,0.169,9,22
23.94859,183091,0.222,0.885,2.14,-178,-0.285,390,0,0,0,1.5,154,154,165,0,0.279,-12.12,-0.7829,0,0,0.009,1,0.178,9,22
24.00507,183131,0.278,0.928,3.54,-205,-0.328,358,0,0,0,0.8,178,178,112,0,0.269,-18.42,-1,0,0,0.004,1,0.183,7,22
24.00652,183151,0.318,0.923,3.61,-202,-0.323,328,0,0,0,1.08,165,165,123,0,0.27,-14.42,-0.7617,0,0,0.004,1,0.198,6,22
24.02874,183171,0.364,0.829,2.7,-143,-0.229,253,0,0,0,0.73,183,183,160,0,0.271,-12.42,-0.5387,0,0,0,1,0.213,4,22
24.04453,183191,0.418,1.099,2.7,-312,-0.499,392,0,0,0,0.87,177,177,83,0,0.274,-16.23,-0.9136,0,0,0.021,1,0.193,6,22
24.0877,183231,0.531,1.173,3.26,-358,-0.573,363,0,0,0,0.66,183,183,71,0,0.28,-8.87,-0.3293,0,0,0.098,1,0.212,4,22
24.10811,183251,0.578,1.213,4.73,-383,-0.613,324,0,0,0,-0.52,241,241,65,0,0.273,-11.54,-0.4791,0,0,0.043,1,0.214,4,22
24.1245,183271,0.597,1.091,3.96,-307,-0.491,257,0,0,0,-0.31,231,231,109,0,0.287,-13.34,-0.9827,0,0,0.009,1,0.193,6,22
24.1434,183291,0.643,1.138,3.96,-336,-0.538,245,0,0,0,0.39,198,198,100,0,0.268,-17.25,-0.9245,0,0,0.013,1,0.2,7,22
24.20576,183331,0.747,1.165,4.59,-353,-0.565,187,0,0,0,-0.03,210,210,99,0,0.265,-18.4,-0.8725,0,0,0.145,1,0.198,6,22
24.20642,183351,0.787,1.12,3.05,-325,-0.52,162,0,0,0,-0.31,224,224,111,0,0.268,-19.26,-1,0,0,0.026,1,0.183,8,22
24.22393,183371,0.825,1.163,1.16,-352,-0.563,189,0,0,0,1.01,154,154,96,0,0.248,-21.53,-0.9198,0,0,0.141,1,0.213,7,22
24.24202,183391,0.85,1.074,-0.73,-296,-0.474,166,0,0,0,-0.66,232,232,121,0,0.262,-23.76,-1,0,0,0.051,1,0.193,6,22
24.29251,183431,0.938,1.056,0.6,-285,-0.456,72,0,0,0,-0.24,212,212,120,0,0.263,-23.96,-1,0,0,0,1,0.177,8,22
24.30583,183451,0.95,1.117,-0.45,-323,-0.517,114,0,0,0,0.18,196,196,96,0,0.256,-26.24,-1,0,0,0.017,1,0.172,9,22
24.32384,183471,0.944,1.056,-0.94,-285,-0.456,89,0,0,0,-0.24,224,224,108,0,0.264,-24,-1,0,0,0.111,1,0.16,9,22
24.34757,183491,0.943,1.12,1.09,-325,-0.52,91,0,0,0,-1.57,294,294,83,0,0.265,-27.23,-1,0,0,0.218,1,0.147,11,22
24.40328,183531,0.874,0.982,-1.85,-239,-0.382,101,0,0,0,-0.94,252,252,110,0,0.273,-21.21,-1,0,0,0.03,1,0.161,9,22
24.4064,183551,0.864,0.858,-1.85,-161,-0.258,29,0,0,0,-1.99,303,303,144,0,0.266,-23.52,-1,0,0,-0.013,1,0.138,11,22
24.42419,183571,0.848,0.912,-1.36,-195,-0.312,67,0,0,0,-1.43,290,290,120,0,0.275,-18.68,-1,0,0,0.004,1,0.126,12,22
24.4423,183591,0.833,0.747,-2.41,-92,-0.147,-10,0,0,0,-0.94,274,274,169,0,0.279,-13.95,-0.8248,0,0,0.021,1,0.125,12,22
24.48756,183631,0.909,0.806,4.24,-129,-0.206,-125,0,0,0,-1.43,325,325,143,0,0.26,-29.67,-1,0,0,0.188,1,0.134,12,22
24.50611,183651,0.75,0.656,3.4,-35,-0.056,-133,0,0,0,-0.45,271,271,184,0,0.261,-23.86,-1,0,0,0.081,1,0.149,10,22
24.52771,183671,0.644,0.685,-0.87,-53,-0.085,36,0,0,0,-0.52,273,273,168,0,0.281,-16.31,-0.8358,0,0,0.013,1,0.118,12,22
24.54222,183691,0.55,0.594,-4.92,4,0.006,110,0,0,0,-1.08,302,302,194,0,0.286,-8.87,-0.1784,0,0,-0.013,1,0.098,14,22
24.61124,183731,0.428,0.712,-4.15,-70,-0.112,263,0,0,0,-0.1,259,259,148,0,0.273,-12.5,-0.3958,0,0,0.021,1,0.098,14,22
24.61138,183751,0.332,0.675,-1.85,-47,-0.075,255,0,0,0,-1.01,300,300,161,0,0.277,-12.07,-0.44,0,0,0.133,1,0.097,14,22
24.62796,183771,0.333,0.701,-2.41,-63,-0.101,275,0,0,0,-0.17,255,255,154,0,0.288,-6.11,0.017,0,0,0.098,1,0.097,14,22
24.64626,183791,0.29,0.69,-0.17,-56,-0.09,255,0,0,0,-0.87,290,290,168,0,0.282,-12.89,-0.8952,0,0,0.013,1,0.111,14,22
24.69276,183831,0.209,0.829,-0.59,-143,-0.229,415,0,0,0,-0.17,253,253,143,0,0.287,-2.47,0.4094,0,0,0.038,1,0.103,14,22
24.70577,183851,0.213,0.814,-0.17,-134,-0.214,393,0,0,0,-0.73,280,280,158,0,0.264,-5.88,0.6405,0,0,0.021,1,0.096,14,22
24.72377,183871,0.22,0.936,1.44,-210,-0.336,436,0,0,0,0.11,238,238,137,0,0.274,-13.97,-1,0,0,-0.004,1,0.073,15,22
24.74602,183891,0.248,0.99,2.63,-244,-0.39,437,0,0,0,0.25,232,232,133,0,0.306,19.35,1,0,0,-0.004,1,0.07,16,22
24.80836,183931,0.316,1.04,3.82,-275,-0.44,400,0,0,0,0.18,236,236,140,0,0.286,-10.41,-0.6233,0,0,-0.009,1,0.054,17,22
24.80849,183951,0.36,1.066,2.91,-291,-0.466,402,0,0,0,0.04,242,242,146,0,0.285,-21.98,-1,0,0,-0.009,1,0.035,19,22
24.82673,183971,0.419,0.965,2.84,-228,-0.365,301,0,0,0,0.32,227,227,185,0,0.279,-4.06,0.7857,0,0,-0.034,1,0.063,17,22
24.84477,183991,0.466,1.101,1.93,-313,-0.501,381,0,0,0,-0.17,251,251,153,0,0.286,-1.78,1,0,0,-0.231,1,0.065,16,22
24.89007,184031,0.586,1.138,3.12,-336,-0.538,305,0,0,0,1.08,195,195,147,0,0.287,-6.14,-0.026,0,0,-0.064,1,0.073,16,22
24.91143,184051,0.638,1.192,3.89,-370,-0.592,283,0,0,0,1.36,182,182,135,0,0.292,0.92,1,0,0,-0.004,1,0.066,16,22
24.9285,184071,0.7,1.243,3.33,-402,-0.643,293,0,0,0,0.8,209,209,120,0,0.297,5.57,1,0,0,-0.009,1,0.096,15,22
24.94315,184091,0.752,1.174,2.35,-359,-0.574,214,0,0,0,3.67,63,63,139,0,0.288,-3.76,0.8018,0,0,-0.098,1,0.087,15,22
25.01061,184131,0.876,1.171,1.58,-357,-0.571,159,0,0,0,0.87,209,209,136,0,0.299,-7.86,-0.4116,0,0,-0.086,1,0.081,15,22
25.01074,184151,0.936,1.162,2.63,-351,-0.562,99,0,0,0,1.01,203,203,134,0,0.292,-9.66,-0.6574,0,0,-0.073,1,0.099,13,22
25.03397,184171,0.971,1.157,0.53,-348,-0.557,117,0,0,0,0.59,225,225,130,0,0.287,-19.78,-1,0,0,-0.094,1,0.108,13,22
25.04518,184191,1.012,1.09,1.79,-306,-0.49,13,0,0,0,0.18,250,250,139,0,0.286,-18.45,-1,0,0,-0.086,1,0.099,14,22
25.09212,184231,1.047,1.037,0.11,-273,-0.437,-5,0,0,0,0.18,255,255,136,0,0.284,-13.01,-0.6131,0,0,-0.086,1,0.147,11,22
25.10916,184251,1.03,1.12,1.23,-325,-0.52,40,0,0,0,-0.38,283,283,99,0,0.313,1.04,0.3056,0,0,-0.056,1,0.138,11,22
25.12906,184271,0.983,1.042,-0.1,-276,-0.442,36,0,0,0,-0.59,293,293,108,0,0.271,-23.97,-1,0,0,-0.017,1,0.162,12,22
25.14249,184291,0.959,0.891,-0.8,-182,-0.291,-32,0,0,0,-0.03,264,264,147,0,0.279,-24.3,-1,0,0,0.009,1,0.136,11,22
25.21341,184331,0.928,0.869,-2.82,-168,-0.269,36,0,0,0,-2.83,397,397,142,0,0.28,-17.23,-1,0,0,-0.06,1,0.155,11,22
25.21383,184351,0.919,0.851,-3.59,-157,-0.251,37,0,0,0,0.04,257,257,139,0,0.267,-23.85,-1,0,0,-0.239,1,0.169,10,22
25.22825,184371,0.875,0.73,-3.94,-81,-0.13,-19,0,0,0,1.22,201,201,170,0,0.277,-20.65,-1,0,0,-0.06,1,0.147,11,22
25.24898,184391,0.848,0.691,-4.29,-57,-0.091,-20,0,0,0,1.5,189,189,174,0,0.267,-21.32,-1,0,0,-0.047,1,0.184,8,22
25.28944,184431,0.734,0.558,-3.66,26,0.042,-43,0,0,0,0.04,263,263,201,0,0.265,-27.62,-1,0,0,0,1,0.173,9,22
25.30691,184451,0.648,0.571,-4.85,18,0.029,38,0,0,0,0.04,262,262,215,0,0.277,-19.74,-1,0,0,-0.004,1,0.172,10,22
25.33364,184471,0.557,0.613,-4.08,-8,-0.013,110,0,0,0,-0.1,267,267,206,0,0.271,-16.32,-0.8448,0,0,-0.03,1,0.181,9,22
25.35072,184491,0.455,0.675,-5.13,-47,-0.075,246,0,0,0,-1.71,346,346,185,0,0.28,-12.27,-0.6231,0,0,-0.038,1,0.184,8,22
25.40317,184531,0.279,0.658,-3.73,-36,-0.058,314,0,0,0,-0.24,275,275,195,0,0.266,-22.29,-1,0,0,-0.056,1,0.18,8,22
25.40783,184551,0.192,0.586,-3.31,9,0.014,313,0,0,0,0.66,230,230,204,0,0.282,-9.61,-0.5236,0,0,-0.03,1,0.181,9,22
25.42873,184571,0.131,0.635,-2.55,-22,-0.035,374,0,0,0,0.66,231,231,180,0,0.273,-15.12,-0.8766,0,0,0,1,0.185,8,22
25.44953,184591,0.082,0.667,-1.08,-42,-0.067,397,0,0,0,1.01,213,213,174,0,0.262,-17.24,-0.8335,0,0,0.009,1,0.196,7,22
25.48737,184631,0.036,0.848,0.88,-155,-0.248,508,0,0,0,0.94,205,205,141,0,0.272,-9.79,-0.4407,0,0,0.013,1,0.205,5,22
25.50623,184651,0.034,0.941,2.35,-213,-0.341,545,0,0,0,0.8,201,201,129,0,0.279,-5.75,-0.1014,0,0,0.004,1,0.202,7,22
25.52396,184671,0.033,0.987,2.91,-242,-0.387,564,0,0,0,0.87,185,185,128,0,0.263,-13.58,-0.5297,0,0,0.009,1,0.193,7,22
25.54358,184691,0.027,0.938,1.86,-211,-0.338,555,0,0,0,0.73,181,181,163,0,0.286,-2.13,0.1538,0,0,0.06,1,0.186,8,22
25.60489,184731,0.17,1.518,3.4,-574,-0.918,815,0,0,0,0.52,190,190,17,0,0.262,-14.59,-0.6907,0,0,0.03,1,0.211,5,22
25.61227,184751,0.212,1.573,5.5,-608,-0.973,777,0,0,0,0.66,183,183,16,0,0.264,-14.89,-0.7563,0,0,-0.004,1,0.19,8,22
25.63184,184771,0.335,1.754,8.01,-721,-1.154,776,0,0,0,0.32,202,202,-18,0,0.267,-17.27,-1,0,0,0,1,0.186,8,22
25.64685,184791,0.479,1.762,9.97,-726,-1.162,649,0,0,0,0.87,175,175,5,0,0.26,-11.75,-0.4238,0,0,0.026,1,0.246,8,22
25.69206,184831,0.875,1.638,10.32,-649,-1.038,325,0,0,0,1.5,134,134,85,0,0.249,-25.11,-1,0,0,0.141,1,0.207,6,22
25.71394,184851,1.021,1.592,8.15,-620,-0.992,223,0,0,0,0.18,199,199,107,0,0.262,-17.44,-0.8293,0,0,0.03,1,0.203,6,22
25.72537,184871,1.187,1.568,8.43,-605,-0.968,94,0,0,0,-0.45,230,230,112,0,0.275,-21.2,-1,0,0,0.09,1,0.186,8,22
25.74264,184891,1.331,1.534,3.26,-584,-0.934,81,0,0,0,-1.22,265,265,111,0,0.264,-27.53,-1,0,0,0.09,1,0.191,8,22
25.8053,184931,1.487,1.338,-0.17,-461,-0.738,-83,0,0,0,-0.66,238,238,134,0,0.28,-16.82,-0.978,0,0,0,1,0.187,8,22
25.80876,184951,1.513,1.302,-1.57,-439,-0.702,-110,0,0,0,-0.94,258,258,124,0,0.297,-11.72,-0.8682,0,0,0,1,0.172,9,22
25.8282,184971,1.504,1.221,-3.17,-388,-0.621,-123,0,0,0,-0.87,263,263,122,0,0.278,-21.41,-1,0,0,0.051,1,0.178,9,22
25.84932,184991,1.444,1.149,-6.04,-343,-0.549,-67,0,0,0,-2.06,330,330,121,0,0.282,-20.31,-1,0,0,0.227,1,0.172,9,22
25.88909,185031,1.326,0.933,-9.33,-208,-0.333,-87,0,0,0,-0.66,272,272,136,0,0.279,-20.28,-1,0,0,0.12,1,0.174,10,22
25.90962,185051,1.203,0.646,-11.57,-29,-0.046,-146,0,0,0,-0.1,239,239,202,0,0.27,-21.78,-1,0,0,0.047,1,0.177,9,22
25.92558,185071,1.079,0.47,-11.36,81,0.13,-187,0,0,0,-1.36,301,301,237,0,0.283,-17.46,-1,0,0,-0.009,1,0.139,11,22
25.94374,185091,0.925,0.379,-11.5,138,0.221,-140,0,0,0,-1.08,294,294,257,0,0.264,-29.79,-1,0,0,-0.004,1,0.138,11,22
26.01012,185131,0.48,0.51,-8.63,56,0.09,179,0,0,0,-0.52,274,274,216,0,0.275,-17.09,-1,0,0,0.026,1,0.149,11,22
26.01031,185151,0.173,0.622,-8.84,-14,-0.022,432,0,0,0,0.94,195,195,206,0,0.273,-14.68,-0.8005,0,0,0.239,1,0.134,12,22
26.02611,185171,0.035,0.65,-8.7,-31,-0.05,557,0,0,0,0.59,211,211,195,0,0.254,-20.14,-1,0,0,0.06,1,0.166,11,22
26.04573,185191,-0.133,0.682,-6.88,-51,-0.082,651,0,0,0,0.18,232,232,206,0,0.243,-28.04,-1,0,0,0.068,1,0.136,12,22
26.09818,185231,-0.246,0.797,1.58,-123,-0.197,649,0,0,0,-1.08,296,296,164,0,0.275,-5.1,0.1781,0,0,-0.009,1,0.094,16,22
26.10847,185251,-0.244,0.778,3.68,-111,-0.178,595,0,0,0,-0.52,267,267,178,0,0.275,-4.87,0.3245,0,0,-0.009,1,0.094,16,22
26.12866,185271,-0.163,0.827,4.59,-142,-0.227,561,0,0,0,0.11,234,234,192,0,0.272,-4.53,0.8146,0,0,0.009,1,0.066,17,22
26.15027,185291,-0.072,0.981,6.2,-238,-0.381,570,0,0,0,0.25,226,226,178,0,0.263,-10.77,-0.5556,0,0,0.004,1,0.095,15,22
26.20473,185331,0.127,1.328,7.8,-455,-0.728,620,0,0,0,-1.29,297,297,116,0,0.277,-7.49,-0.2299,0,0,0.162,1,0.096,15,22
26.20715,185351,0.263,1.451,9.97,-532,-0.851,589,0,0,0,0.46,209,209,97,0,0.267,-16.92,-0.9936,0,0,-0.009,1,0.126,13,22
26.22449,185371,0.421,1.56,7.52,-600,-0.96,605,0,0,0,-1.01,282,282,80,0,0.268,-16.64,-1,0,0,0.043,1,0.118,13,22
26.24489,185391,0.605,1.634,10.74,-646,-1.034,468,0,0,0,-0.73,269,269,73,0,0.273,-16.51,-0.9921,0,0,-0.004,1,0.099,14,22
26.28759,185431,0.994,1.698,8.57,-686,-1.098,297,0,0,0,-1.08,288,288,72,0,0.275,-22.26,-1,0,0,0.068,1,0.095,15,22
26.30639,185451,1.207,1.686,9.41,-679,-1.086,148,0,0,0,-1.01,279,279,78,0,0.273,-25.18,-1,0,0,0.017,1,0.099,14,22
26.32437,185471,1.377,1.632,5.85,-645,-1.032,60,0,0,0,-1.71,312,312,92,0,0.332,18.88,1,0,0,0.017,1,0.082,15,22
26.3416,185491,1.554,1.531,5.71,-582,-0.931,-118,0,0,0,-0.73,270,270,115,0,0.306,-4.32,-0.0051,0,0,0,1,0.083,15,22
26.40845,185531,1.798,1.344,2.14,-465,-0.744,-335,0,0,0,-1.99,397,397,129,0,0.313,-2.45,0.0865,0,0,-0.004,1,0.075,16,22
26.40883,185551,1.833,1.285,-0.24,-428,-0.685,-350,0,0,0,-0.73,349,349,120,0,0.304,-14.8,-1,0,0,-0.013,1,0.074,16,22
26.43239,185571,1.81,1.075,-1.71,-297,-0.475,-451,0,0,0,-0.17,316,316,153,0,0.312,-6.49,-0.5754,0,0,-0.047,1,0.098,15,22
26.44402,185591,1.716,0.838,-4.92,-149,-0.238,-482,0,0,0,-1.22,371,371,198,0,0.293,-20.54,-1,0,0,-0.235,1,0.083,15,22
26.48816,185631,1.433,0.65,-12.62,-31,-0.05,-280,0,0,0,-0.1,335,335,195,0,0.291,-19.9,-1,0,0,-0.06,1,0.099,14,22
26.50674,185651,1.24,0.533,-12.27,42,0.067,-229,0,0,0,0.8,290,290,174,0,0.288,-18.69,-1,0,0,-0.034,1,0.081,16,22
26.52518,185671,1.026,0.531,-12.55,43,0.069,-94,0,0,0,-0.87,374,374,187,0,0.299,-3.62,0.3994,0,0,-0.12,1,0.097,15,22
26.54207,185691,0.799,0.435,-11.15,103,0.165,-24,0,0,0,0.87,289,289,183,0,0.29,-17.29,-1,0,0,-0.056,1,0.087,16,22
26.60323,185731,0.38,0.565,-5.55,22,0.035,214,0,0,0,1.15,275,275,249,0,0.271,-20.57,-1,0,0,-0.103,1,0.119,15,22
26.6065,185751,0.154,0.574,-7.37,16,0.026,404,0,0,0,1.29,258,258,250,0,0.275,-22.14,-1,0,0,-0.064,1,0.099,14,22
26.62407,185771,0.015,0.822,-2.2,-139,-0.222,561,0,0,0,2.48,180,180,316,0,0.272,-14.27,-0.823,0,0,-0.056,1,0.108,14,22
26.64408,185791,-0.071,0.798,-2.13,-124,-0.198,600,0,0,0,1.36,210,210,286,0,0.275,-14.81,-1,0,0,-0.098,1,0.108,14,22
26.6883,185831,-0.057,0.763,1.86,-102,-0.163,502,0,0,0,0.46,255,255,173,0,0.275,-17.46,-1,0,0,-0.043,1,0.132,14,22
26.70635,185851,0.024,0.832,4.66,-145,-0.232,439,0,0,0,0.46,255,255,165,0,0.264,-18.46,-1,0,0,-0.043,1,0.154,12,22
26.72514,185871,0.125,0.955,8.15,-222,-0.355,395,0,0,0,-0.24,290,290,144,0,0.271,-19.31,-1,0,0,-0.047,1,0.147,12,22
26.74248,185891,0.251,0.941,6.06,-213,-0.341,349,0,0,0,0.04,277,277,170,0,0.269,-20.51,-1,0,0,-0.103,1,0.155,12,22
26.7943,185931,0.489,0.995,6.83,-247,-0.395,207,0,0,0,0.8,238,238,180,0,0.264,-23.92,-1,0,0,-0.038,1,0.158,11,22
26.81632,185951,0.603,1.066,5.22,-291,-0.466,202,0,0,0,0.94,230,230,165,0,0.264,-25.12,-1,0,0,-0.004,1,0.149,11,22
26.8306,185971,0.7,1.085,4.31,-303,-0.485,178,0,0,0,0.94,229,229,158,0,0.286,-12.67,-0.9209,0,0,-0.081,1,0.16,10,22
26.84704,185991,0.8,1.086,3.33,-304,-0.486,124,0,0,0,0.8,239,239,154,0,0.27,-25.58,-1,0,0,-0.073,1,0.147,12,22
26.88795,186031,0.943,1.069,2.21,-293,-0.469,43,0,0,0,-0.52,305,305,147,0,0.286,-13.84,-0.9791,0,0,-0.013,1,0.165,12,22
26.9058,186051,0.993,1.138,3.05,-336,-0.538,38,0,0,0,-0.8,318,318,120,0,0.271,-21.27,-1,0,0,-0.013,1,0.176,10,22
26.92437,186071,1.03,1.07,2.07,-294,-0.47,-9,0,0,0,-0.66,310,310,130,0,0.29,-21.13,-1,0,0,-0.03,1,0.137,12,22
26.94275,186091,1.053,0.93,0.04,-206,-0.33,-82,0,0,0,-0.24,292,292,170,0,0.301,-10.94,-1,0,0,-0.073,1,0.127,12,22
27.00639,186131,1.063,0.832,-2.96,-145,-0.232,-97,0,0,0,0.04,285,285,184,0,0.27,-26.41,-1,0,0,-0.017,1,0.177,10,22
27.011,186151,1.043,0.835,-3.17,-147,-0.235,-75,0,0,0,-0.03,291,291,169,0,0.278,-20.09,-1,0,0,0.004,1,0.185,8,22
27.02681,186171,0.983,0.582,-5.48,11,0.018,-158,0,0,0,0.32,276,276,239,0,0.279,-11.79,-0.5288,0,0,0.004,1,0.205,7,22
27.04408,186191,0.905,0.381,-6.95,137,0.219,-212,0,0,0,-0.52,320,320,287,0,0.273,-15.17,-0.6844,0,0,0.013,1,0.2,7,22
27.08964,186231,0.639,0.208,-8.63,245,0.392,-123,0,0,0,-0.38,318,318,321,0,0.268,-18.57,-0.9675,0,0,0.047,1,0.215,5,22
27.10684,186251,0.428,0.302,-8.49,186,0.298,75,0,0,0,-0.52,322,322,303,0,0.271,-16.68,-0.915,0,0,0.047,1,0.204,6,22
27.12568,186271,0.193,0.459,-7.72,88,0.141,310,0,0,0,-0.03,298,298,241,0,0.269,-16.94,-0.9222,0,0,0.009,1,0.186,8,22
27.1484,186291,-0.032,0.485,-6.95,72,0.115,458,0,0,0,0.11,291,291,180,0,0.251,-22.79,-1,0,0,-0.004,1,0.199,7,22
27.20605,186331,-0.361,0.573,-2.2,17,0.027,640,0,0,0,1.22,210,210,209,0,0.268,-9.47,-0.4236,0,0,0.021,1,0.192,9,22
27.20887,186351,-0.451,0.582,0.46,11,0.018,654,0,0,0,0.46,247,247,211,0,0.271,-15.38,-1,0,0,0.026,1,0.16,11,22
27.22627,186371,-0.511,0.826,0.81,-141,-0.226,851,0,0,0,1.29,190,190,161,0,0.271,-11.47,-0.705,0,0,0.111,1,0.179,11,22
27.24561,186391,-0.421,0.974,7.04,-234,-0.374,778,0,0,0,0.39,234,234,149,0,0.285,-4.09,-0.2988,0,0,0.06,1,0.176,10,22
27.29601,186431,-0.177,1.274,10.39,-421,-0.674,743,0,0,0,0.32,238,238,136,0,0.258,-18.09,-1,0,0,0,1,0.182,10,22
27.30926,186451,-0.026,1.504,11.44,-565,-0.904,791,0,0,0,1.08,199,199,96,0,0.265,-21.49,-1,0,0,-0.004,1,0.173,10,22
27.32863,186471,0.137,1.646,12.56,-654,-1.046,747,0,0,0,0.46,224,224,79,0,0.254,-26.03,-1,0,0,0.021,1,0.171,10,22
27.34375,186491,0.333,1.706,15.08,-691,-1.106,633,0,0,0,-2.69,383,383,87,0,0.252,-22.75,-1,0,0,0.12,1,0.174,11,22
27.40542,186531,0.952,1.68,15.71,-675,-1.08,186,0,0,0,-1.71,356,356,129,0,0.26,-12.02,-0.3961,0,0,0.056,1,0.211,8,22
27.40782,186551,1.228,1.691,10.11,-682,-1.091,131,0,0,0,-1.29,336,336,130,0,0.274,-23.68,-1,0,0,0.009,1,0.161,11,22
27.43443,186571,1.454,1.688,10.25,-680,-1.088,-39,0,0,0,-0.1,280,280,126,0,0.268,-23.58,-1,0,0,0.009,1,0.168,11,22
27.44374,186591,1.631,1.706,6.34,-691,-1.106,-67,0,0,0,0.04,272,272,106,0,0.283,-18.9,-1,0,0,0.171,1,0.167,11,22
27.48883,186631,1.802,1.406,-3.1,-504,-0.806,-198,0,0,0,0.11,267,267,144,0,0.289,-16.69,-0.9083,0,0,0.107,1,0.175,11,22
27.50523,186651,1.805,1.238,-5.27,-399,-0.638,-262,0,0,0,-1.5,347,347,162,0,0.301,-12.78,-0.8927,0,0,0.051,1,0.159,11,22
27.52563,186671,1.774,1.19,-5.27,-369,-0.59,-280,0,0,0,-1.57,356,356,142,0,0.283,-21.87,-1,0,0,0,1,0.136,13,22
27.54518,186691,1.685,1.094,-6.53,-309,-0.494,-259,0,0,0,-1.15,333,333,134,0,0.297,-17.76,-1,0,0,0,1,0.117,13,22
27.60457,186731,1.408,0.674,-8.91,-46,-0.074,-314,0,0,0,-1.43,373,373,207,0,0.302,-5.45,-0.1776,0,0,0.026,1,0.12,15,22
27.60758,186751,1.212,0.544,-10.8,35,0.056,-232,0,0,0,-1.01,360,360,223,0,0.31,-5.64,-0.3938,0,0,0.009,1,0.082,16,22
27.62797,186771,0.968,0.504,-8.63,60,0.096,-150,0,0,0,-0.52,340,340,207,0,0.263,-28.56,-1,0,0,0.124,1,0.136,13,22
27.64522,186791,0.814,0.517,-9.89,52,0.083,-17,0,0,0,0.46,289,289,201,0,0.263,-27.88,-1,0,0,0.098,1,0.116,14,22
27.69502,186831,0.349,0.554,-6.32,29,0.046,250,0,0,0,0.52,278,278,217,0,0.263,-16.41,-0.7784,0,0,0.068,1,0.137,13,22
27.70875,186851,0.139,0.55,-4.29,31,0.05,341,0,0,0,0.32,287,287,216,0,0.267,-20.87,-1,0,0,0.077,1,0.114,15,22
27.72414,186871,0.014,0.592,-1.43,5,0.008,393,0,0,0,0.04,301,301,216,0,0.26,-21.73,-1,0,0,0.004,1,0.107,15,22
27.7434,186891,-0.078,0.661,-0.73,-38,-0.061,489,0,0,0,0.25,291,291,222,0,0.282,-1.33,0.7468,0,0,0,1,0.105,15,22
27.80502,186931,-0.114,0.757,2.84,-98,-0.157,511,0,0,0,-0.1,308,308,182,0,0.294,7.91,1,0,0,0.017,1,0.096,16,22
27.808,186951,-0.081,0.835,4.45,-147,-0.235,512,0,0,0,-0.59,332,332,180,0,0.276,-3.43,1,0,0,0,1,0.073,17,22
27.83435,186971,-0.016,0.901,5.99,-188,-0.301,483,0,0,0,-0.03,304,304,186,0,0.277,-4.95,0.37,0,0,0.013,1,0.098,15,22
27.84446,186991,0.072,1.037,5.85,-273,-0.437,515,0,0,0,0.39,283,283,168,0,0.278,-12.12,-0.7033,0,0,0.004,1,0.099,15,22
27.8895,187031,0.323,1.147,5.78,-342,-0.547,432,0,0,0,-0.24,314,314,175,0,0.266,-17.01,-0.8736,0,0,0,1,0.126,14,22
27.90925,187051,0.464,1.022,5.92,-264,-0.422,252,0,0,0,-0.1,307,307,228,0,0.277,-10.6,-0.1744,0,0,0,1,0.099,15,22
27.93622,187071,0.614,1.131,5.71,-332,-0.531,232,0,0,0,-0.87,345,345,200,0,0.251,-28.9,-1,0,0,-0.004,1,0.119,15,22
27.95006,187091,0.756,1.294,6.2,-434,-0.694,238,0,0,0,-1.08,355,355,153,0,0.281,-17.46,-1,0,0,-0.004,1,0.099,15,22
28.00532,187131,0.987,1.194,5.01,-371,-0.594,45,0,0,0,-1.57,377,377,179,0,0.285,-13.54,-0.7017,0,0,-0.004,1,0.091,15,22
28.00832,187151,1.097,1.178,4.24,-361,-0.578,-24,0,0,0,-1.64,378,378,179,0,0.282,-16.8,-1,0,0,-0.004,1,0.098,15,22
28.02567,187171,1.193,1.242,3.96,-401,-0.642,-41,0,0,0,-1.08,347,347,152,0,0.283,-13.31,-0.4319,0,0,0,1,0.106,15,22
28.05282,187191,1.249,1.165,1.93,-353,-0.565,-88,0,0,0,-1.01,341,341,164,0,0.287,-11.25,-0.4493,0,0,-0.009,1,0.097,15,22
28.08939,187231,1.293,0.726,-2.96,-79,-0.126,-312,0,0,0,-1.57,363,363,273,0,0.284,-22.42,-1,0,0,-0.03,1,0.089,16,22
28.10679,187251,1.263,0.616,-6.95,-10,-0.016,-280,0,0,0,-1.64,371,371,285,0,0.314,5.65,1,0,0,-0.171,1,0.088,16,22
28.12648,187271,1.235,0.57,-5.2,19,0.03,-339,0,0,0,-0.24,315,315,278,0,0.307,-9.33,-0.6519,0,0,-0.098,1,0.067,17,22
28.14386,187291,1.101,0.619,-10.17,-12,-0.019,-122,0,0,0,0.25,295,295,232,0,0.318,9.49,1,0,0,-0.086,1,0.067,17,22
28.19201,187331,0.766,0.6,-8.77,0,0,55,0,0,0,-0.87,364,364,210,0,0.293,-18.07,-1,0,0,-0.056,1,0.089,16,22
28.20926,187351,0.588,0.656,-5.41,-35,-0.056,134,0,0,0,0.94,272,272,238,0,0.285,-14.21,-0.9248,0,0,-0.068,1,0.114,15,22
28.22774,187371,0.471,0.627,-4.43,-17,-0.027,190,0,0,0,-0.17,330,330,232,0,0.308,-3.76,-0.2918,0,0,-0.115,1,0.089,15,22
28.24503,187391,0.306,0.566,-3.66,21,0.034,233,0,0,0,-0.31,337,337,214,0,0.271,-21.25,-1,0,0,-0.051,1,0.102,16,22
28.29002,187431,0.137,0.573,-2.82,17,0.027,330,0,0,0,-0.1,328,328,198,0,0.296,-3.7,-0.0069,0,0,-0.047,1,0.115,14,22
28.30867,187451,0.089,0.613,-0.24,-8,-0.013,338,0,0,0,0.46,300,300,193,0,0.271,-19.68,-1,0,0,-0.047,1,0.136,13,22
28.32502,187471,0.06,0.626,0.32,-16,-0.026,363,0,0,0,0.66,290,290,202,0,0.273,-17.19,-1,0,0,-0.021,1,0.138,12,22
28.34548,187491,0.055,0.624,1.86,-15,-0.024,330,0,0,0,0.52,297,297,221,0,0.256,-24.95,-1,0,0,0.004,1,0.172,12,22
28.40495,187531,0.122,0.688,2.14,-55,-0.088,327,0,0,0,-0.03,324,324,234,0,0.276,-24.89,-1,0,0,-0.004,1,0.125,14,22
28.40795,187551,0.206,0.794,1.79,-121,-0.194,354,0,0,0,1.85,230,230,213,0,0.274,-20.88,-1,0,0,-0.154,1,0.138,12,22
28.42915,187571,0.263,0.766,2.84,-104,-0.166,282,0,0,0,0.46,300,300,229,0,0.293,-5.38,-0.274,0,0,-0.064,1,0.157,12,22
28.44728,187591,0.323,0.827,3.47,-142,-0.227,265,0,0,0,-0.52,350,350,221,0,0.273,-23.9,-1,0,0,-0.021,1,0.149,12,22
28.4882,187631,0.488,0.861,3.12,-163,-0.261,184,0,0,0,0.32,310,310,223,0,0.269,-23.84,-1,0,0,-0.056,1,0.147,13,22
28.50477,187651,0.573,1.011,3.89,-257,-0.411,216,0,0,0,0.59,297,297,179,0,0.279,-21.83,-1,0,0,-0.026,1,0.158,12,22
28.52568,187671,0.651,0.912,3.75,-195,-0.312,102,0,0,0,0.39,309,309,208,0,0.271,-25.2,-1,0,0,0,1,0.172,12,22
28.54559,187691,0.728,0.998,4.03,-249,-0.398,104,0,0,0,0.39,309,309,183,0,0.281,-16.87,-1,0,0,0.009,1,0.188,10,22
28.6091,187731,0.819,1.046,2.28,-279,-0.446,105,0,0,0,0.46,307,307,161,0,0.286,-12.6,-0.7513,0,0,0,1,0.179,10,22
28.60923,187751,0.85,0.954,0.81,-221,-0.354,52,0,0,0,0.66,296,296,187,0,0.277,-15,-0.8798,0,0,0,1,0.198,8,22
28.62457,187771,0.875,0.893,-0.17,-183,-0.293,13,0,0,0,0.11,324,324,198,0,0.275,-22.52,-1,0,0,0,1,0.187,9,22
28.64314,187791,0.9,0.917,-0.87,-198,-0.317,27,0,0,0,-0.1,334,334,186,0,0.277,-18.14,-0.9559,0,0,0.004,1,0.2,8,22
28.68874,187831,0.864,0.805,-2.27,-128,-0.205,4,0,0,0,0.46,306,306,206,0,0.277,-23.11,-1,0,0,0.043,1,0.177,10,22
28.70795,187851,0.834,0.742,-1.92,-89,-0.142,-28,0,0,0,0.11,316,316,217,0,0.298,-7.03,-0.3451,0,0,0.081,1,0.192,8,22
28.72413,187871,0.791,0.736,-2.96,-85,-0.136,22,0,0,0,-0.17,326,326,211,0,0.28,-17.03,-1,0,0,0.038,1,0.2,7,22
28.74281,187891,0.745,0.645,-2.55,-28,-0.045,-17,0,0,0,-0.1,322,322,231,0,0.28,-19,-1,0,0,0.013,1,0.196,9,22
28.80476,187931,0.612,0.544,-2.89,35,0.056,7,0,0,0,-0.1,325,325,252,0,0.284,-10.69,-0.4832,0,0,0.004,1,0.183,10,22
28.81702,187951,0.54,0.534,-3.03,41,0.066,51,0,0,0,-0.31,338,338,252,0,0.275,-25.24,-1,0,0,0.021,1,0.149,12,22
28.83961,187971,0.46,0.558,-3.17,26,0.042,118,0,0,0,-0.1,330,330,237,0,0.254,-22.55,-1,0,0,0.068,1,0.191,11,22
28.84722,187991,0.461,0.562,4.87,24,0.038,-25,0,0,0,0.11,315,315,235,0,0.26,-17.19,-0.74,0,0,0.15,1,0.185,11,22
28.88842,188031,0.277,0.536,-3.1,40,0.064,208,0,0,0,-0.45,342,342,242,0,0.282,-10.07,-0.6583,0,0,0.038,1,0.161,11,22
28.90656,188051,0.251,0.504,-4.85,60,0.096,255,0,0,0,-0.52,346,346,255,0,0.277,-20.85,-1,0,0,0,1,0.16,11,22
28.92706,188071,0.21,0.419,-4.43,113,0.181,214,0,0,0,-0.03,322,322,285,0,0.257,-20.95,-1,0,0,0,1,0.165,14,22
28.94682,188091,0.198,0.456,-1.99,90,0.144,203,0,0,0,-0.17,329,329,281,0,0.258,-22.21,-1,0,0,0.18,1,0.167,12,22
29.0048,188131,0.067,0.672,-0.45,-45,-0.072,397,0,0,0,1.15,262,262,223,0,0.269,-18.03,-1,0,0,0.115,1,0.156,13,22
29.00715,188151,0.014,0.765,-1.15,-103,-0.165,520,0,0,0,0.8,279,279,201,0,0.258,-21.15,-1,0,0,0.051,1,0.154,13,22
29.02679,188171,0.009,0.8,0.88,-125,-0.2,494,0,0,0,0.18,311,311,205,0,0.272,-23.06,-1,0,0,0.013,1,0.134,14,22
29.04257,188191,0.026,0.915,3.4,-197,-0.315,515,0,0,0,0.59,290,290,189,0,0.284,-18.12,-1,0,0,-0.004,1,0.108,15,22
29.0879,188231,0.092,1.07,4.73,-294,-0.47,548,0,0,0,0.46,297,297,181,0,0.275,-12.11,-0.7944,0,0,0.021,1,0.103,16,22
29.10799,188251,0.175,1.141,4.45,-338,-0.541,548,0,0,0,0.39,302,302,181,0,0.274,-12.18,-0.659,0,0,0.017,1,0.122,15,22
29.12445,188271,0.229,1.186,-0.38,-366,-0.586,655,0,0,0,0.25,309,309,187,0,0.272,-15.52,-0.8312,0,0,0.167,1,0.118,14,22
29.14335,188291,0.432,1.03,5.08,-269,-0.43,308,0,0,0,-0.24,331,331,250,0,0.271,-16.92,-1,0,0,0.047,1,0.137,13,22
29.20975,188331,0.622,1.373,6.9,-483,-0.773,357,0,0,0,-0.87,370,370,156,0,0.276,-19.04,-1,0,0,0.103,1,0.124,15,22
29.20988,188351,0.693,1.285,5.92,-428,-0.685,280,0,0,0,-1.22,386,386,184,0,0.283,-18.4,-1,0,0,0.017,1,0.106,15,22
29.22585,188371,0.784,1.259,4.38,-412,-0.659,229,0,0,0,-1.57,404,404,195,0,0.281,-18.29,-1,0,0,0,1,0.114,15,22
29.2447,188391,0.882,1.334,5.01,-459,-0.734,202,0,0,0,-0.73,365,365,173,0,0.289,-6.05,0.2825,0,0,-0.004,1,0.105,16,22
29.29178,188431,1.064,1.243,3.96,-402,-0.643,43,0,0,0,-0.8,375,375,194,0,0.289,-19.59,-1,0,0,0.009,1,0.09,16,22
29.31071,188451,1.148,1.222,2.63,-389,-0.622,2,0,0,0,-0.73,374,374,193,0,0.275,-17.47,-0.7215,0,0,0.026,1,0.09,16,22
29.32955,188471,1.214,1.357,2.42,-473,-0.757,44,0,0,0,0.25,325,325,140,0,0.287,-19.37,-1,0,0,0.021,1,0.109,15,22
29.35441,188491,1.242,1.184,0.39,-365,-0.584,-45,0,0,0,0.39,315,315,180,0,0.296,-11.72,-0.7745,0,0,0.009,1,0.118,14,22
29.40545,188531,1.269,0.922,-2.27,-201,-0.322,-183,0,0,0,-0.52,360,360,233,0,0.295,-12.37,-0.6159,0,0,0,1,0.106,15,22
29.41309,188551,1.243,0.869,-4.36,-168,-0.269,-162,0,0,0,-1.08,388,388,230,0,0.289,-19.32,-1,0,0,0.004,1,0.108,15,22
29.42897,188571,1.174,0.803,-4.71,-127,-0.203,-158,0,0,0,-0.17,340,340,241,0,0.3,-8.76,-0.3061,0,0,0.004,1,0.117,14,22
29.44716,188591,1.082,0.667,-7.16,-42,-0.067,-134,0,0,0,-0.87,374,374,261,0,0.27,-15.6,-0.5719,0,0,0,1,0.149,15,22
29.49067,188631,0.83,0.608,-7.72,-5,-0.008,-0,0,0,0,0.11,323,323,244,0,0.285,-14.93,-0.7297,0,0,0,1,0.097,16,22
29.51503,188651,0.691,0.597,-6.67,2,0.003,61,0,0,0,-0.31,342,342,229,0,0.29,-15.65,-1,0,0,-0.009,1,0.091,16,22
29.52443,188671,0.564,0.618,-5.34,-11,-0.018,134,0,0,0,0.04,324,324,214,0,0.261,-26.9,-1,0,0,-0.043,1,0.102,17,22
29.54331,188691,0.428,0.613,-4.22,-8,-0.013,197,0,0,0,0.46,303,303,206,0,0.281,-16.46,-0.9098,0,0,-0.013,1,0.089,17,22
29.61025,188731,0.216,0.63,-2.2,-19,-0.03,308,0,0,0,0.32,308,308,200,0,0.295,-3.82,0.3001,0,0,-0.009,1,0.074,17,22
29.61038,188751,0.149,0.659,-1.36,-37,-0.059,354,0,0,0,0.46,300,300,197,0,0.287,-1.28,0.7425,0,0,-0.026,1,0.094,17,22
29.62748,188771,0.137,0.702,0.46,-64,-0.102,360,0,0,0,0.52,296,296,193,0,0.278,-12.8,-0.3305,0,0,-0.086,1,0.065,19,22
29.64477,188791,0.154,0.766,3.33,-104,-0.166,355,0,0,0,1.85,224,224,186,0,0.298,0.66,1,0,0,-0.188,1,0.064,19,22
29.69513,188831,0.224,0.902,4.66,-189,-0.302,368,0,0,0,2.34,190,190,176,0,0.302,10.02,1,0,0,-0.111,1,0.072,18,22
29.70491,188851,0.245,0.899,4.45,-187,-0.299,346,0,0,0,-0.1,307,307,188,0,0.283,-11.38,-0.6709,0,0,-0.056,1,0.09,16,22
29.72279,188871,0.321,0.938,5.01,-211,-0.338,310,0,0,0,0.32,287,287,188,0,0.289,-2.65,0.5408,0,0,-0.141,1,0.104,16,22
29.74326,188891,0.409,1.032,4.31,-270,-0.432,327,0,0,0,0.52,277,277,164,0,0.284,-10.6,-0.4316,0,0,-0.073,1,0.104,16,22
29.80391,188931,0.62,1.022,5.01,-264,-0.422,173,0,0,0,0.8,266,266,177,0,0.279,-23.04,-1,0,0,-0.073,1,0.109,15,22
29.80698,188951,0.708,1.066,4.17,-291,-0.466,157,0,0,0,-0.24,319,319,162,0,0.275,-21.43,-1,0,0,-0.056,1,0.153,14,22
29.82715,188971,0.795,1.08,4.8,-300,-0.48,98,0,0,0,0.25,294,294,155,0,0.28,-19.84,-1,0,0,-0.021,1,0.147,13,22
29.84494,188991,0.877,0.95,3.26,-219,-0.35,-12,0,0,0,0.59,275,275,192,0,0.276,-29.97,-1,0,0,0.004,1,0.138,13,22
29.88807,189031,1.023,0.962,1.86,-226,-0.362,-71,0,0,0,-0.31,314,314,177,0,0.279,-20.37,-1,0,0,-0.017,1,0.158,12,22
29.90588,189051,1.045,0.886,-1.15,-179,-0.286,-81,0,0,0,0.46,274,274,188,0,0.285,-21.71,-1,0,0,-0.188,1,0.145,14,22
29.92312,189071,1.108,0.88,0.11,-175,-0.28,-145,0,0,0,0.04,298,298,180,0,0.299,-11.23,-0.6642,0,0,-0.081,1,0.138,13,22
29.94201,189091,1.099,0.717,-2.13,-73,-0.117,-211,0,0,0,-0.45,330,330,214,0,0.267,-19.35,-0.9285,0,0,-0.068,1,0.208,12,22
30.01156,189131,1.015,0.573,-4.22,17,0.027,-211,0,0,0,-0.52,339,339,228,0,0.296,-21.23,-1,0,0,0,1,0.149,13,22
30.01169,189151,0.936,0.589,-4.64,7,0.011,-141,0,0,0,-0.31,330,330,215,0,0.297,-14.11,-0.9907,0,0,0.009,1,0.172,11,22
30.02855,189171,0.825,0.619,-6.53,-12,-0.019,-18,0,0,0,-0.1,320,320,188,0,0.281,-21.72,-1,0,0,-0.009,1,0.187,10,22
30.04711,189191,0.725,0.627,-5.97,-17,-0.027,46,0,0,0,-0.03,315,315,185,0,0.271,-19.86,-0.9488,0,0,-0.021,1,0.184,11,22
30.08771,189231,0.503,0.666,-4.71,-41,-0.066,191,0,0,0,0.04,308,308,207,0,0.278,-19.31,-1,0,0,0,1,0.183,10,22
30.10546,189251,0.408,0.674,-3.31,-46,-0.074,232,0,0,0,0.59,279,279,212,0,0.268,-17.52,-0.8349,0,0,0,1,0.203,9,22
30.13196,189271,0.326,0.704,-2.55,-65,-0.104,291,0,0,0,-0.17,318,318,225,0,0.281,-15.78,-0.9741,0,0,0,1,0.183,10,22
30.14984,189291,0.269,0.659,-1.5,-37,-0.059,280,0,0,0,0.94,262,262,227,0,0.301,-2.6,-0.1788,0,0,0,1,0.174,12,22
30.20726,189331,0.233,0.654,-0.66,-34,-0.054,285,0,0,0,-0.1,314,314,191,0,0.29,-10.52,-0.6751,0,0,0,1,0.182,11,22
30.2092,189351,0.238,0.69,-0.45,-56,-0.09,301,0,0,0,0.11,304,304,186,0,0.295,-9.04,-0.6347,0,0,0,1,0.177,10,22
30.23051,189371,0.246,0.63,-0.45,-19,-0.03,258,0,0,0,0.52,283,283,214,0,0.262,-15.59,-0.6989,0,0,0,1,0.223,12,22
30.24861,189391,0.264,0.68,-0.45,-50,-0.08,280,0,0,0,-0.38,329,329,210,0,0.289,-9.58,-0.5952,0,0,0,1,0.176,11,22
30.28883,189431,0.296,0.65,0.25,-31,-0.05,229,0,0,0,-0.03,312,312,234,0,0.269,-13.28,-0.5729,0,0,0.013,1,0.203,9,22
30.30772,189451,0.307,0.718,0.53,-74,-0.118,258,0,0,0,0.59,281,281,218,0,0.259,-25.48,-1,0,0,0.013,1,0.176,11,22
30.32895,189471,0.31,0.85,0.81,-156,-0.25,337,0,0,0,0.94,264,264,181,0,0.264,-25.87,-1,0,0,0.021,1,0.184,11,22
30.34484,189491,0.309,0.829,1.51,-143,-0.229,311,0,0,0,0.8,271,271,193,0,0.263,-18.92,-0.9771,0,0,0.026,1,0.198,9,22
30.41238,189531,0.357,0.954,2.63,-221,-0.354,341,0,0,0,0.8,268,268,167,0,0.263,-18.88,-0.9567,0,0,0.077,1,0.198,9,22
30.41251,189551,0.397,0.965,2.84,-228,-0.365,317,0,0,0,0.46,284,284,168,0,0.269,-20.94,-1,0,0,0.047,1,0.179,11,22
30.42871,189571,0.452,1.038,3.12,-274,-0.438,324,0,0,0,-0.1,313,313,155,0,0.264,-20,-1,0,0,0.009,1,0.191,11,22
30.44957,189591,0.504,0.971,3.33,-232,-0.371,240,0,0,0,0.59,279,279,184,0,0.261,-24.03,-1,0,0,0.004,1,0.189,11,22
30.48837,189631,0.626,1.082,5.78,-301,-0.482,186,0,0,0,-1.57,389,389,159,0,0.264,-25.05,-1,0,0,0.184,1,0.177,11,22
30.51033,189651,0.677,1.091,0.74,-307,-0.491,253,0,0,0,-0.03,302,302,156,0,0.268,-23.39,-1,0,0,0.03,1,0.182,11,22
30.52908,189671,0.754,0.957,2.35,-223,-0.357,85,0,0,0,-0.66,332,332,198,0,0.284,-12.57,-0.6643,0,0,0.094,1,0.182,11,22
30.54225,189691,0.856,1.045,1.65,-278,-0.445,102,0,0,0,-0.87,352,352,170,0,0.274,-23.27,-1,0,0,0.103,1,0.17,12,22
30.60425,189731,0.953,0.979,1.79,-237,-0.379,-10,0,0,0,-0.38,328,328,183,0,0.275,-23.93,-1,0,0,-0.009,1,0.167,13,22
30.61197,189751,0.984,0.982,0.74,-239,-0.382,-15,0,0,0,-0.1,318,318,175,0,0.273,-25.56,-1,0,0,0,1,0.135,14,22
30.62568,189771,1.004,0.922,1.02,-201,-0.322,-70,0,0,0,-0.52,344,344,189,0,0.287,-14.8,-0.8359,0,0,0.026,1,0.126,15,22
30.64327,189791,0.969,0.869,-0.94,-168,-0.269,-54,0,0,0,3.74,135,135,195,0,0.293,-15.87,-1,0,0,0.128,1,0.128,14,22
30.68824,189831,1.031,0.72,1.09,-75,-0.12,-216,0,0,0,-1.08,380,380,222,0,0.281,-13.15,-0.5608,0,0,0.004,1,0.161,12,22
30.70765,189851,0.942,0.634,0.81,-21,-0.034,-212,0,0,0,-0.66,359,359,242,0,0.285,-17.63,-1,0,0,0.009,1,0.128,14,22
30.72967,189871,0.849,0.331,-3.17,168,0.269,-288,0,0,0,-0.87,369,369,321,0,0.284,-16.06,-1,0,0,0.141,1,0.133,15,22
30.74285,189891,0.768,0.338,-5.97,164,0.262,-176,0,0,0,-0.45,349,349,310,0,0.273,-26.6,-1,0,0,0.03,1,0.115,16,22
30.80444,189931,0.553,0.576,-8.56,15,0.024,173,0,0,0,-1.43,399,399,209,0,0.277,-19.43,-1,0,0,0.184,1,0.107,16,22
30.80755,189951,0.43,0.613,-4.85,-8,-0.013,199,0,0,0,0.18,318,318,209,0,0.276,-16.57,-0.9871,0,0,0.017,1,0.114,16,22
30.82488,189971,0.338,0.624,-3.38,-15,-0.024,250,0,0,0,0.11,320,320,212,0,0.274,-16.2,-0.6634,0,0,0.098,1,0.081,18,22
30.84581,189991,0.229,0.611,-3.52,-7,-0.011,302,0,0,0,-0.66,358,358,203,0,0.28,-3.53,0.948,0,0,0.017,1,0.097,17,22
30.88883,190031,0.128,0.533,-2.82,42,0.067,321,0,0,0,-0.73,362,362,231,0,0.276,-12.42,-0.7235,0,0,0,1,0.081,18,22
30.90781,190051,0.083,0.474,-0.03,79,0.126,248,0,0,0,-0.52,352,352,264,0,0.283,-1.52,1,0,0,0.013,1,0.059,19,22
30.92656,190071,0.06,0.544,-0.17,35,0.056,319,0,0,0,-1.08,380,380,259,0,0.27,-17.7,-1,0,0,0.009,1,0.086,18,22
30.9516,190091,0.04,0.667,0.88,-42,-0.067,385,0,0,0,-0.1,331,331,234,0,0.291,8.27,1,0,0,0.021,1,0.087,18,22
31.00478,190131,0.033,0.861,3.19,-163,-0.261,474,0,0,0,0.32,310,310,201,0,0.285,-3.93,0.2924,0,0,0,1,0.081,18,22
31.00871,190151,0.034,0.93,3.4,-206,-0.33,511,0,0,0,0.25,314,314,199,0,0.256,-19.99,-0.8204,0,0,0,1,0.095,17,22
31.03492,190171,0.091,1.059,3.75,-287,-0.459,557,0,0,0,0.73,289,289,178,0,0.283,-15.06,-1,0,0,0,1,0.075,18,22
31.04602,190191,0.16,0.997,4.52,-248,-0.397,456,0,0,0,0.04,324,324,212,0,0.281,-5.29,0.3918,0,0,-0.013,1,0.085,18,22
31.08753,190231,0.375,1.115,4.31,-322,-0.515,402,0,0,0,-1.43,397,397,208,0,0.285,-2.02,0.9618,0,0,-0.004,1,0.089,17,22
31.10705,190251,0.478,1.178,5.36,-361,-0.578,358,0,0,0,-0.87,368,368,197,0,0.283,-6.64,0.6221,0,0,-0.004,1,0.083,18,22
31.12846,190271,0.594,1.2,5.64,-375,-0.6,293,0,0,0,-0.87,366,366,193,0,0.294,-6.77,-0.0489,0,0,-0.004,1,0.081,18,22
31.14345,190291,0.705,1.21,5.78,-381,-0.61,221,0,0,0,-0.31,335,335,193,0,0.294,-18.02,-1,0,0,-0.013,1,0.063,0,22
31.19852,190331,0.917,1.216,4.38,-385,-0.616,112,0,0,0,-0.38,334,334,193,0,0.29,-9.36,-0.5238,0,0,-0.017,1,0.071,19,22
31.21106,190351,0.984,1.208,1.44,-380,-0.608,125,0,0,0,-0.17,324,324,190,0,0.307,9.44,1,0,0,-0.214,1,0.073,19,22
31.23485,190371,1.083,1.198,3.05,-374,-0.598,26,0,0,0,-1.22,387,387,187,0,0.289,-17.7,-1,0,0,-0.124,1,0.079,18,22
31.24462,190391,1.145,1.181,0.81,-363,-0.581,17,0,0,0,-0.8,373,373,182,0,0.286,-13.55,-0.6935,0,0,-0.09,1,0.079,19,22
31.28866,190431,1.232,1.046,1.79,-279,-0.446,-143,0,0,0,-1.5,415,415,195,0,0.303,-3.39,0.5321,0,0,-0.124,1,0.089,18,22
31.31494,190451,1.24,0.957,-0.1,-223,-0.357,-186,0,0,0,-0.24,351,351,208,0,0.293,-18.97,-1,0,0,-0.009,1,0.097,17,22
31.32862,190471,1.25,0.867,0.6,-167,-0.267,-260,0,0,0,-0.66,370,370,221,0,0.285,-21.96,-1,0,0,-0.064,1,0.126,15,22
31.34591,190491,1.207,0.715,-5.34,-72,-0.115,-224,0,0,0,-0.66,371,371,250,0,0.31,-9.46,-0.7143,0,0,-0.18,1,0.113,16,22
31.39172,190531,1.062,0.642,-9.05,-26,-0.042,-101,0,0,0,-0.87,389,389,233,0,0.285,-21.79,-1,0,0,-0.081,1,0.128,14,22
31.41088,190551,0.925,0.637,-5.55,-23,-0.037,-88,0,0,0,-0.45,370,370,212,0,0.278,-31.29,-1,0,0,-0.056,1,0.108,16,22
31.42982,190571,0.792,0.61,-5.2,-6,-0.01,-12,0,0,0,-2.06,450,450,199,0,0.278,-26.6,-1,0,0,-0.081,1,0.133,15,22
31.45248,190591,0.661,0.574,-4.22,16,0.026,23,0,0,0,-1.01,401,401,197,0,0.262,-16.37,-0.627,0,0,-0.107,1,0.195,14,22
31.48817,190631,0.428,0.542,-1.57,36,0.058,95,0,0,0,-0.1,356,356,197,0,0.284,-15.01,-1,0,0,0.009,1,0.169,13,22
31.50612,190651,0.323,0.55,-2.27,31,0.05,185,0,0,0,1.01,299,299,199,0,0.278,-16.62,-0.9848,0,0,-0.026,1,0.182,12,22
31.5249,190671,0.246,0.568,-1.71,20,0.032,237,0,0,0,0.66,315,315,197,0,0.282,-14.03,-0.8023,0,0,-0.026,1,0.183,11,22
31.5431,190691,0.189,0.594,0.11,4,0.006,252,0,0,0,1.08,293,293,198,0,0.275,-21.95,-1,0,0,-0.026,1,0.181,12,22
31.61179,190731,0.184,0.666,-0.24,-41,-0.066,321,0,0,0,1.22,287,287,198,0,0.282,-22.01,-1,0,0,-0.068,1,0.138,14,22
31.61192,190751,0.217,0.725,0.46,-78,-0.125,325,0,0,0,0.87,306,306,191,0,0.27,-25.08,-1,0,0,-0.051,1,0.161,13,22
31.62762,190771,0.239,0.694,1.02,-59,-0.094,280,0,0,0,0.32,335,335,214,0,0.287,-11.08,-0.7247,0,0,-0.021,1,0.18,13,22
31.6454,190791,0.286,0.699,1.44,-62,-0.099,246,0,0,0,0.87,308,308,224,0,0.292,-11.34,-0.8816,0,0,0.004,1,0.181,11,22
31.68894,190831,0.374,0.811,2.56,-132,-0.211,239,0,0,0,0.46,329,329,206,0,0.278,-13,-0.6293,0,0,0,1,0.205,9,22
31.70551,190851,0.422,0.882,2.98,-176,-0.282,243,0,0,0,0.39,330,330,192,0,0.28,-12.32,-0.68,0,0,-0.009,1,0.205,9,22
31.72823,190871,0.461,0.909,3.05,-193,-0.309,236,0,0,0,0.18,340,340,186,0,0.279,-15.67,-0.8389,0,0,0,1,0.191,10,22
31.75156,190891,0.497,0.861,2.77,-163,-0.261,184,0,0,0,0.04,346,346,205,0,0.274,-17.43,-0.9395,0,0,0,1,0.199,10,22
31.80514,190931,0.588,0.882,1.65,-176,-0.282,158,0,0,0,-1.15,407,407,205,0,0.29,-10.43,-0.5227,0,0,0.009,1,0.193,11,22
31.8084,190951,0.633,0.909,1.16,-193,-0.309,156,0,0,0,-0.66,383,383,198,0,0.291,-10.53,-0.5179,0,0,0.009,1,0.192,10,22
31.82931,190971,0.681,0.893,1.09,-183,-0.293,117,0,0,0,0.04,348,348,203,0,0.286,-13.09,-0.6731,0,0,0.017,1,0.198,10,22
31.8447,190991,0.713,0.899,1.02,-187,-0.299,103,0,0,0,-0.1,355,355,202,0,0.281,-17.54,-0.9364,0,0,0.026,1,0.191,10,22
31.88861,191031,0.753,0.856,0.39,-160,-0.256,61,0,0,0,-0.31,357,357,210,0,0.301,-6.35,-0.3213,0,0,0.064,1,0.196,10,22
31.91167,191051,0.759,0.714,-0.52,-71,-0.114,-15,0,0,0,-0.38,359,359,251,0,0.284,-15.14,-0.8654,0,0,0.043,1,0.199,10,22
31.92895,191071,0.75,0.755,-1.08,-97,-0.155,25,0,0,0,-0.45,363,363,236,0,0.288,-21.78,-1,0,0,0.004,1,0.179,11,22
31.94787,191091,0.738,0.798,-0.17,-124,-0.198,43,0,0,0,0.11,337,337,218,0,0.289,-17.04,-1,0,0,0,1,0.178,13,22
32.00781,191131,0.681,0.688,-0.73,-55,-0.088,14,0,0,0,-0.17,357,357,242,0,0.28,-24.18,-1,0,0,0.073,1,0.168,13,22
32.00953,191151,0.691,0.55,1.44,31,0.05,-116,0,0,0,-0.45,373,373,279,0,0.276,-16.84,-0.9136,0,0,0.145,1,0.189,11,22
32.02837,191171,0.659,0.462,-0.8,86,0.138,-112,0,0,0,-0.1,354,354,304,0,0.281,-19.63,-1,0,0,0.03,1,0.18,11,22
32.04657,191191,0.601,0.386,-2.69,134,0.214,-96,0,0,0,-0.1,354,354,322,0,0.277,-19.22,-1,0,0,0.086,1,0.18,13,22
32.08811,191231,0.476,0.448,-4.43,95,0.152,60,0,0,0,-0.8,383,383,289,0,0.277,-20.98,-1,0,0,0.013,1,0.158,13,22
32.10621,191251,0.384,0.456,-4.92,90,0.144,138,0,0,0,-0.31,358,358,279,0,0.272,-30.32,-1,0,0,0,1,0.147,14,22
32.13041,191271,0.288,0.509,-4.92,57,0.091,231,0,0,0,-0.17,353,353,257,0,0.266,-22.39,-1,0,0,-0.004,1,0.167,14,22
32.14409,191291,0.199,0.592,-3.45,5,0.008,317,0,0,0,0.25,333,333,230,0,0.292,-13.87,-1,0,0,0.026,1,0.128,15,22
32.20899,191331,0.065,0.717,-4.99,-73,-0.117,516,0,0,0,0.04,339,339,206,0,0.268,-22.38,-1,0,0,0.197,1,0.16,13,22
32.20924,191351,0.002,0.733,-1.92,-83,-0.133,507,0,0,0,1.08,286,286,215,0,0.262,-20.58,-1,0,0,0.017,1,0.158,14,22
32.22901,191371,-0.011,0.83,-1.71,-144,-0.23,600,0,0,0,-0.1,346,346,204,0,0.272,-14.89,-0.9631,0,0,0.133,1,0.158,14,22
32.24703,191391,0.019,0.854,3.61,-159,-0.254,472,0,0,0,-1.29,405,405,214,0,0.283,-13.83,-0.9124,0,0,0.013,1,0.136,15,22
32.28968,191431,0.129,1.07,4.24,-294,-0.47,531,0,0,0,-0.38,360,360,192,0,0.283,-14.43,-0.8982,0,0,0.009,1,0.125,16,22
32.31221,191451,0.215,1.101,6.69,-313,-0.501,450,0,0,0,0.87,298,298,203,0,0.291,-13.43,-1,0,0,0.034,1,0.095,18,22
32.3261,191471,0.319,1.146,4.17,-341,-0.546,462,0,0,0,0.66,311,311,198,0,0.287,-11.05,-0.7159,0,0,0.013,1,0.102,18,22
32.34523,191491,0.356,1.203,-0.24,-377,-0.603,529,0,0,0,8.36,-80,-80,198,0,0.277,-18.27,-1,0,0,0.205,1,0.121,17,22
32.39244,191531,0.621,1.2,4.31,-375,-0.6,315,0,0,0,-0.94,385,385,211,0,0.28,-16.87,-1,0,0,-0.017,1,0.118,16,22
32.41241,191551,0.724,1.226,8.71,-391,-0.626,167,0,0,0,-1.01,389,389,204,0,0.278,-9.49,-0.1036,0,0,-0.017,1,0.163,15,22
32.43201,191571,0.813,1.238,6.55,-399,-0.638,160,0,0,0,-0.66,374,374,202,0,0.3,-7.6,-0.3331,0,0,-0.009,1,0.107,18,22
32.45477,191591,0.877,1.24,5.78,-400,-0.64,131,0,0,0,0.52,320,320,201,0,0.284,-21.6,-1,0,0,0.013,1,0.098,17,22
32.48947,191631,0.961,1.325,-0.38,-453,-0.725,242,0,0,0,-0.1,340,340,162,0,0.282,-17.76,-1,0,0,0.056,1,0.134,16,22
32.50879,191651,1.012,1.202,0.53,-376,-0.602,108,0,0,0,-1.08,388,388,191,0,0.315,1.05,0.712,0,0,0.068,1,0.082,18,22
32.53657,191671,1.082,1.117,1.23,-323,-0.517,7,0,0,0,-2.2,462,462,210,0,0.298,-10.33,-0.4276,0,0,-0.013,1,0.09,18,22
32.54459,191691,1.135,1.022,2.28,-264,-0.422,-114,0,0,0,-1.36,438,438,229,0,0.31,3.81,1,0,0,-0.013,1,0.091,18,22
32.60612,191731,1.192,0.752,-1.85,-95,-0.152,-248,0,0,0,-0.38,396,396,291,0,0.298,-8.69,-0.0157,0,0,-0.004,1,0.068,21,22
32.60872,191751,1.168,0.654,-3.8,-34,-0.054,-264,0,0,0,-0.24,391,391,305,0,0.304,-12.92,-1,0,0,0,1,0.081,19,22
32.62596,191771,1.109,0.576,-7.16,15,0.024,-215,0,0,0,-0.45,401,401,308,0,0.299,-19.19,-1,0,0,0,1,0.072,19,22
32.64479,191791,1.019,0.619,-6.88,-12,-0.019,-137,0,0,0,-0.1,383,383,274,0,0.298,-9.89,-0.2745,0,0,-0.004,1,0.088,19,22
32.68841,191831,0.774,0.61,-5.9,-6,-0.01,-2,0,0,0,-0.38,392,392,233,0,0.291,-7.47,0.3509,0,0,-0.026,1,0.086,19,22
32.70625,191851,0.665,0.581,-5.62,12,0.019,49,0,0,0,-0.03,375,375,230,0,0.3,-1.87,0.5789,0,0,-0.175,1,0.078,0,22
32.72427,191871,0.567,0.568,-4.57,20,0.032,82,0,0,0,-0.24,387,387,226,0,0.303,3.4,1,0,0,-0.086,1,0.078,0,22
32.74239,191891,0.48,0.563,-3.8,23,0.037,116,0,0,0,0.66,345,345,226,0,0.267,-29.91,-1,0,0,-0.077,1,0.071,0,22
32.80548,191931,0.308,0.576,-1.64,15,0.024,200,0,0,0,0.39,360,360,224,0,0.295,-0.69,1,0,0,-0.03,1,0.082,18,22
32.81341,191951,0.255,0.595,-0.1,3,0.005,227,0,0,0,0.25,367,367,221,0,0.298,-3.49,0.2664,0,0,-0.086,1,0.079,19,22
32.82722,191971,0.26,0.63,-0.52,-19,-0.03,249,0,0,0,0.46,357,357,221,0,0.296,-2.85,0.3458,0,0,-0.103,1,0.109,18,22
32.8496,191991,0.234,0.664,1.16,-40,-0.064,257,0,0,0,0.8,339,339,219,0,0.278,-18.29,-1,0,0,-0.038,1,0.097,18,22
32.88669,192031,0.292,0.739,0.46,-87,-0.139,279,0,0,0,1.08,327,327,218,0,0.268,-25.02,-1,0,0,-0.068,1,0.112,18,22
32.90541,192051,0.329,0.782,0.95,-114,-0.182,276,0,0,0,1.15,323,323,212,0,0.292,-6.19,0.0189,0,0,-0.056,1,0.108,16,22
32.92566,192071,0.391,0.786,1.3,-116,-0.186,234,0,0,0,0.59,352,352,217,0,0.283,-21.09,-1,0,0,-0.103,1,0.106,17,22
32.94297,192091,0.435,0.778,2,-111,-0.178,188,0,0,0,0.52,357,357,227,0,0.273,-22.77,-1,0,0,-0.056,1,0.134,16,22
33.00685,192131,0.532,0.806,2.84,-129,-0.206,126,0,0,0,-0.38,402,402,224,0,0.282,-16.98,-1,0,0,-0.021,1,0.151,16,22
33.00736,192151,0.584,0.76,2.63,-100,-0.16,67,0,0,0,-0.24,394,394,239,0,0.279,-26.28,-1,0,0,0,1,0.136,15,22
33.03356,192171,0.635,0.755,2.56,-97,-0.155,31,0,0,0,-0.38,399,399,241,0,0.273,-20.72,-1,0,0,-0.026,1,0.17,15,22
33.04359,192191,0.67,0.654,1.58,-34,-0.054,-41,0,0,0,0.18,372,372,273,0,0.297,-12.15,-0.8505,0,0,-0.162,1,0.149,14,22
33.09206,192231,0.749,0.558,-0.31,26,0.042,-115,0,0,0,0.18,373,373,297,0,0.277,-27.9,-1,0,0,-0.064,1,0.134,16,22
33.10683,192251,0.754,0.53,-2.41,44,0.07,-101,0,0,0,0.59,355,355,297,0,0.313,-8.7,-1,0,0,-0.06,1,0.082,18,22
33.12286,192271,0.714,0.509,-3.17,57,0.091,-75,0,0,0,0.39,367,367,294,0,0.276,-21.17,-1,0,0,-0.03,1,0.177,13,22
33.14101,192291,0.655,0.568,-3.31,20,0.032,5,0,0,0,0.11,382,382,261,0,0.303,-13.15,-1,0,0,-0.004,1,0.139,15,22
33.20539,192331,0.499,0.659,-2.82,-37,-0.059,155,0,0,0,0.39,368,368,214,0,0.287,-18.79,-1,0,0,0,1,0.177,13,22
33.20877,192351,0.412,0.67,-2.69,-44,-0.07,215,0,0,0,0.87,343,343,209,0,0.266,-21.83,-1,0,0,-0.013,1,0.193,12,22
33.22708,192371,0.327,0.678,-1.99,-49,-0.078,260,0,0,0,0.59,356,356,206,0,0.274,-22.55,-1,0,0,-0.009,1,0.186,11,22
33.24516,192391,0.257,0.693,-2.13,-58,-0.093,321,0,0,0,-0.03,387,387,208,0,0.281,-14.07,-0.8294,0,0,-0.004,1,0.185,11,22
33.28833,192431,0.19,0.749,0.6,-93,-0.149,350,0,0,0,-0.1,390,390,210,0,0.272,-22.14,-1,0,0,0.004,1,0.178,13,22
33.30709,192451,0.188,0.795,1.37,-122,-0.195,364,0,0,0,0.46,362,362,206,0,0.272,-24.32,-1,0,0,0,1,0.16,13,22
33.33007,192471,0.193,0.808,1.44,-130,-0.208,372,0,0,0,0.87,341,341,218,0,0.267,-23.48,-1,0,0,0,1,0.177,13,22
33.34243,192491,0.213,0.778,1.09,-111,-0.178,344,0,0,0,0.66,351,351,243,0,0.284,-16.41,-1,0,0,0,1,0.16,13,22
33.3916,192531,0.298,0.87,1.23,-169,-0.27,347,0,0,0,0.52,359,359,238,0,0.265,-22.22,-1,0,0,0,1,0.176,13,22
33.41109,192551,0.336,0.858,1.23,-161,-0.258,316,0,0,0,0.32,370,370,251,0,0.275,-23.03,-1,0,0,0,1,0.179,12,22
33.42975,192571,0.375,0.899,1.37,-187,-0.299,318,0,0,0,-0.45,409,409,242,0,0.286,-12.9,-0.8246,0,0,0,1,0.181,13,22
33.44748,192591,0.415,1.067,2.42,-292,-0.467,378,0,0,0,-0.17,395,395,196,0,0.268,-21.93,-1,0,0,0,1,0.177,13,22
33.49138,192631,0.512,1.077,2.42,-298,-0.477,323,0,0,0,0.32,372,372,202,0,0.271,-22.74,-1,0,0,0.009,1,0.183,12,22
33.50921,192651,0.552,1.05,1.93,-281,-0.45,289,0,0,0,0.39,369,369,220,0,0.267,-21.91,-1,0,0,0.026,1,0.197,10,22
33.52797,192671,0.585,1.141,1.79,-338,-0.541,328,0,0,0,0.18,380,380,197,0,0.272,-21.59,-1,0,0,0.026,1,0.2,10,22
33.54646,192691,0.603,1.066,1.58,-291,-0.466,271,0,0,0,-1.01,438,438,220,0,0.279,-18.71,-1,0,0,0.064,1,0.2,10,22
33.60747,192731,0.693,1.107,2.28,-317,-0.507,226,0,0,0,-0.8,432,432,211,0,0.274,-22.25,-1,0,0,0.043,1,0.193,10,22
33.60982,192751,0.731,1.136,1.3,-335,-0.536,240,0,0,0,-0.66,426,426,206,0,0.282,-18.55,-1,0,0,0.004,1,0.18,12,22
33.62681,192771,0.775,1.142,1.93,-339,-0.542,203,0,0,0,-0.1,401,401,205,0,0.283,-20.85,-1,0,0,0.013,1,0.177,13,22
33.64576,192791,0.822,1.112,1.79,-320,-0.512,156,0,0,0,0.59,369,369,213,0,0.271,-21.69,-1,0,0,0.073,1,0.189,12,22
33.68903,192831,0.898,1.037,2.07,-273,-0.437,63,0,0,0,-0.24,408,408,233,0,0.276,-27.04,-1,0,0,0.026,1,0.18,12,22
33.7143,192851,0.896,1.042,0.6,-276,-0.442,74,0,0,0,0.25,382,382,223,0,0.275,-18.36,-0.9852,0,0,0.124,1,0.177,13,22
33.72505,192871,0.914,0.982,-0.45,-239,-0.382,55,0,0,0,0.04,389,389,236,0,0.299,-10.91,-0.7126,0,0,0.06,1,0.169,14,22
33.74301,192891,0.883,0.344,-5.69,160,0.256,-243,0,0,0,-0.94,439,439,429,0,0.28,-18.43,-1,0,0,0,1,0.158,14,22
33.80494,192931,0.831,0.562,-5.48,24,0.038,-72,0,0,0,-0.1,408,408,338,0,0.283,-20.97,-1,0,0,0,1,0.153,16,22
33.80723,192951,0.695,0.642,-5.13,-26,-0.042,55,0,0,0,0.32,391,391,290,0,0.275,-26.96,-1,0,0,0.077,1,0.15,14,22
33.82533,192971,0.575,0.691,5.71,-57,-0.091,-60,0,0,0,-6.82,760,760,254,0,0.287,-14.47,-0.8606,0,0,0.244,1,0.15,14,22
33.84575,192991,0.344,0.722,-1.15,-76,-0.122,256,0,0,0,1.08,373,373,235,0,0.276,-17.03,-0.8415,0,0,0.098,1,0.174,14,22
33.88954,193031,0.171,0.766,-2.06,-104,-0.166,423,0,0,0,1.29,360,360,227,0,0.278,-20.9,-1,0,0,-0.017,1,0.099,18,22
33.90771,193051,0.121,0.784,-1.08,-115,-0.184,445,0,0,0,0.39,406,406,238,0,0.293,-9.71,-0.7222,0,0,-0.013,1,0.085,19,22
33.92969,193071,0.111,0.81,0.88,-131,-0.21,434,0,0,0,1.01,376,376,246,0,0.297,-5.1,0.4656,0,0,0.021,1,0.066,0,22
33.94622,193091,0.142,0.779,1.37,-112,-0.179,388,0,0,0,0.87,384,384,275,0,0.297,-5.1,0.4656,0,0,0.081,1,0.066,20,22
34.00605,193131,0.17,0.867,3.89,-167,-0.267,376,0,0,0,-1.29,485,485,279,0,0.259,-25.08,-1,0,0,-0.021,1,0.136,16,22
34.01119,193151,0.185,0.936,0.25,-210,-0.336,471,0,0,0,-0.17,429,429,266,0,0.28,-14.94,-0.8332,0,0,0.038,1,0.105,18,22
34.03697,193171,0.309,1.013,1.16,-258,-0.413,441,0,0,0,0.73,383,383,251,0,0.292,-7.02,-0.0997,0,0,0.115,1,0.097,18,22
34.04745,193191,0.416,1.069,2.56,-293,-0.469,381,0,0,0,-0.03,422,422,244,0,0.296,-4.99,-0.0101,0,0,0.004,1,0.088,19,22
34.09016,193231,0.619,1.134,5.22,-334,-0.534,243,0,0,0,-0.87,466,466,233,0,0.302,-3.09,0.5052,0,0,0.004,1,0.08,19,22
34.10772,193251,0.71,1.118,5.5,-324,-0.518,166,0,0,0,-0.8,462,462,244,0,0.291,-15.19,-1,0,0,0.004,1,0.088,19,22
34.12579,193271,0.809,1.171,5.43,-357,-0.571,135,0,0,0,-0.94,468,468,233,0,0.295,-8.49,-0.016,0,0,0.009,1,0.087,19,22
34.14286,193291,0.889,1.115,4.24,-322,-0.515,71,0,0,0,-0.66,452,452,249,0,0.287,-13.56,-0.4634,0,0,0.017,1,0.085,0,22
34.20304,193331,1.043,1.029,2.07,-268,-0.429,-47,0,0,0,-0.87,452,452,267,0,0.287,-23.33,-1,0,0,0.03,1,0.073,0,22
34.20923,193351,1.112,0.974,0.74,-234,-0.374,-101,0,0,0,-1.22,467,467,276,0,0.291,-21.94,-1,0,0,0.004,1,0.061,0,22
34.22801,193371,1.146,0.888,-0.73,-180,-0.288,-155,0,0,0,-1.08,459,459,293,0,0.3,-13.55,-0.8652,0,0,-0.013,1,0.068,1,22
34.2445,193391,1.154,0.766,-3.03,-104,-0.166,-192,0,0,0,-1.08,459,459,314,0,0.292,-27.45,-1,0,0,-0.09,1,0.053,1,22
34.28903,193431,1.087,0.816,-1.85,-135,-0.216,-139,0,0,0,-0.45,438,438,264,0,0.291,-16.93,-1,0,0,-0.077,1,0.07,21,22
34.30965,193451,0.979,0.779,-3.31,-112,-0.179,-67,0,0,0,-0.03,421,421,253,0,0.316,2.99,0.5965,0,0,-0.047,1,0.088,1,22
34.3303,193471,0.895,0.73,-3.24,-81,-0.13,-52,0,0,0,-0.31,434,434,255,0,0.318,2.89,0.9385,0,0,-0.043,1,0.073,0,22
34.34706,193491,0.825,0.688,-4.43,-55,-0.088,-6,0,0,0,-0.17,429,429,256,0,0.283,-21,-1,0,0,-0.154,1,0.086,0,22
34.40971,193531,0.666,0.651,-5.48,-32,-0.051,98,0,0,0,-1.43,494,494,255,0,0.303,-12.21,-1,0,0,-0.137,1,0.073,0,22
34.40997,193551,0.576,0.64,-2.76,-25,-0.04,83,0,0,0,-0.8,463,463,254,0,0.303,-12.21,-1,0,0,-0.056,1,0.073,20,22
34.42967,193571,0.534,0.64,-1.92,-25,-0.04,108,0,0,0,-0.45,446,446,252,0,0.311,-6.7,-0.5327,0,0,-0.107,1,0.08,19,22
34.44727,193591,0.488,0.642,-1.92,-26,-0.042,133,0,0,0,-0.87,468,468,250,0,0.294,-6.12,0.093,0,0,-0.103,1,0.114,18,22
34.48853,193631,0.421,0.662,-1.01,-39,-0.062,178,0,0,0,-0.45,449,449,248,0,0.287,-19.43,-1,0,0,-0.111,1,0.118,17,22
34.51005,193651,0.383,0.685,1.23,-53,-0.085,170,0,0,0,-0.31,443,443,248,0,0.27,-21.76,-1,0,0,-0.064,1,0.132,17,22
34.53439,193671,0.36,0.694,1.37,-59,-0.094,194,0,0,0,-0.03,429,429,247,0,0.295,-13.11,-0.9225,0,0,-0.094,1,0.128,16,22
34.5476,193691,0.365,0.718,1.93,-74,-0.118,195,0,0,0,0.39,409,409,247,0,0.288,-12.84,-0.5921,0,0,-0.098,1,0.147,15,22
34.60412,193731,0.41,0.766,1.37,-104,-0.166,202,0,0,0,0.87,384,384,245,0,0.287,-18.55,-1,0,0,-0.004,1,0.158,15,22
34.60719,193751,0.462,0.794,1.44,-121,-0.194,190,0,0,0,0.66,393,393,245,0,0.284,-19.62,-1,0,0,0,1,0.157,15,22
34.6262,193771,0.504,0.805,1.51,-128,-0.205,171,0,0,0,0.25,412,412,243,0,0.283,-20.99,-1,0,0,-0.038,1,0.156,15,22
34.64377,193791,0.545,0.814,3.96,-134,-0.214,101,0,0,0,-1.78,512,512,244,0,0.299,-13.97,-1,0,0,-0.158,1,0.147,15,22
34.6902,193831,0.646,0.738,1.58,-86,-0.138,28,0,0,0,0.04,427,427,270,0,0.301,-16.84,-1,0,0,-0.064,1,0.127,16,22
34.70619,193851,0.683,0.624,0.32,-15,-0.024,-41,0,0,0,-0.24,443,443,307,0,0.299,-12.11,-0.9011,0,0,-0.038,1,0.147,15,22
34.72385,193871,0.701,0.565,0.32,22,0.035,-97,0,0,0,-0.1,437,437,321,0,0.265,-24.53,-1,0,0,0,1,0.192,13,22
34.74191,193891,0.724,0.664,-0.59,-40,-0.064,-26,0,0,0,0.25,420,420,289,0,0.283,-17.61,-1,0,0,0.009,1,0.189,13,22
34.80457,193931,0.68,0.758,-1.22,-99,-0.158,73,0,0,0,0.39,407,407,245,0,0.31,-4.73,-0.1999,0,0,-0.017,1,0.197,11,22
34.81246,193951,0.641,0.755,-2.41,-97,-0.155,116,0,0,0,0.11,417,417,242,0,0.297,-11.11,-0.6461,0,0,-0.038,1,0.199,10,22
34.82811,193971,0.608,0.744,-2.27,-90,-0.144,119,0,0,0,0.87,380,380,239,0,0.296,-9.55,-0.5132,0,0,-0.175,1,0.184,13,22
34.84698,193991,0.584,0.747,-2.69,-92,-0.147,158,0,0,0,0.11,420,420,239,0,0.286,-12.92,-0.691,0,0,-0.017,1,0.184,13,22
34.89079,194031,0.508,0.744,-1.01,-90,-0.144,175,0,0,0,0.18,416,416,239,0,0.279,-18.8,-1,0,0,0.009,1,0.186,12,22
34.91225,194051,0.461,0.757,-0.94,-98,-0.157,206,0,0,0,-0.17,432,432,238,0,0.288,-16.47,-1,0,0,0,1,0.172,13,22
34.93626,194071,0.411,0.763,-0.59,-102,-0.163,236,0,0,0,0.04,421,421,237,0,0.298,-7.85,-0.4491,0,0,-0.004,1,0.172,13,22
34.94426,194091,0.372,0.784,-0.73,-115,-0.184,282,0,0,0,0.39,404,404,238,0,0.29,-14.72,-1,0,0,-0.03,1,0.176,13,22
35.00453,194131,0.323,0.845,-0.59,-153,-0.245,345,0,0,0,0.66,389,389,232,0,0.274,-20.58,-1,0,0,-0.026,1,0.177,13,22
35.00726,194151,0.287,0.864,-0.31,-165,-0.264,376,0,0,0,1.15,365,365,235,0,0.294,-11.49,-0.7385,0,0,-0.009,1,0.193,11,22
35.02517,194171,0.275,0.822,-0.87,-139,-0.222,370,0,0,0,1.22,363,363,255,0,0.254,-21.43,-0.8688,0,0,0,1,0.208,11,22
35.04241,194191,0.25,0.794,-1.99,-121,-0.194,389,0,0,0,0.52,399,399,275,0,0.281,-12.86,-0.6514,0,0,0.004,1,0.203,10,22
35.08881,194231,0.271,0.867,2.42,-167,-0.267,343,0,0,0,-1.29,486,486,271,0,0.277,-12.71,-0.5882,0,0,0.094,1,0.218,9,22
35.10653,194251,0.234,0.917,4.38,-198,-0.317,361,0,0,0,-0.45,443,443,262,0,0.289,-8.24,-0.2605,0,0,0.03,1,0.208,10,22
35.12833,194271,0.23,0.992,1.51,-245,-0.392,467,0,0,0,0.66,387,387,253,0,0.282,-13.05,-0.684,0,0,0,1,0.206,10,22
35.14267,194291,0.24,1.077,2.91,-298,-0.477,486,0,0,0,2.27,296,296,240,0,0.302,-4.1,-0.1353,0,0,0.021,1,0.202,11,22
35.21011,194331,0.314,1.155,3.68,-347,-0.555,474,0,0,0,-1.43,448,448,239,0,0.258,-21.28,-0.9615,0,0,0.171,1,0.202,11,22
35.21024,194351,0.36,1.234,7.94,-396,-0.634,431,0,0,0,-0.17,395,395,221,0,0.28,-13.49,-0.6086,0,0,0.103,1,0.199,10,22
35.23232,194371,0.425,1.253,5.92,-408,-0.653,431,0,0,0,-1.36,454,454,218,0,0.262,-23.35,-1,0,0,0.004,1,0.203,11,22
35.2434,194391,0.513,1.293,7.11,-433,-0.693,371,0,0,0,-0.17,395,395,221,0,0.272,-20.22,-1,0,0,0.021,1,0.194,11,22
35.28857,194431,0.574,1.328,-3.73,-455,-0.728,517,0,0,0,7.31,11,11,228,0,0.277,-24.66,-1,0,0,0.248,1,0.173,14,22
35.30685,194451,0.834,1.165,-0.24,-353,-0.565,235,0,0,0,-1.15,432,432,281,0,0.272,-25.72,-1,0,0,0.128,1,0.176,14,22
35.32651,194471,1.017,1.266,4.45,-416,-0.666,103,0,0,0,-1.64,476,476,245,0,0.273,-24.1,-1,0,0,0.107,1,0.182,14,22
35.3465,194491,1.069,1.29,6.76,-431,-0.69,20,0,0,0,-1.08,457,457,229,0,0.304,-14.69,-1,0,0,0.124,1,0.161,14,22
35.40659,194531,1.145,1.192,1.79,-370,-0.592,-4,0,0,0,-1.36,470,470,238,0,0.288,-22.94,-1,0,0,-0.004,1,0.126,17,22
35.4092,194551,1.23,1.178,0.53,-361,-0.578,-44,0,0,0,-0.31,429,429,236,0,0.305,-17.33,-1,0,0,0.026,1,0.097,19,22
35.42877,194571,1.265,1.03,-3.73,-269,-0.43,-86,0,0,0,-0.24,437,437,271,0,0.303,-16.5,-1,0,0,0.068,1,0.105,18,22
35.44799,194591,1.173,0.976,10.81,-235,-0.376,-361,0,0,0,-3.04,589,589,272,0,0.299,-16.48,-1,0,0,0.299,1,0.118,17,22
35.49569,194631,0.836,0.798,-10.17,-124,-0.198,146,0,0,0,0.18,440,440,280,0,0.285,-21.42,-1,0,0,0.038,1,0.136,16,22
35.50701,194651,0.826,0.731,-5.97,-82,-0.131,51,0,0,0,0.25,436,436,282,0,0.308,-3.68,0.3158,0,0,-0.03,1,0.081,0,22
35.52431,194671,0.767,0.744,-4.43,-90,-0.144,67,0,0,0,-2.27,569,569,267,0,0.293,-20.98,-1,0,0,0.017,1,0.073,1,22
35.54479,194691,0.703,0.762,-1.57,-101,-0.162,64,0,0,0,0.59,432,432,256,0,0.293,-20.98,-1,0,0,0.077,1,0.073,21,22
35.60495,194731,0.465,0.754,-0.8,-96,-0.154,193,0,0,0,0.18,439,439,251,0,0.302,-6.62,0.0371,0,0,0.047,1,0.067,1,22
35.61048,194751,0.413,0.755,-7.02,-97,-0.155,345,0,0,0,-0.17,454,454,254,0,0.316,-0.33,0.8439,0,0,0.026,1,0.054,2,22
35.63692,194771,0.501,0.763,-1.71,-102,-0.163,202,0,0,0,-0.59,474,474,254,0,0.286,-17.53,-1,0,0,-0.017,1,0.058,2,22
35.64647,194791,0.544,0.771,-0.1,-107,-0.171,153,0,0,0,-0.94,491,491,257,0,0.301,-1.77,0.5667,0,0,-0.013,1,0.068,2,22
35.6913,194831,0.596,0.798,2.21,-124,-0.198,93,0,0,0,-0.38,466,466,255,0,0.309,1.13,1,0,0,-0.004,1,0.047,2,22
35.70839,194851,0.636,0.808,1.93,-130,-0.208,77,0,0,0,-0.66,480,480,255,0,0.306,1.56,0.9619,0,0,0,1,0.046,3,22
35.72568,194871,0.687,0.811,2.28,-132,-0.211,40,0,0,0,-1.08,499,499,254,0,0.294,-6.82,0.4887,0,0,-0.017,1,0.052,2,22
35.74449,194891,0.755,0.808,2.56,-130,-0.208,-13,0,0,0,-1.29,508,508,256,0,0.296,-9.39,-0.0519,0,0,-0.047,1,0.051,2,22
35.80537,194931,0.877,0.795,1.65,-122,-0.195,-83,0,0,0,0.04,446,446,255,0,0.317,15.33,1,0,0,-0.047,1,0.053,2,22
35.8086,194951,0.947,0.79,2.63,-119,-0.19,-151,0,0,0,0.66,414,414,258,0,0.316,3.34,1,0,0,-0.064,1,0.046,3,22
35.82902,194971,1.043,0.77,1.58,-106,-0.17,-204,0,0,0,-0.24,463,463,256,0,0.322,9.89,1,0,0,-0.115,1,0.06,1,22
35.84691,194991,1.057,0.738,0.6,-86,-0.138,-223,0,0,0,0.04,450,450,259,0,0.304,-7.79,0.6939,0,0,-0.077,1,0.058,2,22
35.88889,195031,1.1,0.661,-2.06,-38,-0.061,-240,0,0,0,0.25,443,443,259,0,0.316,-10.61,-1,0,0,-0.098,1,0.073,1,22
35.90714,195051,1.106,0.61,0.53,-6,-0.01,-328,0,0,0,-0.24,467,467,258,0,0.329,0.58,0.2177,0,0,-0.094,1,0.099,1,22
35.92845,195071,1.09,0.552,-1.29,30,0.048,-321,0,0,0,-0.45,481,481,261,0,0.301,-14.57,-1,0,0,-0.128,1,0.092,1,22
35.94647,195091,1.034,0.499,0.53,63,0.101,-358,0,0,0,0.25,447,447,262,0,0.301,-14.57,-1,0,0,-0.103,1,0.092,21,22
36.00567,195131,0.936,0.398,-2.62,126,0.202,-302,0,0,0,-0.17,474,474,266,0,0.3,-19.76,-1,0,0,-0.098,1,0.099,19,22
36.00877,195151,0.872,0.354,-4.08,154,0.246,-260,0,0,0,-0.38,488,488,267,0,0.299,-18.49,-1,0,0,-0.145,1,0.125,17,22
36.02954,195171,0.791,0.354,-4.01,154,0.246,-215,0,0,0,0.25,457,457,279,0,0.322,-6.48,-0.5226,0,0,-0.064,1,0.105,18,22
36.04636,195191,0.721,0.374,-4.36,141,0.226,-139,0,0,0,-1.08,523,523,299,0,0.319,-0.95,0.1302,0,0,-0.128,1,0.146,16,22
36.08852,195231,0.587,0.424,-3.31,110,0.176,-37,0,0,0,-0.31,484,484,325,0,0.296,-14.9,-1,0,0,-0.111,1,0.158,15,22
36.10781,195251,0.529,0.403,-3.59,123,0.197,-17,0,0,0,0.18,460,460,317,0,0.309,-9.17,-0.6549,0,0,-0.098,1,0.154,17,22
36.13172,195271,0.491,0.435,-0.38,103,0.165,-27,0,0,0,0.32,453,453,322,0,0.294,-15.38,-1,0,0,-0.086,1,0.149,15,22
36.15187,195291,0.44,0.36,-1.5,150,0.24,-25,0,0,0,-0.38,488,488,295,0,0.298,-13.25,-1,0,0,-0.107,1,0.157,15,22
36.20259,195331,0.371,0.373,-2.55,142,0.227,49,0,0,0,0.04,466,466,280,0,0.286,-14.99,-0.917,0,0,-0.145,1,0.172,14,22
36.20657,195351,0.338,0.365,-1.5,147,0.235,42,0,0,0,-0.24,480,480,273,0,0.314,-4.64,-0.299,0,0,-0.064,1,0.148,15,22
36.22462,195371,0.303,0.381,-2.62,137,0.219,95,0,0,0,0.59,439,439,268,0,0.288,-13.82,-0.7581,0,0,-0.128,1,0.176,14,22
36.24561,195391,0.243,0.405,-2.48,122,0.195,141,0,0,0,0.04,468,468,265,0,0.283,-19.65,-1,0,0,-0.056,1,0.18,13,22
36.29134,195431,0.185,0.464,-0.59,85,0.136,187,0,0,0,-0.03,471,471,265,0,0.315,-1.21,-0.1233,0,0,-0.013,1,0.179,13,22
36.30566,195451,0.156,0.501,-0.66,62,0.099,233,0,0,0,0.46,446,446,262,0,0.287,-15.05,-0.9038,0,0,-0.03,1,0.185,13,22
36.32796,195471,0.157,0.539,-1.01,38,0.061,271,0,0,0,1.15,411,411,264,0,0.278,-21.26,-1,0,0,-0.222,1,0.185,13,22
36.34361,195491,0.166,0.586,0.11,9,0.014,272,0,0,0,0.32,454,454,263,0,0.289,-13.94,-0.873,0,0,-0.086,1,0.185,13,22
36.40289,195531,0.16,0.656,0.95,-35,-0.056,307,0,0,0,0.94,423,423,261,0,0.284,-16.18,-1,0,0,0.009,1,0.193,12,22
36.40931,195551,0.171,0.709,1.16,-68,-0.109,322,0,0,0,1.22,410,410,259,0,0.285,-19.01,-1,0,0,0,1,0.204,11,22
36.42807,195571,0.174,0.757,1.65,-98,-0.157,348,0,0,0,1.22,409,409,260,0,0.286,-11.97,-0.655,0,0,-0.004,1,0.212,10,22
36.4496,195591,0.19,0.8,2.35,-125,-0.2,350,0,0,0,0.94,422,422,259,0,0.277,-18.32,-1,0,0,-0.017,1,0.228,8,22
36.49612,195631,0.24,0.843,0.95,-152,-0.243,366,0,0,0,0.04,466,466,278,0,0.3,-9.74,-0.6671,0,0,0,1,0.214,9,22
36.50735,195651,0.276,0.832,0.53,-145,-0.232,350,0,0,0,0.25,455,455,294,0,0.292,-11.23,-0.6753,0,0,0,1,0.214,8,22
36.52578,195671,0.318,0.776,-0.45,-110,-0.176,309,0,0,0,0.11,461,461,322,0,0.284,-15.66,-1,0,0,-0.013,1,0.208,9,22
36.54494,195691,0.34,0.779,-0.38,-112,-0.179,292,0,0,0,0.46,444,444,331,0,0.28,-18.69,-1,0,0,-0.013,1,0.208,9,22
36.59108,195731,0.31,0.789,-1.43,-118,-0.189,335,0,0,0,0.32,451,451,341,0,0.292,-13.39,-0.9006,0,0,0,1,0.199,11,22
36.60812,195751,0.274,0.867,-1.5,-167,-0.267,410,0,0,0,-0.24,479,479,319,0,0.285,-20.25,-1,0,0,0,1,0.193,12,22
36.62806,195771,0.217,0.939,-1.78,-212,-0.339,499,0,0,0,0.32,452,452,298,0,0.285,-18.74,-1,0,0,0,1,0.203,11,22
36.64445,195791,0.16,0.834,-2.13,-146,-0.234,475,0,0,0,0.52,441,441,338,0,0.286,-14.12,-0.8968,0,0,0,1,0.189,12,22
36.6904,195831,0.065,0.878,-2.82,-174,-0.278,579,0,0,0,0.66,435,435,350,0,0.286,-12.98,-0.8056,0,0,0.004,1,0.2,11,22
36.70959,195851,0.018,1.168,-1.99,-355,-0.568,780,0,0,0,1.64,380,380,274,0,0.297,-9.52,-0.6778,0,0,0.03,1,0.2,11,22
36.72905,195871,-0.068,1.086,-1.5,-304,-0.486,773,0,0,0,0.87,398,398,313,0,0.286,-18.97,-1,0,0,0.004,1,0.208,10,22
36.74725,195891,-0.097,1.272,-0.03,-420,-0.672,885,0,0,0,0.39,422,422,274,0,0.282,-11.47,-0.5862,0,0,0.026,1,0.206,10,22
36.80719,195931,-0.08,1.462,1.72,-539,-0.862,970,0,0,0,1.57,363,363,263,0,0.294,-7.78,-0.4703,0,0,0.051,1,0.199,11,22
36.80893,195951,-0.045,1.824,5.22,-765,-1.224,1115,0,0,0,2.06,311,311,173,0,0.284,-13.29,-0.821,0,0,0.064,1,0.21,10,22
36.82842,195971,0.013,1.952,6.2,-845,-1.352,1148,0,0,0,0.11,403,403,162,0,0.286,-13.37,-0.9072,0,0,0.064,1,0.207,10,22
36.84646,195991,0.104,2.088,9.27,-930,-1.488,1109,0,0,0,-0.52,434,434,152,0,0.279,-12.72,-0.6183,0,0,0.03,1,0.213,9,22
36.88867,196031,0.468,2.074,8.99,-921,-1.474,877,0,0,0,1.08,356,356,226,0,0.289,-12.32,-0.6149,0,0,0.034,1,0.2,11,22
36.90745,196051,0.645,2.104,6.62,-940,-1.504,837,0,0,0,2.9,253,253,234,0,0.275,-17.75,-0.8699,0,0,0.205,1,0.207,10,22
36.92948,196071,0.896,2.125,8.85,-953,-1.525,648,0,0,0,-1.85,489,489,237,0,0.289,-18.1,-1,0,0,0.124,1,0.193,12,22
36.94479,196091,1.051,2.123,6.34,-952,-1.523,582,0,0,0,-2.13,530,530,232,0,0.278,-18.78,-0.9832,0,0,0.094,1,0.218,10,22
37.00565,196131,1.318,2.099,3.4,-937,-1.499,447,0,0,0,-0.38,458,458,233,0,0.322,-7.48,-0.734,0,0,0.009,1,0.172,14,22
37.01048,196151,1.431,2.061,2.84,-913,-1.461,353,0,0,0,0.94,407,407,238,0,0.29,-17.54,-1,0,0,0.03,1,0.192,14,22
37.02841,196171,1.341,1.986,0.53,-866,-1.386,360,0,0,0,4.23,238,238,244,0,0.289,-18.88,-1,0,0,0.269,1,0.191,13,22
37.04844,196191,1.453,1.941,-9.12,-838,-1.341,496,0,0,0,-4.65,694,694,237,0,0.303,-13.64,-0.7673,0,0,0.12,1,0.203,12,22
37.08865,196231,1.521,1.966,1.3,-854,-1.366,282,0,0,0,-0.38,488,488,190,0,0.315,-16.17,-1,0,0,0.115,1,0.157,16,22
37.10686,196251,1.47,1.877,-0.31,-798,-1.277,270,0,0,0,-0.59,496,496,203,0,0.301,-17.38,-1,0,0,0.038,1,0.16,15,22
37.13192,196271,1.415,1.646,-0.17,-654,-1.046,154,0,0,0,-0.52,499,499,261,0,0.335,1.43,-0.1765,0,0,0.021,1,0.117,17,22
37.14292,196291,1.383,1.677,-0.45,-673,-1.077,188,0,0,0,1.5,410,410,239,0,0.303,-15.98,-1,0,0,0.043,1,0.145,17,22
37.20512,196331,1.284,1.6,-11.43,-625,-1,433,0,0,0,0.25,458,458,233,0,0.294,-19.05,-1,0,0,0.09,1,0.157,17,22
37.20707,196351,1.24,1.491,-6.32,-557,-0.891,286,0,0,0,-1.29,528,528,251,0,0.29,-25.61,-1,0,0,0.081,1,0.166,16,22
37.23142,196371,1.171,1.347,-0.66,-467,-0.747,133,0,0,0,-1.99,575,575,284,0,0.283,-24.04,-1,0,0,-0.026,1,0.145,17,22
37.24436,196391,1.063,1.27,-1.5,-419,-0.67,157,0,0,0,-2.13,596,596,297,0,0.314,2.13,0.7636,0,0,0.009,1,0.121,19,22
37.28971,196431,0.814,1.2,-3.1,-375,-0.6,304,0,0,0,-0.17,502,502,306,0,0.291,-20.22,-1,0,0,0.291,1,0.118,18,22
37.31021,196451,0.68,1.147,-9.26,-342,-0.547,452,0,0,0,-0.66,524,524,318,0,0.27,-15.23,-0.5985,0,0,0.051,1,0.168,17,22
37.33072,196471,0.616,1.118,-11.29,-324,-0.518,545,0,0,0,-1.08,553,553,320,0,0.29,-18.23,-1,0,0,0.047,1,0.089,0,22
37.34827,196491,0.579,1.099,-7.86,-312,-0.499,483,0,0,0,-1.08,563,563,325,0,0.276,-21.79,-1,0,0,-0.051,1,0.087,1,22
37.40687,196531,0.49,1.219,-2.55,-387,-0.619,531,0,0,0,-0.1,528,528,299,0,0.3,-15.21,-1,0,0,0.009,1,0.072,2,22
37.41352,196551,0.425,1.189,0.11,-368,-0.589,493,0,0,0,1.57,446,446,319,0,0.296,-1.17,0.7111,0,0,0.047,1,0.074,1,22
37.42823,196571,0.345,1.259,-3.66,-412,-0.659,653,0,0,0,0.39,488,488,310,0,0.304,0.19,0.5299,0,0,0.205,1,0.078,1,22
37.45369,196591,0.282,1.299,1.93,-437,-0.699,624,0,0,0,0.04,503,503,306,0,0.284,-7.97,-0.0145,0,0,-0.047,1,0.089,0,22
37.49084,196631,0.252,1.419,2.84,-512,-0.819,696,0,0,0,-0.1,521,521,294,0,0.29,0.04,1,0,0,-0.043,1,0.053,3,22
37.50656,196651,0.304,1.488,1.51,-555,-0.888,748,0,0,0,0.59,487,487,291,0,0.303,-8.83,0.3516,0,0,-0.009,1,0.032,4,22
37.52668,196671,0.361,1.534,3.33,-584,-0.934,696,0,0,0,0.94,470,470,296,0,0.281,-22.43,-1,0,0,0,1,0.056,3,22
37.5427,196691,0.431,1.552,3.75,-595,-0.952,663,0,0,0,0.25,505,505,300,0,0.309,1.72,1,0,0,0,1,0.058,3,22
37.61166,196731,0.583,1.522,4.31,-576,-0.922,536,0,0,0,-0.73,551,551,327,0,0.294,-18,-1,0,0,-0.034,1,0.062,3,22
37.61221,196751,0.677,1.731,2.77,-707,-1.131,638,0,0,0,0.04,513,513,269,0,0.295,-27.33,-1,0,0,-0.06,1,0.042,3,22
37.62392,196771,0.784,1.646,4.45,-654,-1.046,486,0,0,0,1.29,455,455,297,0,0.305,-4.71,0.1273,0,0,-0.051,1,0.065,2,22
37.64233,196791,0.841,1.614,2.35,-634,-1.014,464,0,0,0,1.22,454,454,307,0,0.299,-12.42,-0.9517,0,0,-0.06,1,0.072,2,22
37.69104,196831,1.014,1.63,3.61,-644,-1.03,337,0,0,0,-0.45,540,540,298,0,0.296,-8.72,-0.0188,0,0,-0.094,1,0.077,2,22
37.70917,196851,1.061,1.59,2.91,-619,-0.99,277,0,0,0,1.29,455,455,302,0,0.305,-16.43,-1,0,0,-0.073,1,0.078,2,22
37.72382,196871,1.122,1.565,0.88,-603,-0.965,274,0,0,0,0.66,488,488,299,0,0.28,-30.42,-1,0,0,-0.077,1,0.094,1,22
37.74124,196891,1.153,1.542,-0.73,-589,-0.942,265,0,0,0,1.08,472,472,294,0,0.317,-8.88,-1,0,0,-0.098,1,0.104,0,22
37.80607,196931,1.143,1.613,1.3,-633,-1.013,283,0,0,0,-0.73,566,566,241,0,0.301,-14.48,-1,0,0,-0.094,1,0.126,18,22
37.81361,196951,1.141,1.454,0.67,-534,-0.854,198,0,0,0,0.52,508,508,276,0,0.288,-22.36,-1,0,0,-0.098,1,0.118,18,22
37.83221,196971,1.124,1.394,-0.59,-496,-0.794,187,0,0,0,0.94,487,487,286,0,0.306,-11.84,-0.8259,0,0,-0.056,1,0.132,19,22
37.848,196991,1.096,1.344,-0.94,-465,-0.744,176,0,0,0,1.08,478,478,292,0,0.323,-2.69,-0.0945,0,0,-0.03,1,0.108,19,22
37.88864,197031,1.014,1.198,-4.22,-374,-0.598,200,0,0,0,-0.24,543,543,314,0,0.288,-26.95,-1,0,0,-0.047,1,0.142,18,22
37.90733,197051,0.953,1.184,-4.36,-365,-0.584,231,0,0,0,0.11,526,526,309,0,0.295,-18.73,-1,0,0,-0.094,1,0.147,17,22
37.92909,197071,0.895,1.088,-4.57,-305,-0.488,213,0,0,0,0.46,512,512,328,0,0.304,-13.71,-1,0,0,-0.073,1,0.149,16,22
37.94593,197091,0.821,1.058,-5.27,-286,-0.458,251,0,0,0,0.59,506,506,331,0,0.314,-3.88,-0.3382,0,0,-0.051,1,0.156,17,22
38.00531,197131,0.629,1.026,-4.78,-266,-0.426,341,0,0,0,-0.24,546,546,328,0,0.297,-14.57,-1,0,0,-0.004,1,0.16,16,22
38.00824,197151,0.528,0.997,-5.2,-248,-0.397,400,0,0,0,-0.03,534,534,335,0,0.287,-20.67,-1,0,0,-0.03,1,0.171,15,22
38.02785,197171,0.448,1.003,-4.64,-252,-0.403,446,0,0,0,0.04,530,530,332,0,0.272,-20.82,-1,0,0,-0.192,1,0.176,15,22
38.04916,197191,0.346,1.011,-3.8,-257,-0.411,498,0,0,0,1.08,477,477,335,0,0.302,-12.23,-1,0,0,-0.051,1,0.138,17,22
38.08893,197231,0.202,0.933,-2.96,-208,-0.333,527,0,0,0,1.5,438,438,374,0,0.288,-13.76,-0.9555,0,0,-0.06,1,0.148,16,22
38.11538,197251,0.122,1.008,-1.78,-255,-0.408,604,0,0,0,0.73,464,464,360,0,0.277,-20.42,-1,0,0,-0.034,1,0.173,16,22
38.12508,197271,0.033,1.04,-2.41,-275,-0.44,690,0,0,0,0.8,461,461,357,0,0.281,-18.19,-1,0,0,-0.081,1,0.179,14,22
38.14457,197291,-0.03,1.202,-1.92,-376,-0.602,835,0,0,0,1.36,433,433,315,0,0.289,-10.48,-0.6247,0,0,-0.06,1,0.183,14,22
38.20972,197331,-0.061,1.306,1.51,-441,-0.706,857,0,0,0,2.13,361,361,318,0,0.287,-8.28,-0.3497,0,0,0.009,1,0.186,13,22
38.21004,197351,-0.051,1.378,1.3,-486,-0.778,904,0,0,0,1.08,387,387,320,0,0.283,-14.88,-0.8988,0,0,-0.013,1,0.184,14,22
38.22528,197371,-0.016,1.587,4.03,-617,-0.987,964,0,0,0,0.66,402,402,278,0,0.274,-14.65,-0.7082,0,0,-0.013,1,0.194,13,22
38.24389,197391,0.04,1.766,5.78,-729,-1.166,1015,0,0,0,-0.73,472,472,240,0,0.281,-15.4,-0.9464,0,0,-0.004,1,0.186,13,22
38.2893,197431,0.23,1.962,7.73,-851,-1.362,982,0,0,0,-0.17,444,444,227,0,0.28,-13.07,-0.7268,0,0,-0.004,1,0.192,13,22
38.3074,197451,0.366,2.014,8.78,-884,-1.414,906,0,0,0,-0.31,451,451,235,0,0.285,-12.04,-0.6349,0,0,-0.021,1,0.191,13,22
38.32961,197471,0.51,2.029,8.5,-893,-1.429,831,0,0,0,-0.66,468,468,251,0,0.293,-17.36,-1,0,0,-0.017,1,0.174,15,22
38.34604,197491,0.671,2.05,7.94,-906,-1.45,751,0,0,0,-0.73,472,472,259,0,0.3,-7.74,-0.4394,0,0,0,1,0.179,14,22
38.40684,197531,0.99,2.08,5.92,-925,-1.48,598,0,0,0,-0.17,445,445,262,0,0.309,-4.48,-0.2883,0,0,0,1,0.195,13,22
38.40754,197551,1.111,2.07,4.66,-919,-1.47,539,0,0,0,-0.73,473,473,259,0,0.33,3.13,0.1876,0,0,0,1,0.184,14,22
38.42704,197571,1.215,2.058,2,-911,-1.458,512,0,0,0,-0.17,447,447,258,0,0.302,-13.17,-0.8439,0,0,0,1,0.206,13,22
38.44825,197591,1.312,2.054,0.74,-909,-1.454,468,0,0,0,0.25,427,427,247,0,0.295,-15.44,-1,0,0,0,1,0.199,12,22
38.49071,197631,1.361,2.13,-1.92,-956,-1.53,532,0,0,0,0.25,433,433,197,0,0.328,0.38,-0.0658,0,0,0,1,0.193,13,22
38.51044,197651,1.353,2.043,-2.62,-902,-1.443,499,0,0,0,-0.87,491,491,205,0,0.311,-8.35,-0.562,0,0,0.026,1,0.204,12,22
38.52271,197671,1.316,1.939,-2.55,-837,-1.339,450,0,0,0,-0.73,488,488,227,0,0.284,-20.49,-1,0,0,0.021,1,0.218,11,22
38.54069,197691,1.283,2.024,-2.76,-890,-1.424,534,0,0,0,0.52,429,429,191,0,0.3,-11.59,-0.6913,0,0,0.013,1,0.205,12,22
38.60756,197731,1.118,1.84,-3.94,-775,-1.24,540,0,0,0,0.66,428,428,228,0,0.306,-10.41,-0.5815,0,0,0.021,1,0.216,12,22
38.60893,197751,1.031,1.79,-4.01,-744,-1.19,564,0,0,0,-0.87,497,497,235,0,0.304,-5.71,-0.1675,0,0,0.081,1,0.219,10,22
38.63259,197771,0.936,1.736,-3.73,-710,-1.136,586,0,0,0,-0.73,486,486,249,0,0.297,-15.53,-1,0,0,0.06,1,0.208,10,22
38.64693,197791,0.832,1.758,-4.78,-724,-1.158,685,0,0,0,0.39,430,430,241,0,0.324,1.45,0.0651,0,0,0.026,1,0.192,12,22
38.68709,197831,0.623,1.752,-3.03,-720,-1.152,787,0,0,0,-0.94,494,494,247,0,0.27,-19.44,-0.9018,0,0,0.137,1,0.217,11,22
38.7058,197851,0.556,1.774,-2.2,-734,-1.174,814,0,0,0,-3.67,641,641,242,0,0.288,-11.1,-0.4841,0,0,0.133,1,0.198,12,22
38.72303,197871,0.505,1.774,1.23,-734,-1.174,807,0,0,0,-1.08,510,510,247,0,0.27,-18.2,-0.8972,0,0,0.051,1,0.208,11,22
38.7456,197891,0.432,1.811,0.18,-757,-1.211,893,0,0,0,-0.38,473,473,252,0,0.277,-16.6,-0.8458,0,0,0.188,1,0.195,14,22
38.80411,197931,0.392,1.981,2.91,-863,-1.381,973,0,0,0,-1.78,546,546,231,0,0.324,3,0.2929,0,0,0.128,1,0.18,15,22
38.80718,197951,0.446,2.096,6.06,-935,-1.496,954,0,0,0,-0.38,483,483,216,0,0.283,-20.81,-1,0,0,-0.004,1,0.16,16,22
38.82604,197971,0.545,2.118,4.52,-949,-1.518,941,0,0,0,1.15,407,407,226,0,0.288,-14.57,-1,0,0,0.004,1,0.17,16,22
38.84401,197991,0.653,2.083,6.13,-927,-1.483,813,0,0,0,0.52,438,438,257,0,0.275,-24.15,-1,0,0,0.026,1,0.157,17,22
38.88841,198031,0.893,2.066,5.5,-916,-1.466,673,0,0,0,-0.59,483,483,279,0,0.297,-14.79,-1,0,0,0.124,1,0.164,17,22
38.9063,198051,1.034,2.069,7.18,-918,-1.469,565,0,0,0,-1.29,528,528,276,0,0.301,-12.34,-0.9189,0,0,0.094,1,0.176,16,22
38.9258,198071,1.124,2.067,7.66,-917,-1.467,469,0,0,0,-1.36,529,529,274,0,0.297,-21.74,-1,0,0,0,1,0.127,18,22
38.94392,198091,1.262,2.053,6.97,-908,-1.453,394,0,0,0,-1.92,564,564,269,0,0.283,-25.09,-1,0,0,-0.013,1,0.159,17,22
39.0036,198131,1.347,2.002,7.24,-876,-1.402,284,0,0,0,1.71,392,392,262,0,0.312,-8.62,-0.514,0,0,0.282,1,0.133,19,22
39.00742,198151,1.384,2.002,2.56,-876,-1.402,342,0,0,0,-2.13,583,583,241,0,0.3,-21.57,-1,0,0,0.047,1,0.15,17,22
39.02566,198171,1.451,1.768,-4.5,-730,-1.168,299,0,0,0,-2.62,616,616,293,0,0.31,-15.59,-1,0,0,0.094,1,0.138,17,22
39.04862,198191,1.558,1.789,-1.01,-743,-1.189,164,0,0,0,-2.13,620,620,265,0,0.299,-17.9,-1,0,0,0.111,1,0.122,0,22
39.09434,198231,1.673,1.666,-2.13,-666,-1.066,35,0,0,0,-0.94,595,595,255,0,0.326,-3.55,-0.0515,0,0,-0.013,1,0.073,2,22
39.10878,198251,1.692,1.304,-2.48,-440,-0.704,-194,0,0,0,-0.03,563,563,344,0,0.307,-13.58,-0.935,0,0,0,1,0.095,1,22
39.12853,198271,1.688,1.058,-6.81,-286,-0.458,-281,0,0,0,-0.52,600,600,397,0,0.315,-18.26,-1,0,0,0.009,1,0.077,2,22
39.14262,198291,1.611,0.898,-7.58,-186,-0.298,-320,0,0,0,0.52,556,556,413,0,0.304,-12.71,-0.7078,0,0,0.064,1,0.105,1,22
39.19166,198331,1.29,0.877,-8.14,-173,-0.277,-128,0,0,0,-1.01,639,639,346,0,0.301,-19.94,-1,0,0,-0.03,1,0.099,0,22
39.20984,198351,1.09,0.808,-11.85,-130,-0.208,30,0,0,0,-0.73,623,623,334,0,0.316,-9.63,-0.739,0,0,0.021,1,0.08,2,22
39.22847,198371,0.918,0.747,-8.77,-92,-0.147,39,0,0,0,-0.03,589,589,333,0,0.311,-2.47,0.5169,0,0,-0.013,1,0.082,1,22
39.24905,198391,0.737,0.71,-9.96,-69,-0.11,165,0,0,0,0.25,577,577,334,0,0.305,-12.39,-1,0,0,-0.009,1,0.079,2,22
39.2936,198431,0.413,0.686,-7.16,-54,-0.086,308,0,0,0,1.15,532,532,334,0,0.285,-9.93,-0.0167,0,0,0,1,0.077,3,22
39.30859,198451,0.264,0.699,-5.2,-62,-0.099,371,0,0,0,0.73,552,552,334,0,0.286,-13.9,-0.851,0,0,0,1,0.083,3,22
39.32687,198471,0.17,0.722,-2.2,-76,-0.122,397,0,0,0,0.73,552,552,334,0,0.287,-7.06,1,0,0,-0.004,1,0.065,3,22
39.34561,198491,0.109,0.762,-1.01,-101,-0.162,441,0,0,0,0.39,569,569,336,0,0.312,8.27,1,0,0,0,1,0.058,4,22
39.41048,198531,0.097,0.875,2.84,-172,-0.275,454,0,0,0,0.46,565,565,333,0,0.278,-10.4,0.1571,0,0,-0.017,1,0.068,4,22
39.4108,198551,0.137,0.936,5.08,-210,-0.336,420,0,0,0,1.71,501,501,333,0,0.291,-13.24,-1,0,0,-0.086,1,0.054,3,22
39.42952,198571,0.24,0.987,1.51,-242,-0.387,471,0,0,0,1.71,497,497,333,0,0.284,-27.22,-1,0,0,-0.15,1,0.045,5,22
39.4457,198591,0.299,1.043,6.41,-277,-0.443,361,0,0,0,1.01,532,532,333,0,0.291,-11.26,-0.4532,0,0,-0.051,1,0.059,3,22
39.48761,198631,0.553,1.091,5.92,-307,-0.491,239,0,0,0,0.46,563,563,337,0,0.308,-7.54,-0.5802,0,0,-0.077,1,0.095,1,22
39.50536,198651,0.685,1.024,6.06,-265,-0.424,124,0,0,0,0.59,557,557,363,0,0.287,-20.22,-1,0,0,-0.107,1,0.095,1,22
39.52859,198671,0.828,0.982,3.19,-239,-0.382,43,0,0,0,1.78,500,500,376,0,0.299,-17.84,-1,0,0,-0.098,1,0.11,1,22
39.54231,198691,0.951,1.026,5.15,-266,-0.426,-42,0,0,0,1.92,494,494,354,0,0.314,-2.8,0.0717,0,0,-0.086,1,0.108,0,22
39.60266,198731,1.084,1.062,3.47,-289,-0.462,-78,0,0,0,0.66,562,562,316,0,0.297,-11.3,-0.5842,0,0,-0.06,1,0.125,19,22
39.60679,198751,1.126,1.024,1.51,-265,-0.424,-91,0,0,0,1.15,538,538,313,0,0.301,-15.71,-1,0,0,-0.107,1,0.138,18,22
39.62909,198771,1.16,0.978,-0.31,-236,-0.378,-114,0,0,0,0.87,555,555,312,0,0.286,-20.91,-1,0,0,-0.086,1,0.145,18,22
39.64442,198791,1.183,0.92,-0.59,-200,-0.32,-156,0,0,0,0.8,558,558,317,0,0.297,-17.02,-1,0,0,-0.047,1,0.149,17,22
39.68901,198831,1.155,0.802,-1.64,-126,-0.202,-203,0,0,0,0.46,569,569,320,0,0.292,-23.55,-1,0,0,0,1,0.157,17,22
39.70807,198851,1.1,0.749,-2.82,-93,-0.149,-172,0,0,0,-0.03,591,591,323,0,0.294,-20.79,-1,0,0,-0.154,1,0.159,17,22
39.7263,198871,1.044,0.686,-3.94,-54,-0.086,-159,0,0,0,-0.24,604,604,326,0,0.302,-11.86,-0.8356,0,0,-0.137,1,0.161,16,22
39.74086,198891,0.98,0.635,-4.43,-22,-0.035,-139,0,0,0,0.32,582,582,326,0,0.294,-20.69,-1,0,0,-0.077,1,0.153,18,22
39.80427,198931,0.792,0.565,-3.52,22,0.035,-82,0,0,0,0.25,589,589,331,0,0.279,-21.71,-1,0,0,-0.009,1,0.174,16,22
39.80753,198951,0.696,0.542,-5.06,36,0.058,-9,0,0,0,0.18,592,592,331,0,0.291,-16.62,-1,0,0,0.004,1,0.157,17,22
39.82497,198971,0.595,0.531,-4.29,43,0.069,32,0,0,0,0.32,583,583,334,0,0.29,-18.27,-1,0,0,-0.038,1,0.16,16,22
39.84336,198991,0.508,0.523,-5.13,48,0.077,102,0,0,0,-0.24,608,608,333,0,0.296,-10.42,-0.5983,0,0,-0.038,1,0.188,15,22
39.88825,199031,0.325,0.534,-4.99,41,0.066,225,0,0,0,0.04,596,596,331,0,0.284,-15.26,-0.9001,0,0,-0.064,1,0.18,16,22
39.91361,199051,0.253,0.552,-3.1,30,0.048,248,0,0,0,0.52,573,573,332,0,0.285,-14.51,-0.9514,0,0,-0.047,1,0.176,16,22
39.92651,199071,0.183,0.587,-2.2,8,0.013,309,0,0,0,0.39,580,580,331,0,0.289,-11.34,-0.6944,0,0,-0.004,1,0.188,15,22
39.943,199091,0.102,0.629,-0.45,-18,-0.029,343,0,0,0,1.36,531,531,328,0,0.287,-12.42,-0.7175,0,0,0.013,1,0.184,14,22
